seed,p_milk,cash,cow_count,shed_wheat,hands,quads,score_0,score_1,score_2,score_3,score_4,best_n,gain_vs_base4
40000,154.00,1551.00,5,10,10,2,52320.0,57940.0,57940.0,52320.0,52320.0,1,5620.0
40001,206.00,1613.00,5,10,10,2,77588.0,77224.0,76688.0,77562.0,77588.0,4,0.0
40002,154.00,1391.00,5,10,10,2,64476.0,91400.0,91400.0,64476.0,64476.0,1,26924.0
40003,216.00,1658.00,5,10,10,2,96648.0,96051.0,95521.0,96673.0,96668.0,3,5.0
40004,187.00,1509.00,5,10,10,2,53742.0,53178.0,60585.0,53742.0,53730.0,2,6855.0
40005,187.00,1528.00,5,10,10,2,64842.0,70459.0,87516.0,64842.0,64851.0,2,22665.0
40006,187.00,1509.00,5,10,10,2,101851.0,102354.0,94429.0,101851.0,101844.0,1,510.0
40007,154.00,1384.00,5,10,10,2,84839.0,79796.0,79796.0,84839.0,84839.0,4,0.0
40008,154.00,1384.00,5,10,10,2,76574.0,70575.0,70575.0,76574.0,76579.0,4,0.0
40009,187.00,1509.00,5,10,10,2,102038.0,103040.0,93128.0,102038.0,102038.0,1,1002.0
40010,206.00,1681.00,5,10,10,2,103646.0,108089.0,107590.0,103643.0,103643.0,1,4446.0
40011,154.00,1273.00,5,11,10,2,64344.0,62368.0,62368.0,64344.0,64344.0,4,0.0
40012,154.00,1387.00,5,10,10,2,30995.0,47008.0,47008.0,30995.0,30995.0,1,16013.0
40013,154.00,1273.00,5,11,10,2,67240.0,53784.0,53784.0,67240.0,67240.0,4,0.0
40014,187.00,1667.00,5,10,10,2,104865.0,110402.0,88367.0,104870.0,104870.0,1,5532.0
40015,154.00,1384.00,5,10,10,2,49946.0,67528.0,67528.0,49946.0,49946.0,1,17582.0
40016,154.00,1542.00,5,10,10,2,59571.0,73455.0,73455.0,59571.0,59571.0,1,13884.0
40017,187.00,1509.00,5,10,10,2,105482.0,105697.0,110991.0,105474.0,105482.0,2,5509.0
40018,206.00,1493.00,4,11,10,2,91545.0,91261.0,90822.0,91545.0,91545.0,4,0.0
40019,187.00,1519.00,5,10,10,2,95746.0,95229.0,107785.0,95746.0,95740.0,2,12045.0
40020,206.00,1603.00,5,10,10,2,46500.0,45794.0,45293.0,46500.0,46500.0,4,0.0
40021,187.00,1509.00,5,10,10,2,91512.0,91377.0,114942.0,91507.0,91507.0,2,23435.0
40022,206.00,1613.00,5,10,10,2,133695.0,134560.0,134062.0,133685.0,133685.0,1,875.0
40023,154.00,1462.00,5,10,10,2,103191.0,107016.0,107237.0,103191.0,103191.0,2,4046.0
40024,216.00,1655.00,5,10,10,2,84309.0,83788.0,83287.0,84309.0,84309.0,4,0.0
40025,216.00,1662.00,5,10,10,2,113944.0,115897.0,115399.0,113944.0,113944.0,1,1953.0
40026,206.00,1613.00,5,10,10,2,39717.0,39218.0,38721.0,39694.0,39717.0,4,0.0
40027,206.00,1613.00,5,10,10,2,56193.0,55914.0,55413.0,56193.0,56193.0,4,0.0
40028,206.00,1603.00,5,10,10,2,93660.0,94269.0,93771.0,93652.0,93660.0,1,609.0
40029,206.00,1603.00,5,10,10,2,42224.0,41636.0,41138.0,42238.0,42224.0,3,14.0
40030,154.00,1384.00,5,10,10,2,75393.0,77003.0,77003.0,75393.0,75393.0,1,1610.0
40031,187.00,1405.00,4,11,10,2,60669.0,62034.0,72830.0,60669.0,60669.0,2,12161.0
40032,154.00,1394.00,5,10,10,2,47798.0,48709.0,48709.0,47803.0,47803.0,1,906.0
40033,216.00,1665.00,5,10,10,2,114148.0,114420.0,113919.0,114148.0,114155.0,1,265.0
40034,187.00,1516.00,5,10,10,2,94164.0,94508.0,89858.0,94131.0,94138.0,1,370.0
40035,216.00,1655.00,5,10,10,2,112443.0,115567.0,115069.0,112443.0,112443.0,1,3124.0
40036,216.00,1655.00,5,10,10,2,96904.0,97014.0,96513.0,96904.0,96904.0,1,110.0
40037,187.00,1516.00,5,10,10,2,85577.0,86382.0,97646.0,85577.0,85577.0,2,12069.0
40038,216.00,1665.00,5,10,10,2,134157.0,135159.0,134664.0,134163.0,134157.0,1,1002.0
40039,154.00,1394.00,5,10,10,2,25243.0,24205.0,24205.0,25243.0,25243.0,4,0.0
40040,206.00,1606.00,5,10,10,2,105142.0,104815.0,104343.0,105137.0,105115.0,0,27.0
40041,206.00,1603.00,5,10,10,2,105295.0,104874.0,104373.0,105295.0,105289.0,0,6.0
40042,187.00,1676.00,5,10,10,2,62082.0,67502.0,67480.0,62082.0,62093.0,1,5409.0
40043,154.00,1542.00,5,10,10,2,78927.0,76236.0,76236.0,78923.0,78927.0,4,0.0
40044,216.00,1665.00,5,10,10,2,128486.0,125960.0,125459.0,128489.0,128486.0,3,3.0
40045,154.00,1384.00,5,10,10,2,80874.0,79353.0,79353.0,80874.0,80874.0,4,0.0
40046,216.00,1662.00,5,10,10,2,92295.0,94250.0,93749.0,92295.0,92298.0,1,1952.0
40047,206.00,1603.00,5,10,10,2,86778.0,86203.0,85705.0,86769.0,86778.0,4,0.0
40048,154.00,1391.00,5,10,10,2,36696.0,38107.0,38107.0,36696.0,36696.0,1,1411.0
40049,154.00,1560.00,5,10,10,2,48889.0,57011.0,57011.0,48889.0,48881.0,1,8130.0
40050,154.00,1384.00,5,10,10,2,90949.0,96721.0,96721.0,90949.0,90949.0,1,5772.0
40051,206.00,1603.00,5,10,10,2,80296.0,79816.0,79383.0,80296.0,80262.0,0,34.0
40052,154.00,1391.00,5,10,10,2,61772.0,66367.0,66367.0,61772.0,61766.0,1,4601.0
40053,206.00,1613.00,5,10,10,2,86116.0,87014.0,86516.0,86116.0,86099.0,1,915.0
40054,154.00,1542.00,5,10,10,2,77967.0,92336.0,92336.0,77967.0,77968.0,1,14368.0
40055,154.00,1542.00,5,10,10,2,54434.0,53750.0,53750.0,54444.0,54444.0,4,0.0
40056,154.00,1384.00,5,10,10,2,35470.0,42234.0,42234.0,35470.0,35470.0,1,6764.0
40057,206.00,1603.00,5,10,10,2,80418.0,77686.0,77185.0,80418.0,80420.0,4,0.0
40058,216.00,1551.00,4,11,10,2,141636.0,144801.0,144270.0,141636.0,141636.0,1,3165.0
40059,216.00,1662.00,5,10,10,2,86559.0,86110.0,85609.0,86562.0,86559.0,3,3.0
40060,187.00,1509.00,5,10,10,2,97016.0,98934.0,89933.0,97016.0,97008.0,1,1926.0
40061,187.00,1516.00,5,10,10,2,81952.0,81504.0,83829.0,81952.0,81950.0,2,1879.0
40062,154.00,1384.00,5,10,10,2,23811.0,24123.0,24123.0,23811.0,23811.0,1,312.0
40063,154.00,1546.00,5,10,10,2,105634.0,114581.0,114581.0,105640.0,105640.0,1,8941.0
40064,154.00,1560.00,5,10,10,2,62821.0,68812.0,68812.0,62822.0,62822.0,1,5990.0
40065,154.00,1462.00,5,10,10,2,78679.0,86360.0,86617.0,78683.0,78679.0,2,7938.0
40066,154.00,1391.00,5,10,10,2,76678.0,72629.0,72629.0,76680.0,76680.0,4,0.0
40067,216.00,1655.00,5,10,10,2,112907.0,113973.0,113474.0,112916.0,112916.0,1,1057.0
40068,154.00,1462.00,5,10,10,2,52979.0,51323.0,51536.0,52979.0,52979.0,4,0.0
40069,206.00,1610.00,5,10,10,2,54607.0,54094.0,53595.0,54607.0,54607.0,4,0.0
40070,187.00,1509.00,5,10,10,2,70298.0,72553.0,64819.0,70298.0,70306.0,1,2247.0
40071,154.00,1428.00,4,11,10,2,75260.0,76986.0,82733.0,75260.0,75260.0,2,7473.0
40072,154.00,1560.00,5,10,10,2,67105.0,76765.0,76765.0,67121.0,67121.0,1,9644.0
40073,187.00,1518.00,5,10,10,2,48122.0,47470.0,61976.0,48122.0,48122.0,2,13854.0
40074,154.00,1462.00,5,10,10,2,83596.0,104959.0,105181.0,83586.0,83596.0,2,21585.0
40075,154.00,1384.00,5,10,10,2,83468.0,92601.0,92601.0,83468.0,83468.0,1,9133.0
40076,206.00,1610.00,5,10,10,2,68147.0,69798.0,69300.0,68137.0,68137.0,1,1661.0
40077,154.00,1398.00,5,10,10,2,39919.0,36579.0,36579.0,39919.0,39919.0,4,0.0
40078,154.00,1391.00,5,10,10,2,48712.0,55712.0,55712.0,48712.0,48719.0,1,6993.0
40079,216.00,1655.00,5,10,10,2,80376.0,79786.0,79285.0,80376.0,80374.0,0,2.0
40080,206.00,1499.00,4,11,10,2,87215.0,86840.0,86617.0,87215.0,87215.0,4,0.0
40081,206.00,1610.00,5,10,10,2,83741.0,83405.0,82856.0,83741.0,83741.0,4,0.0
40082,154.00,1394.00,5,10,10,2,27889.0,26221.0,26221.0,27886.0,27889.0,4,0.0
40083,187.00,1676.00,5,10,10,2,86337.0,91584.0,82947.0,86329.0,86337.0,1,5247.0
40084,206.00,1603.00,5,10,10,2,60817.0,60246.0,59747.0,60806.0,60817.0,4,0.0
40085,154.00,1394.00,5,10,10,2,52632.0,48260.0,48260.0,52635.0,52632.0,3,3.0
40086,206.00,1603.00,5,10,10,2,64896.0,64313.0,63814.0,64896.0,64887.0,0,9.0
40087,154.00,1462.00,5,10,10,2,89155.0,81875.0,82098.0,89155.0,89164.0,4,0.0
40088,206.00,1613.00,5,10,10,2,108754.0,111325.0,110826.0,108754.0,108754.0,1,2571.0
40089,154.00,1384.00,5,10,10,2,82682.0,100164.0,100164.0,82682.0,82682.0,1,17482.0
40090,206.00,1610.00,5,10,10,2,104710.0,104656.0,104157.0,104710.0,104699.0,0,11.0
40091,154.00,1542.00,5,10,10,2,54969.0,70763.0,70763.0,54976.0,54969.0,1,15794.0
40092,154.00,1358.00,4,11,10,2,48230.0,57933.0,57933.0,48230.0,48230.0,1,9703.0
40093,187.00,1676.00,5,10,10,2,106509.0,111598.0,90768.0,106509.0,106509.0,1,5089.0
40094,206.00,1681.00,5,10,10,2,88436.0,93827.0,93326.0,88433.0,88433.0,1,5394.0
40095,154.00,1384.00,5,10,10,2,44402.0,37994.0,37994.0,44402.0,44402.0,4,0.0
40096,206.00,1603.00,5,10,10,2,103747.0,101070.0,100569.0,103744.0,103744.0,0,3.0
40097,154.00,1560.00,5,10,10,2,52149.0,54940.0,54972.0,52157.0,52149.0,2,2823.0
40098,206.00,1603.00,5,10,10,2,120874.0,121504.0,121003.0,120874.0,120872.0,1,632.0
40099,154.00,1431.00,5,11,10,2,80099.0,76039.0,74643.0,80093.0,80093.0,0,6.0
40100,154.00,1384.00,5,10,10,2,60239.0,55465.0,55465.0,60239.0,60239.0,4,0.0
40101,206.00,1622.00,5,10,10,2,112223.0,114364.0,113864.0,112223.0,112230.0,1,2134.0
40102,187.00,1516.00,5,10,10,2,74772.0,74653.0,99930.0,74772.0,74773.0,2,25157.0
40103,216.00,1665.00,5,10,10,2,144284.0,147341.0,146840.0,144284.0,144278.0,1,3063.0
40104,216.00,1674.00,5,10,10,2,126100.0,126921.0,126425.0,126100.0,126100.0,1,821.0
40105,154.00,1542.00,5,10,10,2,82573.0,81639.0,81639.0,82573.0,82573.0,4,0.0
40106,154.00,1542.00,5,10,10,2,76147.0,71652.0,71652.0,76147.0,76141.0,0,6.0
40107,187.00,1676.00,5,10,10,2,137176.0,142560.0,135695.0,137176.0,137176.0,1,5384.0
40108,154.00,1464.00,5,10,10,2,65205.0,71264.0,71503.0,65205.0,65194.0,2,6309.0
40109,187.00,1667.00,5,10,10,2,110377.0,114918.0,80035.0,110386.0,110386.0,1,4532.0
40110,216.00,1655.00,5,10,10,2,48837.0,48171.0,47672.0,48837.0,48829.0,0,8.0
40111,187.00,1516.00,5,10,10,2,47676.0,47102.0,54198.0,47676.0,47676.0,2,6522.0
40112,154.00,1384.00,5,10,10,2,73599.0,75024.0,75024.0,73599.0,73599.0,1,1425.0
40113,206.00,1613.00,5,10,10,2,97049.0,99112.0,98613.0,97060.0,97060.0,1,2052.0
40114,187.00,1519.00,5,10,10,2,41577.0,41066.0,55465.0,41577.0,41577.0,2,13888.0
40115,206.00,1681.00,5,10,10,2,108878.0,113391.0,112890.0,108878.0,108878.0,1,4513.0
40116,154.00,1394.00,5,10,10,2,44937.0,54235.0,54235.0,44938.0,44938.0,1,9297.0
40117,154.00,1280.00,4,11,10,2,90479.0,80385.0,80385.0,90479.0,90479.0,4,0.0
40118,206.00,1603.00,5,10,10,2,93240.0,97817.0,97319.0,93240.0,93240.0,1,4577.0
40119,216.00,1655.00,5,10,10,2,102980.0,102459.0,101960.0,102980.0,102973.0,0,7.0
40120,206.00,1681.00,5,10,10,2,78052.0,83569.0,83071.0,78044.0,78052.0,1,5517.0
40121,154.00,1384.00,5,10,10,2,65894.0,61852.0,61852.0,65894.0,65894.0,4,0.0
40122,206.00,1610.00,5,10,10,2,73280.0,73422.0,72923.0,73275.0,73275.0,1,147.0
40123,154.00,1464.00,5,10,10,2,86554.0,66892.0,67104.0,86548.0,86548.0,0,6.0
40124,187.00,1509.00,5,10,10,2,62300.0,61374.0,42855.0,62300.0,62304.0,4,0.0
40125,154.00,1384.00,5,10,10,2,83860.0,63069.0,63069.0,83860.0,83860.0,4,0.0
40126,187.00,1509.00,5,10,10,2,80108.0,80042.0,72855.0,80110.0,80110.0,4,0.0
40127,206.00,1610.00,5,10,10,2,84079.0,87176.0,86677.0,84079.0,84079.0,1,3097.0
40128,154.00,1462.00,5,10,10,2,59070.0,96580.0,96808.0,59070.0,59063.0,2,37745.0
40129,187.00,1676.00,5,10,10,2,73287.0,78474.0,70378.0,73279.0,73287.0,1,5187.0
40130,206.00,1693.00,5,10,10,2,98455.0,102948.0,102452.0,98455.0,98455.0,1,4493.0
40131,154.00,1394.00,5,10,10,2,38397.0,38518.0,38518.0,38397.0,38399.0,1,119.0
40132,216.00,1655.00,5,10,10,2,86732.0,86176.0,85675.0,86732.0,86726.0,0,6.0
40133,206.00,1610.00,5,10,10,2,64501.0,63540.0,63041.0,64501.0,64501.0,4,0.0
40134,206.00,1606.00,5,10,10,2,105067.0,104873.0,104402.0,105067.0,105067.0,4,0.0
40135,206.00,1681.00,5,10,10,2,73316.0,78677.0,78138.0,73510.0,73316.0,1,5361.0
40136,154.00,1403.00,5,10,10,2,26418.0,33137.0,33130.0,26418.0,26418.0,1,6719.0
40137,187.00,1519.00,5,10,10,2,47830.0,47212.0,63966.0,47822.0,47830.0,2,16136.0
40138,187.00,1680.00,5,10,10,2,80791.0,86068.0,68653.0,80786.0,80791.0,1,5277.0
40139,216.00,1655.00,5,10,10,2,106290.0,106650.0,106149.0,106289.0,106290.0,1,360.0
40140,216.00,1655.00,5,10,10,2,114335.0,118231.0,117732.0,114343.0,114343.0,1,3888.0
40141,154.00,1462.00,5,10,10,2,103763.0,105890.0,106142.0,103763.0,103763.0,2,2379.0
40142,187.00,1509.00,5,10,10,2,88280.0,90493.0,43888.0,88282.0,88282.0,1,2211.0
40143,154.00,1384.00,5,10,10,2,80828.0,75142.0,75142.0,80828.0,80828.0,4,0.0
40144,216.00,1655.00,5,10,10,2,124657.0,125303.0,124804.0,124657.0,124664.0,1,639.0
40145,154.00,1384.00,5,10,10,2,39311.0,36378.0,36378.0,39311.0,39311.0,4,0.0
40146,206.00,1543.00,4,11,10,2,93941.0,93508.0,92888.0,93904.0,93941.0,4,0.0
40147,216.00,1655.00,5,10,10,2,85814.0,85201.0,84700.0,85809.0,85814.0,4,0.0
40148,154.00,1384.00,5,10,10,2,73766.0,45297.0,45297.0,73766.0,73766.0,4,0.0
40149,154.00,1542.00,5,10,10,2,62907.0,68859.0,68859.0,62907.0,62907.0,1,5952.0
40150,154.00,1384.00,5,10,10,2,76983.0,71476.0,71476.0,76983.0,76983.0,4,0.0
40151,206.00,1610.00,5,10,10,2,72398.0,72510.0,72009.0,72400.0,72400.0,1,110.0
40152,187.00,1398.00,5,11,10,2,51094.0,89190.0,89190.0,51101.0,51094.0,1,38096.0
40153,216.00,1662.00,5,10,10,2,119726.0,118994.0,118495.0,119719.0,119719.0,0,7.0
40154,187.00,1516.00,5,10,10,2,55266.0,54728.0,40097.0,55267.0,55267.0,4,0.0
40155,187.00,1509.00,5,10,10,2,95727.0,94709.0,68510.0,95725.0,95727.0,4,0.0
40156,187.00,1528.00,5,10,10,2,100406.0,99509.0,85878.0,100417.0,100417.0,4,0.0
40157,206.00,1622.00,5,10,10,2,95632.0,95670.0,95169.0,95632.0,95632.0,1,38.0
40158,206.00,1613.00,5,10,10,2,44012.0,43551.0,43052.0,44012.0,44006.0,0,6.0
40159,206.00,1603.00,5,10,10,2,43683.0,43111.0,42613.0,43695.0,43695.0,4,0.0
40160,206.00,1613.00,5,10,10,2,77284.0,76768.0,76267.0,77284.0,77283.0,4,0.0
40161,206.00,1613.00,5,10,10,2,67958.0,73692.0,73148.0,68158.0,67950.0,1,5742.0
40162,206.00,1681.00,5,10,10,2,120176.0,124964.0,124463.0,120177.0,120177.0,1,4787.0
40163,187.00,1667.00,5,10,10,2,80702.0,86045.0,101556.0,80702.0,80713.0,2,20843.0
40164,216.00,1662.00,5,10,10,2,116088.0,116019.0,115518.0,116088.0,116088.0,4,0.0
40165,154.00,1462.00,5,10,10,2,69352.0,98027.0,98254.0,69348.0,69348.0,2,28906.0
40166,154.00,1403.00,5,10,10,2,25582.0,49944.0,49937.0,25595.0,25582.0,1,24362.0
40167,154.00,1554.00,5,10,10,2,65162.0,70045.0,70045.0,65162.0,65161.0,1,4884.0
40168,187.00,1399.00,4,11,10,2,52738.0,54835.0,54835.0,52738.0,52738.0,1,2097.0
40169,187.00,1528.00,5,10,10,2,90959.0,89463.0,66949.0,90965.0,90959.0,3,6.0
40170,154.00,1551.00,5,10,10,2,52847.0,56432.0,56432.0,52833.0,52847.0,1,3585.0
40171,154.00,1391.00,5,10,10,2,42155.0,49537.0,49537.0,42140.0,42155.0,1,7382.0
40172,206.00,1603.00,5,10,10,2,94502.0,93843.0,93342.0,94506.0,94506.0,4,0.0
40173,206.00,1613.00,5,10,10,2,103935.0,109396.0,108895.0,103933.0,103933.0,1,5463.0
40174,187.00,1516.00,5,10,10,2,80897.0,82740.0,89995.0,80898.0,80898.0,2,9097.0
40175,187.00,1509.00,5,10,10,2,99142.0,99063.0,103575.0,99142.0,99142.0,2,4433.0
40176,206.00,1613.00,5,10,10,2,95629.0,99064.0,98563.0,95629.0,95628.0,1,3436.0
40177,154.00,1560.00,5,10,10,2,49026.0,70773.0,70773.0,49033.0,49033.0,1,21740.0
40178,187.00,1509.00,5,10,10,2,87748.0,87471.0,59107.0,87749.0,87749.0,4,0.0
40179,206.00,1693.00,5,10,10,2,102315.0,106700.0,106199.0,102315.0,102313.0,1,4387.0
40180,154.00,1384.00,5,10,10,2,45393.0,52741.0,52741.0,45393.0,45393.0,1,7348.0
40181,216.00,1550.00,5,11,10,2,120986.0,120450.0,119901.0,120986.0,120979.0,0,7.0
40182,187.00,1509.00,5,10,10,2,58096.0,58023.0,55742.0,58098.0,58098.0,4,0.0
40183,154.00,1560.00,5,10,10,2,57664.0,72827.0,72827.0,57664.0,57664.0,1,15163.0
40184,187.00,1509.00,5,10,10,2,87404.0,88651.0,73080.0,87404.0,87404.0,1,1247.0
40185,206.00,1613.00,5,10,10,2,89274.0,89357.0,88815.0,89306.0,89298.0,1,59.0
40186,154.00,1384.00,5,10,10,2,53968.0,72064.0,72064.0,53968.0,53968.0,1,18096.0
40187,206.00,1613.00,5,10,10,2,87619.0,88088.0,87589.0,87617.0,87619.0,1,469.0
40188,187.00,1516.00,5,10,10,2,71849.0,71581.0,91381.0,71849.0,71849.0,2,19532.0
40189,216.00,1662.00,5,10,10,2,127820.0,128675.0,128176.0,127827.0,127820.0,1,855.0
40190,154.00,1280.00,4,11,10,2,69030.0,62053.0,62053.0,69030.0,69030.0,4,0.0
40191,206.00,1603.00,5,10,10,2,116291.0,117242.0,116744.0,116282.0,116291.0,1,951.0
40192,154.00,1384.00,5,10,10,2,90086.0,76432.0,76432.0,90086.0,90086.0,4,0.0
40193,216.00,1655.00,5,10,10,2,63489.0,62903.0,62405.0,63479.0,63479.0,0,10.0
40194,216.00,1662.00,5,10,10,2,124188.0,123510.0,123009.0,124196.0,124196.0,4,0.0
40195,154.00,1403.00,5,10,10,2,37588.0,27686.0,27672.0,37596.0,37588.0,3,8.0
40196,187.00,1516.00,5,10,10,2,51873.0,51775.0,77278.0,51873.0,51862.0,2,25416.0
40197,187.00,1519.00,5,10,10,2,105445.0,105338.0,71256.0,105445.0,105437.0,0,8.0
40198,216.00,1655.00,5,10,10,2,94582.0,93960.0,93459.0,94581.0,94582.0,4,0.0
40199,154.00,1462.00,5,10,10,2,119699.0,111344.0,111562.0,119688.0,119699.0,4,0.0
40200,187.00,1509.00,5,10,10,2,73301.0,78739.0,104258.0,73309.0,73309.0,2,30949.0
40201,154.00,1384.00,5,10,10,2,45193.0,45121.0,45121.0,45193.0,45193.0,4,0.0
40202,154.00,1551.00,5,10,10,2,55398.0,57742.0,57742.0,55411.0,55398.0,1,2344.0
40203,187.00,1516.00,5,10,10,2,104211.0,104950.0,107525.0,104218.0,104211.0,2,3314.0
40204,187.00,1516.00,5,10,10,2,60863.0,60189.0,66813.0,60863.0,60870.0,2,5943.0
40205,187.00,1509.00,5,10,10,2,112816.0,113385.0,107882.0,112818.0,112818.0,1,567.0
40206,154.00,1394.00,5,10,10,2,48805.0,48789.0,48789.0,48806.0,48806.0,4,0.0
40207,206.00,1622.00,5,10,10,2,112772.0,114750.0,114249.0,112776.0,112776.0,1,1974.0
40208,154.00,1384.00,5,10,10,2,49910.0,63908.0,63908.0,49910.0,49910.0,1,13998.0
40209,187.00,1509.00,5,10,10,2,86194.0,86996.0,87919.0,86204.0,86204.0,2,1715.0
40210,206.00,1613.00,5,10,10,2,87941.0,87270.0,86772.0,87941.0,87941.0,4,0.0
40211,206.00,1499.00,4,11,10,2,84149.0,84189.0,83749.0,84149.0,84149.0,1,40.0
40212,216.00,1655.00,5,10,10,2,99682.0,104516.0,104018.0,99682.0,99672.0,1,4844.0
40213,154.00,1403.00,5,10,10,2,57477.0,29866.0,29996.0,57477.0,57477.0,4,0.0
40214,216.00,1662.00,5,10,10,2,98672.0,98334.0,97835.0,98680.0,98672.0,3,8.0
40215,154.00,1384.00,5,10,10,2,71083.0,68044.0,68044.0,71083.0,71083.0,4,0.0
40216,154.00,1391.00,5,10,10,2,53691.0,42035.0,42035.0,53676.0,53691.0,4,0.0
40217,187.00,1509.00,5,10,10,2,35385.0,35069.0,35621.0,35383.0,35383.0,2,238.0
40218,206.00,1603.00,5,10,10,2,123039.0,123986.0,123487.0,123039.0,123029.0,1,957.0
40219,216.00,1655.00,5,10,10,2,123020.0,123632.0,123131.0,123019.0,123020.0,1,612.0
40220,154.00,1474.00,5,10,10,2,48631.0,60043.0,60043.0,48631.0,48617.0,1,11426.0
40221,154.00,1542.00,5,10,10,2,92543.0,97654.0,97654.0,92553.0,92553.0,1,5101.0
40222,206.00,1499.00,4,11,10,2,95476.0,95007.0,94789.0,95476.0,95476.0,4,0.0
40223,187.00,1528.00,5,10,10,2,94453.0,94817.0,118735.0,94449.0,94453.0,2,24282.0
40224,154.00,1394.00,5,10,10,2,67786.0,76504.0,76504.0,67790.0,67786.0,1,8718.0
40225,187.00,1509.00,5,10,10,2,51999.0,51376.0,43532.0,52002.0,51999.0,3,3.0
40226,187.00,1560.00,4,11,10,2,69155.0,74880.0,84802.0,69155.0,69155.0,2,15647.0
40227,206.00,1603.00,5,10,10,2,72476.0,72053.0,71555.0,72483.0,72483.0,4,0.0
40228,154.00,1384.00,5,10,10,2,92569.0,100555.0,100555.0,92667.0,92569.0,1,7986.0
40229,206.00,1603.00,5,10,10,2,57619.0,57121.0,56620.0,57619.0,57619.0,4,0.0
40230,187.00,1519.00,5,10,10,2,61149.0,60182.0,33469.0,61149.0,61149.0,4,0.0
40231,154.00,1391.00,5,10,10,2,24385.0,43265.0,43265.0,24385.0,24388.0,1,18877.0
40232,216.00,1655.00,5,10,10,2,75148.0,79786.0,79287.0,75148.0,75148.0,1,4638.0
40233,187.00,1509.00,5,10,10,2,60663.0,60115.0,46457.0,60670.0,60663.0,3,7.0
40234,216.00,1655.00,5,10,10,2,123180.0,121308.0,120807.0,123180.0,123180.0,4,0.0
40235,154.00,1462.00,5,10,10,2,78351.0,98047.0,98273.0,78348.0,78348.0,2,19925.0
40236,187.00,1509.00,5,10,10,2,49816.0,49461.0,52080.0,49818.0,49816.0,2,2264.0
40237,206.00,1613.00,5,10,10,2,103984.0,103424.0,102925.0,103994.0,103994.0,4,0.0
40238,206.00,1613.00,5,10,10,2,60817.0,58137.0,57638.0,60824.0,60824.0,4,0.0
40239,216.00,1655.00,5,10,10,2,83949.0,84213.0,83714.0,83940.0,83949.0,1,264.0
40240,206.00,1622.00,5,10,10,2,78145.0,82351.0,81855.0,78145.0,78145.0,1,4206.0
40241,216.00,1655.00,5,10,10,2,122296.0,123148.0,122647.0,122297.0,122297.0,1,851.0
40242,154.00,1542.00,5,10,10,2,57241.0,59197.0,59381.0,57424.0,57246.0,2,2135.0
40243,206.00,1603.00,5,10,10,2,84507.0,84130.0,83632.0,84518.0,84518.0,4,0.0
40244,206.00,1622.00,5,10,10,2,97705.0,96422.0,95922.0,97705.0,97708.0,4,0.0
40245,206.00,1603.00,5,10,10,2,52592.0,51999.0,51498.0,52592.0,52592.0,4,0.0
40246,154.00,1384.00,5,10,10,2,42001.0,31642.0,31642.0,42001.0,42001.0,4,0.0
40247,154.00,1384.00,5,10,10,2,76352.0,85950.0,85950.0,76352.0,76352.0,1,9598.0
40248,154.00,1403.00,5,10,10,2,37537.0,35235.0,35228.0,37537.0,37518.0,0,19.0
40249,206.00,1610.00,5,10,10,2,42538.0,41805.0,41306.0,42538.0,42540.0,4,0.0
40250,206.00,1681.00,5,10,10,2,82250.0,86692.0,86191.0,82250.0,82253.0,1,4439.0
40251,206.00,1613.00,5,10,10,2,94461.0,93804.0,93306.0,94461.0,94457.0,0,4.0
40252,154.00,1403.00,5,10,10,2,57106.0,65834.0,59596.0,57106.0,57109.0,1,8725.0
40253,154.00,1462.00,5,10,10,2,75411.0,104062.0,104309.0,75411.0,75407.0,2,28902.0
40254,216.00,1655.00,5,10,10,2,100119.0,99619.0,99120.0,100119.0,100109.0,0,10.0
40255,216.00,1551.00,4,11,10,2,83267.0,83007.0,82473.0,83267.0,83267.0,4,0.0
40256,154.00,1391.00,5,10,10,2,74012.0,68956.0,68956.0,74012.0,73998.0,0,14.0
40257,154.00,1551.00,5,10,10,2,53903.0,58945.0,58945.0,53903.0,53903.0,1,5042.0
40258,154.00,1384.00,5,10,10,2,61868.0,63617.0,63617.0,61868.0,61862.0,1,1755.0
40259,216.00,1674.00,5,10,10,2,106604.0,106181.0,105684.0,106612.0,106612.0,4,0.0
40260,154.00,1394.00,5,10,10,2,38035.0,47205.0,47205.0,38032.0,38035.0,1,9170.0
40261,154.00,1542.00,5,10,10,2,60894.0,71423.0,71423.0,60897.0,60894.0,1,10529.0
40262,206.00,1603.00,5,10,10,2,76320.0,75410.0,74909.0,76320.0,76318.0,0,2.0
40263,216.00,1662.00,5,10,10,2,143182.0,146239.0,145741.0,143177.0,143182.0,1,3057.0
40264,206.00,1617.00,5,10,10,2,99720.0,99339.0,98870.0,99690.0,99690.0,0,30.0
40265,154.00,1542.00,5,10,10,2,60572.0,63166.0,63166.0,60563.0,60563.0,1,2603.0
40266,154.00,1394.00,5,10,10,2,62663.0,60752.0,60752.0,62663.0,62666.0,4,0.0
40267,206.00,1622.00,5,10,10,2,110530.0,113011.0,112545.0,110497.0,110500.0,1,2511.0
40268,206.00,1603.00,5,10,10,2,60135.0,58008.0,57510.0,60140.0,60140.0,4,0.0
40269,154.00,1384.00,5,10,10,2,79153.0,90018.0,90018.0,79153.0,79153.0,1,10865.0
40270,187.00,1509.00,5,10,10,2,116758.0,117356.0,102592.0,116761.0,116761.0,1,595.0
40271,187.00,1411.00,5,11,10,2,74047.0,73541.0,83757.0,74049.0,74047.0,2,9710.0
40272,154.00,1551.00,5,10,10,2,58882.0,82405.0,82405.0,58883.0,58883.0,1,23522.0
40273,187.00,1516.00,5,10,10,2,75156.0,75921.0,88263.0,75157.0,75157.0,2,13106.0
40274,154.00,1394.00,5,10,10,2,37614.0,42397.0,42397.0,37614.0,37614.0,1,4783.0
40275,206.00,1681.00,5,10,10,2,107412.0,112680.0,112179.0,107412.0,107412.0,1,5268.0
40276,206.00,1681.00,5,10,10,2,75209.0,80406.0,79907.0,75218.0,75209.0,1,5197.0
40277,154.00,1384.00,5,10,10,2,103691.0,99851.0,99851.0,103685.0,103691.0,4,0.0
40278,154.00,1542.00,5,10,10,2,68271.0,96036.0,96036.0,68273.0,68271.0,1,27765.0
40279,154.00,1384.00,5,10,10,2,58414.0,57624.0,57624.0,58414.0,58414.0,4,0.0
40280,206.00,1603.00,5,10,10,2,66358.0,66080.0,65582.0,66353.0,66358.0,4,0.0
40281,187.00,1509.00,5,10,10,2,85627.0,85238.0,93176.0,85627.0,85627.0,2,7549.0
40282,206.00,1493.00,4,11,10,2,56220.0,54700.0,54528.0,56220.0,56220.0,4,0.0
40283,154.00,1551.00,5,10,10,2,56930.0,64314.0,64314.0,56930.0,56928.0,1,7386.0
40284,154.00,1394.00,5,10,10,2,88683.0,70326.0,70326.0,88683.0,88683.0,4,0.0
40285,154.00,1462.00,5,10,10,2,56658.0,60553.0,60548.0,56658.0,56658.0,1,3895.0
40286,154.00,1384.00,5,10,10,2,32396.0,25043.0,25043.0,32396.0,32396.0,4,0.0
40287,154.00,1384.00,5,10,10,2,73176.0,88300.0,88300.0,73176.0,73176.0,1,15124.0
40288,206.00,1613.00,5,10,10,2,93696.0,94373.0,93872.0,93687.0,93687.0,1,686.0
40289,154.00,1394.00,5,10,10,2,53193.0,45746.0,45746.0,53196.0,53193.0,3,3.0
40290,187.00,1516.00,5,10,10,2,104257.0,108563.0,96650.0,104257.0,104257.0,1,4306.0
40291,216.00,1665.00,5,10,10,2,138447.0,142108.0,141607.0,138444.0,138447.0,1,3661.0
40292,154.00,1384.00,5,10,10,2,79762.0,79561.0,79561.0,79762.0,79762.0,4,0.0
40293,187.00,1509.00,5,10,10,2,35669.0,35097.0,44358.0,35669.0,35677.0,2,8681.0
40294,187.00,1405.00,4,11,10,2,97389.0,98392.0,101326.0,97389.0,97389.0,2,3937.0
40295,187.00,1509.00,5,10,10,2,46402.0,45853.0,78959.0,46412.0,46402.0,2,32557.0
40296,206.00,1603.00,5,10,10,2,87975.0,89213.0,88712.0,87971.0,87975.0,1,1238.0
40297,206.00,1610.00,5,10,10,2,104700.0,102296.0,101795.0,104700.0,104700.0,4,0.0
40298,154.00,1560.00,5,10,10,2,51962.0,61325.0,61325.0,51969.0,51969.0,1,9356.0
40299,187.00,1667.00,5,10,10,2,68267.0,73945.0,89092.0,68267.0,68267.0,2,20825.0
40300,206.00,1603.00,5,10,10,2,79750.0,79249.0,78751.0,79742.0,79742.0,0,8.0
40301,154.00,1384.00,5,10,10,2,28527.0,28131.0,28131.0,28527.0,28527.0,4,0.0
40302,154.00,1403.00,5,10,10,2,24841.0,21460.0,21589.0,24844.0,24844.0,4,0.0
40303,206.00,1498.00,5,11,10,2,57050.0,56517.0,55916.0,57050.0,57060.0,4,0.0
40304,216.00,1655.00,5,10,10,2,115253.0,115904.0,115363.0,115288.0,115288.0,1,616.0
40305,154.00,1394.00,5,10,10,2,52942.0,66535.0,66535.0,52936.0,52942.0,1,13593.0
40306,154.00,1391.00,5,10,10,2,39255.0,55592.0,55592.0,39243.0,39255.0,1,16337.0
40307,206.00,1610.00,5,10,10,2,84219.0,83774.0,83273.0,84219.0,84219.0,4,0.0
40308,206.00,1681.00,5,10,10,2,71993.0,76438.0,75939.0,71980.0,71980.0,1,4458.0
40309,206.00,1603.00,5,10,10,2,67553.0,66948.0,66447.0,67554.0,67554.0,4,0.0
40310,187.00,1519.00,5,10,10,2,73438.0,75507.0,90900.0,73441.0,73441.0,2,17459.0
40311,187.00,1516.00,5,10,10,2,110367.0,111010.0,94819.0,110367.0,110371.0,1,639.0
40312,187.00,1509.00,5,10,10,2,70921.0,74677.0,73151.0,70925.0,70921.0,1,3756.0
40313,216.00,1659.00,5,10,10,2,86413.0,91785.0,91284.0,86386.0,86413.0,1,5372.0
40314,206.00,1613.00,5,10,10,2,108812.0,106320.0,105821.0,108798.0,108798.0,0,14.0
40315,154.00,1560.00,5,10,10,2,76599.0,74076.0,74076.0,76599.0,76599.0,4,0.0
40316,206.00,1610.00,5,10,10,2,76146.0,76665.0,76166.0,76146.0,76144.0,1,521.0
40317,154.00,1391.00,5,10,10,2,77350.0,57564.0,57564.0,77347.0,77347.0,0,3.0
40318,206.00,1622.00,5,10,10,2,109951.0,110003.0,109502.0,109951.0,109961.0,1,42.0
40319,154.00,1462.00,5,10,10,2,72968.0,75835.0,76078.0,72957.0,72957.0,2,3121.0
40320,154.00,1384.00,5,10,10,2,44628.0,56499.0,56499.0,44628.0,44628.0,1,11871.0
40321,216.00,1665.00,5,10,10,2,87144.0,86998.0,86500.0,87151.0,87144.0,3,7.0
40322,206.00,1613.00,5,10,10,2,119752.0,120322.0,119824.0,119745.0,119752.0,1,570.0
40323,154.00,1384.00,5,10,10,2,45123.0,41555.0,41555.0,45123.0,45123.0,4,0.0
40324,206.00,1603.00,5,10,10,2,56127.0,55808.0,55307.0,56121.0,56127.0,4,0.0
40325,206.00,1502.00,5,11,10,2,65425.0,64878.0,64298.0,65453.0,65453.0,4,0.0
40326,216.00,1551.00,4,11,10,2,70150.0,69635.0,69092.0,70150.0,70150.0,4,0.0
40327,154.00,1391.00,5,10,10,2,38273.0,21686.0,21686.0,38282.0,38273.0,3,9.0
40328,187.00,1667.00,5,10,10,2,76512.0,81588.0,78932.0,76545.0,76545.0,1,5043.0
40329,206.00,1603.00,5,10,10,2,66756.0,71839.0,71338.0,66756.0,66760.0,1,5079.0
40330,187.00,1667.00,5,10,10,2,93063.0,98178.0,127504.0,93063.0,93065.0,2,34439.0
40331,154.00,1542.00,5,10,10,2,65605.0,74783.0,74783.0,65601.0,65601.0,1,9182.0
40332,206.00,1498.00,5,11,10,2,87046.0,86505.0,85946.0,87035.0,87046.0,4,0.0
40333,154.00,1560.00,5,10,10,2,66477.0,92934.0,92934.0,66477.0,66477.0,1,26457.0
40334,187.00,1519.00,5,10,10,2,61753.0,61262.0,58978.0,61751.0,61753.0,4,0.0
40335,154.00,1542.00,5,10,10,2,73898.0,76757.0,76757.0,73898.0,73898.0,1,2859.0
40336,206.00,1603.00,5,10,10,2,58085.0,57603.0,57105.0,58085.0,58085.0,4,0.0
40337,154.00,1384.00,5,10,10,2,42748.0,50385.0,50385.0,42748.0,42748.0,1,7637.0
40338,154.00,1462.00,5,10,10,2,64867.0,79127.0,79120.0,64867.0,64867.0,1,14260.0
40339,154.00,1403.00,5,10,10,2,21469.0,50370.0,50043.0,21469.0,21469.0,1,28901.0
40340,206.00,1603.00,5,10,10,2,59678.0,58080.0,57579.0,59678.0,59677.0,4,0.0
40341,206.00,1613.00,5,10,10,2,96792.0,97546.0,97048.0,96792.0,96783.0,1,763.0
40342,154.00,1384.00,5,10,10,2,74981.0,73732.0,73732.0,74981.0,74981.0,4,0.0
40343,154.00,1384.00,5,10,10,2,67200.0,74625.0,74625.0,67200.0,67200.0,1,7425.0
40344,206.00,1613.00,5,10,10,2,75332.0,75135.0,74634.0,75327.0,75332.0,4,0.0
40345,187.00,1398.00,5,11,10,2,69123.0,87169.0,87169.0,69131.0,69123.0,1,18046.0
40346,216.00,1655.00,5,10,10,2,128708.0,129803.0,129305.0,128716.0,128716.0,1,1087.0
40347,154.00,1396.00,5,10,10,2,76343.0,77357.0,77357.0,76352.0,76352.0,1,1005.0
40348,206.00,1603.00,5,10,10,2,88663.0,88434.0,87935.0,88671.0,88671.0,4,0.0
40349,154.00,1403.00,5,10,10,2,48774.0,52822.0,52815.0,48774.0,48774.0,1,4048.0
40350,154.00,1384.00,5,10,10,2,69713.0,94038.0,94038.0,69713.0,69713.0,1,24325.0
40351,187.00,1519.00,5,10,10,2,69885.0,69563.0,44636.0,69885.0,69885.0,4,0.0
40352,206.00,1610.00,5,10,10,2,63671.0,63148.0,62647.0,63671.0,63666.0,0,5.0
40353,216.00,1665.00,5,10,10,2,118565.0,118501.0,118003.0,118565.0,118562.0,0,3.0
40354,154.00,1474.00,5,10,10,2,63392.0,71638.0,71638.0,63392.0,63392.0,1,8246.0
40355,187.00,1667.00,5,10,10,2,69721.0,75227.0,68321.0,69721.0,69724.0,1,5503.0
40356,154.00,1384.00,5,10,10,2,81513.0,94349.0,94349.0,81518.0,81513.0,1,12836.0
40357,154.00,1391.00,5,10,10,2,37626.0,36535.0,36535.0,37626.0,37626.0,4,0.0
40358,154.00,1384.00,5,10,10,2,69720.0,55826.0,55826.0,69720.0,69720.0,4,0.0
40359,154.00,1542.00,5,10,10,2,76343.0,107439.0,107439.0,76343.0,76343.0,1,31096.0
40360,187.00,1516.00,5,10,10,2,119429.0,120341.0,96079.0,119429.0,119425.0,1,916.0
40361,216.00,1655.00,5,10,10,2,78859.0,78332.0,77831.0,78859.0,78867.0,4,0.0
40362,206.00,1603.00,5,10,10,2,106556.0,107388.0,106890.0,106556.0,106563.0,1,825.0
40363,154.00,1384.00,5,10,10,2,94823.0,78955.0,78955.0,94823.0,94823.0,4,0.0
40364,187.00,1667.00,5,10,10,2,94168.0,99506.0,75634.0,94181.0,94181.0,1,5325.0
40365,187.00,1509.00,5,10,10,2,45025.0,44442.0,64770.0,45025.0,45019.0,2,19751.0
40366,154.00,1384.00,5,10,10,2,81428.0,79527.0,79527.0,81428.0,81428.0,4,0.0
40367,206.00,1603.00,5,10,10,2,101473.0,103708.0,103207.0,101463.0,101473.0,1,2235.0
40368,187.00,1519.00,5,10,10,2,46458.0,45840.0,42752.0,46458.0,46456.0,0,2.0
40369,154.00,1474.00,5,10,10,2,48699.0,55608.0,55608.0,48693.0,48699.0,1,6909.0
40370,187.00,1509.00,5,10,10,2,84212.0,83740.0,66310.0,84212.0,84205.0,0,7.0
40371,206.00,1603.00,5,10,10,2,96894.0,96889.0,96390.0,96894.0,96884.0,0,10.0
40372,187.00,1667.00,5,10,10,2,86681.0,91627.0,94896.0,86681.0,86687.0,2,8209.0
40373,187.00,1676.00,5,10,10,2,69642.0,75235.0,74835.0,69642.0,69648.0,1,5587.0
40374,206.00,1681.00,5,10,10,2,140031.0,144829.0,144331.0,140040.0,140031.0,1,4798.0
40375,154.00,1391.00,5,10,10,2,35009.0,32926.0,32926.0,35014.0,35009.0,3,5.0
40376,154.00,1462.00,5,10,10,2,73103.0,94184.0,94437.0,73103.0,73103.0,2,21334.0
40377,206.00,1603.00,5,10,10,2,62555.0,61957.0,61459.0,62546.0,62555.0,4,0.0
40378,206.00,1603.00,5,10,10,2,68137.0,67507.0,67008.0,68137.0,68137.0,4,0.0
40379,154.00,1394.00,5,10,10,2,78871.0,49773.0,49773.0,78871.0,78871.0,4,0.0
40380,206.00,1606.00,5,10,10,2,73163.0,70273.0,69778.0,73158.0,73163.0,4,0.0
40381,154.00,1403.00,5,10,10,2,30063.0,45023.0,38201.0,30063.0,30063.0,1,14960.0
40382,206.00,1493.00,4,11,10,2,113583.0,114088.0,113630.0,113583.0,113583.0,1,505.0
40383,206.00,1493.00,4,11,10,2,110444.0,114643.0,114265.0,110444.0,110444.0,1,4199.0
40384,216.00,1655.00,5,10,10,2,79886.0,79604.0,79103.0,79883.0,79886.0,4,0.0
40385,216.00,1662.00,5,10,10,2,91622.0,90887.0,90386.0,91622.0,91618.0,0,4.0
40386,206.00,1610.00,5,10,10,2,39250.0,38655.0,38156.0,39250.0,39250.0,4,0.0
40387,187.00,1676.00,5,10,10,2,70555.0,75996.0,93452.0,70555.0,70555.0,2,22897.0
40388,187.00,1509.00,5,10,10,2,56249.0,55986.0,96609.0,56253.0,56249.0,2,40360.0
40389,154.00,1542.00,5,10,10,2,66773.0,71306.0,71306.0,66771.0,66773.0,1,4533.0
40390,206.00,1613.00,5,10,10,2,91651.0,92545.0,92047.0,91644.0,91651.0,1,894.0
40391,206.00,1610.00,5,10,10,2,72196.0,71770.0,71269.0,72196.0,72196.0,4,0.0
40392,206.00,1603.00,5,10,10,2,68373.0,67846.0,67347.0,68373.0,68373.0,4,0.0
40393,154.00,1394.00,5,10,10,2,36448.0,44242.0,44242.0,36447.0,36448.0,1,7794.0
40394,187.00,1509.00,5,10,10,2,85447.0,85010.0,106842.0,85443.0,85443.0,2,21399.0
40395,154.00,1403.00,5,10,10,2,40944.0,29902.0,29885.0,40939.0,40944.0,4,0.0
40396,187.00,1516.00,5,10,10,2,67945.0,67167.0,79673.0,67931.0,67931.0,2,11742.0
40397,187.00,1509.00,5,10,10,2,85940.0,87054.0,125681.0,85940.0,85940.0,2,39741.0
40398,154.00,1384.00,5,10,10,2,77881.0,74379.0,74379.0,77881.0,77881.0,4,0.0
40399,187.00,1509.00,5,10,10,2,89249.0,91148.0,114333.0,89249.0,89260.0,2,25073.0
40400,154.00,1462.00,5,10,10,2,56175.0,52516.0,52758.0,56175.0,56172.0,0,3.0
40401,154.00,1474.00,5,10,10,2,63876.0,92113.0,92113.0,63873.0,63873.0,1,28240.0
40402,216.00,1665.00,5,10,10,2,128812.0,133391.0,132890.0,128809.0,128809.0,1,4582.0
40403,154.00,1283.00,4,11,10,2,100879.0,93265.0,93265.0,100879.0,100879.0,4,0.0
40404,187.00,1509.00,5,10,10,2,50529.0,49886.0,49305.0,50515.0,50515.0,0,14.0
40405,154.00,1394.00,5,10,10,2,72661.0,84538.0,84538.0,72661.0,72661.0,1,11877.0
40406,206.00,1613.00,5,10,10,2,77903.0,77837.0,77336.0,77906.0,77903.0,3,3.0
40407,154.00,1403.00,5,10,10,2,44256.0,46714.0,41932.0,44256.0,44256.0,1,2458.0
40408,154.00,1394.00,5,10,10,2,44712.0,40984.0,40984.0,44706.0,44712.0,4,0.0
40409,154.00,1391.00,5,10,10,2,28097.0,20584.0,20584.0,28109.0,28109.0,4,0.0
40410,154.00,1384.00,5,10,10,2,57281.0,61093.0,61093.0,57281.0,57281.0,1,3812.0
40411,216.00,1655.00,5,10,10,2,122990.0,124107.0,123606.0,122990.0,122989.0,1,1118.0
40412,154.00,1391.00,5,10,10,2,49119.0,54050.0,54050.0,49119.0,49119.0,1,4931.0
40413,154.00,1384.00,5,10,10,2,77770.0,55559.0,55559.0,77770.0,77770.0,4,0.0
40414,154.00,1462.00,5,10,10,2,68642.0,62991.0,63199.0,68642.0,68642.0,4,0.0
40415,216.00,1665.00,5,10,10,2,105969.0,105660.0,105162.0,105969.0,105985.0,4,0.0
40416,206.00,1610.00,5,10,10,2,102697.0,107320.0,106822.0,102697.0,102707.0,1,4613.0
40417,206.00,1535.00,4,11,10,2,85453.0,85768.0,86240.0,85453.0,85489.0,2,751.0
40418,206.00,1603.00,5,10,10,2,94996.0,94434.0,93936.0,94986.0,94996.0,4,0.0
40419,154.00,1551.00,5,10,10,2,51839.0,58475.0,58475.0,51841.0,51839.0,1,6636.0
40420,154.00,1464.00,5,10,10,2,65021.0,86407.0,86626.0,65021.0,65021.0,2,21605.0
40421,154.00,1384.00,5,10,10,2,44395.0,43729.0,43729.0,44395.0,44395.0,4,0.0
40422,216.00,1665.00,5,10,10,2,114065.0,116036.0,115535.0,114069.0,114065.0,1,1971.0
40423,154.00,1384.00,5,10,10,2,84833.0,77761.0,77761.0,84833.0,84833.0,4,0.0
40424,154.00,1542.00,5,10,10,2,52157.0,57721.0,57721.0,52153.0,52153.0,1,5568.0
40425,154.00,1462.00,5,10,10,2,81944.0,91175.0,91422.0,81944.0,81944.0,2,9478.0
40426,206.00,1603.00,5,10,10,2,100917.0,101468.0,100969.0,100928.0,100917.0,1,551.0
40427,154.00,1384.00,5,10,10,2,88000.0,84684.0,84684.0,88000.0,88000.0,4,0.0
40428,206.00,1603.00,5,10,10,2,74795.0,79969.0,79471.0,74804.0,74804.0,1,5165.0
40429,154.00,1477.00,5,10,10,2,57403.0,59552.0,59552.0,57410.0,57410.0,1,2142.0
40430,154.00,1394.00,5,10,10,2,44598.0,28926.0,28926.0,44598.0,44598.0,4,0.0
40431,187.00,1516.00,5,10,10,2,68481.0,67582.0,70105.0,68481.0,68486.0,2,1619.0
40432,206.00,1603.00,5,10,10,2,107711.0,107779.0,107232.0,107747.0,107711.0,1,68.0
40433,206.00,1613.00,5,10,10,2,120461.0,125580.0,125079.0,120461.0,120461.0,1,5119.0
40434,206.00,1613.00,5,10,10,2,86217.0,84257.0,83756.0,86213.0,86213.0,0,4.0
40435,206.00,1603.00,5,10,10,2,60466.0,60029.0,59531.0,60466.0,60466.0,4,0.0
40436,216.00,1674.00,5,10,10,2,128805.0,129767.0,129266.0,128804.0,128805.0,1,962.0
40437,187.00,1516.00,5,10,10,2,90279.0,91350.0,93697.0,90274.0,90279.0,2,3418.0
40438,187.00,1528.00,5,10,10,2,65715.0,67341.0,91016.0,65715.0,65715.0,2,25301.0
40439,154.00,1391.00,5,10,10,2,84000.0,70241.0,70241.0,84000.0,84000.0,4,0.0
40440,187.00,1404.00,5,11,10,2,87315.0,86671.0,68813.0,87315.0,87315.0,4,0.0
40441,154.00,1384.00,5,10,10,2,72039.0,63905.0,63905.0,72039.0,72039.0,4,0.0
40442,206.00,1613.00,5,10,10,2,70898.0,70160.0,69662.0,70898.0,70898.0,4,0.0
40443,216.00,1662.00,5,10,10,2,62843.0,62565.0,62025.0,62884.0,62884.0,4,0.0
40444,206.00,1613.00,5,10,10,2,79926.0,84554.0,84053.0,79926.0,79922.0,1,4632.0
40445,216.00,1662.00,5,10,10,2,111230.0,108182.0,107684.0,111233.0,111233.0,4,0.0
40446,216.00,1655.00,5,10,10,2,84962.0,84416.0,83918.0,84962.0,84964.0,4,0.0
40447,187.00,1509.00,5,10,10,2,94326.0,98955.0,95760.0,94326.0,94326.0,1,4629.0
40448,154.00,1474.00,5,10,10,2,70149.0,58174.0,58174.0,70149.0,70149.0,4,0.0
40449,154.00,1462.00,4,11,10,2,53721.0,56228.0,56295.0,53721.0,53721.0,2,2574.0
40450,187.00,1519.00,5,10,10,2,72569.0,71979.0,42490.0,72553.0,72553.0,0,16.0
40451,216.00,1674.00,5,10,10,2,112750.0,112513.0,112012.0,112750.0,112750.0,4,0.0
40452,154.00,1551.00,5,10,10,2,71332.0,75329.0,75329.0,71332.0,71331.0,1,3998.0
40453,216.00,1665.00,5,10,10,2,96437.0,95804.0,95303.0,96438.0,96437.0,4,0.0
40454,206.00,1622.00,5,10,10,2,87631.0,87219.0,86722.0,87639.0,87639.0,4,0.0
40455,187.00,1516.00,5,10,10,2,89030.0,89547.0,74414.0,89036.0,89030.0,1,517.0
40456,154.00,1384.00,5,10,10,2,81471.0,65908.0,65908.0,81471.0,81471.0,4,0.0
40457,154.00,1394.00,5,10,10,2,26220.0,24772.0,24772.0,26224.0,26220.0,3,4.0
40458,187.00,1509.00,5,10,10,2,72982.0,77145.0,72355.0,72982.0,72980.0,1,4165.0
40459,154.00,1462.00,5,10,10,2,78893.0,108406.0,108643.0,78900.0,78900.0,2,29743.0
40460,216.00,1662.00,5,10,10,2,123439.0,124199.0,123698.0,123439.0,123439.0,1,760.0
40461,216.00,1655.00,5,10,10,2,94923.0,94453.0,93952.0,94923.0,94923.0,4,0.0
40462,216.00,1655.00,5,10,10,2,130796.0,131619.0,131118.0,130796.0,130793.0,1,826.0
40463,216.00,1655.00,5,10,10,2,117851.0,118593.0,118094.0,117851.0,117844.0,1,749.0
40464,154.00,1462.00,5,10,10,2,70357.0,67115.0,67357.0,70353.0,70357.0,4,0.0
40465,154.00,1394.00,5,10,10,2,47082.0,47594.0,47594.0,47082.0,47076.0,1,518.0
40466,206.00,1613.00,5,10,10,2,95185.0,96336.0,95838.0,95185.0,95185.0,1,1151.0
40467,154.00,1560.00,5,10,10,2,51659.0,60974.0,60974.0,51651.0,51659.0,1,9315.0
40468,216.00,1669.00,5,10,10,2,102242.0,101317.0,100816.0,102242.0,102258.0,4,0.0
40469,154.00,1560.00,5,10,10,2,55991.0,60618.0,60618.0,55991.0,55991.0,1,4627.0
40470,206.00,1603.00,5,10,10,2,105133.0,105213.0,104715.0,105122.0,105133.0,1,80.0
40471,216.00,1655.00,5,10,10,2,81935.0,84095.0,83594.0,81935.0,81939.0,1,2156.0
40472,187.00,1509.00,5,10,10,2,81075.0,77904.0,69065.0,81075.0,81069.0,0,6.0
40473,206.00,1681.00,5,10,10,2,106359.0,110816.0,110317.0,106348.0,106348.0,1,4468.0
40474,154.00,1542.00,5,10,10,2,61268.0,65397.0,65397.0,61266.0,61266.0,1,4131.0
40475,154.00,1394.00,5,10,10,2,35267.0,27211.0,27211.0,35272.0,35272.0,4,0.0
40476,154.00,1384.00,5,10,10,2,44331.0,70575.0,70575.0,44331.0,44331.0,1,26244.0
40477,187.00,1509.00,5,10,10,2,49535.0,48948.0,75264.0,49529.0,49529.0,2,25735.0
40478,187.00,1516.00,5,10,10,2,90934.0,91809.0,94665.0,90934.0,90920.0,2,3745.0
40479,206.00,1610.00,5,10,10,2,45983.0,45237.0,44736.0,45983.0,45983.0,4,0.0
40480,154.00,1384.00,5,10,10,2,84153.0,65818.0,65818.0,84153.0,84153.0,4,0.0
40481,154.00,1542.00,5,10,10,2,58794.0,66025.0,66025.0,58794.0,58794.0,1,7231.0
40482,206.00,1601.00,5,10,10,2,53149.0,52529.0,52028.0,53127.0,53152.0,4,0.0
40483,154.00,1391.00,5,10,10,2,44424.0,29074.0,29074.0,44424.0,44424.0,4,0.0
40484,154.00,1384.00,5,10,10,2,81329.0,63113.0,63113.0,81329.0,81329.0,4,0.0
40485,206.00,1603.00,5,10,10,2,82397.0,83278.0,82777.0,82397.0,82399.0,1,879.0
40486,216.00,1655.00,5,10,10,2,72180.0,71850.0,71351.0,72180.0,72180.0,4,0.0
40487,206.00,1498.00,5,11,10,2,79046.0,78504.0,57992.0,79033.0,79046.0,4,0.0
40488,154.00,1391.00,5,10,10,2,50476.0,53137.0,53137.0,50476.0,50476.0,1,2661.0
40489,154.00,1542.00,5,10,10,2,95378.0,92879.0,92879.0,95378.0,95378.0,4,0.0
40490,216.00,1674.00,5,10,10,2,123337.0,124242.0,123745.0,123337.0,123325.0,1,917.0
40491,206.00,1613.00,5,10,10,2,124606.0,126341.0,125840.0,124606.0,124606.0,1,1735.0
40492,154.00,1391.00,5,10,10,2,53273.0,85529.0,85529.0,53273.0,53273.0,1,32256.0
40493,187.00,1676.00,5,10,10,2,126978.0,133062.0,115270.0,127159.0,126969.0,1,6093.0
40494,206.00,1603.00,5,10,10,2,85728.0,85026.0,84525.0,85728.0,85728.0,4,0.0
40495,154.00,1316.00,4,11,10,2,84289.0,76144.0,76144.0,84289.0,84289.0,4,0.0
40496,206.00,1603.00,5,10,10,2,107412.0,108458.0,107957.0,107412.0,107412.0,1,1046.0
40497,216.00,1655.00,5,10,10,2,84572.0,83965.0,83464.0,84572.0,84572.0,4,0.0
40498,154.00,1551.00,5,10,10,2,54218.0,58567.0,58567.0,54224.0,54224.0,1,4343.0
40499,154.00,1477.00,5,10,10,2,57565.0,58161.0,58161.0,57570.0,57570.0,1,591.0
40500,187.00,1519.00,5,10,10,2,87962.0,85442.0,74398.0,87962.0,87963.0,4,0.0
40501,206.00,1693.00,5,10,10,2,112116.0,117258.0,116757.0,112116.0,112116.0,1,5142.0
40502,187.00,1519.00,5,10,10,2,70830.0,69972.0,36155.0,70830.0,70830.0,4,0.0
40503,187.00,1516.00,5,10,10,2,111325.0,117513.0,102441.0,111325.0,111325.0,1,6188.0
40504,206.00,1603.00,5,10,10,2,74613.0,74225.0,73724.0,74613.0,74615.0,4,0.0
40505,206.00,1622.00,5,10,10,2,80225.0,79834.0,79333.0,80225.0,80216.0,0,9.0
40506,216.00,1669.00,5,10,10,2,121228.0,126320.0,125819.0,121228.0,121231.0,1,5089.0
40507,187.00,1405.00,4,11,10,2,54141.0,54036.0,63792.0,54141.0,54141.0,2,9651.0
40508,206.00,1693.00,5,10,10,2,113479.0,119193.0,118692.0,113487.0,113479.0,1,5714.0
40509,187.00,1509.00,5,10,10,2,109604.0,109308.0,104483.0,109610.0,109604.0,3,6.0
40510,154.00,1384.00,5,10,10,2,36850.0,55470.0,55470.0,36850.0,36850.0,1,18620.0
40511,154.00,1394.00,5,10,10,2,53406.0,56086.0,56086.0,53406.0,53406.0,1,2680.0
40512,154.00,1394.00,5,10,10,2,71046.0,83583.0,83583.0,71047.0,71047.0,1,12536.0
40513,187.00,1509.00,5,10,10,2,110239.0,116063.0,89040.0,110249.0,110239.0,1,5824.0
40514,206.00,1613.00,5,10,10,2,107788.0,113466.0,112930.0,107788.0,107788.0,1,5678.0
40515,206.00,1603.00,5,10,10,2,51487.0,50915.0,50414.0,51487.0,51493.0,4,0.0
40516,187.00,1509.00,5,10,10,2,92651.0,94053.0,82715.0,92651.0,92653.0,1,1400.0
40517,216.00,1655.00,5,10,10,2,81673.0,81232.0,80683.0,81675.0,81673.0,3,2.0
40518,206.00,1610.00,5,10,10,2,70592.0,69787.0,69288.0,70592.0,70579.0,0,13.0
40519,154.00,1474.00,5,10,10,2,49162.0,62228.0,62228.0,49162.0,49162.0,1,13066.0
40520,206.00,1603.00,5,10,10,2,73069.0,72508.0,72007.0,73072.0,73072.0,4,0.0
40521,154.00,1462.00,5,10,10,2,84975.0,62087.0,62304.0,84959.0,84959.0,0,16.0
40522,216.00,1665.00,5,10,10,2,79283.0,78772.0,78271.0,79283.0,79288.0,4,0.0
40523,154.00,1462.00,5,10,10,2,117719.0,102390.0,102382.0,117719.0,117521.0,0,198.0
40524,206.00,1681.00,5,10,10,2,105716.0,110180.0,109681.0,105716.0,105716.0,1,4464.0
40525,154.00,1551.00,5,10,10,2,53909.0,57758.0,57758.0,53915.0,53909.0,1,3849.0
40526,154.00,1384.00,5,10,10,2,82884.0,77291.0,77291.0,82884.0,82884.0,4,0.0
40527,216.00,1545.00,4,11,10,2,95567.0,95221.0,94673.0,95567.0,95567.0,4,0.0
40528,206.00,1681.00,5,10,10,2,113539.0,118259.0,117716.0,113528.0,113528.0,1,4731.0
40529,154.00,1542.00,5,10,10,2,61097.0,77789.0,77789.0,61095.0,61097.0,1,16692.0
40530,154.00,1560.00,5,10,10,2,49313.0,55482.0,55482.0,49326.0,49326.0,1,6156.0
40531,206.00,1610.00,5,10,10,2,58928.0,58327.0,57826.0,58928.0,58928.0,4,0.0
40532,154.00,1384.00,5,10,10,2,20369.0,35674.0,35674.0,20369.0,20369.0,1,15305.0
40533,216.00,1674.00,5,10,10,2,123989.0,124925.0,124403.0,123989.0,123989.0,1,936.0
40534,187.00,1667.00,5,10,10,2,73044.0,78398.0,79079.0,73049.0,73049.0,2,6030.0
40535,154.00,1384.00,5,10,10,2,75850.0,81370.0,81370.0,75850.0,75850.0,1,5520.0
40536,154.00,1394.00,5,10,10,2,43841.0,31743.0,31743.0,43841.0,43841.0,4,0.0
40537,216.00,1662.00,5,10,10,2,85908.0,86118.0,85617.0,85908.0,85908.0,1,210.0
40538,187.00,1509.00,5,10,10,2,75955.0,76033.0,71987.0,75920.0,75920.0,1,113.0
40539,154.00,1464.00,5,10,10,2,98982.0,76705.0,76953.0,98986.0,98982.0,3,4.0
40540,187.00,1516.00,5,10,10,2,86815.0,87600.0,82472.0,86815.0,86815.0,1,785.0
40541,206.00,1622.00,5,10,10,2,68334.0,68163.0,67662.0,68334.0,68334.0,4,0.0
40542,154.00,1384.00,5,10,10,2,83749.0,83395.0,83395.0,83789.0,83789.0,4,0.0
40543,187.00,1509.00,5,10,10,2,62328.0,61422.0,55618.0,62337.0,62328.0,3,9.0
40544,154.00,1542.00,5,10,10,2,77505.0,104345.0,104345.0,77505.0,77497.0,1,26848.0
40545,216.00,1665.00,5,10,10,2,101748.0,103666.0,103165.0,101751.0,101751.0,1,1915.0
40546,216.00,1662.00,5,10,10,2,135749.0,133999.0,133498.0,135749.0,135749.0,4,0.0
40547,154.00,1384.00,5,10,10,2,78917.0,78818.0,78818.0,78917.0,78917.0,4,0.0
40548,187.00,1509.00,5,10,10,2,67775.0,67895.0,95166.0,67774.0,67775.0,2,27391.0
40549,154.00,1388.00,5,10,10,2,65152.0,69829.0,69829.0,65152.0,65152.0,1,4677.0
40550,154.00,1384.00,5,10,10,2,63307.0,74144.0,74144.0,63307.0,63307.0,1,10837.0
40551,154.00,1462.00,5,10,10,2,82875.0,80214.0,80437.0,82875.0,82875.0,4,0.0
40552,216.00,1674.00,5,10,10,2,132661.0,133657.0,133156.0,132661.0,132660.0,1,997.0
40553,187.00,1509.00,5,10,10,2,95688.0,94798.0,81324.0,95688.0,95688.0,4,0.0
40554,206.00,1693.00,5,10,10,2,119129.0,123943.0,123447.0,119129.0,119116.0,1,4827.0
40555,206.00,1610.00,5,10,10,2,30775.0,30197.0,29696.0,30773.0,30775.0,4,0.0
40556,206.00,1603.00,5,10,10,2,99729.0,100791.0,100290.0,99729.0,99726.0,1,1065.0
40557,154.00,1384.00,5,10,10,2,38304.0,61263.0,61263.0,38304.0,38304.0,1,22959.0
40558,154.00,1542.00,5,10,10,2,75517.0,89719.0,89719.0,75523.0,75517.0,1,14202.0
40559,187.00,1509.00,5,10,10,2,36031.0,35098.0,50928.0,36031.0,36031.0,2,14897.0
40560,206.00,1613.00,5,10,10,2,108661.0,111934.0,111433.0,108658.0,108661.0,1,3273.0
40561,206.00,1610.00,5,10,10,2,85531.0,84832.0,84331.0,85531.0,85531.0,4,0.0
40562,187.00,1516.00,5,10,10,2,96939.0,99367.0,80226.0,96939.0,96939.0,1,2428.0
40563,206.00,1613.00,5,10,10,2,88729.0,89131.0,88630.0,88729.0,88729.0,1,402.0
40564,206.00,1610.00,5,10,10,2,98374.0,97644.0,97143.0,98374.0,98374.0,4,0.0
40565,187.00,1519.00,5,10,10,2,43034.0,42335.0,50330.0,43034.0,43034.0,2,7296.0
40566,187.00,1509.00,5,10,10,2,109477.0,109853.0,114515.0,109477.0,109448.0,2,5067.0
40567,216.00,1665.00,5,10,10,2,118392.0,118624.0,118126.0,118386.0,118362.0,1,262.0
40568,206.00,1603.00,5,10,10,2,83460.0,82709.0,82211.0,83470.0,83460.0,3,10.0
40569,154.00,1279.00,5,11,10,2,55868.0,62969.0,62969.0,55868.0,55868.0,1,7101.0
40570,206.00,1610.00,5,10,10,2,64979.0,66542.0,66041.0,64979.0,64979.0,1,1563.0
40571,154.00,1273.00,5,11,10,2,50389.0,73108.0,73108.0,50389.0,50389.0,1,22719.0
40572,154.00,1462.00,5,10,10,2,69909.0,75813.0,76059.0,69911.0,69911.0,2,6148.0
40573,206.00,1681.00,5,10,10,2,103604.0,108058.0,107557.0,103602.0,103604.0,1,4454.0
40574,154.00,1462.00,5,10,10,2,58281.0,63823.0,64046.0,58281.0,58269.0,2,5777.0
40575,154.00,1384.00,5,10,10,2,76884.0,91343.0,91343.0,76884.0,76884.0,1,14459.0
40576,154.00,1388.00,5,10,10,2,35508.0,59141.0,59141.0,35508.0,35508.0,1,23633.0
40577,187.00,1509.00,5,10,10,2,57649.0,57043.0,65104.0,57652.0,57652.0,2,7452.0
40578,187.00,1516.00,5,10,10,2,40514.0,39873.0,73218.0,40514.0,40514.0,2,32704.0
40579,154.00,1391.00,5,10,10,2,48266.0,25160.0,25160.0,48266.0,48266.0,4,0.0
40580,206.00,1622.00,5,10,10,2,51774.0,51344.0,50844.0,51774.0,51780.0,4,0.0
40581,206.00,1610.00,5,10,10,2,74541.0,74079.0,73579.0,74541.0,74567.0,4,0.0
40582,187.00,1441.00,4,11,10,2,63852.0,42274.0,23707.0,63852.0,63823.0,0,29.0
40583,187.00,1509.00,5,10,10,2,107363.0,109544.0,115183.0,107366.0,107366.0,2,7817.0
40584,206.00,1681.00,5,10,10,2,70409.0,75937.0,75439.0,70436.0,70409.0,1,5528.0
40585,154.00,1462.00,5,10,10,2,57504.0,66336.0,66591.0,57500.0,57504.0,2,9087.0
40586,154.00,1384.00,5,10,10,2,51302.0,77278.0,77278.0,51302.0,51302.0,1,25976.0
40587,187.00,1516.00,5,10,10,2,61087.0,60440.0,71658.0,61076.0,61076.0,2,10582.0
40588,154.00,1542.00,5,10,10,2,126612.0,96629.0,96629.0,126612.0,126599.0,0,13.0
40589,216.00,1662.00,5,10,10,2,94552.0,94070.0,93571.0,94558.0,94558.0,4,0.0
40590,154.00,1384.00,5,10,10,2,81888.0,76948.0,76948.0,81888.0,81888.0,4,0.0
40591,154.00,1384.00,5,10,10,2,69376.0,63129.0,63129.0,69376.0,69376.0,4,0.0
40592,216.00,1662.00,5,10,10,2,94615.0,94107.0,93608.0,94611.0,94615.0,4,0.0
40593,154.00,1391.00,5,10,10,2,59074.0,61195.0,61195.0,59074.0,59074.0,1,2121.0
40594,154.00,1291.00,4,11,10,2,43995.0,52237.0,52237.0,44006.0,43995.0,1,8242.0
40595,154.00,1474.00,5,10,10,2,55183.0,73585.0,73585.0,55189.0,55183.0,1,18402.0
40596,206.00,1693.00,5,10,10,2,95029.0,99730.0,99234.0,95029.0,95029.0,1,4701.0
40597,187.00,1398.00,5,11,10,2,95445.0,94772.0,94772.0,95445.0,95439.0,0,6.0
40598,206.00,1603.00,5,10,10,2,68333.0,65409.0,64908.0,68333.0,68333.0,4,0.0
40599,187.00,1528.00,5,10,10,2,67322.0,65853.0,52797.0,67322.0,67322.0,4,0.0
40600,187.00,1509.00,5,10,10,2,55138.0,54233.0,51468.0,55138.0,55138.0,4,0.0
40601,206.00,1613.00,5,10,10,2,100100.0,102434.0,101933.0,100094.0,100100.0,1,2334.0
40602,216.00,1655.00,5,10,10,2,81122.0,80364.0,79865.0,81122.0,81113.0,0,9.0
40603,154.00,1384.00,5,10,10,2,53179.0,55165.0,55165.0,53179.0,53179.0,1,1986.0
40604,154.00,1542.00,5,10,10,2,56362.0,74493.0,74493.0,56362.0,56362.0,1,18131.0
40605,187.00,1516.00,5,10,10,2,68414.0,67856.0,43263.0,68414.0,68414.0,4,0.0
40606,187.00,1676.00,5,10,10,2,95105.0,100468.0,151019.0,95105.0,95105.0,2,55914.0
40607,206.00,1603.00,5,10,10,2,87231.0,86516.0,86015.0,87231.0,87231.0,4,0.0
40608,154.00,1384.00,5,10,10,2,79126.0,75240.0,75240.0,79126.0,79126.0,4,0.0
40609,154.00,1384.00,5,10,10,2,88361.0,72436.0,72436.0,88361.0,88361.0,4,0.0
40610,216.00,1662.00,5,10,10,2,59474.0,59001.0,58502.0,59474.0,59469.0,0,5.0
40611,187.00,1519.00,5,10,10,2,83810.0,83312.0,83644.0,83819.0,83819.0,4,0.0
40612,187.00,1667.00,5,10,10,2,96650.0,101981.0,101380.0,96657.0,96657.0,1,5324.0
40613,206.00,1681.00,5,10,10,2,85611.0,90907.0,90408.0,85611.0,85613.0,1,5294.0
40614,206.00,1603.00,5,10,10,2,74329.0,74111.0,73612.0,74340.0,74329.0,3,11.0
40615,187.00,1516.00,5,10,10,2,108665.0,109264.0,95035.0,108667.0,108665.0,1,599.0
40616,154.00,1394.00,5,10,10,2,57737.0,61654.0,61654.0,57737.0,57737.0,1,3917.0
40617,206.00,1681.00,5,10,10,2,84151.0,89540.0,89042.0,84151.0,84151.0,1,5389.0
40618,154.00,1384.00,5,10,10,2,61700.0,64134.0,64134.0,61696.0,61696.0,1,2438.0
40619,206.00,1603.00,5,10,10,2,78321.0,83661.0,83160.0,78321.0,78321.0,1,5340.0
40620,154.00,1384.00,5,10,10,2,67479.0,60428.0,60428.0,67472.0,67472.0,0,7.0
40621,216.00,1655.00,5,10,10,2,102692.0,101876.0,101378.0,102703.0,102703.0,4,0.0
40622,154.00,1384.00,5,10,10,2,62469.0,50134.0,50134.0,62469.0,62469.0,4,0.0
40623,154.00,1384.00,5,10,10,2,70309.0,71013.0,71013.0,70309.0,70309.0,1,704.0
40624,154.00,1391.00,5,10,10,2,73478.0,74178.0,74178.0,73471.0,73471.0,1,707.0
40625,206.00,1610.00,5,10,10,2,43906.0,43342.0,42843.0,43905.0,43905.0,4,0.0
40626,216.00,1665.00,5,10,10,2,146024.0,144660.0,144159.0,146024.0,146024.0,4,0.0
40627,206.00,1610.00,5,10,10,2,86166.0,85112.0,84611.0,86166.0,86166.0,4,0.0
40628,206.00,1613.00,5,10,10,2,110592.0,110265.0,109764.0,110592.0,110595.0,4,0.0
40629,206.00,1603.00,5,10,10,2,39999.0,39385.0,38884.0,39999.0,39999.0,4,0.0
40630,154.00,1384.00,5,10,10,2,68752.0,75746.0,75746.0,68752.0,68752.0,1,6994.0
40631,216.00,1662.00,5,10,10,2,84854.0,84722.0,84223.0,84865.0,84854.0,3,11.0
40632,206.00,1603.00,5,10,10,2,70631.0,70651.0,70153.0,70631.0,70631.0,1,20.0
40633,216.00,1545.00,4,11,10,2,67430.0,67074.0,66529.0,67430.0,67430.0,4,0.0
40634,216.00,1655.00,5,10,10,2,65644.0,66960.0,66418.0,65678.0,65630.0,1,1330.0
40635,154.00,1384.00,5,10,10,2,60511.0,70786.0,70786.0,60511.0,60511.0,1,10275.0
40636,154.00,1391.00,5,10,10,2,48528.0,46130.0,46130.0,48516.0,48516.0,0,12.0
40637,154.00,1542.00,5,10,10,2,71378.0,89211.0,89211.0,71378.0,71376.0,1,17835.0
40638,187.00,1528.00,5,10,10,2,60771.0,60256.0,59780.0,60777.0,60771.0,3,6.0
40639,187.00,1667.00,5,10,10,2,67788.0,73411.0,61540.0,67788.0,67788.0,1,5623.0
40640,154.00,1394.00,5,10,10,2,31189.0,18938.0,18938.0,31189.0,31181.0,0,8.0
40641,154.00,1474.00,5,10,10,2,53750.0,54826.0,54826.0,53739.0,53750.0,1,1076.0
40642,206.00,1681.00,5,10,10,2,87384.0,91786.0,91287.0,87371.0,87371.0,1,4415.0
40643,216.00,1655.00,5,10,10,2,88455.0,88162.0,87661.0,88458.0,88458.0,4,0.0
40644,154.00,1394.00,5,10,10,2,59116.0,29598.0,29598.0,59115.0,59115.0,4,0.0
40645,206.00,1610.00,4,11,10,2,59013.0,58889.0,58622.0,59046.0,59046.0,4,0.0
40646,216.00,1665.00,5,10,10,2,98785.0,96175.0,95674.0,98785.0,98785.0,4,0.0
40647,206.00,1610.00,5,10,10,2,59313.0,59062.0,58563.0,59313.0,59314.0,4,0.0
40648,187.00,1676.00,5,10,10,2,87533.0,92992.0,85432.0,87533.0,87533.0,1,5459.0
40649,187.00,1528.00,5,10,10,2,43511.0,43128.0,43661.0,43511.0,43511.0,2,150.0
40650,154.00,1435.00,4,11,10,2,75876.0,71402.0,71394.0,75876.0,75876.0,4,0.0
40651,216.00,1662.00,5,10,10,2,87589.0,87105.0,86606.0,87578.0,87589.0,4,0.0
40652,216.00,1655.00,5,10,10,2,103298.0,103931.0,103430.0,103298.0,103298.0,1,633.0
40653,154.00,1384.00,5,10,10,2,61450.0,60982.0,60982.0,61450.0,61450.0,4,0.0
40654,154.00,1551.00,5,10,10,2,65504.0,73766.0,73766.0,65504.0,65504.0,1,8262.0
40655,187.00,1516.00,5,10,10,2,110459.0,111516.0,114346.0,110463.0,110463.0,2,3883.0
40656,154.00,1384.00,5,10,10,2,92743.0,92732.0,92732.0,92743.0,92743.0,4,0.0
40657,154.00,1384.00,5,10,10,2,82819.0,72560.0,72560.0,82819.0,82819.0,4,0.0
40658,206.00,1603.00,5,10,10,2,93108.0,97394.0,96867.0,93084.0,93079.0,1,4315.0
40659,187.00,1667.00,5,10,10,2,106906.0,112000.0,115324.0,106903.0,106906.0,2,8418.0
40660,206.00,1610.00,5,10,10,2,99105.0,99569.0,99070.0,99092.0,99105.0,1,464.0
40661,154.00,1542.00,5,10,10,2,54357.0,59689.0,59689.0,54357.0,54357.0,1,5332.0
40662,154.00,1403.00,5,10,10,2,53422.0,59328.0,74405.0,53420.0,53422.0,2,20983.0
40663,216.00,1655.00,5,10,10,2,62180.0,61604.0,61106.0,62180.0,62180.0,4,0.0
40664,206.00,1610.00,5,10,10,2,72894.0,70294.0,69793.0,72894.0,72890.0,0,4.0
40665,206.00,1622.00,5,10,10,2,67960.0,70240.0,69744.0,67960.0,67980.0,1,2260.0
40666,216.00,1655.00,5,10,10,2,100164.0,100264.0,99763.0,100168.0,100168.0,1,96.0
40667,154.00,1384.00,5,10,10,2,76878.0,68546.0,68546.0,76878.0,76878.0,4,0.0
40668,206.00,1610.00,5,10,10,2,93596.0,93022.0,92521.0,93596.0,93596.0,4,0.0
40669,206.00,1613.00,5,10,10,2,97360.0,98121.0,97620.0,97357.0,97360.0,1,761.0
40670,154.00,1384.00,5,10,10,2,59987.0,75569.0,75569.0,59987.0,59987.0,1,15582.0
40671,216.00,1655.00,5,10,10,2,109561.0,113481.0,112980.0,109561.0,109561.0,1,3920.0
40672,216.00,1550.00,5,11,10,2,118381.0,117835.0,117296.0,118381.0,118375.0,0,6.0
40673,187.00,1509.00,5,10,10,2,113398.0,114052.0,116015.0,113388.0,113398.0,2,2617.0
40674,154.00,1391.00,5,10,10,2,51851.0,51283.0,51283.0,51851.0,51851.0,4,0.0
40675,154.00,1274.00,4,11,10,2,74876.0,50831.0,50831.0,74882.0,74876.0,3,6.0
40676,187.00,1509.00,5,10,10,2,74995.0,73681.0,65574.0,74995.0,74995.0,4,0.0
40677,216.00,1665.00,5,10,10,2,63108.0,62735.0,62237.0,63117.0,63117.0,4,0.0
40678,154.00,1279.00,5,11,10,2,44749.0,49223.0,49223.0,44749.0,44749.0,1,4474.0
40679,187.00,1509.00,5,10,10,2,67950.0,66714.0,87900.0,67944.0,67944.0,2,19956.0
40680,216.00,1551.00,4,11,10,2,118896.0,123722.0,123180.0,118896.0,118896.0,1,4826.0
40681,187.00,1667.00,5,10,10,2,73887.0,79161.0,78314.0,73887.0,73897.0,1,5264.0
40682,206.00,1603.00,4,11,10,2,74412.0,74147.0,73710.0,74449.0,74412.0,3,37.0
40683,187.00,1516.00,5,10,10,2,120091.0,120706.0,95825.0,120088.0,120091.0,1,615.0
40684,206.00,1693.00,5,10,10,2,76499.0,81754.0,81253.0,76496.0,76496.0,1,5258.0
40685,154.00,1394.00,5,10,10,2,54093.0,48237.0,48237.0,54093.0,54093.0,4,0.0
40686,206.00,1610.00,5,10,10,2,73759.0,76653.0,76152.0,73759.0,73759.0,1,2894.0
40687,187.00,1516.00,5,10,10,2,114533.0,114803.0,103422.0,114533.0,114523.0,1,280.0
40688,187.00,1516.00,5,10,10,2,87810.0,89802.0,91315.0,87810.0,87810.0,2,3505.0
40689,216.00,1662.00,5,10,10,2,128713.0,129571.0,129070.0,128713.0,128712.0,1,859.0
40690,154.00,1384.00,5,10,10,2,67477.0,50648.0,50648.0,67477.0,67477.0,4,0.0
40691,154.00,1542.00,5,10,10,2,65317.0,64394.0,64394.0,65317.0,65317.0,4,0.0
40692,216.00,1655.00,5,10,10,2,94897.0,96700.0,96202.0,94897.0,94897.0,1,1803.0
40693,216.00,1655.00,5,10,10,2,115835.0,119108.0,118609.0,115842.0,115835.0,1,3273.0
40694,187.00,1522.00,5,10,10,2,93002.0,92878.0,83643.0,93002.0,93002.0,4,0.0
40695,154.00,1551.00,5,10,10,2,49822.0,54949.0,54949.0,49822.0,49822.0,1,5127.0
40696,154.00,1427.00,5,11,10,2,67631.0,65033.0,75274.0,67631.0,67645.0,2,7629.0
40697,187.00,1512.00,5,10,10,2,109668.0,108966.0,76717.0,109668.0,109668.0,4,0.0
40698,154.00,1474.00,5,10,10,2,83634.0,68994.0,68994.0,83633.0,83634.0,4,0.0
40699,216.00,1665.00,5,10,10,2,103150.0,102604.0,102103.0,103150.0,103150.0,4,0.0
40700,206.00,1603.00,5,10,10,2,56719.0,56109.0,55610.0,56706.0,56719.0,4,0.0
40701,187.00,1404.00,5,11,10,2,90955.0,71159.0,81526.0,90947.0,90955.0,4,0.0
40702,206.00,1613.00,5,10,10,2,130228.0,134870.0,134369.0,130224.0,130228.0,1,4642.0
40703,216.00,1665.00,5,10,10,2,119495.0,119345.0,118844.0,119495.0,119489.0,0,6.0
40704,216.00,1662.00,5,10,10,2,115188.0,114929.0,114430.0,115192.0,115192.0,4,0.0
40705,206.00,1613.00,5,10,10,2,84416.0,84811.0,84312.0,84416.0,84410.0,1,401.0
40706,154.00,1462.00,5,10,10,2,71748.0,92192.0,92452.0,71744.0,71748.0,2,20704.0
40707,206.00,1603.00,5,10,10,2,93011.0,92499.0,92000.0,93011.0,93011.0,4,0.0
40708,187.00,1667.00,5,10,10,2,142549.0,148758.0,122629.0,142554.0,142554.0,1,6204.0
40709,187.00,1667.00,5,10,10,2,105580.0,111894.0,103946.0,105589.0,105580.0,1,6314.0
40710,206.00,1603.00,5,10,10,2,54297.0,53734.0,53233.0,54297.0,54297.0,4,0.0
40711,187.00,1509.00,5,10,10,2,53203.0,52973.0,74776.0,53202.0,53202.0,2,21574.0
40712,187.00,1528.00,5,10,10,2,87590.0,87514.0,63894.0,87580.0,87590.0,4,0.0
40713,216.00,1551.00,4,11,10,2,119067.0,119872.0,119326.0,119067.0,119067.0,1,805.0
40714,154.00,1560.00,5,10,10,2,54843.0,67078.0,67078.0,54843.0,54843.0,1,12235.0
40715,187.00,1667.00,5,10,10,2,70412.0,75422.0,76201.0,70412.0,70412.0,2,5789.0
40716,187.00,1516.00,5,10,10,2,83778.0,84595.0,51064.0,83771.0,83771.0,1,824.0
40717,187.00,1509.00,5,10,10,2,88169.0,93139.0,112223.0,88169.0,88169.0,2,24054.0
40718,206.00,1693.00,5,10,10,2,91543.0,96058.0,95561.0,91552.0,91543.0,1,4515.0
40719,206.00,1613.00,5,10,10,2,121622.0,122434.0,121936.0,121622.0,121618.0,1,816.0
40720,216.00,1655.00,5,10,10,2,120864.0,121335.0,120834.0,120864.0,120864.0,1,471.0
40721,187.00,1667.00,5,10,10,2,112274.0,117421.0,110287.0,112282.0,112282.0,1,5139.0
40722,187.00,1528.00,5,10,10,2,95039.0,94200.0,84384.0,95039.0,95039.0,4,0.0
40723,154.00,1542.00,5,10,10,2,75295.0,103959.0,103959.0,75294.0,75294.0,1,28665.0
40724,206.00,1613.00,5,10,10,2,93097.0,92721.0,92223.0,93109.0,93109.0,4,0.0
40725,206.00,1506.00,4,11,10,2,74126.0,74165.0,73901.0,74126.0,74126.0,1,39.0
40726,187.00,1516.00,5,10,10,2,58592.0,58736.0,69402.0,58592.0,58592.0,2,10810.0
40727,216.00,1662.00,5,10,10,2,93462.0,92622.0,92123.0,93464.0,93464.0,4,0.0
40728,187.00,1676.00,5,10,10,2,97485.0,102514.0,84278.0,97485.0,97494.0,1,5020.0
40729,187.00,1519.00,5,10,10,2,46839.0,46294.0,36176.0,46854.0,46839.0,3,15.0
40730,154.00,1542.00,5,10,10,2,97359.0,92127.0,92127.0,97362.0,97359.0,3,3.0
40731,154.00,1394.00,5,10,10,2,68818.0,62927.0,62927.0,68818.0,68818.0,4,0.0
40732,154.00,1542.00,5,10,10,2,66167.0,71087.0,71087.0,66167.0,66167.0,1,4920.0
40733,154.00,1274.00,4,11,10,2,60733.0,46523.0,46523.0,60733.0,60733.0,4,0.0
40734,187.00,1516.00,5,10,10,2,100124.0,100210.0,87323.0,100124.0,100124.0,1,86.0
40735,216.00,1674.00,5,10,10,2,107926.0,108774.0,108236.0,107926.0,107926.0,1,848.0
40736,206.00,1693.00,5,10,10,2,77515.0,82842.0,82341.0,77515.0,77504.0,1,5338.0
40737,187.00,1670.00,5,10,10,2,74881.0,80433.0,73390.0,74881.0,74881.0,1,5552.0
40738,206.00,1603.00,5,10,10,2,97479.0,98507.0,98006.0,97479.0,97485.0,1,1022.0
40739,187.00,1513.00,5,10,10,2,47284.0,47011.0,59524.0,47287.0,47284.0,2,12240.0
40740,216.00,1665.00,5,10,10,2,117435.0,116084.0,115583.0,117435.0,117425.0,0,10.0
40741,154.00,1542.00,5,10,10,2,95549.0,101583.0,101583.0,95549.0,95549.0,1,6034.0
40742,154.00,1394.00,5,10,10,2,58232.0,33935.0,33935.0,58231.0,58231.0,4,0.0
40743,187.00,1405.00,4,11,10,2,69856.0,69823.0,99874.0,69856.0,69856.0,2,30018.0
40744,206.00,1603.00,5,10,10,2,70089.0,72355.0,71857.0,70097.0,70097.0,1,2258.0
40745,187.00,1509.00,5,10,10,2,86166.0,86515.0,80358.0,86162.0,86162.0,1,353.0
40746,154.00,1542.00,5,10,10,2,56811.0,67749.0,67749.0,56811.0,56813.0,1,10936.0
40747,154.00,1542.00,5,10,10,2,56088.0,64660.0,64660.0,56076.0,56076.0,1,8584.0
40748,206.00,1603.00,5,10,10,2,105231.0,108305.0,107804.0,105232.0,105231.0,1,3074.0
40749,216.00,1662.00,5,10,10,2,78744.0,78635.0,78134.0,78746.0,78746.0,4,0.0
40750,154.00,1384.00,5,10,10,2,45962.0,64609.0,64609.0,45962.0,45962.0,1,18647.0
40751,154.00,1403.00,5,10,10,2,50107.0,53136.0,53129.0,50094.0,50107.0,1,3029.0
40752,216.00,1665.00,5,10,10,2,117289.0,117433.0,116935.0,117289.0,117298.0,1,135.0
40753,154.00,1384.00,5,10,10,2,77805.0,90521.0,90521.0,77805.0,77846.0,1,12675.0
40754,206.00,1693.00,5,10,10,2,100469.0,106079.0,105579.0,100469.0,100469.0,1,5610.0
40755,216.00,1665.00,5,10,10,2,96606.0,96055.0,95557.0,96581.0,96581.0,0,25.0
40756,154.00,1384.00,5,10,10,2,63246.0,78661.0,78661.0,63246.0,63246.0,1,15415.0
40757,206.00,1603.00,4,11,10,2,93910.0,95525.0,95030.0,93910.0,93910.0,1,1615.0
40758,187.00,1676.00,5,10,10,2,127520.0,133182.0,138520.0,127520.0,127518.0,2,11002.0
40759,187.00,1516.00,5,10,10,2,103942.0,101456.0,90818.0,103946.0,103946.0,4,0.0
40760,216.00,1662.00,5,10,10,2,139729.0,141962.0,141461.0,139728.0,139728.0,1,2234.0
40761,154.00,1387.00,5,10,10,2,35924.0,51896.0,51896.0,35924.0,35924.0,1,15972.0
40762,187.00,1528.00,5,10,10,2,88624.0,87152.0,96218.0,88618.0,88618.0,2,7600.0
40763,154.00,1403.00,5,10,10,2,31528.0,38835.0,37578.0,31534.0,31528.0,1,7307.0
40764,187.00,1519.00,5,10,10,2,62948.0,62581.0,62237.0,62963.0,62980.0,4,0.0
40765,154.00,1462.00,5,10,10,2,54378.0,65160.0,65407.0,54378.0,54378.0,2,11029.0
40766,154.00,1350.00,5,11,10,2,101840.0,99533.0,99533.0,101848.0,101840.0,3,8.0
40767,187.00,1516.00,5,10,10,2,80913.0,80404.0,70253.0,80917.0,80887.0,3,30.0
40768,216.00,1674.00,5,10,10,2,117993.0,117105.0,116604.0,117993.0,117994.0,4,0.0
40769,154.00,1560.00,5,10,10,2,50550.0,55792.0,55792.0,50550.0,50537.0,1,5255.0
40770,154.00,1462.00,5,10,10,2,71943.0,83934.0,84151.0,71943.0,71943.0,2,12208.0
40771,216.00,1659.00,5,10,10,2,103355.0,101501.0,100968.0,103379.0,103348.0,3,31.0
40772,154.00,1394.00,5,10,10,2,82183.0,89869.0,89869.0,82187.0,82187.0,1,7682.0
40773,216.00,1655.00,5,10,10,2,115712.0,115421.0,114920.0,115712.0,115714.0,4,0.0
40774,187.00,1519.00,5,10,10,2,50335.0,49806.0,66807.0,50344.0,50335.0,2,16472.0
40775,154.00,1391.00,5,10,10,2,55465.0,73607.0,73607.0,55465.0,55464.0,1,18143.0
40776,154.00,1384.00,5,10,10,2,71832.0,66484.0,66484.0,71832.0,71832.0,4,0.0
40777,154.00,1560.00,5,10,10,2,57241.0,62905.0,62905.0,57241.0,57241.0,1,5664.0
40778,187.00,1516.00,5,10,10,2,91746.0,93955.0,115766.0,91743.0,91743.0,2,24023.0
40779,206.00,1693.00,5,10,10,2,148612.0,154512.0,154012.0,148616.0,148616.0,1,5896.0
40780,154.00,1542.00,5,10,10,2,93593.0,129548.0,129548.0,93582.0,93593.0,1,35955.0
40781,154.00,1384.00,5,10,10,2,70927.0,44194.0,44194.0,70927.0,70927.0,4,0.0
40782,206.00,1492.00,5,11,10,2,128361.0,127814.0,108792.0,128359.0,128359.0,0,2.0
40783,206.00,1613.00,5,10,10,2,76652.0,76675.0,76180.0,76652.0,76652.0,1,23.0
40784,154.00,1384.00,5,10,10,2,51767.0,59541.0,59541.0,51759.0,51767.0,1,7774.0
40785,154.00,1474.00,5,10,10,2,48581.0,54509.0,54509.0,48581.0,48581.0,1,5928.0
40786,206.00,1506.00,4,11,10,2,86614.0,89789.0,89428.0,86614.0,86614.0,1,3175.0
40787,216.00,1662.00,5,10,10,2,117292.0,117103.0,116605.0,117292.0,117291.0,4,0.0
40788,206.00,1603.00,5,10,10,2,64090.0,63148.0,62647.0,64087.0,64087.0,0,3.0
40789,154.00,1391.00,5,10,10,2,54894.0,60579.0,60579.0,54909.0,55047.0,1,5532.0
40790,206.00,1603.00,5,10,10,2,91482.0,96058.0,95560.0,91474.0,91482.0,1,4576.0
40791,187.00,1516.00,5,10,10,2,51394.0,50994.0,77723.0,51394.0,51394.0,2,26329.0
40792,154.00,1462.00,5,10,10,2,58124.0,73210.0,73464.0,58124.0,58122.0,2,15342.0
40793,154.00,1398.00,5,10,10,2,63454.0,48053.0,48053.0,63456.0,63456.0,4,0.0
40794,187.00,1516.00,5,10,10,2,60592.0,60136.0,90461.0,60595.0,60595.0,2,29866.0
40795,154.00,1462.00,5,10,10,2,64286.0,77243.0,77455.0,64286.0,64289.0,2,13166.0
40796,154.00,1393.00,5,10,10,2,28541.0,42628.0,42628.0,28541.0,28534.0,1,14094.0
40797,206.00,1603.00,5,10,10,2,80464.0,80219.0,79721.0,80464.0,80464.0,4,0.0
40798,206.00,1613.00,5,10,10,2,122113.0,122711.0,122213.0,122113.0,122128.0,1,583.0
40799,154.00,1384.00,5,10,10,2,83745.0,90525.0,90525.0,83745.0,83745.0,1,6780.0
40800,154.00,1394.00,5,10,10,2,36307.0,38769.0,38769.0,36307.0,36307.0,1,2462.0
40801,154.00,1551.00,5,10,10,2,51064.0,56180.0,56180.0,51061.0,51064.0,1,5116.0
40802,206.00,1603.00,5,10,10,2,81359.0,80833.0,80334.0,81359.0,81349.0,0,10.0
40803,216.00,1669.00,5,10,10,2,116654.0,117289.0,116822.0,116657.0,116654.0,1,635.0
40804,154.00,1358.00,4,11,10,2,58654.0,70815.0,70815.0,58654.0,58654.0,1,12161.0
40805,216.00,1665.00,5,10,10,2,121446.0,122152.0,121651.0,121439.0,121446.0,1,706.0
40806,154.00,1274.00,4,11,10,2,71216.0,76475.0,76475.0,71216.0,71216.0,1,5259.0
40807,187.00,1667.00,5,10,10,2,94753.0,100231.0,86481.0,94741.0,94753.0,1,5478.0
40808,216.00,1662.00,5,10,10,2,108613.0,107778.0,107279.0,108613.0,108600.0,0,13.0
40809,154.00,1394.00,5,10,10,2,43804.0,23856.0,23856.0,43810.0,43804.0,3,6.0
40810,154.00,1387.00,5,10,10,2,85406.0,96793.0,96793.0,85406.0,85406.0,1,11387.0
40811,216.00,1655.00,5,10,10,2,103740.0,103408.0,102910.0,103740.0,103740.0,4,0.0
40812,206.00,1576.00,5,11,10,2,116896.0,116354.0,115814.0,116903.0,116903.0,4,0.0
40813,187.00,1516.00,5,10,10,2,96919.0,97256.0,95109.0,96921.0,96921.0,1,335.0
40814,187.00,1404.00,5,11,10,2,81688.0,66335.0,62521.0,81693.0,81693.0,4,0.0
40815,154.00,1551.00,5,10,10,2,54250.0,60479.0,60479.0,54240.0,54250.0,1,6229.0
40816,206.00,1613.00,5,10,10,2,113026.0,111145.0,110644.0,113026.0,113026.0,4,0.0
40817,154.00,1394.00,5,10,10,2,46933.0,58393.0,58393.0,46931.0,46931.0,1,11462.0
40818,154.00,1391.00,5,10,10,2,70318.0,45993.0,45993.0,70318.0,70313.0,0,5.0
40819,206.00,1492.00,5,11,10,2,95352.0,94817.0,118517.0,95350.0,95352.0,2,23165.0
40820,154.00,1384.00,5,10,10,2,77651.0,67120.0,67120.0,77651.0,77651.0,4,0.0
40821,154.00,1560.00,5,10,10,2,49118.0,54752.0,54752.0,49118.0,49118.0,1,5634.0
40822,187.00,1516.00,5,10,10,2,81619.0,80926.0,60297.0,81619.0,81615.0,0,4.0
40823,187.00,1516.00,5,10,10,2,93337.0,94449.0,82505.0,93370.0,93337.0,1,1112.0
40824,154.00,1384.00,5,10,10,2,72074.0,62720.0,62720.0,72074.0,72074.0,4,0.0
40825,187.00,1528.00,5,10,10,2,68754.0,74451.0,83378.0,68933.0,68754.0,2,14624.0
40826,206.00,1613.00,5,10,10,2,103408.0,108657.0,108158.0,103419.0,103408.0,1,5249.0
40827,206.00,1603.00,5,10,10,2,67123.0,66612.0,66087.0,67126.0,67123.0,3,3.0
40828,154.00,1384.00,5,10,10,2,96390.0,104469.0,104469.0,96384.0,96390.0,1,8079.0
40829,154.00,1384.00,5,10,10,2,80897.0,85139.0,85139.0,80897.0,80897.0,1,4242.0
40830,187.00,1667.00,5,10,10,2,102195.0,107487.0,104294.0,102190.0,102195.0,1,5292.0
40831,154.00,1384.00,5,10,10,2,82788.0,70079.0,70079.0,82788.0,82788.0,4,0.0
40832,154.00,1393.00,5,10,10,2,79974.0,58225.0,58225.0,79974.0,79974.0,4,0.0
40833,206.00,1681.00,5,10,10,2,129314.0,134324.0,133825.0,129314.0,129314.0,1,5010.0
40834,216.00,1665.00,5,10,10,2,95095.0,95622.0,95124.0,95095.0,95095.0,1,527.0
40835,206.00,1681.00,5,10,10,2,60680.0,66651.0,66109.0,60680.0,60886.0,1,5765.0
40836,187.00,1509.00,5,10,10,2,53403.0,52815.0,63747.0,53395.0,53395.0,2,10352.0
40837,154.00,1394.00,5,10,10,2,56569.0,66034.0,66034.0,56569.0,56568.0,1,9466.0
40838,154.00,1462.00,5,10,10,2,103747.0,87323.0,87575.0,103753.0,103753.0,4,0.0
40839,154.00,1384.00,5,10,10,2,84040.0,76318.0,76318.0,84040.0,84040.0,4,0.0
40840,216.00,1655.00,5,10,10,2,46254.0,45809.0,45308.0,46256.0,46256.0,4,0.0
40841,206.00,1681.00,5,10,10,2,103555.0,108092.0,107594.0,103562.0,103555.0,1,4537.0
40842,154.00,1384.00,5,10,10,2,58218.0,67231.0,67231.0,58210.0,58210.0,1,9021.0
40843,216.00,1655.00,5,10,10,2,112131.0,112036.0,111537.0,112131.0,112131.0,4,0.0
40844,206.00,1681.00,5,10,10,2,116164.0,121420.0,120921.0,116164.0,116164.0,1,5256.0
40845,216.00,1665.00,5,10,10,2,110537.0,110835.0,110334.0,110537.0,110537.0,1,298.0
40846,216.00,1665.00,5,10,10,2,110215.0,110382.0,109884.0,110227.0,110215.0,1,167.0
40847,154.00,1542.00,5,10,10,2,97165.0,103679.0,103679.0,97165.0,97165.0,1,6514.0
40848,187.00,1528.00,5,10,10,2,45268.0,44863.0,80903.0,45268.0,45267.0,2,35636.0
40849,187.00,1516.00,5,10,10,2,51344.0,50846.0,79538.0,51339.0,51344.0,2,28194.0
40850,154.00,1403.00,5,10,10,2,45530.0,19644.0,19637.0,45536.0,45536.0,4,0.0
40851,154.00,1542.00,5,10,10,2,90665.0,105458.0,105458.0,90665.0,90665.0,1,14793.0
40852,154.00,1391.00,5,10,10,2,67348.0,43671.0,43671.0,67348.0,67348.0,4,0.0
40853,154.00,1542.00,4,11,10,2,62980.0,77911.0,77911.0,62980.0,62980.0,1,14931.0
40854,154.00,1384.00,5,10,10,2,53553.0,61437.0,61437.0,53553.0,53553.0,1,7884.0
40855,154.00,1384.00,5,10,10,2,37091.0,44666.0,44666.0,37091.0,37091.0,1,7575.0
40856,154.00,1384.00,5,10,10,2,102879.0,80882.0,80882.0,102879.0,102879.0,4,0.0
40857,216.00,1655.00,5,10,10,2,116972.0,117309.0,116810.0,116972.0,116972.0,1,337.0
40858,154.00,1394.00,5,10,10,2,60364.0,63922.0,63922.0,60368.0,60368.0,1,3554.0
40859,187.00,1519.00,5,10,10,2,68136.0,67791.0,67962.0,68136.0,68127.0,0,9.0
40860,187.00,1667.00,5,10,10,2,130228.0,135917.0,121518.0,130228.0,130228.0,1,5689.0
40861,206.00,1603.00,5,10,10,2,118019.0,118842.0,118344.0,118026.0,118019.0,1,823.0
40862,187.00,1667.00,5,10,10,2,60519.0,65962.0,64248.0,60526.0,60526.0,1,5436.0
40863,187.00,1509.00,5,10,10,2,69484.0,71580.0,76933.0,69484.0,69484.0,2,7449.0
40864,216.00,1655.00,5,10,10,2,99297.0,98411.0,97913.0,99297.0,99287.0,0,10.0
40865,154.00,1384.00,5,10,10,2,63240.0,73326.0,73326.0,63240.0,63240.0,1,10086.0
40866,154.00,1384.00,5,10,10,2,47783.0,38465.0,38465.0,47783.0,47783.0,4,0.0
40867,216.00,1662.00,5,10,10,2,116579.0,117694.0,117193.0,116579.0,116581.0,1,1113.0
40868,154.00,1384.00,5,10,10,2,47446.0,34565.0,34565.0,47446.0,47446.0,4,0.0
40869,216.00,1665.00,5,10,10,2,106842.0,106834.0,106336.0,106826.0,106826.0,0,16.0
40870,206.00,1693.00,5,10,10,2,117670.0,123233.0,122737.0,117657.0,117670.0,1,5563.0
40871,216.00,1674.00,5,10,10,2,90792.0,88754.0,88254.0,90795.0,90795.0,4,0.0
40872,187.00,1519.00,5,10,10,2,67911.0,69949.0,68665.0,67911.0,67919.0,1,2030.0
40873,154.00,1384.00,5,10,10,2,74936.0,69272.0,69272.0,74936.0,74936.0,4,0.0
40874,216.00,1662.00,5,10,10,2,116545.0,116098.0,115597.0,116545.0,116546.0,4,0.0
40875,187.00,1509.00,5,10,10,2,76782.0,78950.0,77929.0,76782.0,76782.0,1,2168.0
40876,187.00,1667.00,5,10,10,2,55349.0,59954.0,71808.0,55349.0,55349.0,2,16459.0
40877,154.00,1464.00,5,10,10,2,75820.0,95054.0,95290.0,75820.0,75812.0,2,19478.0
40878,154.00,1384.00,5,10,10,2,57941.0,57145.0,57145.0,57941.0,57941.0,4,0.0
40879,154.00,1384.00,5,10,10,2,36887.0,34094.0,34094.0,36887.0,36887.0,4,0.0
40880,154.00,1551.00,5,10,10,2,52890.0,60062.0,60062.0,52890.0,52890.0,1,7172.0
40881,154.00,1280.00,4,11,10,2,74896.0,74489.0,74489.0,74891.0,74896.0,4,0.0
40882,154.00,1551.00,5,10,10,2,56137.0,53919.0,53919.0,56137.0,56137.0,4,0.0
40883,206.00,1613.00,5,10,10,2,121077.0,120783.0,120284.0,121070.0,121070.0,0,7.0
40884,187.00,1519.00,5,10,10,2,97301.0,94621.0,101171.0,97301.0,97288.0,2,3883.0
40885,216.00,1655.00,5,10,10,2,105144.0,104601.0,104100.0,105138.0,105138.0,0,6.0
40886,187.00,1516.00,5,10,10,2,87066.0,86804.0,81251.0,87067.0,87067.0,4,0.0
40887,154.00,1384.00,5,10,10,2,75721.0,87198.0,87198.0,75721.0,75721.0,1,11477.0
40888,154.00,1477.00,5,10,10,2,48991.0,61472.0,61472.0,49188.0,49188.0,1,12284.0
40889,154.00,1384.00,5,10,10,2,73133.0,73257.0,73257.0,73133.0,73133.0,1,124.0
40890,216.00,1662.00,5,10,10,2,98383.0,98100.0,97599.0,98383.0,98383.0,4,0.0
40891,206.00,1613.00,5,10,10,2,109234.0,111473.0,110972.0,109234.0,109234.0,1,2239.0
40892,154.00,1391.00,5,10,10,2,25831.0,19584.0,19584.0,25831.0,25831.0,4,0.0
40893,154.00,1462.00,5,10,10,2,76142.0,73923.0,74171.0,76152.0,76142.0,3,10.0
40894,206.00,1613.00,5,10,10,2,83540.0,83023.0,82522.0,83533.0,83540.0,4,0.0
40895,154.00,1384.00,5,10,10,2,55753.0,78003.0,78003.0,55753.0,55753.0,1,22250.0
40896,206.00,1622.00,5,10,10,2,77471.0,77027.0,76531.0,77464.0,77464.0,0,7.0
40897,206.00,1681.00,5,10,10,2,86397.0,91692.0,91191.0,86397.0,86397.0,1,5295.0
40898,154.00,1384.00,5,10,10,2,57447.0,64394.0,64394.0,57447.0,57447.0,1,6947.0
40899,154.00,1273.00,5,11,10,2,74791.0,67871.0,67871.0,74791.0,74791.0,4,0.0
40900,154.00,1542.00,5,10,10,2,60965.0,65898.0,65898.0,60969.0,60965.0,1,4933.0
40901,187.00,1509.00,5,10,10,2,78317.0,77626.0,68079.0,78308.0,78308.0,0,9.0
40902,216.00,1551.00,4,11,10,2,113495.0,114041.0,113494.0,113495.0,113495.0,1,546.0
40903,154.00,1274.00,4,11,10,2,56732.0,41877.0,41877.0,56732.0,56736.0,4,0.0
40904,187.00,1401.00,5,11,10,2,81563.0,48031.0,99277.0,81563.0,81563.0,2,17714.0
40905,187.00,1509.00,5,10,10,2,104525.0,104253.0,95787.0,104525.0,104525.0,4,0.0
40906,154.00,1403.00,5,10,10,2,35392.0,41724.0,41851.0,35392.0,35392.0,2,6459.0
40907,187.00,1519.00,5,10,10,2,63259.0,62452.0,56811.0,63259.0,63259.0,4,0.0
40908,216.00,1655.00,5,10,10,2,99092.0,101274.0,100773.0,99092.0,99092.0,1,2182.0
40909,154.00,1542.00,5,10,10,2,72308.0,83803.0,83803.0,72307.0,72307.0,1,11496.0
40910,216.00,1669.00,5,10,10,2,104235.0,103535.0,103037.0,104241.0,104235.0,3,6.0
40911,216.00,1551.00,4,11,10,2,83423.0,83239.0,82698.0,83423.0,83423.0,4,0.0
40912,187.00,1509.00,5,10,10,2,54144.0,53674.0,47745.0,54144.0,54144.0,4,0.0
40913,154.00,1560.00,5,10,10,2,64516.0,56658.0,56658.0,64516.0,64513.0,0,3.0
40914,154.00,1394.00,5,10,10,2,30113.0,31291.0,31291.0,30114.0,30114.0,1,1177.0
40915,187.00,1509.00,5,10,10,2,96440.0,96604.0,117668.0,96440.0,96440.0,2,21228.0
40916,154.00,1542.00,5,10,10,2,51844.0,57379.0,57379.0,51844.0,51844.0,1,5535.0
40917,154.00,1387.00,4,11,10,2,82176.0,71643.0,71643.0,82166.0,82176.0,4,0.0
40918,187.00,1509.00,5,10,10,2,97674.0,98817.0,83134.0,97674.0,97679.0,1,1138.0
40919,206.00,1613.00,5,10,10,2,120922.0,124192.0,123691.0,120915.0,120915.0,1,3277.0
40920,206.00,1603.00,5,10,10,2,68239.0,67685.0,67187.0,68239.0,68232.0,0,7.0
40921,216.00,1665.00,5,10,10,2,122715.0,123025.0,122524.0,122715.0,122715.0,1,310.0
40922,154.00,1384.00,5,10,10,2,83339.0,75506.0,75506.0,83339.0,83339.0,4,0.0
40923,154.00,1287.00,4,11,10,2,35122.0,59390.0,59390.0,35122.0,35076.0,1,24314.0
40924,154.00,1542.00,5,10,10,2,64841.0,70192.0,70192.0,64830.0,64841.0,1,5351.0
40925,187.00,1528.00,5,10,10,2,79984.0,84357.0,104715.0,79984.0,79984.0,2,24731.0
40926,206.00,1613.00,5,10,10,2,100487.0,100230.0,99729.0,100490.0,100490.0,4,0.0
40927,206.00,1603.00,5,10,10,2,95356.0,96263.0,95762.0,95391.0,95362.0,1,901.0
40928,154.00,1384.00,5,10,10,2,64640.0,67883.0,67883.0,64640.0,64640.0,1,3243.0
40929,206.00,1603.00,5,10,10,2,46253.0,45716.0,45215.0,46260.0,46260.0,4,0.0
40930,154.00,1384.00,5,10,10,2,67556.0,70792.0,70792.0,67556.0,67556.0,1,3236.0
40931,154.00,1551.00,5,10,10,2,55735.0,60935.0,60935.0,55735.0,55735.0,1,5200.0
40932,187.00,1398.00,5,11,10,2,106146.0,105483.0,105483.0,106146.0,106146.0,4,0.0
40933,154.00,1462.00,5,10,10,2,75642.0,73664.0,73888.0,75642.0,75643.0,4,0.0
40934,216.00,1665.00,5,10,10,2,119558.0,120047.0,119549.0,119558.0,119548.0,1,499.0
40935,187.00,1667.00,5,10,10,2,93388.0,98809.0,98408.0,93388.0,93389.0,1,5420.0
40936,187.00,1516.00,5,10,10,2,128973.0,129619.0,122897.0,128969.0,128969.0,1,650.0
40937,154.00,1542.00,5,10,10,2,63815.0,70112.0,70112.0,63812.0,63815.0,1,6297.0
40938,216.00,1655.00,5,10,10,2,116642.0,120868.0,120370.0,116642.0,116642.0,1,4226.0
40939,154.00,1274.00,4,11,10,2,45490.0,58028.0,58028.0,45490.0,45490.0,1,12538.0
40940,216.00,1662.00,5,10,10,2,111894.0,111629.0,111128.0,111899.0,111899.0,4,0.0
40941,187.00,1398.00,5,11,10,2,75458.0,64274.0,64274.0,75458.0,75458.0,4,0.0
40942,154.00,1542.00,5,10,10,2,66851.0,99576.0,99576.0,66859.0,66851.0,1,32725.0
40943,154.00,1391.00,5,10,10,2,67118.0,64637.0,64637.0,67121.0,67121.0,4,0.0
40944,187.00,1519.00,5,10,10,2,73958.0,74264.0,67389.0,73958.0,73968.0,1,296.0
40945,154.00,1384.00,5,10,10,2,51530.0,64925.0,64925.0,51530.0,51530.0,1,13395.0
40946,154.00,1384.00,5,10,10,2,65804.0,29348.0,29348.0,65804.0,65804.0,4,0.0
40947,206.00,1603.00,5,10,10,2,62046.0,61329.0,60828.0,62046.0,62046.0,4,0.0
40948,187.00,1528.00,5,10,10,2,77223.0,77715.0,65118.0,77223.0,77223.0,1,492.0
40949,206.00,1603.00,5,10,10,2,71837.0,75944.0,75446.0,71828.0,71837.0,1,4107.0
40950,187.00,1509.00,5,10,10,2,72640.0,72128.0,70911.0,72640.0,72640.0,4,0.0
40951,154.00,1391.00,5,10,10,2,74853.0,75194.0,75194.0,74857.0,74853.0,1,341.0
40952,206.00,1603.00,5,10,10,2,61715.0,61209.0,60708.0,61721.0,61721.0,4,0.0
40953,154.00,1474.00,5,10,10,2,53391.0,58787.0,58787.0,53404.0,53404.0,1,5383.0
40954,154.00,1462.00,5,10,10,2,91989.0,77006.0,77221.0,91989.0,91983.0,0,6.0
40955,154.00,1542.00,5,10,10,2,66964.0,90863.0,90863.0,66967.0,66967.0,1,23896.0
40956,154.00,1563.00,5,10,10,2,66895.0,71052.0,71019.0,66896.0,66916.0,1,4136.0
40957,154.00,1394.00,5,10,10,2,49523.0,53909.0,53909.0,49525.0,49525.0,1,4384.0
40958,154.00,1384.00,5,10,10,2,54490.0,76870.0,76870.0,54490.0,54490.0,1,22380.0
40959,187.00,1676.00,5,10,10,2,68722.0,74229.0,91230.0,68710.0,68722.0,2,22508.0
40960,187.00,1516.00,5,10,10,2,112378.0,113419.0,86233.0,112385.0,112378.0,1,1041.0
40961,216.00,1655.00,5,10,10,2,61798.0,61475.0,60977.0,61808.0,61808.0,4,0.0
40962,187.00,1676.00,5,10,10,2,68159.0,73645.0,74520.0,68137.0,68159.0,2,6361.0
40963,187.00,1519.00,5,10,10,2,63538.0,62995.0,71742.0,63533.0,63538.0,2,8204.0
40964,206.00,1613.00,5,10,10,2,94027.0,95254.0,94756.0,94030.0,94030.0,1,1224.0
40965,154.00,1462.00,5,10,10,2,98450.0,82421.0,82644.0,98450.0,98450.0,4,0.0
40966,154.00,1391.00,5,10,10,2,68012.0,92457.0,92457.0,68012.0,68004.0,1,24453.0
40967,154.00,1384.00,5,10,10,2,84635.0,65154.0,65154.0,84635.0,84635.0,4,0.0
40968,187.00,1509.00,5,10,10,2,80555.0,79811.0,104521.0,80555.0,80555.0,2,23966.0
40969,216.00,1662.00,5,10,10,2,113123.0,113554.0,113055.0,113115.0,113123.0,1,431.0
40970,154.00,1542.00,5,10,10,2,51583.0,57143.0,57143.0,51583.0,51583.0,1,5560.0
40971,187.00,1509.00,5,10,10,2,123253.0,127442.0,109981.0,123261.0,123253.0,1,4189.0
40972,187.00,1518.00,5,10,10,2,72721.0,74987.0,53230.0,72714.0,72714.0,1,2273.0
40973,154.00,1394.00,5,10,10,2,33453.0,32877.0,32877.0,33450.0,33450.0,0,3.0
40974,154.00,1542.00,5,10,10,2,84961.0,82564.0,82564.0,84961.0,84961.0,4,0.0
40975,187.00,1509.00,5,10,10,2,103416.0,102556.0,78038.0,103427.0,103427.0,4,0.0
40976,216.00,1655.00,5,10,10,2,92464.0,97640.0,97139.0,92464.0,92464.0,1,5176.0
40977,154.00,1560.00,5,10,10,2,78044.0,83725.0,83725.0,78044.0,78039.0,1,5686.0
40978,154.00,1560.00,5,10,10,2,54826.0,70489.0,70489.0,54815.0,54826.0,1,15663.0
40979,187.00,1509.00,5,10,10,2,92651.0,93770.0,89019.0,92651.0,92648.0,1,1122.0
40980,154.00,1394.00,5,10,10,2,57784.0,60914.0,60914.0,57784.0,57789.0,1,3125.0
40981,206.00,1617.00,5,10,10,2,92417.0,97430.0,96903.0,92403.0,92417.0,1,5013.0
40982,154.00,1384.00,5,10,10,2,61706.0,62465.0,62465.0,61706.0,61706.0,1,759.0
40983,154.00,1462.00,5,10,10,2,71380.0,107568.0,107796.0,71388.0,71380.0,2,36416.0
40984,154.00,1384.00,5,10,10,2,94947.0,79681.0,79681.0,94947.0,94947.0,4,0.0
40985,206.00,1610.00,5,10,10,2,72384.0,75571.0,75072.0,72384.0,72387.0,1,3184.0
40986,187.00,1528.00,5,10,10,2,108469.0,107432.0,110707.0,108469.0,108469.0,2,2238.0
40987,187.00,1509.00,5,10,10,2,51618.0,51040.0,44504.0,51614.0,51618.0,4,0.0
40988,154.00,1388.00,5,10,10,2,75982.0,78696.0,78696.0,75982.0,75982.0,1,2714.0
40989,187.00,1516.00,5,10,10,2,91275.0,90785.0,83301.0,91275.0,91287.0,4,0.0
40990,187.00,1528.00,5,10,10,2,76983.0,77448.0,45482.0,76971.0,76983.0,1,465.0
40991,154.00,1394.00,5,10,10,2,45895.0,62685.0,62685.0,45895.0,45895.0,1,16790.0
40992,154.00,1394.00,5,10,10,2,50528.0,26278.0,26278.0,50528.0,50528.0,4,0.0
40993,206.00,1613.00,5,10,10,2,101193.0,101939.0,101441.0,101189.0,101189.0,1,750.0
40994,187.00,1519.00,5,10,10,2,54586.0,51804.0,34680.0,54586.0,54586.0,4,0.0
40995,206.00,1681.00,5,10,10,2,58390.0,63963.0,63459.0,58398.0,58398.0,1,5565.0
40996,216.00,1655.00,5,10,10,2,81522.0,81046.0,80548.0,81512.0,81512.0,0,10.0
40997,154.00,1391.00,5,10,10,2,84173.0,66510.0,66510.0,84173.0,84173.0,4,0.0
40998,216.00,1674.00,5,10,10,2,86354.0,86371.0,85870.0,86366.0,86366.0,1,5.0
40999,187.00,1516.00,5,10,10,2,101785.0,105913.0,109689.0,101779.0,101779.0,2,7910.0
41000,206.00,1693.00,5,10,10,2,123356.0,127549.0,127048.0,123356.0,123366.0,1,4183.0
41001,187.00,1667.00,5,10,10,2,117490.0,122506.0,97904.0,117490.0,117490.0,1,5016.0
41002,154.00,1273.00,5,11,10,2,63138.0,30195.0,30195.0,63138.0,63138.0,4,0.0
41003,206.00,1603.00,5,10,10,2,123018.0,123906.0,123407.0,123018.0,123018.0,1,888.0
41004,154.00,1560.00,5,10,10,2,54955.0,60492.0,60492.0,54970.0,54970.0,1,5522.0
41005,206.00,1681.00,5,10,10,2,110433.0,114911.0,114410.0,110432.0,110432.0,1,4479.0
41006,154.00,1384.00,5,10,10,2,87336.0,70069.0,70069.0,87336.0,87336.0,4,0.0
41007,206.00,1681.00,5,10,10,2,105169.0,110324.0,109825.0,105167.0,105169.0,1,5155.0
41008,154.00,1384.00,5,10,10,2,62118.0,43057.0,43057.0,62118.0,62118.0,4,0.0
41009,216.00,1662.00,5,10,10,2,130238.0,131405.0,130906.0,130227.0,130227.0,1,1178.0
41010,154.00,1462.00,5,10,10,2,73421.0,81639.0,81864.0,73421.0,73421.0,2,8443.0
41011,216.00,1662.00,5,10,10,2,94860.0,99489.0,98991.0,94860.0,94854.0,1,4635.0
41012,154.00,1391.00,5,10,10,2,51834.0,51157.0,51157.0,51834.0,51834.0,4,0.0
41013,206.00,1613.00,5,10,10,2,66411.0,64800.0,64302.0,66411.0,66404.0,0,7.0
41014,187.00,1509.00,5,10,10,2,53305.0,52776.0,61590.0,53305.0,53305.0,2,8285.0
41015,154.00,1384.00,5,10,10,2,44659.0,55450.0,55450.0,44659.0,44659.0,1,10791.0
41016,187.00,1667.00,5,10,10,2,72310.0,77287.0,76686.0,72310.0,72310.0,1,4977.0
41017,187.00,1509.00,5,10,10,2,76808.0,76280.0,90509.0,76808.0,76815.0,2,13694.0
41018,187.00,1509.00,5,10,10,2,106579.0,104352.0,109527.0,106579.0,106576.0,2,2951.0
41019,187.00,1509.00,5,10,10,2,90584.0,90037.0,91536.0,90584.0,90594.0,2,942.0
41020,154.00,1280.00,4,11,10,2,38274.0,48106.0,48106.0,38274.0,38274.0,1,9832.0
41021,154.00,1403.00,5,10,10,2,37978.0,49591.0,49719.0,37975.0,37975.0,2,11744.0
41022,187.00,1516.00,5,10,10,2,78185.0,77605.0,78506.0,78185.0,78185.0,2,321.0
41023,154.00,1474.00,5,10,10,2,57808.0,61366.0,61366.0,57808.0,57808.0,1,3558.0
41024,216.00,1665.00,5,10,10,2,97847.0,97323.0,96822.0,97847.0,97850.0,4,0.0
41025,154.00,1384.00,5,10,10,2,67482.0,39391.0,39391.0,67482.0,67482.0,4,0.0
41026,216.00,1550.00,5,11,10,2,127229.0,126701.0,126155.0,127229.0,127229.0,4,0.0
41027,187.00,1509.00,5,10,10,2,67144.0,67704.0,59491.0,67144.0,67144.0,1,560.0
41028,154.00,1435.00,4,11,10,2,54664.0,53684.0,53836.0,54664.0,54664.0,4,0.0
41029,187.00,1509.00,5,10,10,2,84875.0,81805.0,101930.0,84875.0,84875.0,2,17055.0
41030,216.00,1662.00,5,10,10,2,98879.0,98392.0,97893.0,98879.0,98879.0,4,0.0
41031,216.00,1662.00,5,10,10,2,119505.0,120322.0,119823.0,119494.0,119505.0,1,817.0
41032,187.00,1516.00,5,10,10,2,42891.0,42393.0,71394.0,42884.0,42891.0,2,28503.0
41033,154.00,1384.00,5,10,10,2,41179.0,40847.0,40847.0,41179.0,41179.0,4,0.0
41034,206.00,1681.00,5,10,10,2,77214.0,81391.0,80890.0,77218.0,77214.0,1,4177.0
41035,206.00,1493.00,4,11,10,2,99985.0,100298.0,99820.0,99985.0,99985.0,1,313.0
41036,154.00,1273.00,5,11,10,2,44845.0,31315.0,31315.0,44845.0,44845.0,4,0.0
41037,187.00,1516.00,5,10,10,2,99242.0,96803.0,100824.0,99240.0,99240.0,2,1584.0
41038,154.00,1394.00,5,10,10,2,35031.0,52270.0,52270.0,35016.0,35031.0,1,17239.0
41039,206.00,1603.00,5,10,10,2,91462.0,92167.0,91666.0,91463.0,91463.0,1,704.0
41040,216.00,1662.00,5,10,10,2,97985.0,97373.0,96874.0,97982.0,97985.0,4,0.0
41041,187.00,1676.00,5,10,10,2,144077.0,150783.0,150383.0,144077.0,144079.0,1,6704.0
41042,154.00,1384.00,5,10,10,2,69399.0,95110.0,95110.0,69399.0,69399.0,1,25711.0
41043,154.00,1391.00,5,10,10,2,45252.0,57998.0,57998.0,45252.0,45239.0,1,12759.0
41044,154.00,1542.00,5,10,10,2,59754.0,65356.0,65356.0,59754.0,59747.0,1,5609.0
41045,206.00,1603.00,5,10,10,2,95345.0,98203.0,97704.0,95345.0,95345.0,1,2858.0
41046,154.00,1560.00,5,10,10,2,56036.0,55975.0,55975.0,56046.0,56046.0,4,0.0
41047,154.00,1384.00,5,10,10,2,76498.0,62187.0,62187.0,76498.0,76498.0,4,0.0
41048,206.00,1603.00,5,10,10,2,123594.0,124731.0,124232.0,123593.0,123594.0,1,1137.0
41049,206.00,1603.00,5,10,10,2,77996.0,77425.0,76927.0,77996.0,77986.0,0,10.0
41050,216.00,1551.00,4,11,10,2,123381.0,126484.0,125947.0,123381.0,123381.0,1,3103.0
41051,154.00,1394.00,5,10,10,2,81565.0,82602.0,82602.0,81573.0,81565.0,1,1037.0
41052,187.00,1516.00,5,10,10,2,106097.0,110547.0,85042.0,106095.0,106097.0,1,4450.0
41053,187.00,1509.00,5,10,10,2,105637.0,106637.0,105144.0,105642.0,105642.0,1,995.0
41054,206.00,1681.00,5,10,10,2,63523.0,69026.0,68528.0,63523.0,63523.0,1,5503.0
41055,206.00,1693.00,5,10,10,2,112339.0,116914.0,116418.0,112339.0,112339.0,1,4575.0
41056,187.00,1509.00,5,10,10,2,102675.0,105353.0,100335.0,102669.0,102669.0,1,2684.0
41057,216.00,1665.00,5,10,10,2,111248.0,111090.0,110592.0,111256.0,111256.0,4,0.0
41058,187.00,1509.00,5,10,10,2,49943.0,49312.0,62940.0,49935.0,49943.0,2,12997.0
41059,206.00,1622.00,5,10,10,2,91063.0,89692.0,89195.0,91063.0,91063.0,4,0.0
41060,206.00,1501.00,5,11,10,2,85109.0,84564.0,86905.0,85079.0,85109.0,2,1796.0
41061,206.00,1576.00,5,11,10,2,87742.0,87206.0,86661.0,87754.0,87742.0,3,12.0
41062,187.00,1516.00,5,10,10,2,82731.0,82585.0,81602.0,82734.0,82731.0,3,3.0
41063,154.00,1384.00,5,10,10,2,82123.0,51331.0,51331.0,82123.0,82123.0,4,0.0
41064,187.00,1519.00,5,10,10,2,68667.0,68460.0,51614.0,68667.0,68674.0,4,0.0
41065,187.00,1519.00,5,10,10,2,52928.0,57337.0,67341.0,53080.0,53080.0,2,14261.0
41066,187.00,1509.00,5,10,10,2,38885.0,38284.0,44919.0,38885.0,38885.0,2,6034.0
41067,187.00,1667.00,5,10,10,2,65798.0,70988.0,78072.0,65798.0,65798.0,2,12274.0
41068,154.00,1384.00,5,10,10,2,71925.0,71997.0,71997.0,71925.0,71925.0,1,72.0
41069,154.00,1394.00,5,10,10,2,60273.0,59398.0,59398.0,60269.0,60273.0,4,0.0
41070,154.00,1560.00,5,10,10,2,60665.0,59865.0,59865.0,60665.0,60679.0,4,0.0
41071,187.00,1509.00,5,10,10,2,50653.0,50132.0,44145.0,50653.0,50649.0,0,4.0
41072,154.00,1542.00,5,10,10,2,57703.0,57687.0,57687.0,57699.0,57703.0,4,0.0
41073,154.00,1391.00,5,10,10,2,71342.0,72441.0,72441.0,71325.0,71342.0,1,1099.0
41074,216.00,1653.00,5,10,10,2,106579.0,107417.0,106916.0,106582.0,106582.0,1,835.0
41075,187.00,1398.00,5,11,10,2,67352.0,66747.0,66747.0,67357.0,67357.0,4,0.0
41076,154.00,1542.00,5,10,10,2,65993.0,63025.0,63025.0,65988.0,65988.0,0,5.0
41077,154.00,1542.00,5,10,10,2,61872.0,65874.0,65874.0,61869.0,61869.0,1,4005.0
41078,216.00,1665.00,5,10,10,2,143216.0,146464.0,145963.0,143216.0,143216.0,1,3248.0
41079,154.00,1384.00,5,10,10,2,47110.0,53873.0,53873.0,47110.0,47110.0,1,6763.0
41080,154.00,1542.00,5,10,10,2,67477.0,82580.0,82580.0,67477.0,67477.0,1,15103.0
41081,187.00,1519.00,5,10,10,2,57263.0,59084.0,83607.0,57263.0,57263.0,2,26344.0
41082,187.00,1667.00,5,10,10,2,72386.0,77950.0,108971.0,72376.0,72386.0,2,36585.0
41083,216.00,1662.00,5,10,10,2,95125.0,94651.0,94153.0,95125.0,95117.0,0,8.0
41084,187.00,1509.00,5,10,10,2,36530.0,35949.0,42796.0,36520.0,36520.0,2,6276.0
41085,206.00,1613.00,5,10,10,2,115195.0,115459.0,114961.0,115204.0,115204.0,1,255.0
41086,206.00,1603.00,5,10,10,2,120099.0,122681.0,122183.0,120099.0,120099.0,1,2582.0
41087,187.00,1516.00,5,10,10,2,98998.0,100663.0,102778.0,99004.0,99004.0,2,3774.0
41088,206.00,1613.00,5,10,10,2,82609.0,83325.0,82827.0,82599.0,82609.0,1,716.0
41089,187.00,1519.00,5,10,10,2,49330.0,48842.0,69827.0,49330.0,49330.0,2,20497.0
41090,154.00,1384.00,5,10,10,2,63849.0,76362.0,76362.0,63849.0,63849.0,1,12513.0
41091,206.00,1610.00,5,10,10,2,111679.0,111623.0,111124.0,111679.0,111679.0,4,0.0
41092,154.00,1384.00,5,10,10,2,33194.0,43282.0,43282.0,33194.0,33194.0,1,10088.0
41093,154.00,1384.00,5,10,10,2,76043.0,67394.0,67394.0,76043.0,76043.0,4,0.0
41094,187.00,1667.00,5,10,10,2,104647.0,109852.0,93886.0,104659.0,104659.0,1,5193.0
41095,187.00,1522.00,5,10,10,2,54849.0,54369.0,70673.0,54845.0,54845.0,2,15828.0
41096,206.00,1613.00,5,10,10,2,121783.0,122751.0,122253.0,121783.0,121778.0,1,973.0
41097,206.00,1613.00,5,10,10,2,54561.0,54134.0,53636.0,54561.0,54555.0,0,6.0
41098,187.00,1509.00,5,10,10,2,85383.0,83810.0,72948.0,85383.0,85374.0,0,9.0
41099,187.00,1667.00,5,10,10,2,100405.0,105537.0,119023.0,100401.0,100401.0,2,18622.0
41100,154.00,1542.00,5,10,10,2,66422.0,62938.0,62938.0,66422.0,66422.0,4,0.0
41101,187.00,1667.00,5,10,10,2,105414.0,110514.0,102289.0,105406.0,105414.0,1,5100.0
41102,206.00,1693.00,5,10,10,2,140334.0,144864.0,144363.0,140334.0,140335.0,1,4529.0
41103,154.00,1384.00,5,10,10,2,47087.0,60181.0,60181.0,47087.0,47087.0,1,13094.0
41104,206.00,1622.00,5,10,10,2,64493.0,63943.0,63401.0,64456.0,64467.0,0,26.0
41105,154.00,1462.00,5,10,10,2,73790.0,83449.0,83684.0,73790.0,73783.0,2,9901.0
41106,154.00,1462.00,5,10,10,2,75423.0,72014.0,72238.0,75432.0,75423.0,3,9.0
41107,187.00,1405.00,4,11,10,2,73211.0,72942.0,70575.0,73211.0,73211.0,4,0.0
41108,216.00,1662.00,5,10,10,2,109311.0,108769.0,108268.0,109312.0,109312.0,4,0.0
41109,154.00,1387.00,5,10,10,2,52422.0,58673.0,58673.0,52422.0,52422.0,1,6251.0
41110,216.00,1662.00,5,10,10,2,120753.0,120631.0,120132.0,120753.0,120753.0,4,0.0
41111,216.00,1665.00,5,10,10,2,120934.0,121238.0,120737.0,120934.0,120934.0,1,304.0
41112,206.00,1613.00,5,10,10,2,63098.0,62859.0,62314.0,63104.0,63098.0,3,6.0
41113,154.00,1551.00,5,10,10,2,60393.0,67407.0,67407.0,60393.0,60393.0,1,7014.0
41114,187.00,1509.00,5,10,10,2,56929.0,56368.0,39785.0,56923.0,56923.0,0,6.0
41115,206.00,1603.00,5,10,10,2,80982.0,81381.0,80880.0,80982.0,80978.0,1,403.0
41116,154.00,1384.00,5,10,10,2,39160.0,50955.0,50955.0,39160.0,39160.0,1,11795.0
41117,187.00,1516.00,5,10,10,2,33382.0,32867.0,51696.0,33382.0,33382.0,2,18314.0
41118,154.00,1384.00,5,10,10,2,70337.0,76481.0,76481.0,70337.0,70337.0,1,6144.0
41119,216.00,1662.00,5,10,10,2,117231.0,117383.0,116882.0,117231.0,117233.0,1,150.0
41120,154.00,1384.00,5,10,10,2,81617.0,54023.0,54023.0,81617.0,81617.0,4,0.0
41121,154.00,1542.00,5,10,10,2,93126.0,103942.0,103942.0,93126.0,93116.0,1,10826.0
41122,206.00,1613.00,5,10,10,2,115619.0,115728.0,115227.0,115619.0,115619.0,1,109.0
41123,206.00,1693.00,5,10,10,2,104966.0,109500.0,108999.0,104963.0,104963.0,1,4537.0
41124,154.00,1384.00,5,10,10,2,78589.0,69422.0,69422.0,78589.0,78589.0,4,0.0
41125,154.00,1384.00,5,10,10,2,82670.0,85886.0,85886.0,82670.0,82670.0,1,3216.0
41126,187.00,1507.00,5,10,10,2,70016.0,69480.0,79390.0,70019.0,70019.0,2,9371.0
41127,187.00,1516.00,5,10,10,2,67772.0,67248.0,78069.0,67772.0,67772.0,2,10297.0
41128,206.00,1693.00,5,10,10,2,74639.0,79989.0,79489.0,74639.0,74639.0,1,5350.0
41129,206.00,1681.00,5,10,10,2,132455.0,138332.0,137831.0,132455.0,132455.0,1,5877.0
41130,154.00,1428.00,4,11,10,2,81321.0,72041.0,73268.0,81321.0,81321.0,4,0.0
41131,187.00,1519.00,5,10,10,2,65678.0,65259.0,69555.0,65678.0,65677.0,2,3878.0
41132,154.00,1384.00,5,10,10,2,47429.0,54892.0,54892.0,47429.0,47429.0,1,7463.0
41133,216.00,1665.00,5,10,10,2,100107.0,97527.0,97028.0,100107.0,100107.0,4,0.0
41134,206.00,1603.00,5,10,10,2,57710.0,57085.0,56584.0,57708.0,57708.0,0,2.0
41135,206.00,1613.00,5,10,10,2,77876.0,75210.0,74709.0,77876.0,77875.0,4,0.0
41136,216.00,1669.00,5,10,10,2,126661.0,131383.0,130919.0,126695.0,126695.0,1,4688.0
41137,206.00,1610.00,5,10,10,2,100951.0,100877.0,100332.0,100951.0,100951.0,4,0.0
41138,187.00,1509.00,5,10,10,2,86556.0,87666.0,98458.0,86553.0,86556.0,2,11902.0
41139,206.00,1681.00,5,10,10,2,77151.0,82195.0,81696.0,77151.0,77149.0,1,5046.0
41140,154.00,1384.00,5,10,10,2,68582.0,55922.0,55922.0,68582.0,68582.0,4,0.0
41141,187.00,1509.00,5,10,10,2,43111.0,41694.0,40605.0,43111.0,43111.0,4,0.0
41142,154.00,1474.00,5,10,10,2,62881.0,63477.0,63477.0,62877.0,62877.0,1,600.0
41143,187.00,1519.00,5,10,10,2,103227.0,108882.0,77813.0,103320.0,103308.0,1,5574.0
41144,154.00,1474.00,5,10,10,2,53839.0,67779.0,67779.0,53829.0,53839.0,1,13940.0
41145,154.00,1394.00,5,10,10,2,39865.0,27936.0,27936.0,39855.0,39865.0,4,0.0
41146,216.00,1665.00,5,10,10,2,115263.0,115407.0,114909.0,115273.0,115273.0,1,134.0
41147,216.00,1655.00,5,10,10,2,96109.0,95247.0,94749.0,96096.0,96109.0,4,0.0
41148,154.00,1351.00,4,11,10,2,57057.0,76819.0,76819.0,57057.0,57057.0,1,19762.0
41149,216.00,1674.00,5,10,10,2,143674.0,148881.0,148385.0,143655.0,143674.0,1,5207.0
41150,206.00,1603.00,5,10,10,2,48618.0,48035.0,47536.0,48618.0,48625.0,4,0.0
41151,154.00,1384.00,5,10,10,2,79685.0,79051.0,79051.0,79685.0,79685.0,4,0.0
41152,154.00,1391.00,5,10,10,2,69888.0,71557.0,71557.0,69877.0,69888.0,1,1669.0
41153,154.00,1391.00,5,10,10,2,72284.0,84106.0,84106.0,72287.0,72284.0,1,11822.0
41154,154.00,1384.00,5,10,10,2,74625.0,40405.0,40405.0,74625.0,74625.0,4,0.0
41155,154.00,1542.00,5,10,10,2,70319.0,67785.0,67785.0,70126.0,70311.0,0,8.0
41156,154.00,1462.00,5,10,10,2,65439.0,62026.0,62281.0,65436.0,65439.0,4,0.0
41157,154.00,1542.00,5,10,10,2,76260.0,81487.0,81487.0,76252.0,76260.0,1,5227.0
41158,154.00,1384.00,5,10,10,2,49742.0,83951.0,83951.0,49742.0,49742.0,1,34209.0
41159,206.00,1603.00,5,10,10,2,89928.0,87289.0,86751.0,89937.0,89793.0,3,144.0
41160,154.00,1542.00,5,10,10,2,70844.0,72097.0,72097.0,70839.0,70844.0,1,1253.0
41161,216.00,1662.00,5,10,10,2,128711.0,128749.0,128248.0,128711.0,128709.0,1,40.0
41162,187.00,1519.00,5,10,10,2,25544.0,24989.0,35776.0,25541.0,25544.0,2,10232.0
41163,206.00,1603.00,5,10,10,2,57032.0,56368.0,55867.0,57032.0,57032.0,4,0.0
41164,154.00,1287.00,4,11,10,2,53242.0,54942.0,54942.0,53237.0,53237.0,1,1705.0
41165,206.00,1603.00,5,10,10,2,78286.0,77781.0,77280.0,78288.0,78288.0,4,0.0
41166,154.00,1462.00,5,10,10,2,67348.0,72122.0,72381.0,67362.0,67348.0,2,5033.0
41167,216.00,1662.00,5,10,10,2,100305.0,99854.0,99353.0,100305.0,100307.0,4,0.0
41168,154.00,1474.00,5,10,10,2,65940.0,59956.0,59956.0,65940.0,65940.0,4,0.0
41169,206.00,1499.00,4,11,10,2,106137.0,106506.0,106068.0,106137.0,106137.0,1,369.0
41170,216.00,1655.00,5,10,10,2,102735.0,102170.0,101669.0,102735.0,102735.0,4,0.0
41171,206.00,1603.00,5,10,10,2,92938.0,93469.0,92968.0,92938.0,92938.0,1,531.0
41172,187.00,1516.00,5,10,10,2,81348.0,82262.0,87220.0,81348.0,81348.0,2,5872.0
41173,154.00,1403.00,5,10,10,2,61146.0,51977.0,51970.0,61146.0,61130.0,0,16.0
41174,154.00,1462.00,5,10,10,2,69532.0,66955.0,66947.0,69537.0,69537.0,4,0.0
41175,206.00,1603.00,5,10,10,2,119956.0,120490.0,119992.0,119956.0,119945.0,1,545.0
41176,154.00,1462.00,5,10,10,2,69015.0,67298.0,67536.0,69015.0,69015.0,4,0.0
41177,154.00,1391.00,5,10,10,2,83420.0,79649.0,79649.0,83436.0,83420.0,3,16.0
41178,187.00,1404.00,5,11,10,2,60360.0,75596.0,79656.0,60360.0,60360.0,2,19296.0
41179,216.00,1674.00,5,10,10,2,99083.0,100231.0,99730.0,99077.0,99083.0,1,1148.0
41180,154.00,1462.00,5,10,10,2,67645.0,83221.0,83475.0,67645.0,67638.0,2,15837.0
41181,187.00,1528.00,5,10,10,2,54950.0,52212.0,50049.0,54950.0,54937.0,0,13.0
41182,154.00,1542.00,5,10,10,2,68413.0,68000.0,68000.0,68413.0,68413.0,4,0.0
41183,216.00,1655.00,5,10,10,2,103704.0,103175.0,102674.0,103713.0,103713.0,4,0.0
41184,206.00,1613.00,5,10,10,2,112557.0,112838.0,112340.0,112557.0,112557.0,1,281.0
41185,206.00,1681.00,5,10,10,2,74032.0,79260.0,78761.0,74032.0,74032.0,1,5228.0
41186,216.00,1665.00,5,10,10,2,106357.0,105684.0,105186.0,106357.0,106340.0,0,17.0
41187,216.00,1662.00,5,10,10,2,131638.0,134169.0,133622.0,131638.0,131722.0,1,2447.0
41188,206.00,1603.00,5,10,10,2,39911.0,39269.0,38768.0,39922.0,39911.0,3,11.0
41189,187.00,1519.00,5,10,10,2,113394.0,113147.0,91464.0,113389.0,113389.0,0,5.0
41190,154.00,1384.00,5,10,10,2,60834.0,66657.0,66657.0,60823.0,60834.0,1,5823.0
41191,206.00,1613.00,5,10,10,2,95248.0,100189.0,99688.0,95243.0,95243.0,1,4946.0
41192,187.00,1398.00,5,11,10,2,75504.0,74855.0,74855.0,75513.0,75504.0,3,9.0
41193,206.00,1613.00,5,10,10,2,100056.0,99836.0,99338.0,100056.0,100056.0,4,0.0
41194,216.00,1662.00,5,10,10,2,93955.0,93352.0,92851.0,93959.0,93955.0,3,4.0
41195,154.00,1391.00,5,10,10,2,47292.0,72241.0,72241.0,47282.0,47292.0,1,24949.0
41196,154.00,1279.00,5,11,10,2,63925.0,61675.0,61675.0,63925.0,63925.0,4,0.0
41197,206.00,1603.00,5,10,10,2,91774.0,91476.0,90954.0,91744.0,91744.0,0,30.0
41198,154.00,1462.00,5,10,10,2,99636.0,107658.0,107885.0,99646.0,99636.0,2,8249.0
41199,206.00,1603.00,5,10,10,2,86465.0,85918.0,85417.0,86463.0,86463.0,0,2.0
41200,154.00,1384.00,5,10,10,2,63798.0,60248.0,60248.0,63798.0,63798.0,4,0.0
41201,206.00,1613.00,5,10,10,2,59135.0,58599.0,58100.0,59127.0,59127.0,0,8.0
41202,187.00,1516.00,5,10,10,2,85856.0,85979.0,78265.0,85856.0,85850.0,1,129.0
41203,154.00,1394.00,5,10,10,2,43443.0,46931.0,46931.0,43447.0,43443.0,1,3488.0
41204,154.00,1394.00,5,10,10,2,59456.0,37747.0,37747.0,59459.0,59459.0,4,0.0
41205,154.00,1384.00,5,10,10,2,99215.0,98862.0,98862.0,99215.0,99215.0,4,0.0
41206,154.00,1394.00,5,10,10,2,46788.0,67233.0,67233.0,46790.0,46788.0,1,20445.0
41207,187.00,1552.00,5,11,10,2,93606.0,93071.0,71670.0,93606.0,93606.0,4,0.0
41208,206.00,1603.00,5,10,10,2,48911.0,48233.0,47732.0,48911.0,48911.0,4,0.0
41209,216.00,1662.00,5,10,10,2,119322.0,119912.0,119414.0,119332.0,119322.0,1,590.0
41210,154.00,1551.00,5,10,10,2,53224.0,55884.0,55884.0,53224.0,53224.0,1,2660.0
41211,216.00,1665.00,5,10,10,2,75408.0,75140.0,74639.0,75408.0,75408.0,4,0.0
41212,216.00,1662.00,5,10,10,2,124326.0,125256.0,124757.0,124326.0,124315.0,1,941.0
41213,154.00,1391.00,5,10,10,2,68024.0,47012.0,47012.0,68022.0,68024.0,4,0.0
41214,154.00,1273.00,5,11,10,2,77956.0,67866.0,67866.0,77956.0,77956.0,4,0.0
41215,154.00,1401.00,5,10,10,2,47427.0,58557.0,58549.0,47416.0,47427.0,1,11130.0
41216,154.00,1542.00,5,10,10,2,62482.0,63189.0,63189.0,62489.0,62489.0,1,700.0
41217,206.00,1613.00,5,10,10,2,82785.0,82695.0,82194.0,82785.0,82785.0,4,0.0
41218,187.00,1528.00,5,10,10,2,77589.0,78054.0,83146.0,77589.0,77589.0,2,5557.0
41219,206.00,1610.00,5,10,10,2,70218.0,74044.0,73543.0,70215.0,70218.0,1,3826.0
41220,154.00,1384.00,5,10,10,2,81954.0,69525.0,69525.0,81954.0,81954.0,4,0.0
41221,154.00,1391.00,5,10,10,2,41817.0,52209.0,52209.0,41817.0,41817.0,1,10392.0
41222,154.00,1384.00,5,10,10,2,77136.0,66281.0,66281.0,77136.0,77136.0,4,0.0
41223,154.00,1542.00,5,10,10,2,63479.0,74495.0,74495.0,63479.0,63477.0,1,11018.0
41224,154.00,1474.00,5,10,10,2,101159.0,80690.0,80690.0,101159.0,101168.0,4,0.0
41225,154.00,1384.00,5,10,10,2,71209.0,71958.0,71958.0,71209.0,71212.0,1,746.0
41226,216.00,1655.00,5,10,10,2,114021.0,117969.0,117470.0,114021.0,114021.0,1,3948.0
41227,154.00,1384.00,5,10,10,2,67352.0,91833.0,91833.0,67352.0,67352.0,1,24481.0
41228,216.00,1655.00,5,10,10,2,95251.0,94733.0,94232.0,95250.0,95250.0,4,0.0
41229,206.00,1681.00,5,10,10,2,90530.0,95768.0,95267.0,90526.0,90530.0,1,5238.0
41230,206.00,1693.00,5,10,10,2,97588.0,103195.0,102699.0,97588.0,97588.0,1,5607.0
41231,216.00,1662.00,5,10,10,2,90734.0,91800.0,91301.0,90734.0,90734.0,1,1066.0
41232,154.00,1394.00,5,10,10,2,57457.0,68093.0,68093.0,57457.0,57449.0,1,10644.0
41233,206.00,1681.00,5,10,10,2,111178.0,116609.0,116108.0,111178.0,111178.0,1,5431.0
41234,154.00,1551.00,5,10,10,2,52144.0,53545.0,53545.0,52129.0,52129.0,1,1416.0
41235,154.00,1384.00,5,10,10,2,87060.0,78070.0,78070.0,87060.0,87060.0,4,0.0
41236,206.00,1603.00,5,10,10,2,105154.0,108038.0,107540.0,105154.0,105144.0,1,2894.0
41237,154.00,1384.00,5,10,10,2,99607.0,97744.0,97744.0,99607.0,99607.0,4,0.0
41238,187.00,1516.00,5,10,10,2,81051.0,82108.0,66934.0,81043.0,81051.0,1,1057.0
41239,187.00,1509.00,5,10,10,2,57303.0,56635.0,69877.0,57303.0,57303.0,2,12574.0
41240,216.00,1662.00,5,10,10,2,111755.0,108996.0,108495.0,111755.0,111755.0,4,0.0
41241,206.00,1603.00,5,10,10,2,69571.0,68533.0,68032.0,69567.0,69571.0,4,0.0
41242,154.00,1560.00,5,10,10,2,55024.0,55830.0,55830.0,55023.0,55023.0,1,807.0
41243,206.00,1622.00,5,10,10,2,73885.0,73468.0,72967.0,73884.0,73884.0,4,0.0
41244,187.00,1509.00,5,10,10,2,86416.0,85917.0,67203.0,86416.0,86416.0,4,0.0
41245,216.00,1665.00,5,10,10,2,118940.0,120988.0,120489.0,118940.0,118954.0,1,2034.0
41246,216.00,1665.00,5,10,10,2,106464.0,105952.0,105451.0,106459.0,106464.0,4,0.0
41247,154.00,1462.00,5,10,10,2,64338.0,62148.0,62401.0,64338.0,64338.0,4,0.0
41248,187.00,1509.00,5,10,10,2,84203.0,84413.0,64254.0,84192.0,84203.0,1,210.0
41249,216.00,1550.00,5,11,10,2,108948.0,108413.0,107872.0,108960.0,108948.0,3,12.0
41250,154.00,1462.00,5,10,10,2,100723.0,106782.0,107004.0,100710.0,100723.0,2,6281.0
41251,187.00,1667.00,5,10,10,2,79654.0,84906.0,84508.0,79648.0,79654.0,1,5252.0
41252,154.00,1545.00,5,10,10,2,77528.0,105985.0,105985.0,77523.0,77528.0,1,28457.0
41253,206.00,1603.00,5,10,10,2,89832.0,90222.0,89724.0,89862.0,89832.0,1,390.0
41254,154.00,1391.00,5,10,10,2,75324.0,63051.0,63051.0,75333.0,75324.0,3,9.0
41255,154.00,1388.00,5,10,10,2,86187.0,100825.0,100825.0,86194.0,86194.0,1,14631.0
41256,187.00,1399.00,4,11,10,2,57072.0,56857.0,56852.0,57072.0,57072.0,4,0.0
41257,187.00,1509.00,5,10,10,2,84555.0,83514.0,66149.0,84555.0,84552.0,0,3.0
41258,187.00,1519.00,5,10,10,2,73795.0,73274.0,104040.0,73795.0,73802.0,2,30238.0
41259,154.00,1384.00,5,10,10,2,60220.0,48052.0,48052.0,60220.0,60220.0,4,0.0
41260,154.00,1462.00,5,10,10,2,69439.0,78959.0,79180.0,69455.0,69439.0,2,9741.0
41261,206.00,1693.00,5,10,10,2,102039.0,106973.0,106475.0,102039.0,102049.0,1,4924.0
41262,187.00,1667.00,5,10,10,2,76688.0,81674.0,87280.0,76688.0,76688.0,2,10592.0
41263,216.00,1655.00,5,10,10,2,95439.0,92654.0,92155.0,95446.0,95439.0,3,7.0
41264,187.00,1509.00,5,10,10,2,60684.0,60420.0,68637.0,60684.0,60681.0,2,7956.0
41265,216.00,1662.00,5,10,10,2,116082.0,118210.0,117711.0,116082.0,116088.0,1,2122.0
41266,187.00,1509.00,5,10,10,2,80547.0,80228.0,77451.0,80534.0,80547.0,4,0.0
41267,154.00,1384.00,5,10,10,2,53423.0,49848.0,49848.0,53423.0,53423.0,4,0.0
41268,216.00,1655.00,5,10,10,2,133468.0,132936.0,132393.0,133478.0,133478.0,4,0.0
41269,154.00,1391.00,5,10,10,2,48122.0,51689.0,51689.0,48125.0,48125.0,1,3564.0
41270,216.00,1545.00,4,11,10,2,76828.0,76287.0,75741.0,76828.0,76828.0,4,0.0
41271,216.00,1558.00,4,11,10,2,94357.0,95563.0,95026.0,94357.0,94357.0,1,1206.0
41272,187.00,1519.00,5,10,10,2,74103.0,71441.0,86372.0,74103.0,74103.0,2,12269.0
41273,206.00,1622.00,5,10,10,2,78410.0,77720.0,77223.0,78410.0,78409.0,4,0.0
41274,216.00,1655.00,5,10,10,2,82237.0,86690.0,86191.0,82237.0,82240.0,1,4450.0
41275,187.00,1509.00,5,10,10,2,61922.0,61427.0,67110.0,61922.0,61919.0,2,5191.0
41276,154.00,1384.00,5,10,10,2,48451.0,44382.0,44382.0,48451.0,48451.0,4,0.0
41277,187.00,1667.00,5,10,10,2,132200.0,137372.0,119124.0,132197.0,132197.0,1,5175.0
41278,206.00,1613.00,5,10,10,2,120269.0,120549.0,120011.0,120269.0,120304.0,1,245.0
41279,154.00,1462.00,5,10,10,2,73715.0,71147.0,71393.0,73704.0,73715.0,4,0.0
41280,154.00,1545.00,5,10,10,2,84313.0,89785.0,89785.0,84313.0,84313.0,1,5472.0
41281,187.00,1519.00,5,10,10,2,81157.0,80840.0,81023.0,81157.0,81152.0,0,5.0
41282,154.00,1398.00,5,10,10,2,44532.0,58271.0,58271.0,44532.0,44528.0,1,13743.0
41283,154.00,1444.00,4,11,10,2,52384.0,49421.0,49454.0,52384.0,52384.0,4,0.0
41284,216.00,1665.00,5,10,10,2,126530.0,127046.0,126548.0,126520.0,126520.0,1,526.0
41285,206.00,1681.00,5,10,10,2,88005.0,93404.0,92903.0,88005.0,88002.0,1,5402.0
41286,206.00,1603.00,5,10,10,2,41102.0,40346.0,39845.0,41094.0,41102.0,4,0.0
41287,154.00,1462.00,5,10,10,2,68829.0,64565.0,64788.0,68823.0,68829.0,4,0.0
41288,187.00,1399.00,4,11,10,2,82018.0,82680.0,82680.0,82018.0,82018.0,1,662.0
41289,154.00,1551.00,5,10,10,2,56700.0,61777.0,61777.0,56700.0,56693.0,1,5084.0
41290,187.00,1516.00,5,10,10,2,115301.0,115999.0,107590.0,115301.0,115299.0,1,700.0
41291,154.00,1403.00,5,10,10,2,36388.0,40547.0,37511.0,36388.0,36388.0,1,4159.0
41292,206.00,1622.00,5,10,10,2,81726.0,84760.0,84259.0,81726.0,81726.0,1,3034.0
41293,154.00,1462.00,5,10,10,2,64112.0,70218.0,70435.0,64112.0,64106.0,2,6329.0
41294,154.00,1387.00,5,10,10,2,76915.0,53916.0,53916.0,76915.0,76915.0,4,0.0
41295,206.00,1603.00,5,10,10,2,37333.0,36703.0,36202.0,37333.0,37333.0,4,0.0
41296,206.00,1693.00,5,10,10,2,111883.0,117024.0,116523.0,111879.0,111883.0,1,5141.0
41297,154.00,1387.00,5,10,10,2,43068.0,31335.0,31335.0,43068.0,43068.0,4,0.0
41298,154.00,1280.00,4,11,10,2,48940.0,31719.0,31719.0,48937.0,48940.0,4,0.0
41299,206.00,1603.00,5,10,10,2,104059.0,102314.0,101815.0,104065.0,104059.0,3,6.0
41300,154.00,1560.00,5,10,10,2,61986.0,67485.0,67485.0,62003.0,61986.0,1,5499.0
41301,154.00,1394.00,5,10,10,2,46352.0,42882.0,42882.0,46352.0,46350.0,0,2.0
41302,216.00,1665.00,5,10,10,2,112112.0,112634.0,112133.0,112112.0,112123.0,1,511.0
41303,187.00,1519.00,5,10,10,2,31863.0,31372.0,47219.0,31874.0,31874.0,2,15345.0
41304,187.00,1528.00,5,10,10,2,67539.0,72894.0,91393.0,67539.0,67539.0,2,23854.0
41305,187.00,1509.00,5,10,10,2,75709.0,75300.0,115066.0,75709.0,75709.0,2,39357.0
41306,154.00,1551.00,5,10,10,2,64434.0,69733.0,69733.0,64434.0,64434.0,1,5299.0
41307,187.00,1676.00,5,10,10,2,84079.0,89652.0,117859.0,84064.0,84064.0,2,33795.0
41308,154.00,1391.00,5,10,10,2,66903.0,77692.0,77692.0,66903.0,66898.0,1,10794.0
41309,154.00,1384.00,5,10,10,2,78344.0,70545.0,70545.0,78344.0,78344.0,4,0.0
41310,154.00,1287.00,4,11,10,2,30361.0,30562.0,30562.0,30361.0,30352.0,1,210.0
41311,154.00,1462.00,5,10,10,2,72720.0,95253.0,95472.0,72720.0,72720.0,2,22752.0
41312,187.00,1516.00,5,10,10,2,43248.0,42918.0,82757.0,43248.0,43248.0,2,39509.0
41313,154.00,1542.00,5,10,10,2,57160.0,92172.0,92172.0,57160.0,57143.0,1,35029.0
41314,154.00,1394.00,5,10,10,2,62751.0,72600.0,72600.0,62751.0,62751.0,1,9849.0
41315,187.00,1667.00,5,10,10,2,63812.0,68779.0,68428.0,63812.0,63812.0,1,4967.0
41316,216.00,1655.00,5,10,10,2,57721.0,57152.0,56653.0,57721.0,57715.0,0,6.0
41317,187.00,1441.00,4,11,10,2,57497.0,47371.0,54117.0,57497.0,57526.0,4,0.0
41318,154.00,1542.00,5,10,10,2,57508.0,64351.0,64351.0,57497.0,57497.0,1,6854.0
41319,154.00,1542.00,5,10,10,2,69867.0,76365.0,76365.0,69867.0,69864.0,1,6501.0
41320,187.00,1516.00,5,10,10,2,41035.0,40390.0,46688.0,41035.0,41035.0,2,5653.0
41321,154.00,1391.00,5,10,10,2,68207.0,76654.0,76654.0,68207.0,68207.0,1,8447.0
41322,154.00,1542.00,5,10,10,2,96280.0,79739.0,79739.0,96280.0,96286.0,4,0.0
41323,206.00,1613.00,5,10,10,2,129463.0,130430.0,129890.0,129463.0,129425.0,1,1005.0
41324,206.00,1606.00,5,10,10,2,80022.0,77910.0,77412.0,80036.0,80022.0,3,14.0
41325,206.00,1569.00,5,11,10,2,62827.0,62294.0,61744.0,62827.0,62843.0,4,0.0
41326,206.00,1617.00,5,10,10,2,120447.0,121646.0,121118.0,120414.0,120447.0,1,1199.0
41327,154.00,1403.00,5,10,10,2,37451.0,40379.0,30689.0,37451.0,37446.0,1,2933.0
41328,154.00,1394.00,5,10,10,2,46237.0,44608.0,44608.0,46238.0,46238.0,4,0.0
41329,187.00,1667.00,5,10,10,2,84295.0,89707.0,85804.0,84296.0,84296.0,1,5411.0
41330,154.00,1384.00,5,10,10,2,73908.0,76971.0,76971.0,73908.0,73908.0,1,3063.0
41331,154.00,1542.00,5,10,10,2,49946.0,59288.0,59288.0,49946.0,49946.0,1,9342.0
41332,154.00,1394.00,5,10,10,2,45784.0,51780.0,51780.0,45784.0,45784.0,1,5996.0
41333,216.00,1662.00,5,10,10,2,105148.0,104490.0,103989.0,105146.0,105148.0,4,0.0
41334,154.00,1384.00,5,10,10,2,94471.0,72250.0,72250.0,94471.0,94471.0,4,0.0
41335,154.00,1462.00,5,10,10,2,95232.0,90005.0,90253.0,95242.0,95232.0,3,10.0
41336,206.00,1603.00,5,10,10,2,77096.0,76676.0,76177.0,77092.0,77096.0,4,0.0
41337,154.00,1384.00,5,10,10,2,74284.0,58067.0,58067.0,74284.0,74284.0,4,0.0
41338,187.00,1516.00,5,10,10,2,104389.0,105365.0,86449.0,104396.0,104389.0,1,976.0
41339,216.00,1674.00,5,10,10,2,121732.0,122305.0,121804.0,121732.0,121733.0,1,572.0
41340,154.00,1384.00,5,10,10,2,48888.0,37033.0,37033.0,48888.0,48888.0,4,0.0
41341,206.00,1693.00,5,10,10,2,87137.0,91697.0,91196.0,87134.0,87137.0,1,4560.0
41342,187.00,1516.00,5,10,10,2,92462.0,93778.0,76600.0,92464.0,92493.0,1,1285.0
41343,154.00,1391.00,5,10,10,2,60126.0,45033.0,45033.0,60116.0,60126.0,4,0.0
41344,206.00,1610.00,5,10,10,2,73159.0,70457.0,69956.0,73159.0,73162.0,4,0.0
41345,154.00,1461.00,5,10,10,2,84039.0,105323.0,105524.0,84036.0,84036.0,2,21488.0
41346,216.00,1674.00,5,10,10,2,125098.0,125706.0,125210.0,125098.0,125098.0,1,608.0
41347,206.00,1610.00,5,10,10,2,66240.0,65688.0,65189.0,66240.0,66240.0,4,0.0
41348,206.00,1622.00,5,10,10,2,85829.0,87161.0,86660.0,85829.0,85841.0,1,1320.0
41349,187.00,1516.00,5,10,10,2,112334.0,112828.0,111901.0,112365.0,112334.0,1,494.0
41350,187.00,1519.00,5,10,10,2,82181.0,81687.0,69893.0,82187.0,82187.0,4,0.0
41351,154.00,1551.00,5,10,10,2,50258.0,62745.0,62745.0,50275.0,50258.0,1,12487.0
41352,187.00,1509.00,5,10,10,2,81726.0,83557.0,96880.0,81726.0,81726.0,2,15154.0
41353,187.00,1676.00,5,10,10,2,103574.0,109718.0,93656.0,103578.0,103574.0,1,6144.0
41354,154.00,1560.00,5,10,10,2,58983.0,71283.0,71283.0,58977.0,58983.0,1,12300.0
41355,206.00,1693.00,5,10,10,2,78806.0,84279.0,83779.0,78803.0,78806.0,1,5473.0
41356,154.00,1384.00,5,10,10,2,38891.0,45691.0,45691.0,38891.0,38891.0,1,6800.0
41357,206.00,1622.00,5,10,10,2,94228.0,94096.0,93600.0,94244.0,94228.0,3,16.0
41358,216.00,1551.00,4,11,10,2,105891.0,106029.0,105490.0,105891.0,105891.0,1,138.0
41359,154.00,1403.00,5,10,10,2,60187.0,56210.0,56203.0,60187.0,60187.0,4,0.0
41360,206.00,1610.00,5,10,10,2,94170.0,91747.0,91246.0,94170.0,94170.0,4,0.0
41361,206.00,1603.00,5,10,10,2,95472.0,94849.0,94350.0,95472.0,95461.0,0,11.0
41362,154.00,1384.00,5,10,10,2,33055.0,30934.0,30934.0,33055.0,33055.0,4,0.0
41363,216.00,1655.00,5,10,10,2,81514.0,81487.0,80992.0,81514.0,81514.0,4,0.0
41364,154.00,1462.00,5,10,10,2,79775.0,62511.0,62730.0,79759.0,79775.0,4,0.0
41365,187.00,1528.00,5,10,10,2,88384.0,90243.0,72915.0,88397.0,88384.0,1,1859.0
41366,154.00,1384.00,5,10,10,2,81340.0,86864.0,86864.0,81340.0,81340.0,1,5524.0
41367,154.00,1384.00,5,10,10,2,49190.0,43808.0,43808.0,49190.0,49190.0,4,0.0
41368,187.00,1516.00,5,10,10,2,97062.0,102450.0,108086.0,97069.0,97069.0,2,11017.0
41369,206.00,1613.00,5,10,10,2,93132.0,90324.0,89823.0,93134.0,93132.0,3,2.0
41370,206.00,1610.00,5,10,10,2,75732.0,75213.0,74714.0,75748.0,75748.0,4,0.0
41371,187.00,1667.00,5,10,10,2,73020.0,78587.0,78186.0,73020.0,73020.0,1,5567.0
41372,206.00,1610.00,4,11,10,2,81373.0,83502.0,83101.0,81373.0,81466.0,1,2036.0
41373,187.00,1528.00,5,10,10,2,72696.0,78034.0,76043.0,72702.0,72702.0,1,5332.0
41374,206.00,1610.00,5,10,10,2,77851.0,77421.0,76926.0,77851.0,77844.0,0,7.0
41375,154.00,1394.00,5,10,10,2,66794.0,62588.0,62588.0,66794.0,66794.0,4,0.0
41376,154.00,1394.00,5,10,10,2,40688.0,66688.0,66688.0,40688.0,40688.0,1,26000.0
41377,154.00,1391.00,5,10,10,2,79785.0,71723.0,71723.0,79785.0,79785.0,4,0.0
41378,187.00,1519.00,5,10,10,2,62241.0,61701.0,74252.0,62241.0,62236.0,2,12016.0
41379,206.00,1622.00,5,10,10,2,101091.0,104992.0,104492.0,101091.0,101092.0,1,3900.0
41380,154.00,1391.00,5,10,10,2,76746.0,61957.0,61957.0,76755.0,76755.0,4,0.0
41381,216.00,1662.00,5,10,10,2,91903.0,91269.0,90768.0,91903.0,91906.0,4,0.0
41382,187.00,1519.00,5,10,10,2,71438.0,73348.0,87673.0,71421.0,71421.0,2,16252.0
41383,187.00,1509.00,5,10,10,2,83463.0,82728.0,86148.0,83459.0,83459.0,2,2689.0
41384,216.00,1662.00,5,10,10,2,101646.0,101231.0,100732.0,101660.0,101646.0,3,14.0
41385,154.00,1542.00,5,10,10,2,88910.0,97692.0,97692.0,88910.0,88910.0,1,8782.0
41386,216.00,1655.00,5,10,10,2,110600.0,110302.0,109758.0,110636.0,110600.0,3,36.0
41387,206.00,1603.00,5,10,10,2,87497.0,84720.0,84221.0,87490.0,87497.0,4,0.0
41388,187.00,1519.00,5,10,10,2,50895.0,50824.0,42930.0,50905.0,50905.0,4,0.0
41389,187.00,1519.00,5,10,10,2,45438.0,44892.0,60342.0,45428.0,45438.0,2,14904.0
41390,154.00,1542.00,5,10,10,2,60231.0,59381.0,59381.0,60237.0,60237.0,4,0.0
41391,154.00,1551.00,5,10,10,2,53014.0,58485.0,58485.0,53000.0,53000.0,1,5485.0
41392,154.00,1403.00,5,10,10,2,41371.0,34233.0,38781.0,41371.0,41371.0,4,0.0
41393,154.00,1462.00,5,10,10,2,71174.0,65250.0,65469.0,71189.0,71174.0,3,15.0
41394,206.00,1603.00,5,10,10,2,109432.0,109737.0,109236.0,109432.0,109432.0,1,305.0
41395,154.00,1403.00,5,10,10,2,29404.0,31856.0,31848.0,29404.0,29364.0,1,2492.0
41396,206.00,1603.00,5,10,10,2,55404.0,54774.0,54275.0,55404.0,55404.0,4,0.0
41397,154.00,1384.00,5,10,10,2,33496.0,34564.0,34564.0,33496.0,33496.0,1,1068.0
41398,154.00,1542.00,5,10,10,2,79244.0,85925.0,85925.0,79246.0,79244.0,1,6681.0
41399,187.00,1667.00,5,10,10,2,66284.0,71747.0,69003.0,66279.0,66284.0,1,5463.0
41400,206.00,1613.00,5,10,10,2,129229.0,130480.0,129981.0,129245.0,129245.0,1,1235.0
41401,206.00,1603.00,5,10,10,2,98901.0,98166.0,97665.0,98901.0,98901.0,4,0.0
41402,206.00,1610.00,5,10,10,2,87553.0,86829.0,86328.0,87558.0,87553.0,3,5.0
41403,154.00,1388.00,5,10,10,2,51351.0,62933.0,62933.0,51351.0,51351.0,1,11582.0
41404,216.00,1665.00,5,10,10,2,105207.0,104424.0,103926.0,105207.0,105229.0,4,0.0
41405,187.00,1509.00,5,10,10,2,109032.0,112418.0,103513.0,109029.0,109029.0,1,3389.0
41406,187.00,1516.00,5,10,10,2,63630.0,63083.0,70356.0,63630.0,63630.0,2,6726.0
41407,187.00,1667.00,5,10,10,2,90599.0,95597.0,88086.0,90599.0,90592.0,1,5005.0
41408,187.00,1509.00,5,10,10,2,80296.0,79918.0,99063.0,80285.0,80296.0,2,18767.0
41409,206.00,1681.00,5,10,10,2,70338.0,75522.0,75021.0,70338.0,70338.0,1,5184.0
41410,216.00,1655.00,5,10,10,2,120468.0,121326.0,120827.0,120460.0,120468.0,1,858.0
41411,154.00,1384.00,5,10,10,2,77892.0,68971.0,68971.0,77892.0,77892.0,4,0.0
41412,206.00,1681.00,5,10,10,2,92053.0,96456.0,95957.0,92045.0,92045.0,1,4411.0
41413,154.00,1384.00,5,10,10,2,67522.0,61138.0,61138.0,67517.0,67517.0,0,5.0
41414,187.00,1516.00,5,10,10,2,85443.0,86476.0,92093.0,85448.0,85443.0,2,6650.0
41415,154.00,1394.00,5,10,10,2,51167.0,27584.0,27584.0,51172.0,51167.0,3,5.0
41416,187.00,1509.00,5,10,10,2,78026.0,77557.0,57338.0,78026.0,78036.0,4,0.0
41417,187.00,1516.00,5,10,10,2,85338.0,82652.0,74074.0,85338.0,85342.0,4,0.0
41418,154.00,1407.00,5,10,10,2,37120.0,38550.0,38538.0,37120.0,37120.0,1,1430.0
41419,154.00,1384.00,5,10,10,2,55549.0,51094.0,51094.0,55508.0,55549.0,4,0.0
41420,187.00,1404.00,5,11,10,2,67113.0,61983.0,55616.0,67113.0,67113.0,4,0.0
41421,216.00,1665.00,5,10,10,2,107565.0,107592.0,107091.0,107565.0,107565.0,1,27.0
41422,187.00,1509.00,5,10,10,2,37837.0,37185.0,45652.0,37837.0,37837.0,2,7815.0
41423,154.00,1384.00,5,10,10,2,70720.0,98203.0,98203.0,70718.0,70720.0,1,27483.0
41424,206.00,1693.00,5,10,10,2,95400.0,100883.0,100387.0,95400.0,95386.0,1,5497.0
41425,216.00,1662.00,5,10,10,2,112386.0,112018.0,111472.0,112386.0,112386.0,4,0.0
41426,154.00,1316.00,4,11,10,2,66226.0,71588.0,71588.0,66226.0,66226.0,1,5362.0
41427,154.00,1464.00,5,10,10,2,70495.0,73598.0,73591.0,70495.0,70495.0,1,3103.0
41428,187.00,1509.00,5,10,10,2,52138.0,52004.0,51488.0,52138.0,52138.0,4,0.0
41429,154.00,1394.00,5,10,10,2,38194.0,26931.0,26931.0,38190.0,38194.0,4,0.0
41430,187.00,1509.00,5,10,10,2,38289.0,37556.0,46566.0,38289.0,38279.0,2,8287.0
41431,187.00,1398.00,5,11,10,2,57126.0,45636.0,45636.0,57126.0,57133.0,4,0.0
41432,187.00,1405.00,4,11,10,2,73560.0,73465.0,75796.0,73560.0,73560.0,2,2236.0
41433,187.00,1509.00,5,10,10,2,104189.0,104368.0,62425.0,104189.0,104188.0,1,180.0
41434,154.00,1391.00,5,10,10,2,57127.0,41812.0,41812.0,57127.0,57140.0,4,0.0
41435,216.00,1655.00,5,10,10,2,112656.0,111834.0,111333.0,112652.0,112652.0,0,4.0
41436,154.00,1394.00,5,10,10,2,41264.0,48109.0,48109.0,41264.0,41264.0,1,6845.0
41437,206.00,1613.00,5,10,10,2,79984.0,80527.0,80026.0,79980.0,79980.0,1,547.0
41438,154.00,1462.00,5,10,10,2,52567.0,53423.0,53667.0,52579.0,52579.0,2,1088.0
41439,206.00,1603.00,5,10,10,2,39521.0,38970.0,38471.0,39513.0,39521.0,4,0.0
41440,206.00,1613.00,5,10,10,2,112304.0,116508.0,116007.0,112303.0,112303.0,1,4205.0
41441,187.00,1516.00,5,10,10,2,42451.0,41912.0,72715.0,42452.0,42452.0,2,30263.0
41442,187.00,1666.00,5,10,10,2,98283.0,103337.0,96112.0,98316.0,98316.0,1,5021.0
41443,206.00,1603.00,5,10,10,2,58085.0,57385.0,56884.0,58084.0,58084.0,4,0.0
41444,206.00,1681.00,5,10,10,2,69422.0,74031.0,73530.0,69422.0,69422.0,1,4609.0
41445,154.00,1384.00,5,10,10,2,62985.0,53119.0,53119.0,62985.0,62985.0,4,0.0
41446,154.00,1274.00,4,11,10,2,84796.0,94199.0,94199.0,84796.0,84796.0,1,9403.0
41447,154.00,1474.00,5,10,10,2,52360.0,83388.0,83388.0,52173.0,52173.0,1,31215.0
41448,187.00,1528.00,5,10,10,2,56175.0,55700.0,96649.0,56175.0,56165.0,2,40484.0
41449,187.00,1509.00,5,10,10,2,40369.0,39755.0,45927.0,40369.0,40369.0,2,5558.0
41450,154.00,1384.00,5,10,10,2,51574.0,34697.0,34697.0,51574.0,51574.0,4,0.0
41451,206.00,1603.00,5,10,10,2,56288.0,55690.0,55191.0,56298.0,56298.0,4,0.0
41452,187.00,1516.00,5,10,10,2,117152.0,118680.0,92803.0,117151.0,117151.0,1,1529.0
41453,187.00,1667.00,5,10,10,2,99806.0,105261.0,97563.0,99806.0,99820.0,1,5441.0
41454,206.00,1603.00,5,10,10,2,90140.0,89638.0,89137.0,90134.0,90140.0,4,0.0
41455,154.00,1560.00,5,10,10,2,53822.0,59525.0,59525.0,53805.0,53805.0,1,5720.0
41456,206.00,1622.00,5,10,10,2,103218.0,103011.0,102510.0,103222.0,103218.0,3,4.0
41457,187.00,1516.00,5,10,10,2,94982.0,95814.0,113668.0,94982.0,94970.0,2,18698.0
41458,187.00,1509.00,5,10,10,2,68305.0,70019.0,79537.0,68296.0,68296.0,2,11241.0
41459,154.00,1394.00,5,10,10,2,45522.0,41190.0,41190.0,45522.0,45525.0,4,0.0
41460,206.00,1603.00,5,10,10,2,117994.0,118888.0,118389.0,117994.0,117994.0,1,894.0
41461,154.00,1384.00,5,10,10,2,80629.0,74662.0,74662.0,80629.0,80629.0,4,0.0
41462,154.00,1388.00,5,10,10,2,45593.0,45683.0,45683.0,45593.0,45593.0,1,90.0
41463,154.00,1542.00,5,10,10,2,85011.0,105247.0,105247.0,85011.0,85009.0,1,20238.0
41464,154.00,1273.00,5,11,10,2,83495.0,78577.0,78577.0,83495.0,83495.0,4,0.0
41465,206.00,1681.00,5,10,10,2,143263.0,149587.0,149086.0,143259.0,143259.0,1,6328.0
41466,187.00,1509.00,5,10,10,2,28735.0,28323.0,42039.0,28726.0,28735.0,2,13304.0
41467,206.00,1603.00,5,10,10,2,50811.0,50121.0,49623.0,50811.0,50811.0,4,0.0
41468,206.00,1603.00,5,10,10,2,95337.0,95444.0,94943.0,95334.0,95337.0,1,107.0
41469,187.00,1560.00,4,11,10,2,86683.0,92009.0,87738.0,86683.0,86683.0,1,5326.0
41470,206.00,1613.00,5,10,10,2,109201.0,110551.0,110053.0,109201.0,109201.0,1,1350.0
41471,187.00,1509.00,5,10,10,2,88845.0,93007.0,63907.0,88844.0,88845.0,1,4162.0
41472,154.00,1551.00,5,10,10,2,63782.0,64792.0,64792.0,63782.0,63782.0,1,1010.0
41473,154.00,1560.00,5,10,10,2,65070.0,86468.0,86468.0,65070.0,65068.0,1,21400.0
41474,216.00,1655.00,5,10,10,2,89289.0,89574.0,89075.0,89289.0,89288.0,1,286.0
41475,206.00,1613.00,5,10,10,2,107771.0,110854.0,110353.0,107773.0,107773.0,1,3081.0
41476,206.00,1681.00,5,10,10,2,108076.0,113420.0,112919.0,108071.0,108076.0,1,5344.0
41477,154.00,1462.00,5,10,10,2,84936.0,72615.0,72836.0,84950.0,84950.0,4,0.0
41478,154.00,1394.00,5,10,10,2,59974.0,73783.0,73783.0,59979.0,59979.0,1,13804.0
41479,206.00,1613.00,5,10,10,2,64716.0,64285.0,63787.0,64716.0,64716.0,4,0.0
41480,206.00,1622.00,5,10,10,2,96015.0,95648.0,95147.0,96015.0,96015.0,4,0.0
41481,154.00,1384.00,5,10,10,2,34821.0,46882.0,46882.0,34821.0,34821.0,1,12061.0
41482,154.00,1391.00,5,10,10,2,39926.0,57855.0,57855.0,39970.0,39926.0,1,17929.0
41483,187.00,1667.00,5,10,10,2,67130.0,72290.0,69017.0,67134.0,67134.0,1,5156.0
41484,206.00,1603.00,5,10,10,2,58318.0,55258.0,54759.0,58308.0,58308.0,0,10.0
41485,206.00,1610.00,5,10,10,2,72215.0,71883.0,71384.0,72215.0,72215.0,4,0.0
41486,154.00,1403.00,5,10,10,2,47525.0,50806.0,50799.0,47525.0,47525.0,1,3281.0
41487,154.00,1403.00,5,10,10,2,31510.0,39613.0,51201.0,31519.0,31519.0,2,19682.0
41488,206.00,1603.00,5,10,10,2,39701.0,39106.0,38607.0,39701.0,39695.0,0,6.0
41489,216.00,1662.00,5,10,10,2,107493.0,106832.0,106331.0,107493.0,107489.0,0,4.0
41490,154.00,1394.00,5,10,10,2,49796.0,45349.0,45349.0,49795.0,49795.0,4,0.0
41491,187.00,1667.00,5,10,10,2,71339.0,76341.0,79412.0,71339.0,71337.0,2,8075.0
41492,154.00,1382.00,5,10,10,2,85048.0,66126.0,66126.0,85048.0,85048.0,4,0.0
41493,154.00,1351.00,4,11,10,2,84710.0,93973.0,93973.0,84710.0,84710.0,1,9263.0
41494,206.00,1610.00,5,10,10,2,74120.0,76998.0,76497.0,74123.0,74123.0,1,2875.0
41495,187.00,1509.00,5,10,10,2,84379.0,85375.0,82071.0,84385.0,84379.0,1,996.0
41496,206.00,1603.00,5,10,10,2,100070.0,99366.0,98865.0,100069.0,100069.0,4,0.0
41497,187.00,1667.00,5,10,10,2,98205.0,103567.0,96979.0,98205.0,98205.0,1,5362.0
41498,154.00,1403.00,5,10,10,2,44493.0,36005.0,53725.0,44493.0,44493.0,2,9232.0
41499,187.00,1671.00,5,10,10,2,95716.0,100899.0,113097.0,95716.0,95736.0,2,17361.0
41500,206.00,1613.00,5,10,10,2,82776.0,83204.0,82706.0,82780.0,82776.0,1,428.0
41501,206.00,1603.00,5,10,10,2,72726.0,72045.0,71544.0,72732.0,72726.0,3,6.0
41502,154.00,1403.00,5,10,10,2,30187.0,42698.0,42826.0,30193.0,30187.0,2,12639.0
41503,154.00,1462.00,5,10,10,2,51023.0,65478.0,65696.0,51023.0,51022.0,2,14674.0
41504,154.00,1542.00,5,10,10,2,78763.0,83790.0,83790.0,78763.0,78752.0,1,5038.0
41505,154.00,1397.00,5,10,10,2,95577.0,61250.0,61250.0,95577.0,95577.0,4,0.0
41506,187.00,1398.00,5,11,10,2,51924.0,39970.0,39970.0,51924.0,51924.0,4,0.0
41507,154.00,1394.00,5,10,10,2,75538.0,76255.0,76255.0,75538.0,75538.0,1,717.0
41508,154.00,1462.00,5,10,10,2,76494.0,86502.0,86745.0,76494.0,76494.0,2,10251.0
41509,187.00,1509.00,5,10,10,2,111912.0,112143.0,118436.0,111912.0,111913.0,2,6523.0
41510,154.00,1384.00,5,10,10,2,47295.0,46240.0,46240.0,47295.0,47295.0,4,0.0
41511,216.00,1655.00,5,10,10,2,127017.0,127287.0,126789.0,127010.0,127017.0,1,270.0
41512,206.00,1603.00,5,10,10,2,61224.0,60578.0,60080.0,61235.0,61235.0,4,0.0
41513,206.00,1603.00,5,10,10,2,58554.0,58251.0,57750.0,58558.0,58558.0,4,0.0
41514,206.00,1603.00,5,10,10,2,105794.0,106522.0,106021.0,105792.0,105794.0,1,728.0
41515,154.00,1542.00,5,10,10,2,56105.0,73654.0,73654.0,56105.0,56105.0,1,17549.0
41516,154.00,1384.00,5,10,10,2,69761.0,77418.0,77418.0,69761.0,69761.0,1,7657.0
41517,187.00,1509.00,5,10,10,2,83603.0,88934.0,127386.0,83603.0,83603.0,2,43783.0
41518,216.00,1674.00,5,10,10,2,119461.0,120457.0,119928.0,119461.0,119449.0,1,1008.0
41519,154.00,1560.00,5,10,10,2,58658.0,68218.0,68218.0,58658.0,58658.0,1,9560.0
41520,154.00,1394.00,5,10,10,2,70499.0,69579.0,69579.0,70501.0,70501.0,4,0.0
41521,187.00,1509.00,5,10,10,2,90137.0,90882.0,69911.0,90134.0,90134.0,1,748.0
41522,154.00,1384.00,5,10,10,2,52203.0,45910.0,45910.0,52203.0,52203.0,4,0.0
41523,187.00,1509.00,5,10,10,2,80947.0,79708.0,72849.0,80955.0,80955.0,4,0.0
41524,154.00,1462.00,5,10,10,2,53358.0,69894.0,70136.0,53358.0,53368.0,2,16768.0
41525,187.00,1667.00,5,10,10,2,115835.0,121664.0,80288.0,115835.0,115826.0,1,5838.0
41526,154.00,1391.00,5,10,10,2,52866.0,50136.0,50136.0,52869.0,52866.0,3,3.0
41527,187.00,1519.00,5,10,10,2,42888.0,42313.0,50869.0,42893.0,42893.0,2,7976.0
41528,154.00,1391.00,5,10,10,2,53880.0,47246.0,47246.0,53868.0,53868.0,0,12.0
41529,187.00,1509.00,5,10,10,2,62137.0,61501.0,30851.0,62131.0,62131.0,0,6.0
41530,154.00,1428.00,4,11,10,2,57514.0,56619.0,73409.0,57514.0,57514.0,2,15895.0
41531,216.00,1665.00,5,10,10,2,113199.0,112942.0,112441.0,113197.0,113197.0,0,2.0
41532,216.00,1655.00,5,10,10,2,63052.0,62831.0,62332.0,63063.0,63063.0,4,0.0
41533,187.00,1667.00,5,10,10,2,58935.0,64437.0,91311.0,58935.0,58920.0,2,32391.0
41534,206.00,1610.00,5,10,10,2,94256.0,96116.0,95617.0,94256.0,94253.0,1,1863.0
41535,154.00,1391.00,5,10,10,2,49383.0,47731.0,47731.0,49294.0,49383.0,4,0.0
41536,206.00,1681.00,5,10,10,2,83835.0,89440.0,88939.0,83835.0,83835.0,1,5605.0
41537,216.00,1674.00,5,10,10,2,104220.0,103701.0,103200.0,104215.0,104215.0,0,5.0
41538,206.00,1681.00,5,10,10,2,98659.0,103961.0,103460.0,98652.0,98652.0,1,5309.0
41539,216.00,1662.00,5,10,10,2,119086.0,116143.0,115645.0,119086.0,119086.0,4,0.0
41540,216.00,1665.00,5,10,10,2,123243.0,123966.0,123468.0,123234.0,123234.0,1,732.0
41541,216.00,1655.00,5,10,10,2,124723.0,124980.0,124479.0,124722.0,124722.0,1,258.0
41542,216.00,1674.00,5,10,10,2,116050.0,117163.0,116662.0,116050.0,116054.0,1,1109.0
41543,216.00,1655.00,5,10,10,2,106489.0,106235.0,105690.0,106497.0,106533.0,4,0.0
41544,154.00,1384.00,5,10,10,2,66820.0,73142.0,73142.0,66820.0,66820.0,1,6322.0
41545,206.00,1681.00,5,10,10,2,61031.0,66002.0,65501.0,61031.0,61031.0,1,4971.0
41546,154.00,1462.00,5,10,10,2,98963.0,93242.0,93489.0,98960.0,98963.0,4,0.0
41547,154.00,1384.00,5,10,10,2,68167.0,37642.0,37642.0,68167.0,68167.0,4,0.0
41548,154.00,1384.00,5,10,10,2,95313.0,96458.0,96458.0,95313.0,95314.0,1,1144.0
41549,216.00,1655.00,5,10,10,2,93719.0,90978.0,90479.0,93715.0,93719.0,4,0.0
41550,206.00,1681.00,5,10,10,2,140338.0,145341.0,144840.0,140344.0,140344.0,1,4997.0
41551,187.00,1560.00,4,11,10,2,100246.0,105379.0,139015.0,100246.0,100246.0,2,38769.0
41552,154.00,1391.00,5,10,10,2,44176.0,42884.0,42884.0,44176.0,44183.0,4,0.0
41553,216.00,1665.00,5,10,10,2,118931.0,119728.0,119230.0,118931.0,118925.0,1,803.0
41554,154.00,1384.00,5,10,10,2,35394.0,60150.0,60150.0,35394.0,35394.0,1,24756.0
41555,206.00,1603.00,5,10,10,2,68760.0,68271.0,67740.0,68768.0,68768.0,4,0.0
41556,206.00,1603.00,5,10,10,2,60842.0,58143.0,57695.0,60842.0,60829.0,0,13.0
41557,154.00,1394.00,5,10,10,2,53558.0,58642.0,58642.0,53558.0,53558.0,1,5084.0
41558,187.00,1667.00,5,10,10,2,99191.0,103859.0,89672.0,99186.0,99191.0,1,4668.0
41559,154.00,1542.00,5,10,10,2,49252.0,59286.0,59286.0,49252.0,49262.0,1,10024.0
41560,154.00,1542.00,5,10,10,2,50678.0,56256.0,56256.0,50678.0,50678.0,1,5578.0
41561,206.00,1622.00,5,10,10,2,66306.0,65821.0,65320.0,66311.0,66306.0,3,5.0
41562,154.00,1394.00,5,10,10,2,76156.0,63013.0,63013.0,76153.0,76156.0,4,0.0
41563,206.00,1610.00,5,10,10,2,71202.0,73218.0,72717.0,71202.0,71202.0,1,2016.0
41564,154.00,1384.00,5,10,10,2,41350.0,62455.0,62455.0,41350.0,41350.0,1,21105.0
41565,187.00,1516.00,5,10,10,2,130212.0,132535.0,107075.0,130212.0,130213.0,1,2322.0
41566,154.00,1391.00,5,10,10,2,64997.0,51711.0,51711.0,65007.0,64997.0,3,10.0
41567,154.00,1542.00,5,10,10,2,83419.0,88645.0,88645.0,83419.0,83411.0,1,5234.0
41568,206.00,1603.00,5,10,10,2,73019.0,72580.0,72079.0,73018.0,73019.0,4,0.0
41569,154.00,1403.00,5,10,10,2,36271.0,35584.0,35577.0,36271.0,36287.0,4,0.0
41570,154.00,1384.00,5,10,10,2,58866.0,55364.0,55364.0,58873.0,58873.0,4,0.0
41571,206.00,1603.00,5,10,10,2,76646.0,76091.0,75590.0,76646.0,76655.0,4,0.0
41572,206.00,1613.00,5,10,10,2,116253.0,117224.0,116726.0,116243.0,116253.0,1,971.0
41573,216.00,1665.00,5,10,10,2,111365.0,111604.0,111106.0,111372.0,111365.0,1,239.0
41574,206.00,1610.00,5,10,10,2,54425.0,54237.0,53698.0,54453.0,54425.0,3,28.0
41575,187.00,1509.00,5,10,10,2,65786.0,67832.0,88023.0,65800.0,65786.0,2,22237.0
41576,154.00,1384.00,5,10,10,2,67110.0,63117.0,63117.0,67101.0,67110.0,4,0.0
41577,187.00,1519.00,5,10,10,2,55469.0,54994.0,58313.0,55469.0,55469.0,2,2844.0
41578,187.00,1509.00,5,10,10,2,60406.0,59646.0,36712.0,60406.0,60398.0,0,8.0
41579,154.00,1391.00,5,10,10,2,38179.0,59809.0,59809.0,38179.0,38179.0,1,21630.0
41580,154.00,1394.00,5,10,10,2,74245.0,65400.0,65400.0,74245.0,74245.0,4,0.0
41581,206.00,1681.00,5,10,10,2,118682.0,122972.0,122473.0,118689.0,118682.0,1,4290.0
41582,216.00,1665.00,5,10,10,2,137448.0,138661.0,138163.0,137448.0,137448.0,1,1213.0
41583,187.00,1516.00,5,10,10,2,93259.0,94091.0,84481.0,93254.0,93254.0,1,837.0
41584,216.00,1655.00,5,10,10,2,101456.0,100808.0,100310.0,101456.0,101453.0,0,3.0
41585,206.00,1610.00,5,10,10,2,115601.0,117389.0,116890.0,115607.0,115607.0,1,1782.0
41586,154.00,1384.00,5,10,10,2,58369.0,61193.0,61193.0,58370.0,58369.0,1,2824.0
41587,154.00,1394.00,5,10,10,2,53927.0,49481.0,49481.0,53927.0,53927.0,4,0.0
41588,216.00,1662.00,5,10,10,2,85330.0,84857.0,84358.0,85330.0,85330.0,4,0.0
41589,206.00,1610.00,5,10,10,2,72169.0,73873.0,73372.0,72162.0,72169.0,1,1704.0
41590,187.00,1509.00,5,10,10,2,85368.0,84779.0,44989.0,85368.0,85368.0,4,0.0
41591,154.00,1403.00,5,10,10,2,50362.0,52222.0,52215.0,50362.0,50359.0,1,1863.0
41592,206.00,1610.00,5,10,10,2,105492.0,110034.0,109533.0,105492.0,105492.0,1,4542.0
41593,154.00,1384.00,5,10,10,2,91591.0,93465.0,93465.0,91591.0,91591.0,1,1874.0
41594,206.00,1613.00,5,10,10,2,51405.0,50953.0,50452.0,51404.0,51404.0,4,0.0
41595,187.00,1509.00,5,10,10,2,80982.0,80523.0,79656.0,80973.0,80973.0,0,9.0
41596,206.00,1603.00,5,10,10,2,70465.0,69980.0,69481.0,70465.0,70465.0,4,0.0
41597,154.00,1384.00,5,10,10,2,66687.0,33292.0,33292.0,66632.0,66646.0,0,41.0
41598,206.00,1610.00,5,10,10,2,55805.0,59848.0,59350.0,55797.0,55797.0,1,4051.0
41599,154.00,1384.00,5,10,10,2,93793.0,95317.0,95317.0,93793.0,93793.0,1,1524.0
41600,206.00,1613.00,5,10,10,2,113710.0,115655.0,115157.0,113705.0,113710.0,1,1945.0
41601,187.00,1509.00,5,10,10,2,80408.0,80473.0,86020.0,80404.0,80408.0,2,5612.0
41602,187.00,1667.00,5,10,10,2,63854.0,69309.0,71003.0,63854.0,63854.0,2,7149.0
41603,187.00,1509.00,5,10,10,2,51178.0,48690.0,28920.0,51174.0,51041.0,0,137.0
41604,206.00,1603.00,5,10,10,2,121858.0,119081.0,118580.0,121857.0,121858.0,4,0.0
41605,206.00,1693.00,5,10,10,2,111497.0,115932.0,115432.0,111494.0,111494.0,1,4438.0
41606,187.00,1519.00,5,10,10,2,78263.0,77762.0,57503.0,78258.0,78258.0,0,5.0
41607,154.00,1351.00,4,11,10,2,77066.0,86202.0,86202.0,77066.0,77066.0,1,9136.0
41608,216.00,1662.00,5,10,10,2,111543.0,113483.0,112982.0,111543.0,111548.0,1,1935.0
41609,187.00,1509.00,5,10,10,2,121190.0,121541.0,111195.0,121192.0,121190.0,1,351.0
41610,187.00,1512.00,5,10,10,2,83730.0,83243.0,99912.0,83730.0,83730.0,2,16182.0
41611,206.00,1613.00,5,10,10,2,81630.0,81085.0,80587.0,81630.0,81618.0,0,12.0
41612,206.00,1603.00,5,10,10,2,127554.0,129607.0,129109.0,127542.0,127554.0,1,2053.0
41613,187.00,1516.00,5,10,10,2,112806.0,113332.0,120439.0,112810.0,112810.0,2,7629.0
41614,206.00,1603.00,5,10,10,2,87051.0,87731.0,87232.0,87043.0,87051.0,1,680.0
41615,154.00,1384.00,5,10,10,2,55840.0,66814.0,66814.0,55840.0,55837.0,1,10977.0
41616,216.00,1665.00,5,10,10,2,120593.0,121739.0,121238.0,120593.0,120593.0,1,1146.0
41617,187.00,1509.00,5,10,10,2,105364.0,105763.0,116038.0,105364.0,105361.0,2,10677.0
41618,154.00,1542.00,5,10,10,2,71393.0,99156.0,99156.0,71393.0,71393.0,1,27763.0
41619,154.00,1384.00,5,10,10,2,65875.0,55844.0,55844.0,65875.0,65875.0,4,0.0
41620,154.00,1384.00,5,10,10,2,75640.0,50907.0,50907.0,75640.0,75640.0,4,0.0
41621,206.00,1610.00,5,10,10,2,60587.0,60053.0,59552.0,60587.0,60587.0,4,0.0
41622,206.00,1610.00,5,10,10,2,65933.0,65443.0,64944.0,65927.0,65933.0,4,0.0
41623,206.00,1693.00,5,10,10,2,141127.0,146964.0,146470.0,141120.0,141127.0,1,5837.0
41624,187.00,1519.00,5,10,10,2,61747.0,60916.0,39258.0,61747.0,61755.0,4,0.0
41625,187.00,1667.00,5,10,10,2,82240.0,87575.0,77802.0,82237.0,82237.0,1,5338.0
41626,154.00,1384.00,5,10,10,2,62578.0,65989.0,65989.0,62578.0,62578.0,1,3411.0
41627,154.00,1391.00,5,10,10,2,104137.0,65765.0,65765.0,104137.0,104120.0,0,17.0
41628,187.00,1516.00,5,10,10,2,120128.0,121662.0,120775.0,120128.0,120128.0,1,1534.0
41629,154.00,1397.00,5,10,10,2,49426.0,41822.0,41822.0,49414.0,49414.0,0,12.0
41630,154.00,1542.00,5,10,10,2,82395.0,100006.0,100006.0,82388.0,82395.0,1,17611.0
41631,154.00,1542.00,5,10,10,2,102584.0,107778.0,107778.0,102584.0,102584.0,1,5194.0
41632,216.00,1674.00,5,10,10,2,122931.0,123482.0,122985.0,122925.0,122925.0,1,557.0
41633,187.00,1509.00,5,10,10,2,84005.0,83570.0,78562.0,84003.0,84003.0,0,2.0
41634,187.00,1528.00,5,10,10,2,44704.0,44318.0,52319.0,44707.0,44704.0,2,7615.0
41635,206.00,1492.00,5,11,10,2,92407.0,91874.0,91065.0,92416.0,92407.0,3,9.0
41636,206.00,1616.00,5,10,10,2,124923.0,126154.0,125681.0,124923.0,124923.0,1,1231.0
41637,154.00,1391.00,5,10,10,2,52167.0,55204.0,55204.0,52167.0,52178.0,1,3026.0
41638,154.00,1350.00,4,11,10,2,85115.0,77959.0,77959.0,85115.0,85115.0,4,0.0
41639,206.00,1603.00,5,10,10,2,99927.0,101193.0,100694.0,99927.0,99919.0,1,1274.0
41640,206.00,1603.00,5,10,10,2,90814.0,95851.0,95350.0,90820.0,90814.0,1,5037.0
41641,187.00,1667.00,5,10,10,2,89597.0,94574.0,86603.0,89605.0,89597.0,1,4977.0
41642,187.00,1676.00,5,10,10,2,65983.0,71556.0,71653.0,65983.0,65983.0,2,5670.0
41643,154.00,1274.00,4,11,10,2,62713.0,66728.0,66728.0,62713.0,62713.0,1,4015.0
41644,206.00,1603.00,5,10,10,2,77894.0,77261.0,76760.0,77894.0,77894.0,4,0.0
41645,154.00,1560.00,5,10,10,2,56021.0,65161.0,65161.0,56036.0,56036.0,1,9125.0
41646,154.00,1462.00,5,10,10,2,84874.0,90446.0,90671.0,84874.0,84874.0,2,5797.0
41647,154.00,1462.00,5,10,10,2,53106.0,58828.0,59046.0,53106.0,53110.0,2,5936.0
41648,187.00,1509.00,5,10,10,2,93205.0,93507.0,121807.0,93197.0,93197.0,2,28610.0
41649,154.00,1403.00,5,10,10,2,36464.0,35903.0,35896.0,36464.0,36464.0,4,0.0
41650,154.00,1384.00,5,10,10,2,81099.0,78183.0,78183.0,81099.0,81099.0,4,0.0
41651,206.00,1603.00,5,10,10,2,109273.0,111876.0,111378.0,109273.0,109273.0,1,2603.0
41652,216.00,1662.00,5,10,10,2,126866.0,124103.0,123602.0,126866.0,126866.0,4,0.0
41653,216.00,1655.00,5,10,10,2,108809.0,107930.0,107429.0,108805.0,108805.0,0,4.0
41654,206.00,1603.00,5,10,10,2,89770.0,89843.0,89342.0,89770.0,89769.0,1,74.0
41655,206.00,1613.00,5,10,10,2,130822.0,136271.0,135770.0,130821.0,130821.0,1,5450.0
41656,187.00,1509.00,5,10,10,2,98803.0,98783.0,94264.0,98802.0,98802.0,4,0.0
41657,154.00,1391.00,5,10,10,2,59656.0,67786.0,67786.0,59656.0,59640.0,1,8146.0
41658,187.00,1509.00,5,10,10,2,98385.0,97813.0,99779.0,98383.0,98383.0,2,1396.0
41659,154.00,1384.00,5,10,10,2,67312.0,81651.0,81651.0,67312.0,67312.0,1,14339.0
41660,206.00,1612.00,5,10,10,2,88472.0,88412.0,87935.0,88472.0,88449.0,0,23.0
41661,216.00,1674.00,5,10,10,2,150985.0,154330.0,153830.0,150988.0,150988.0,1,3342.0
41662,187.00,1564.00,4,11,10,2,75744.0,81657.0,86767.0,75723.0,75744.0,2,11023.0
41663,187.00,1667.00,5,10,10,2,92123.0,97410.0,106731.0,92131.0,92131.0,2,14600.0
41664,216.00,1662.00,5,10,10,2,103215.0,102445.0,101947.0,103226.0,103226.0,4,0.0
41665,187.00,1516.00,5,10,10,2,105267.0,105964.0,90801.0,105267.0,105263.0,1,701.0
41666,187.00,1519.00,5,10,10,2,43330.0,42643.0,55102.0,43330.0,43347.0,2,11755.0
41667,187.00,1531.00,5,10,10,2,85751.0,85752.0,84562.0,85751.0,85751.0,4,0.0
41668,154.00,1427.00,5,11,10,2,78606.0,86471.0,78015.0,78600.0,78600.0,1,7871.0
41669,187.00,1667.00,5,10,10,2,117565.0,122311.0,101704.0,117565.0,117573.0,1,4738.0
41670,187.00,1516.00,5,10,10,2,68939.0,73435.0,69276.0,68950.0,68950.0,1,4485.0
41671,187.00,1516.00,5,10,10,2,96395.0,99616.0,96976.0,96395.0,96395.0,1,3221.0
41672,216.00,1665.00,5,10,10,2,113616.0,115546.0,115045.0,113616.0,113616.0,1,1930.0
41673,206.00,1570.00,3,12,10,2,100293.0,106462.0,105873.0,100472.0,100472.0,1,5990.0
41674,206.00,1622.00,5,10,10,2,63345.0,63246.0,62749.0,63345.0,63337.0,0,8.0
41675,187.00,1518.00,5,10,10,2,126704.0,129856.0,97498.0,126704.0,126698.0,1,3158.0
41676,206.00,1622.00,5,10,10,2,77492.0,79657.0,79161.0,77512.0,77492.0,1,2165.0
41677,187.00,1509.00,5,10,10,2,79139.0,76316.0,71384.0,79139.0,79144.0,4,0.0
41678,206.00,1610.00,5,10,10,2,91742.0,91339.0,90838.0,91737.0,91737.0,0,5.0
41679,206.00,1681.00,5,10,10,2,129522.0,134665.0,134164.0,129522.0,129520.0,1,5145.0
41680,206.00,1603.00,5,10,10,2,107832.0,108951.0,108450.0,107835.0,107832.0,1,1119.0
41681,216.00,1655.00,5,10,10,2,89279.0,88793.0,88292.0,89279.0,89279.0,4,0.0
41682,154.00,1462.00,5,10,10,2,60570.0,67634.0,67627.0,60577.0,60577.0,1,7057.0
41683,187.00,1519.00,5,10,10,2,109230.0,109703.0,60487.0,109226.0,109230.0,1,473.0
41684,187.00,1516.00,5,10,10,2,62681.0,62452.0,81484.0,62681.0,62675.0,2,18809.0
41685,206.00,1613.00,5,10,10,2,92301.0,92983.0,92485.0,92310.0,92301.0,1,682.0
41686,154.00,1393.00,5,10,10,2,70281.0,71992.0,71992.0,70281.0,70273.0,1,1719.0
41687,206.00,1681.00,5,10,10,2,117294.0,122608.0,122109.0,117292.0,117292.0,1,5316.0
41688,206.00,1610.00,5,10,10,2,80164.0,80508.0,80009.0,80151.0,80164.0,1,344.0
41689,206.00,1603.00,5,10,10,2,125308.0,128179.0,127678.0,125308.0,125307.0,1,2872.0
41690,206.00,1603.00,5,10,10,2,31753.0,31183.0,30682.0,31764.0,31764.0,4,0.0
41691,216.00,1662.00,5,10,10,2,130062.0,131051.0,130550.0,130062.0,130061.0,1,990.0
41692,216.00,1662.00,5,10,10,2,95952.0,96838.0,96339.0,95952.0,95960.0,1,878.0
41693,206.00,1603.00,5,10,10,2,71448.0,72518.0,72017.0,71448.0,71453.0,1,1065.0
41694,187.00,1676.00,5,10,10,2,80379.0,85964.0,82607.0,80376.0,80376.0,1,5588.0
41695,154.00,1391.00,5,10,10,2,45915.0,26353.0,26353.0,45902.0,45902.0,0,13.0
41696,187.00,1405.00,4,11,10,2,63335.0,63961.0,44999.0,63335.0,63335.0,1,626.0
41697,187.00,1519.00,5,10,10,2,46650.0,46119.0,42128.0,46661.0,46661.0,4,0.0
41698,216.00,1655.00,5,10,10,2,105385.0,105395.0,104894.0,105385.0,105385.0,1,10.0
41699,154.00,1542.00,5,10,10,2,72428.0,66593.0,66593.0,72436.0,72428.0,3,8.0
41700,206.00,1603.00,5,10,10,2,83645.0,83207.0,82708.0,83645.0,83645.0,4,0.0
41701,206.00,1622.00,5,10,10,2,107699.0,111897.0,111401.0,107699.0,107699.0,1,4198.0
41702,187.00,1516.00,5,10,10,2,82255.0,82784.0,88154.0,82255.0,82262.0,2,5892.0
41703,206.00,1603.00,5,10,10,2,70118.0,69599.0,69098.0,70115.0,70118.0,4,0.0
41704,154.00,1384.00,5,10,10,2,74681.0,74222.0,74222.0,74720.0,74681.0,3,39.0
41705,206.00,1693.00,5,10,10,2,106445.0,110936.0,110440.0,106434.0,106445.0,1,4491.0
41706,187.00,1516.00,5,10,10,2,101126.0,101537.0,84681.0,101126.0,101139.0,1,398.0
41707,187.00,1509.00,5,10,10,2,43694.0,43289.0,58644.0,43686.0,43694.0,2,14950.0
41708,206.00,1603.00,5,10,10,2,70215.0,68178.0,67677.0,70206.0,70206.0,0,9.0
41709,206.00,1693.00,5,10,10,2,86407.0,91560.0,91064.0,86396.0,86407.0,1,5153.0
41710,187.00,1516.00,5,10,10,2,89577.0,89129.0,63690.0,89577.0,89573.0,0,4.0
41711,154.00,1391.00,5,10,10,2,64560.0,53530.0,53530.0,64560.0,64560.0,4,0.0
41712,187.00,1519.00,5,10,10,2,71742.0,73036.0,75125.0,71742.0,71742.0,2,3383.0
41713,216.00,1662.00,5,10,10,2,111584.0,111328.0,110829.0,111587.0,111587.0,4,0.0
41714,206.00,1603.00,5,10,10,2,121383.0,122124.0,121625.0,121379.0,121379.0,1,745.0
41715,216.00,1662.00,5,10,10,2,144519.0,147107.0,146609.0,144519.0,144519.0,1,2588.0
41716,206.00,1610.00,5,10,10,2,78575.0,78562.0,78064.0,78585.0,78585.0,4,0.0
41717,216.00,1665.00,5,10,10,2,102111.0,102014.0,101518.0,102111.0,102108.0,0,3.0
41718,154.00,1474.00,5,10,10,2,84839.0,66554.0,66554.0,84839.0,84839.0,4,0.0
41719,206.00,1613.00,5,10,10,2,61080.0,60556.0,60058.0,61080.0,61080.0,4,0.0
41720,216.00,1665.00,5,10,10,2,130138.0,130642.0,130144.0,130129.0,130129.0,1,513.0
41721,154.00,1384.00,5,10,10,2,25554.0,39772.0,39772.0,25554.0,25554.0,1,14218.0
41722,206.00,1613.00,5,10,10,2,108467.0,109260.0,108762.0,108467.0,108472.0,1,788.0
41723,154.00,1428.00,4,11,10,2,70754.0,88953.0,109503.0,70754.0,70754.0,2,38749.0
41724,187.00,1454.00,4,11,10,2,69097.0,71620.0,86264.0,68995.0,69097.0,2,17167.0
41725,206.00,1693.00,5,10,10,2,136532.0,142559.0,142022.0,136532.0,136532.0,1,6027.0
41726,154.00,1384.00,5,10,10,2,62977.0,53862.0,53862.0,62977.0,62977.0,4,0.0
41727,206.00,1610.00,5,10,10,2,58282.0,62384.0,61844.0,58282.0,58282.0,1,4102.0
41728,187.00,1676.00,5,10,10,2,71230.0,76765.0,101181.0,71230.0,71220.0,2,29961.0
41729,216.00,1665.00,5,10,10,2,110186.0,115443.0,114944.0,110186.0,110186.0,1,5257.0
41730,216.00,1665.00,5,10,10,2,99398.0,96700.0,96199.0,99398.0,99399.0,4,0.0
41731,154.00,1403.00,5,10,10,2,37630.0,34037.0,27779.0,37633.0,37633.0,4,0.0
41732,154.00,1394.00,5,10,10,2,36500.0,50645.0,50645.0,36500.0,36500.0,1,14145.0
41733,154.00,1462.00,5,10,10,2,73829.0,102490.0,102720.0,73815.0,73829.0,2,28891.0
41734,187.00,1516.00,5,10,10,2,90534.0,88114.0,83443.0,90534.0,90534.0,4,0.0
41735,187.00,1509.00,5,10,10,2,73124.0,72918.0,75764.0,73124.0,73124.0,2,2640.0
41736,206.00,1613.00,5,10,10,2,94527.0,93891.0,93393.0,94521.0,94527.0,4,0.0
41737,216.00,1655.00,5,10,10,2,97344.0,96965.0,96464.0,97352.0,97344.0,3,8.0
41738,154.00,1551.00,5,10,10,2,66428.0,68289.0,68289.0,66419.0,66428.0,1,1861.0
41739,216.00,1655.00,5,10,10,2,126959.0,128106.0,127605.0,126955.0,126959.0,1,1147.0
41740,187.00,1667.00,5,10,10,2,66510.0,71475.0,88386.0,66510.0,66510.0,2,21876.0
41741,187.00,1671.00,5,10,10,2,85196.0,90664.0,95416.0,85196.0,85209.0,2,10207.0
41742,216.00,1665.00,5,10,10,2,118441.0,115555.0,115054.0,118441.0,118439.0,0,2.0
41743,187.00,1509.00,5,10,10,2,89253.0,90991.0,97814.0,89251.0,89253.0,2,8561.0
41744,216.00,1655.00,5,10,10,2,105974.0,105456.0,104955.0,105974.0,105977.0,4,0.0
41745,187.00,1516.00,5,10,10,2,133837.0,136463.0,95798.0,133837.0,133837.0,1,2626.0
41746,206.00,1681.00,5,10,10,2,89702.0,94116.0,93617.0,89695.0,89702.0,1,4414.0
41747,187.00,1512.00,5,10,10,2,92456.0,96625.0,85703.0,92446.0,92456.0,1,4169.0
41748,154.00,1474.00,5,10,10,2,96757.0,76629.0,76629.0,96745.0,96757.0,4,0.0
41749,206.00,1610.00,5,10,10,2,67919.0,67357.0,66858.0,67922.0,67919.0,3,3.0
41750,187.00,1667.00,5,10,10,2,108959.0,115044.0,81825.0,108959.0,108959.0,1,6085.0
41751,187.00,1509.00,5,10,10,2,72281.0,76618.0,60075.0,72281.0,72281.0,1,4337.0
41752,154.00,1384.00,5,10,10,2,78560.0,66413.0,66413.0,78560.0,78560.0,4,0.0
41753,154.00,1394.00,5,10,10,2,38472.0,40614.0,40614.0,38468.0,38468.0,1,2146.0
41754,154.00,1391.00,5,10,10,2,58749.0,62346.0,62346.0,58736.0,58749.0,1,3597.0
41755,206.00,1603.00,5,10,10,2,114025.0,113755.0,113257.0,114025.0,114025.0,4,0.0
41756,187.00,1676.00,5,10,10,2,104472.0,110049.0,112339.0,104472.0,104477.0,2,7862.0
41757,154.00,1551.00,5,10,10,2,72643.0,62578.0,62578.0,72640.0,72643.0,4,0.0
41758,154.00,1384.00,5,10,10,2,34811.0,37874.0,37874.0,34811.0,34811.0,1,3063.0
41759,187.00,1676.00,5,10,10,2,73742.0,78909.0,79641.0,73751.0,73742.0,2,5899.0
41760,206.00,1681.00,5,10,10,2,114507.0,119597.0,119098.0,114515.0,114507.0,1,5090.0
41761,187.00,1667.00,5,10,10,2,81163.0,86517.0,110756.0,81169.0,81163.0,2,29593.0
41762,216.00,1655.00,5,10,10,2,94618.0,94010.0,93512.0,94615.0,94618.0,4,0.0
41763,154.00,1384.00,5,10,10,2,50010.0,41698.0,41698.0,50010.0,50010.0,4,0.0
41764,206.00,1613.00,5,10,10,2,67617.0,67412.0,66911.0,67617.0,67617.0,4,0.0
41765,206.00,1603.00,5,10,10,2,69780.0,74907.0,74409.0,69780.0,69785.0,1,5122.0
41766,216.00,1665.00,5,10,10,2,101892.0,102057.0,101558.0,101878.0,101878.0,1,179.0
41767,154.00,1384.00,5,10,10,2,56597.0,66198.0,66198.0,56599.0,56597.0,1,9601.0
41768,154.00,1384.00,5,10,10,2,79517.0,49148.0,49148.0,79517.0,79517.0,4,0.0
41769,154.00,1384.00,5,10,10,2,77202.0,78225.0,78225.0,77202.0,77202.0,1,1023.0
41770,154.00,1551.00,5,10,10,2,53200.0,55334.0,55334.0,53202.0,53200.0,1,2134.0
41771,206.00,1622.00,5,10,10,2,86243.0,85933.0,85393.0,86224.0,86207.0,0,36.0
41772,216.00,1655.00,5,10,10,2,74075.0,73514.0,73013.0,74074.0,74075.0,4,0.0
41773,154.00,1462.00,5,10,10,2,78917.0,77256.0,77480.0,78916.0,78917.0,4,0.0
41774,216.00,1659.00,5,10,10,2,100663.0,100280.0,99821.0,100685.0,100654.0,3,31.0
41775,206.00,1610.00,5,10,10,2,82504.0,82033.0,81539.0,82504.0,82504.0,4,0.0
41776,206.00,1622.00,5,10,10,2,60229.0,59727.0,59230.0,60229.0,60229.0,4,0.0
41777,154.00,1394.00,5,10,10,2,33235.0,33771.0,33771.0,33235.0,33235.0,1,536.0
41778,154.00,1384.00,5,10,10,2,33996.0,48830.0,48830.0,33996.0,33996.0,1,14834.0
41779,154.00,1560.00,5,10,10,2,57502.0,59367.0,59367.0,57491.0,57502.0,1,1865.0
41780,206.00,1603.00,5,10,10,2,84628.0,85224.0,84723.0,84628.0,84628.0,1,596.0
41781,154.00,1384.00,5,10,10,2,44864.0,75039.0,75039.0,44864.0,44864.0,1,30175.0
41782,187.00,1667.00,5,10,10,2,67278.0,72536.0,62839.0,67278.0,67278.0,1,5258.0
41783,187.00,1509.00,5,10,10,2,88745.0,89607.0,98605.0,88745.0,88745.0,2,9860.0
41784,154.00,1384.00,5,10,10,2,47911.0,69527.0,69527.0,47911.0,47911.0,1,21616.0
41785,154.00,1403.00,5,10,10,2,47908.0,54966.0,54959.0,47921.0,47950.0,1,7016.0
41786,154.00,1560.00,5,10,10,2,58645.0,64577.0,64577.0,58645.0,58645.0,1,5932.0
41787,154.00,1384.00,5,10,10,2,96282.0,98620.0,98620.0,96282.0,96282.0,1,2338.0
41788,187.00,1509.00,5,10,10,2,67626.0,68719.0,70649.0,67629.0,67626.0,2,3023.0
41789,206.00,1681.00,5,10,10,2,78128.0,83584.0,83083.0,78128.0,78133.0,1,5451.0
41790,216.00,1665.00,5,10,10,2,110751.0,113018.0,112520.0,110751.0,110757.0,1,2261.0
41791,206.00,1603.00,5,10,10,2,114274.0,114786.0,114285.0,114274.0,114274.0,1,512.0
41792,154.00,1384.00,5,10,10,2,63995.0,78862.0,78862.0,63995.0,63995.0,1,14867.0
41793,216.00,1665.00,5,10,10,2,130630.0,130680.0,130179.0,130630.0,130630.0,1,50.0
41794,154.00,1391.00,5,10,10,2,32506.0,36854.0,36854.0,32518.0,32506.0,1,4348.0
41795,206.00,1603.00,5,10,10,2,97199.0,102002.0,101501.0,97199.0,97199.0,1,4803.0
41796,154.00,1384.00,5,10,10,2,76466.0,63982.0,63982.0,76466.0,76466.0,4,0.0
41797,206.00,1603.00,5,10,10,2,98102.0,99675.0,99174.0,98102.0,98102.0,1,1573.0
41798,187.00,1528.00,5,10,10,2,89077.0,90080.0,91653.0,89067.0,89067.0,2,2586.0
41799,216.00,1662.00,5,10,10,2,99799.0,98222.0,97721.0,99794.0,99794.0,0,5.0
41800,216.00,1659.00,5,10,10,2,124101.0,124917.0,124419.0,124101.0,124136.0,1,781.0
41801,206.00,1681.00,5,10,10,2,88236.0,93217.0,92718.0,88235.0,88236.0,1,4981.0
41802,154.00,1384.00,5,10,10,2,48996.0,61309.0,61309.0,48996.0,48996.0,1,12313.0
41803,187.00,1509.00,5,10,10,2,111987.0,118049.0,115235.0,111987.0,112114.0,1,5935.0
41804,154.00,1384.00,5,10,10,2,33934.0,28401.0,28401.0,33934.0,33934.0,4,0.0
41805,187.00,1676.00,5,10,10,2,81589.0,86609.0,90183.0,81582.0,81582.0,2,8601.0
41806,187.00,1516.00,5,10,10,2,50518.0,49967.0,92844.0,50518.0,50518.0,2,42326.0
41807,206.00,1603.00,5,10,10,2,44114.0,43513.0,43014.0,44101.0,44114.0,4,0.0
41808,154.00,1541.00,5,10,10,2,62582.0,76355.0,76355.0,62593.0,62593.0,1,13762.0
41809,154.00,1394.00,5,10,10,2,36331.0,74221.0,74221.0,36333.0,36331.0,1,37890.0
41810,154.00,1384.00,5,10,10,2,49658.0,34710.0,34710.0,49658.0,49658.0,4,0.0
41811,154.00,1474.00,5,10,10,2,75730.0,66552.0,66552.0,75730.0,75730.0,4,0.0
41812,206.00,1681.00,5,10,10,2,78806.0,84135.0,83634.0,78810.0,78806.0,1,5329.0
41813,187.00,1516.00,5,10,10,2,108885.0,108611.0,122587.0,108885.0,108885.0,2,13702.0
41814,187.00,1560.00,4,11,10,2,109231.0,115396.0,128788.0,109231.0,109231.0,2,19557.0
41815,216.00,1662.00,5,10,10,2,110574.0,112465.0,111964.0,110574.0,110574.0,1,1891.0
41816,206.00,1622.00,5,10,10,2,61575.0,58993.0,58493.0,61567.0,61575.0,4,0.0
41817,187.00,1509.00,5,10,10,2,80480.0,83218.0,91272.0,80480.0,80480.0,2,10792.0
41818,206.00,1616.00,5,10,10,2,130884.0,132100.0,131633.0,130884.0,130887.0,1,1213.0
41819,206.00,1693.00,5,10,10,2,82383.0,87796.0,87299.0,82383.0,82371.0,1,5425.0
41820,187.00,1398.00,5,11,10,2,66022.0,64949.0,64953.0,66022.0,66022.0,4,0.0
41821,154.00,1398.00,5,10,10,2,66165.0,50484.0,50484.0,66173.0,66173.0,4,0.0
41822,206.00,1610.00,5,10,10,2,75794.0,75595.0,75094.0,75792.0,75794.0,4,0.0
41823,187.00,1516.00,5,10,10,2,135008.0,138555.0,117526.0,135008.0,135005.0,1,3550.0
41824,154.00,1394.00,5,10,10,2,39870.0,36555.0,36555.0,39874.0,39874.0,4,0.0
41825,206.00,1613.00,5,10,10,2,77964.0,79153.0,78652.0,77964.0,77964.0,1,1189.0
41826,154.00,1542.00,5,10,10,2,76194.0,105216.0,105216.0,76194.0,76194.0,1,29022.0
41827,154.00,1391.00,5,10,10,2,41047.0,63872.0,63872.0,41047.0,41047.0,1,22825.0
41828,187.00,1516.00,5,10,10,2,92129.0,92994.0,97156.0,92129.0,92129.0,2,5027.0
41829,206.00,1613.00,5,10,10,2,81909.0,81911.0,81413.0,81917.0,81909.0,3,8.0
41830,154.00,1350.00,5,11,10,2,59569.0,91008.0,91008.0,59575.0,59569.0,1,31439.0
41831,206.00,1432.00,4,12,10,2,72295.0,71797.0,75048.0,72295.0,72295.0,2,2753.0
41832,206.00,1613.00,5,10,10,2,115350.0,116474.0,115973.0,115350.0,115359.0,1,1115.0
41833,206.00,1610.00,5,10,10,2,74795.0,74476.0,73977.0,74795.0,74795.0,4,0.0
41834,216.00,1662.00,5,10,10,2,107164.0,108190.0,107691.0,107164.0,107152.0,1,1038.0
41835,154.00,1462.00,5,10,10,2,69874.0,79559.0,79780.0,69874.0,69874.0,2,9906.0
41836,206.00,1603.00,5,10,10,2,74668.0,73395.0,72900.0,74677.0,74677.0,4,0.0
41837,154.00,1462.00,5,10,10,2,86625.0,76480.0,76700.0,86617.0,86625.0,4,0.0
41838,154.00,1462.00,5,10,10,2,104228.0,95186.0,95431.0,104228.0,104228.0,4,0.0
41839,154.00,1384.00,5,10,10,2,91421.0,78568.0,78568.0,91421.0,91421.0,4,0.0
41840,206.00,1622.00,5,10,10,2,86764.0,87419.0,86918.0,86777.0,86777.0,1,642.0
41841,154.00,1462.00,5,10,10,2,99862.0,102893.0,103137.0,99862.0,99866.0,2,3271.0
41842,216.00,1655.00,5,10,10,2,129478.0,130131.0,129630.0,129478.0,129481.0,1,650.0
41843,154.00,1384.00,5,10,10,2,57752.0,46875.0,46875.0,57752.0,57752.0,4,0.0
41844,154.00,1394.00,5,10,10,2,72418.0,65253.0,65253.0,72396.0,72396.0,0,22.0
41845,154.00,1387.00,5,10,10,2,74250.0,69230.0,69230.0,74250.0,74250.0,4,0.0
41846,206.00,1610.00,5,10,10,2,105358.0,104578.0,104038.0,105358.0,105346.0,0,12.0
41847,187.00,1509.00,5,10,10,2,54692.0,54193.0,69348.0,54681.0,54692.0,2,14656.0
41848,154.00,1384.00,5,10,10,2,40070.0,46943.0,46943.0,40070.0,40070.0,1,6873.0
41849,216.00,1655.00,5,10,10,2,125037.0,125983.0,125485.0,125037.0,125037.0,1,946.0
41850,154.00,1474.00,5,10,10,2,55738.0,58495.0,58495.0,55738.0,55725.0,1,2770.0
41851,216.00,1665.00,5,10,10,2,80970.0,80368.0,79870.0,80981.0,80981.0,4,0.0
41852,187.00,1516.00,5,10,10,2,112408.0,112498.0,102737.0,112408.0,112408.0,1,90.0
41853,187.00,1509.00,5,10,10,2,73259.0,73156.0,77299.0,73259.0,73259.0,2,4040.0
41854,206.00,1603.00,5,10,10,2,101344.0,106656.0,106155.0,101344.0,101344.0,1,5312.0
41855,154.00,1384.00,5,10,10,2,86081.0,76043.0,76043.0,86081.0,86081.0,4,0.0
41856,216.00,1655.00,5,10,10,2,77013.0,76792.0,76291.0,77015.0,77015.0,4,0.0
41857,154.00,1384.00,5,10,10,2,67809.0,63660.0,63660.0,67809.0,67809.0,4,0.0
41858,206.00,1610.00,5,10,10,2,62621.0,62128.0,61627.0,62618.0,62621.0,4,0.0
41859,187.00,1513.00,5,10,10,2,86360.0,88803.0,83209.0,86359.0,86360.0,1,2443.0
41860,187.00,1667.00,5,10,10,2,58274.0,63814.0,67504.0,58274.0,58266.0,2,9238.0
41861,187.00,1509.00,5,10,10,2,77821.0,82825.0,73378.0,77832.0,77832.0,1,4993.0
41862,154.00,1560.00,5,10,10,2,53933.0,55092.0,55092.0,53930.0,53933.0,1,1159.0
41863,187.00,1676.00,5,10,10,2,87178.0,92910.0,82717.0,87178.0,87186.0,1,5724.0
41864,187.00,1509.00,5,10,10,2,73686.0,73648.0,82490.0,73685.0,73686.0,2,8804.0
41865,154.00,1394.00,5,10,10,2,75942.0,43963.0,43963.0,75938.0,75942.0,4,0.0
41866,187.00,1516.00,5,10,10,2,109783.0,108446.0,106394.0,109783.0,109784.0,4,0.0
41867,154.00,1384.00,5,10,10,2,31569.0,59370.0,59370.0,31569.0,31569.0,1,27801.0
41868,206.00,1603.00,5,10,10,2,53374.0,52848.0,52347.0,53374.0,53374.0,4,0.0
41869,187.00,1528.00,5,10,10,2,78336.0,80435.0,93622.0,78350.0,78350.0,2,15272.0
41870,206.00,1603.00,5,10,10,2,65545.0,64984.0,64485.0,65539.0,65539.0,0,6.0
41871,216.00,1665.00,5,10,10,2,90893.0,90366.0,89868.0,90887.0,90887.0,0,6.0
41872,154.00,1542.00,5,10,10,2,61102.0,66098.0,66098.0,61102.0,61102.0,1,4996.0
41873,154.00,1474.00,5,10,10,2,84612.0,71900.0,71900.0,84612.0,84612.0,4,0.0
41874,206.00,1613.00,5,10,10,2,98195.0,101199.0,100700.0,98195.0,98195.0,1,3004.0
41875,154.00,1542.00,5,10,10,2,83400.0,105013.0,105013.0,83400.0,83412.0,1,21601.0
41876,154.00,1384.00,5,10,10,2,69749.0,64794.0,64794.0,69749.0,69749.0,4,0.0
41877,154.00,1541.00,5,10,10,2,68379.0,69238.0,69238.0,68379.0,68379.0,1,859.0
41878,216.00,1674.00,5,10,10,2,130728.0,131672.0,131171.0,130721.0,130721.0,1,951.0
41879,154.00,1462.00,5,10,10,2,73525.0,83239.0,83462.0,73525.0,73525.0,2,9937.0
41880,206.00,1603.00,5,10,10,2,88335.0,92451.0,91950.0,88335.0,88335.0,1,4116.0
41881,154.00,1542.00,5,10,10,2,68105.0,75032.0,75032.0,68104.0,68105.0,1,6927.0
41882,206.00,1535.00,4,11,10,2,38077.0,37696.0,44968.0,38045.0,38045.0,2,6923.0
41883,206.00,1613.00,5,10,10,2,85889.0,86784.0,86283.0,85889.0,85889.0,1,895.0
41884,154.00,1384.00,5,10,10,2,83686.0,78447.0,78447.0,83686.0,83686.0,4,0.0
41885,206.00,1603.00,5,10,10,2,47441.0,46667.0,46166.0,47441.0,47435.0,0,6.0
41886,206.00,1681.00,5,10,10,2,58064.0,63696.0,63196.0,58032.0,58032.0,1,5664.0
41887,154.00,1384.00,5,10,10,2,77377.0,72093.0,72093.0,77377.0,77418.0,4,0.0
41888,187.00,1513.00,5,10,10,2,99953.0,100347.0,90585.0,99953.0,99907.0,1,440.0
41889,206.00,1603.00,5,10,10,2,107380.0,107789.0,107291.0,107380.0,107380.0,1,409.0
41890,154.00,1388.00,5,10,10,2,102222.0,84412.0,84412.0,102222.0,102222.0,4,0.0
41891,187.00,1509.00,5,10,10,2,110552.0,112610.0,103766.0,110543.0,110543.0,1,2067.0
41892,187.00,1509.00,5,10,10,2,121729.0,122204.0,90043.0,121729.0,121733.0,1,471.0
41893,216.00,1655.00,5,10,10,2,85089.0,85783.0,85282.0,85094.0,85089.0,1,694.0
41894,187.00,1519.00,5,10,10,2,57784.0,57296.0,49463.0,57784.0,57784.0,4,0.0
41895,216.00,1655.00,5,10,10,2,91245.0,90752.0,90257.0,91245.0,91245.0,4,0.0
41896,206.00,1607.00,5,10,10,2,98157.0,99287.0,98823.0,98177.0,98157.0,1,1130.0
41897,206.00,1681.00,5,10,10,2,64157.0,68586.0,68085.0,64148.0,64148.0,1,4438.0
41898,154.00,1542.00,5,10,10,2,57110.0,63185.0,63185.0,57110.0,57110.0,1,6075.0
41899,154.00,1391.00,5,10,10,2,76145.0,80525.0,80525.0,76156.0,76156.0,1,4369.0
41900,206.00,1613.00,5,10,10,2,80499.0,81030.0,80529.0,80499.0,80499.0,1,531.0
41901,206.00,1622.00,5,10,10,2,56880.0,58084.0,57588.0,56880.0,56880.0,1,1204.0
41902,206.00,1613.00,5,10,10,2,75723.0,75286.0,74785.0,75723.0,75723.0,4,0.0
41903,206.00,1603.00,5,10,10,2,109525.0,107036.0,106537.0,109516.0,109525.0,4,0.0
41904,206.00,1603.00,5,10,10,2,72790.0,71904.0,71403.0,72790.0,72793.0,4,0.0
41905,216.00,1665.00,5,10,10,2,115276.0,115439.0,114938.0,115268.0,115276.0,1,163.0
41906,154.00,1384.00,5,10,10,2,59086.0,69392.0,69392.0,59086.0,59086.0,1,10306.0
41907,216.00,1655.00,5,10,10,2,50110.0,49283.0,48782.0,50110.0,50110.0,4,0.0
41908,206.00,1622.00,5,10,10,2,94344.0,93976.0,93479.0,94344.0,94345.0,4,0.0
41909,187.00,1509.00,4,11,10,2,59144.0,59112.0,80347.0,59112.0,59112.0,2,21235.0
41910,154.00,1560.00,5,10,10,2,55560.0,61513.0,61513.0,55560.0,55560.0,1,5953.0
41911,206.00,1603.00,5,10,10,2,70570.0,68939.0,68440.0,70570.0,70583.0,4,0.0
41912,187.00,1528.00,5,10,10,2,80677.0,80334.0,77838.0,80675.0,80675.0,0,2.0
41913,154.00,1394.00,5,10,10,2,34439.0,21772.0,21772.0,34437.0,34437.0,0,2.0
41914,154.00,1542.00,5,10,10,2,91391.0,109958.0,109958.0,91383.0,91383.0,1,18575.0
41915,154.00,1427.00,5,11,10,2,66403.0,72517.0,65815.0,66403.0,66405.0,1,6112.0
41916,216.00,1655.00,5,10,10,2,105930.0,109812.0,109313.0,105922.0,105930.0,1,3882.0
41917,206.00,1603.00,5,10,10,2,28668.0,28095.0,27594.0,28674.0,28674.0,4,0.0
41918,216.00,1662.00,5,10,10,2,147741.0,146469.0,145975.0,147753.0,147741.0,3,12.0
41919,187.00,1516.00,5,10,10,2,123790.0,125004.0,122552.0,123786.0,123790.0,1,1214.0
41920,154.00,1542.00,5,10,10,2,96626.0,102350.0,102350.0,96632.0,96626.0,1,5724.0
41921,154.00,1462.00,5,10,10,2,47553.0,58715.0,58972.0,47557.0,47553.0,2,11419.0
41922,187.00,1519.00,5,10,10,2,81879.0,81436.0,56624.0,81895.0,81895.0,4,0.0
41923,216.00,1658.00,5,10,10,2,73835.0,73268.0,72770.0,73865.0,73865.0,4,0.0
41924,187.00,1509.00,5,10,10,2,65760.0,67984.0,61252.0,65757.0,65757.0,1,2227.0
41925,154.00,1384.00,5,10,10,2,29769.0,25388.0,25388.0,29769.0,29769.0,4,0.0
41926,187.00,1509.00,5,10,10,2,85769.0,91050.0,108181.0,85591.0,85591.0,2,22590.0
41927,206.00,1681.00,5,10,10,2,94730.0,99130.0,98631.0,94720.0,94720.0,1,4410.0
41928,187.00,1528.00,5,10,10,2,75097.0,77333.0,68846.0,75097.0,75097.0,1,2236.0
41929,216.00,1668.00,5,10,10,2,97657.0,97219.0,96699.0,97692.0,97657.0,3,35.0
41930,154.00,1403.00,5,10,10,2,38436.0,28168.0,35403.0,38436.0,38431.0,0,5.0
41931,187.00,1509.00,5,10,10,2,97983.0,96952.0,66669.0,97983.0,97983.0,4,0.0
41932,154.00,1462.00,5,10,10,2,111284.0,90049.0,90295.0,111290.0,111284.0,3,6.0
41933,154.00,1394.00,5,10,10,2,57371.0,36941.0,36941.0,57371.0,57372.0,4,0.0
41934,187.00,1509.00,5,10,10,2,75954.0,75946.0,105030.0,75954.0,75954.0,2,29076.0
41935,154.00,1542.00,5,10,10,2,102969.0,102427.0,102427.0,102969.0,102967.0,0,2.0
41936,154.00,1384.00,5,10,10,2,72387.0,79596.0,79596.0,72387.0,72387.0,1,7209.0
41937,187.00,1509.00,5,10,10,2,90057.0,90850.0,85166.0,90056.0,90057.0,1,793.0
41938,154.00,1394.00,5,10,10,2,72296.0,69742.0,69742.0,72296.0,72296.0,4,0.0
41939,206.00,1603.00,5,10,10,2,43674.0,43077.0,42576.0,43674.0,43674.0,4,0.0
41940,154.00,1384.00,5,10,10,2,95558.0,74846.0,74846.0,95558.0,95558.0,4,0.0
41941,216.00,1655.00,5,10,10,2,94951.0,94420.0,93919.0,94951.0,94951.0,4,0.0
41942,154.00,1280.00,4,11,10,2,46893.0,52005.0,52005.0,46902.0,46902.0,1,5103.0
41943,187.00,1509.00,5,10,10,2,63463.0,62925.0,57858.0,63455.0,63455.0,0,8.0
41944,216.00,1662.00,5,10,10,2,109431.0,108979.0,108480.0,109435.0,109431.0,3,4.0
41945,187.00,1509.00,5,10,10,2,87930.0,87827.0,104091.0,87932.0,87932.0,2,16159.0
41946,187.00,1667.00,5,10,10,2,73004.0,78590.0,80728.0,73004.0,73004.0,2,7724.0
41947,187.00,1676.00,5,10,10,2,105538.0,111669.0,89947.0,105548.0,105548.0,1,6121.0
41948,216.00,1655.00,5,10,10,2,111859.0,112488.0,111987.0,111859.0,111857.0,1,631.0
41949,187.00,1509.00,5,10,10,2,54857.0,52111.0,46031.0,54857.0,54857.0,4,0.0
41950,206.00,1603.00,5,10,10,2,64193.0,65382.0,64881.0,64193.0,64193.0,1,1189.0
41951,187.00,1518.00,5,10,10,2,65290.0,64762.0,77431.0,65290.0,65290.0,2,12141.0
41952,154.00,1384.00,5,10,10,2,52382.0,55364.0,55364.0,52382.0,52382.0,1,2982.0
41953,216.00,1655.00,5,10,10,2,122029.0,123839.0,123341.0,122029.0,122029.0,1,1810.0
41954,206.00,1603.00,5,10,10,2,68896.0,68592.0,68093.0,68896.0,68896.0,4,0.0
41955,206.00,1681.00,5,10,10,2,86834.0,91671.0,91172.0,86820.0,86834.0,1,4837.0
41956,187.00,1516.00,5,10,10,2,97432.0,98052.0,93556.0,97422.0,97432.0,1,620.0
41957,206.00,1603.00,5,10,10,2,93253.0,92549.0,92048.0,93247.0,93253.0,4,0.0
41958,187.00,1667.00,5,10,10,2,107514.0,112235.0,76459.0,107514.0,107515.0,1,4720.0
41959,154.00,1474.00,5,10,10,2,83305.0,87932.0,87932.0,83309.0,83309.0,1,4623.0
41960,154.00,1391.00,5,10,10,2,57437.0,53422.0,53422.0,57437.0,57437.0,4,0.0
41961,187.00,1528.00,5,10,10,2,74438.0,79113.0,72587.0,74438.0,74443.0,1,4670.0
41962,154.00,1384.00,5,10,10,2,78311.0,63961.0,63961.0,78319.0,78311.0,3,8.0
41963,154.00,1542.00,5,10,10,2,60755.0,62537.0,62537.0,60755.0,60755.0,1,1782.0
41964,216.00,1662.00,5,10,10,2,97338.0,96977.0,96478.0,97347.0,97347.0,4,0.0
41965,187.00,1509.00,5,10,10,2,103184.0,103178.0,104931.0,103176.0,103176.0,2,1755.0
41966,187.00,1509.00,5,10,10,2,54558.0,54031.0,54812.0,54552.0,54552.0,2,260.0
41967,154.00,1384.00,5,10,10,2,99327.0,61799.0,61799.0,99327.0,99327.0,4,0.0
41968,154.00,1394.00,5,10,10,2,71286.0,49758.0,49758.0,71288.0,71286.0,3,2.0
41969,154.00,1391.00,5,10,10,2,91892.0,64485.0,64485.0,91892.0,91899.0,4,0.0
41970,187.00,1509.00,5,10,10,2,95130.0,97488.0,89118.0,95122.0,95122.0,1,2366.0
41971,216.00,1674.00,5,10,10,2,120021.0,120677.0,120176.0,120021.0,120021.0,1,656.0
41972,154.00,1391.00,5,10,10,2,57521.0,58012.0,58012.0,57521.0,57521.0,1,491.0
41973,154.00,1393.00,5,10,10,2,119994.0,104443.0,104443.0,119985.0,119994.0,4,0.0
41974,206.00,1613.00,5,10,10,2,126336.0,127293.0,126795.0,126326.0,126336.0,1,957.0
41975,187.00,1516.00,5,10,10,2,129235.0,130371.0,111645.0,129237.0,129235.0,1,1136.0
41976,154.00,1384.00,5,10,10,2,23017.0,35306.0,35306.0,23017.0,23017.0,1,12289.0
41977,216.00,1674.00,5,10,10,2,135915.0,134603.0,134103.0,135919.0,135915.0,3,4.0
41978,187.00,1667.00,5,10,10,2,63187.0,68713.0,69398.0,63187.0,63194.0,2,6204.0
41979,206.00,1603.00,5,10,10,2,69757.0,68064.0,67567.0,69751.0,69751.0,0,6.0
41980,154.00,1394.00,5,10,10,2,37485.0,34956.0,34956.0,37485.0,37485.0,4,0.0
41981,206.00,1613.00,5,10,10,2,100085.0,100673.0,100175.0,100085.0,100074.0,1,599.0
41982,154.00,1384.00,5,10,10,2,56229.0,70032.0,70032.0,56220.0,56229.0,1,13803.0
41983,154.00,1384.00,5,10,10,2,33374.0,50062.0,50062.0,33374.0,33374.0,1,16688.0
41984,187.00,1509.00,5,10,10,2,90949.0,92052.0,90529.0,90949.0,90950.0,1,1102.0
41985,154.00,1384.00,5,10,10,2,83105.0,70990.0,70990.0,83105.0,83105.0,4,0.0
41986,206.00,1603.00,5,10,10,2,113385.0,114053.0,113552.0,113385.0,113387.0,1,666.0
41987,154.00,1462.00,5,10,10,2,68574.0,66437.0,66680.0,68574.0,68574.0,4,0.0
41988,206.00,1613.00,5,10,10,2,107974.0,110846.0,110345.0,107974.0,107968.0,1,2878.0
41989,154.00,1394.00,5,10,10,2,47058.0,44906.0,44906.0,47058.0,47049.0,0,9.0
41990,187.00,1509.00,5,10,10,2,74074.0,75966.0,70101.0,74074.0,74074.0,1,1892.0
41991,216.00,1655.00,5,10,10,2,75710.0,75108.0,74607.0,75717.0,75717.0,4,0.0
41992,187.00,1404.00,5,11,10,2,71746.0,71239.0,65430.0,71752.0,71746.0,3,6.0
41993,206.00,1681.00,5,10,10,2,73933.0,78364.0,77866.0,73919.0,73919.0,1,4445.0
41994,154.00,1394.00,5,10,10,2,49921.0,47498.0,47498.0,49927.0,49921.0,3,6.0
41995,187.00,1509.00,5,10,10,2,108083.0,105353.0,87019.0,108083.0,108090.0,4,0.0
41996,206.00,1607.00,5,10,10,2,93727.0,93622.0,93091.0,93727.0,93759.0,4,0.0
41997,206.00,1606.00,5,10,10,2,64359.0,63330.0,62834.0,64354.0,64354.0,0,5.0
41998,187.00,1509.00,5,10,10,2,73192.0,77872.0,75579.0,73182.0,73182.0,1,4690.0
41999,187.00,1519.00,5,10,10,2,46453.0,45916.0,84241.0,46449.0,46453.0,2,37788.0
42000,216.00,1655.00,5,10,10,2,116016.0,116312.0,115811.0,116016.0,116014.0,1,298.0
42001,154.00,1384.00,5,10,10,2,63630.0,81440.0,81440.0,63625.0,63630.0,1,17810.0
42002,216.00,1655.00,5,10,10,2,102996.0,102476.0,101975.0,102996.0,102996.0,4,0.0
42003,187.00,1528.00,5,10,10,2,49845.0,49371.0,71188.0,49863.0,49845.0,2,21343.0
42004,154.00,1394.00,5,10,10,2,55074.0,64566.0,64566.0,55073.0,55073.0,1,9493.0
42005,216.00,1655.00,5,10,10,2,99226.0,98628.0,98130.0,99232.0,99226.0,3,6.0
42006,206.00,1613.00,5,10,10,2,85163.0,87738.0,87240.0,85160.0,85163.0,1,2575.0
42007,154.00,1542.00,5,10,10,2,63660.0,75156.0,75156.0,63648.0,63660.0,1,11496.0
42008,187.00,1509.00,5,10,10,2,77354.0,77031.0,100208.0,77321.0,77354.0,2,22854.0
42009,154.00,1384.00,5,10,10,2,38612.0,40527.0,40527.0,38612.0,38612.0,1,1915.0
42010,154.00,1390.00,5,10,10,2,73497.0,71224.0,71224.0,73497.0,73497.0,4,0.0
42011,154.00,1462.00,5,10,10,2,65836.0,77507.0,77723.0,65834.0,65834.0,2,11889.0
42012,206.00,1603.00,5,10,10,2,127104.0,127826.0,127325.0,127104.0,127104.0,1,722.0
42013,206.00,1681.00,5,10,10,2,130853.0,135791.0,135290.0,130849.0,130853.0,1,4938.0
42014,154.00,1384.00,5,10,10,2,62621.0,56661.0,56661.0,62621.0,62621.0,4,0.0
42015,154.00,1384.00,5,10,10,2,59702.0,73202.0,73202.0,59702.0,59702.0,1,13500.0
42016,187.00,1509.00,5,10,10,2,60327.0,59882.0,60789.0,60332.0,60327.0,2,462.0
42017,154.00,1384.00,5,10,10,2,30588.0,34480.0,34480.0,30588.0,30588.0,1,3892.0
42018,154.00,1462.00,5,10,10,2,71598.0,107724.0,107938.0,71598.0,71588.0,2,36350.0
42019,154.00,1397.00,5,10,10,2,36492.0,45595.0,45595.0,36492.0,36492.0,1,9103.0
42020,216.00,1655.00,5,10,10,2,105751.0,104979.0,104478.0,105751.0,105752.0,4,0.0
42021,206.00,1613.00,5,10,10,2,70517.0,70273.0,69772.0,70515.0,70515.0,0,2.0
42022,154.00,1391.00,5,10,10,2,45556.0,65385.0,65385.0,45556.0,45556.0,1,19829.0
42023,154.00,1384.00,5,10,10,2,94400.0,99177.0,99177.0,94402.0,94402.0,1,4775.0
42024,187.00,1528.00,5,10,10,2,102228.0,101605.0,113396.0,102228.0,102229.0,2,11167.0
42025,187.00,1509.00,5,10,10,2,98374.0,97285.0,110328.0,98374.0,98380.0,2,11948.0
42026,154.00,1462.00,5,10,10,2,65985.0,88430.0,88667.0,65996.0,65985.0,2,22682.0
42027,216.00,1655.00,5,10,10,2,98364.0,99146.0,98645.0,98361.0,98364.0,1,782.0
42028,216.00,1655.00,5,10,10,2,121267.0,121755.0,121254.0,121272.0,121272.0,1,483.0
42029,187.00,1518.00,5,10,10,2,83077.0,81371.0,110014.0,83082.0,83082.0,2,26932.0
42030,187.00,1399.00,4,11,10,2,31166.0,30802.0,30802.0,31166.0,31166.0,4,0.0
42031,154.00,1474.00,5,10,10,2,65308.0,78195.0,78195.0,65316.0,65308.0,1,12887.0
42032,154.00,1384.00,5,10,10,2,39825.0,34534.0,34534.0,39825.0,39825.0,4,0.0
42033,154.00,1384.00,5,10,10,2,84895.0,91057.0,91057.0,84895.0,84895.0,1,6162.0
42034,187.00,1516.00,5,10,10,2,102011.0,101620.0,106563.0,102011.0,102011.0,2,4552.0
42035,154.00,1403.00,5,10,10,2,39846.0,36781.0,33127.0,39836.0,39836.0,0,10.0
42036,154.00,1560.00,5,10,10,2,50200.0,55972.0,55972.0,50213.0,50200.0,1,5772.0
42037,216.00,1674.00,5,10,10,2,145342.0,148398.0,147898.0,145342.0,145342.0,1,3056.0
42038,187.00,1676.00,5,10,10,2,64423.0,69971.0,68324.0,64423.0,64423.0,1,5548.0
42039,154.00,1384.00,5,10,10,2,38656.0,39269.0,39269.0,38656.0,38656.0,1,613.0
42040,216.00,1665.00,5,10,10,2,91609.0,89689.0,89188.0,91609.0,91609.0,4,0.0
42041,154.00,1350.00,5,11,10,2,64432.0,74248.0,74248.0,64418.0,64432.0,1,9816.0
42042,154.00,1542.00,5,10,10,2,59817.0,66100.0,66100.0,59817.0,59826.0,1,6274.0
42043,154.00,1391.00,5,10,10,2,73195.0,43605.0,43605.0,73195.0,73204.0,4,0.0
42044,206.00,1613.00,5,10,10,2,76147.0,76078.0,75580.0,76142.0,76142.0,0,5.0
42045,187.00,1516.00,5,10,10,2,86258.0,87128.0,85887.0,86254.0,86254.0,1,874.0
42046,206.00,1693.00,5,10,10,2,86207.0,91458.0,90961.0,86207.0,86207.0,1,5251.0
42047,154.00,1280.00,4,11,10,2,30884.0,36844.0,36844.0,30873.0,30884.0,1,5960.0
42048,206.00,1603.00,5,10,10,2,101980.0,99293.0,98825.0,101981.0,101980.0,4,0.0
42049,187.00,1528.00,5,10,10,2,81545.0,81004.0,100946.0,81545.0,81538.0,2,19408.0
42050,154.00,1474.00,5,10,10,2,52078.0,65669.0,65669.0,52078.0,52078.0,1,13591.0
42051,216.00,1662.00,5,10,10,2,116406.0,115972.0,115471.0,116407.0,116406.0,4,0.0
42052,206.00,1603.00,5,10,10,2,126076.0,129274.0,128776.0,126069.0,126076.0,1,3198.0
42053,216.00,1655.00,5,10,10,2,93855.0,93485.0,92984.0,93855.0,93855.0,4,0.0
42054,206.00,1603.00,5,10,10,2,105373.0,107552.0,107053.0,105365.0,105373.0,1,2179.0
42055,154.00,1542.00,5,10,10,2,69330.0,78160.0,78160.0,69323.0,69330.0,1,8830.0
42056,206.00,1603.00,5,10,10,2,100850.0,100051.0,99550.0,100852.0,100852.0,4,0.0
42057,187.00,1509.00,5,10,10,2,126708.0,128851.0,87124.0,126709.0,126708.0,1,2143.0
42058,154.00,1391.00,5,10,10,2,38684.0,62200.0,62200.0,38674.0,38684.0,1,23516.0
42059,216.00,1674.00,5,10,10,2,126756.0,132078.0,131544.0,126600.0,126756.0,1,5322.0
42060,187.00,1523.00,5,10,10,2,80043.0,81439.0,42491.0,80043.0,80043.0,1,1396.0
42061,154.00,1403.00,5,10,10,2,35763.0,51989.0,52116.0,35763.0,35763.0,2,16353.0
42062,154.00,1542.00,5,10,10,2,91014.0,96813.0,96813.0,91027.0,91027.0,1,5786.0
42063,216.00,1551.00,4,11,10,2,81858.0,81641.0,81096.0,81858.0,81858.0,4,0.0
42064,187.00,1676.00,5,10,10,2,92186.0,97443.0,97042.0,92178.0,92178.0,1,5265.0
42065,216.00,1655.00,5,10,10,2,128629.0,129173.0,128675.0,128629.0,128636.0,1,537.0
42066,187.00,1528.00,5,10,10,2,59423.0,58986.0,72134.0,59423.0,59423.0,2,12711.0
42067,206.00,1610.00,5,10,10,2,53420.0,52352.0,51853.0,53426.0,53420.0,3,6.0
42068,187.00,1519.00,5,10,10,2,79240.0,79661.0,48284.0,79240.0,79240.0,1,421.0
42069,206.00,1603.00,5,10,10,2,74249.0,73927.0,73428.0,74246.0,74246.0,0,3.0
42070,154.00,1391.00,5,10,10,2,52023.0,62027.0,62027.0,52023.0,52019.0,1,10008.0
42071,154.00,1542.00,5,10,10,2,58591.0,63255.0,63255.0,58599.0,58599.0,1,4656.0
42072,216.00,1662.00,5,10,10,2,131246.0,132400.0,131899.0,131246.0,131246.0,1,1154.0
42073,206.00,1603.00,5,10,10,2,63422.0,62911.0,62410.0,63422.0,63422.0,4,0.0
42074,154.00,1542.00,5,10,10,2,99463.0,96734.0,96734.0,99463.0,99463.0,4,0.0
42075,206.00,1610.00,5,10,10,2,51432.0,50904.0,50403.0,51444.0,51444.0,4,0.0
42076,154.00,1280.00,4,11,10,2,73203.0,69930.0,69930.0,73208.0,73203.0,3,5.0
42077,216.00,1665.00,5,10,10,2,103120.0,102513.0,102015.0,103114.0,103114.0,0,6.0
42078,187.00,1516.00,5,10,10,2,87684.0,88193.0,83405.0,87677.0,87684.0,1,509.0
42079,206.00,1603.00,5,10,10,2,101837.0,102438.0,101937.0,101837.0,101837.0,1,601.0
42080,206.00,1693.00,5,10,10,2,95659.0,100968.0,100472.0,95645.0,95645.0,1,5323.0
42081,154.00,1384.00,5,10,10,2,80793.0,75832.0,75832.0,80793.0,80793.0,4,0.0
42082,154.00,1391.00,5,10,10,2,55069.0,56396.0,56396.0,55069.0,55069.0,1,1327.0
42083,154.00,1462.00,5,10,10,2,68673.0,113430.0,113644.0,68673.0,68670.0,2,44974.0
42084,154.00,1403.00,5,10,10,2,33707.0,46089.0,41391.0,33707.0,33707.0,1,12382.0
42085,206.00,1603.00,5,10,10,2,103020.0,104233.0,103735.0,103020.0,103030.0,1,1203.0
42086,154.00,1384.00,5,10,10,2,62170.0,46776.0,46776.0,62170.0,62170.0,4,0.0
42087,187.00,1509.00,5,10,10,2,95312.0,95730.0,96416.0,95319.0,95312.0,2,1104.0
42088,206.00,1681.00,5,10,10,2,84092.0,89473.0,88972.0,84092.0,84085.0,1,5388.0
42089,154.00,1560.00,5,10,10,2,64087.0,66178.0,66178.0,64087.0,64094.0,1,2084.0
42090,154.00,1560.00,5,10,10,2,66790.0,74396.0,74396.0,66787.0,66790.0,1,7606.0
42091,187.00,1509.00,5,10,10,2,74221.0,72171.0,78215.0,74232.0,74232.0,2,3983.0
42092,154.00,1394.00,5,10,10,2,62380.0,55493.0,55493.0,62380.0,62381.0,4,0.0
42093,154.00,1274.00,4,11,10,2,92001.0,78475.0,78475.0,92004.0,92004.0,4,0.0
42094,154.00,1542.00,5,10,10,2,48015.0,65156.0,65156.0,48015.0,48015.0,1,17141.0
42095,154.00,1542.00,5,10,10,2,44244.0,51297.0,51297.0,44244.0,44046.0,1,7251.0
42096,154.00,1462.00,5,10,10,2,67680.0,74820.0,75071.0,67680.0,67680.0,2,7391.0
42097,154.00,1357.00,5,11,10,2,69399.0,58343.0,58343.0,69401.0,69401.0,4,0.0
42098,154.00,1462.00,5,10,10,2,59564.0,60317.0,60524.0,59555.0,59555.0,2,969.0
42099,154.00,1462.00,5,10,10,2,95525.0,83768.0,84008.0,95525.0,95519.0,0,6.0
42100,154.00,1384.00,5,10,10,2,55801.0,79220.0,79220.0,55801.0,55801.0,1,23419.0
42101,154.00,1391.00,5,10,10,2,64294.0,64897.0,64897.0,64293.0,64293.0,1,604.0
42102,206.00,1603.00,5,10,10,2,100920.0,100225.0,99724.0,100920.0,100917.0,0,3.0
42103,187.00,1667.00,5,10,10,2,64082.0,69106.0,82187.0,64082.0,64082.0,2,18105.0
42104,216.00,1655.00,5,10,10,2,105760.0,105789.0,105294.0,105757.0,105757.0,1,32.0
42105,206.00,1603.00,5,10,10,2,91459.0,92034.0,91535.0,91459.0,91450.0,1,584.0
42106,154.00,1560.00,4,11,10,2,55094.0,61190.0,61190.0,55294.0,55294.0,1,5896.0
42107,154.00,1403.00,5,10,10,2,32771.0,25360.0,25353.0,32771.0,32771.0,4,0.0
42108,154.00,1474.00,5,10,10,2,76226.0,71808.0,71808.0,76226.0,76225.0,4,0.0
42109,154.00,1384.00,5,10,10,2,97856.0,85248.0,85248.0,97856.0,97856.0,4,0.0
42110,206.00,1603.00,5,10,10,2,74439.0,73832.0,73331.0,74434.0,74434.0,0,5.0
42111,206.00,1681.00,5,10,10,2,109085.0,114715.0,114216.0,109087.0,109087.0,1,5628.0
42112,216.00,1668.00,5,10,10,2,136979.0,135596.0,135070.0,136968.0,136968.0,0,11.0
42113,187.00,1516.00,5,10,10,2,90924.0,90562.0,53326.0,90928.0,90928.0,4,0.0
42114,187.00,1676.00,5,10,10,2,62211.0,67613.0,91249.0,62225.0,62225.0,2,29024.0
42115,216.00,1655.00,5,10,10,2,123562.0,123829.0,123331.0,123557.0,123557.0,1,272.0
42116,154.00,1542.00,5,10,10,2,88368.0,92250.0,92250.0,88368.0,88368.0,1,3882.0
42117,187.00,1509.00,5,10,10,2,93035.0,94429.0,79410.0,93035.0,93035.0,1,1394.0
42118,187.00,1509.00,5,10,10,2,81404.0,82128.0,95381.0,81402.0,81402.0,2,13979.0
42119,154.00,1462.00,5,10,10,2,87798.0,83672.0,83889.0,87798.0,87795.0,0,3.0
42120,216.00,1662.00,5,10,10,2,127853.0,124699.0,124198.0,127853.0,127853.0,4,0.0
42121,187.00,1509.00,5,10,10,2,67644.0,67771.0,55926.0,67644.0,67644.0,1,127.0
42122,154.00,1391.00,5,10,10,2,34544.0,30254.0,30254.0,34544.0,34557.0,4,0.0
42123,187.00,1509.00,5,10,10,2,112126.0,112701.0,86115.0,112124.0,112124.0,1,577.0
42124,206.00,1613.00,5,10,10,2,71714.0,71286.0,70785.0,71719.0,71714.0,3,5.0
42125,206.00,1610.00,5,10,10,2,104974.0,104149.0,103650.0,104971.0,104971.0,0,3.0
42126,216.00,1662.00,5,10,10,2,129224.0,129901.0,129400.0,129224.0,129224.0,1,677.0
42127,206.00,1603.00,5,10,10,2,60103.0,61284.0,60785.0,60103.0,60095.0,1,1189.0
42128,216.00,1655.00,5,10,10,2,88086.0,87600.0,87101.0,88086.0,88074.0,0,12.0
42129,154.00,1384.00,5,10,10,2,82324.0,48553.0,48553.0,82324.0,82324.0,4,0.0
42130,154.00,1384.00,5,10,10,2,75588.0,50280.0,50280.0,75588.0,75588.0,4,0.0
42131,206.00,1610.00,5,10,10,2,64751.0,63751.0,63252.0,64751.0,64751.0,4,0.0
42132,154.00,1384.00,5,10,10,2,76951.0,86324.0,86324.0,76951.0,76951.0,1,9373.0
42133,154.00,1542.00,5,10,10,2,59680.0,75393.0,75393.0,59683.0,59680.0,1,15713.0
42134,206.00,1610.00,5,10,10,2,79019.0,78846.0,78345.0,79019.0,79019.0,4,0.0
42135,154.00,1403.00,5,10,10,2,44311.0,39662.0,55168.0,44311.0,44319.0,2,10849.0
42136,154.00,1384.00,5,10,10,2,41538.0,52497.0,52497.0,41538.0,41538.0,1,10959.0
42137,216.00,1655.00,5,10,10,2,89060.0,88485.0,87986.0,89055.0,89055.0,0,5.0
42138,206.00,1603.00,5,10,10,2,113073.0,116308.0,115810.0,113073.0,113081.0,1,3227.0
42139,206.00,1613.00,5,10,10,2,82103.0,87664.0,87165.0,82103.0,82103.0,1,5561.0
42140,154.00,1462.00,5,10,10,2,53200.0,59146.0,59364.0,53205.0,53200.0,2,6164.0
42141,216.00,1662.00,5,10,10,2,118498.0,119383.0,118884.0,118498.0,118498.0,1,885.0
42142,154.00,1384.00,5,10,10,2,83305.0,88882.0,88882.0,83305.0,83305.0,1,5577.0
42143,206.00,1603.00,5,10,10,2,88480.0,89527.0,89026.0,88487.0,88487.0,1,1040.0
42144,187.00,1509.00,5,10,10,2,49500.0,49523.0,83082.0,49506.0,49506.0,2,33576.0
42145,154.00,1462.00,5,10,10,2,120911.0,108915.0,109148.0,120911.0,120914.0,4,0.0
42146,187.00,1667.00,5,10,10,2,106800.0,112318.0,111697.0,106790.0,106790.0,1,5528.0
42147,154.00,1407.00,5,10,10,2,24836.0,20319.0,20309.0,24836.0,24836.0,4,0.0
42148,154.00,1542.00,5,10,10,2,68483.0,74543.0,74543.0,68488.0,68488.0,1,6055.0
42149,154.00,1394.00,5,10,10,2,44434.0,44178.0,44178.0,44439.0,44439.0,4,0.0
42150,206.00,1613.00,5,10,10,2,103049.0,102350.0,101849.0,103051.0,103049.0,3,2.0
42151,216.00,1665.00,5,10,10,2,133590.0,134382.0,133881.0,133589.0,133589.0,1,793.0
42152,154.00,1394.00,5,10,10,2,80190.0,83630.0,83630.0,80190.0,80184.0,1,3446.0
42153,154.00,1542.00,5,10,10,2,81906.0,96057.0,96057.0,81906.0,81898.0,1,14159.0
42154,206.00,1607.00,5,10,10,2,99048.0,98545.0,98016.0,99048.0,99028.0,0,20.0
42155,216.00,1655.00,5,10,10,2,119315.0,120064.0,119566.0,119319.0,119319.0,1,745.0
42156,154.00,1394.00,5,10,10,2,71695.0,88752.0,88752.0,71697.0,71697.0,1,17055.0
42157,154.00,1403.00,5,10,10,2,51257.0,42359.0,28957.0,51257.0,51263.0,4,0.0
42158,216.00,1655.00,5,10,10,2,94458.0,93774.0,93273.0,94458.0,94458.0,4,0.0
42159,206.00,1610.00,5,10,10,2,52546.0,52043.0,51542.0,52550.0,52546.0,3,4.0
42160,206.00,1603.00,5,10,10,2,70562.0,70046.0,69545.0,70562.0,70566.0,4,0.0
42161,154.00,1384.00,5,10,10,2,75765.0,77052.0,77052.0,75725.0,75760.0,1,1292.0
42162,187.00,1516.00,5,10,10,2,99244.0,97819.0,77870.0,99243.0,99243.0,4,0.0
42163,154.00,1391.00,4,11,10,2,67926.0,60455.0,60455.0,67927.0,67927.0,4,0.0
42164,154.00,1384.00,5,10,10,2,77264.0,95305.0,95305.0,77268.0,77264.0,1,18041.0
42165,154.00,1462.00,5,10,10,2,63262.0,72736.0,72957.0,63262.0,63262.0,2,9695.0
42166,206.00,1603.00,5,10,10,2,104669.0,101864.0,101365.0,104674.0,104669.0,3,5.0
42167,187.00,1519.00,5,10,10,2,67667.0,67419.0,78553.0,67667.0,67667.0,2,10886.0
42168,206.00,1499.00,4,11,10,2,64729.0,64452.0,64009.0,64729.0,64729.0,4,0.0
42169,206.00,1610.00,5,10,10,2,96874.0,96529.0,96028.0,96872.0,96874.0,4,0.0
42170,187.00,1516.00,5,10,10,2,95642.0,101028.0,127361.0,95642.0,95642.0,2,31719.0
42171,216.00,1665.00,5,10,10,2,111429.0,110800.0,110299.0,111435.0,111435.0,4,0.0
42172,187.00,1509.00,5,10,10,2,73451.0,72845.0,80613.0,73453.0,73453.0,2,7160.0
42173,216.00,1655.00,5,10,10,2,82537.0,82053.0,81555.0,82537.0,82537.0,4,0.0
42174,206.00,1681.00,5,10,10,2,82291.0,86814.0,86315.0,82298.0,82298.0,1,4516.0
42175,154.00,1384.00,5,10,10,2,60691.0,58437.0,58437.0,60680.0,60691.0,4,0.0
42176,154.00,1384.00,5,10,10,2,41489.0,47647.0,47647.0,41489.0,41489.0,1,6158.0
42177,216.00,1662.00,5,10,10,2,117807.0,114693.0,114192.0,117807.0,117807.0,4,0.0
42178,154.00,1388.00,5,10,10,2,71199.0,44786.0,44786.0,71199.0,71199.0,4,0.0
42179,154.00,1462.00,5,10,10,2,98063.0,113501.0,113749.0,98063.0,98078.0,2,15671.0
42180,216.00,1665.00,5,10,10,2,122169.0,122511.0,122013.0,122169.0,122162.0,1,349.0
42181,154.00,1273.00,5,11,10,2,66820.0,65381.0,65381.0,66820.0,66820.0,4,0.0
42182,206.00,1681.00,5,10,10,2,64190.0,68592.0,68094.0,64196.0,64190.0,1,4402.0
42183,154.00,1384.00,5,10,10,2,64737.0,50735.0,50735.0,64737.0,64737.0,4,0.0
42184,154.00,1394.00,5,10,10,2,59502.0,58405.0,58405.0,59502.0,59511.0,4,0.0
42185,206.00,1603.00,5,10,10,2,54507.0,54095.0,53594.0,54497.0,54507.0,4,0.0
42186,154.00,1474.00,5,10,10,2,61597.0,64683.0,64683.0,61597.0,61597.0,1,3086.0
42187,154.00,1551.00,5,10,10,2,64599.0,59839.0,59839.0,64599.0,64600.0,4,0.0
42188,206.00,1610.00,5,10,10,2,73108.0,75243.0,74742.0,73103.0,73103.0,1,2140.0
42189,154.00,1542.00,5,10,10,2,54731.0,57635.0,57635.0,54731.0,54731.0,1,2904.0
42190,206.00,1681.00,5,10,10,2,65760.0,70156.0,69657.0,65754.0,65760.0,1,4396.0
42191,216.00,1655.00,5,10,10,2,87963.0,86640.0,86141.0,87969.0,87963.0,3,6.0
42192,154.00,1384.00,5,10,10,2,46532.0,51751.0,51751.0,46532.0,46523.0,1,5228.0
42193,187.00,1509.00,5,10,10,2,46503.0,45748.0,46448.0,46511.0,46503.0,3,8.0
42194,206.00,1505.00,5,11,10,2,95252.0,94714.0,94386.0,95241.0,95252.0,4,0.0
42195,187.00,1509.00,5,10,10,2,81932.0,82814.0,97653.0,81932.0,81932.0,2,15721.0
42196,216.00,1655.00,5,10,10,2,104399.0,101686.0,101187.0,104399.0,104408.0,4,0.0
42197,187.00,1667.00,5,10,10,2,73158.0,78503.0,99542.0,73171.0,73158.0,2,26384.0
42198,187.00,1509.00,5,10,10,2,50398.0,50012.0,74848.0,50398.0,50401.0,2,24447.0
42199,187.00,1516.00,5,10,10,2,104130.0,104002.0,77336.0,104134.0,104130.0,3,4.0
42200,154.00,1551.00,5,10,10,2,53213.0,58394.0,58394.0,53213.0,53227.0,1,5167.0
42201,206.00,1613.00,5,10,10,2,104036.0,105555.0,105056.0,104049.0,104049.0,1,1506.0
42202,216.00,1662.00,5,10,10,2,118231.0,122906.0,122405.0,118231.0,118226.0,1,4680.0
42203,206.00,1610.00,5,10,10,2,107665.0,107030.0,106531.0,107665.0,107665.0,4,0.0
42204,154.00,1462.00,5,10,10,2,81986.0,70085.0,70331.0,81986.0,81974.0,0,12.0
42205,216.00,1674.00,5,10,10,2,119132.0,119898.0,119397.0,119133.0,119133.0,1,765.0
42206,206.00,1622.00,5,10,10,2,79236.0,81427.0,80931.0,79248.0,79248.0,1,2179.0
42207,154.00,1560.00,5,10,10,2,53160.0,65452.0,65452.0,53160.0,53157.0,1,12295.0
42208,187.00,1519.00,5,10,10,2,52364.0,49936.0,36400.0,52354.0,52354.0,0,10.0
42209,187.00,1509.00,5,10,10,2,61059.0,60777.0,71639.0,61055.0,61059.0,2,10580.0
42210,206.00,1610.00,5,10,10,2,58574.0,57947.0,57448.0,58574.0,58574.0,4,0.0
42211,154.00,1462.00,5,10,10,2,58594.0,67200.0,67192.0,58598.0,58594.0,1,8606.0
42212,154.00,1384.00,5,10,10,2,80352.0,94315.0,94315.0,80352.0,80352.0,1,13963.0
42213,154.00,1462.00,5,10,10,2,48647.0,63747.0,63989.0,48638.0,48638.0,2,15351.0
42214,154.00,1542.00,5,10,10,2,72519.0,67666.0,67666.0,72519.0,72519.0,4,0.0
42215,154.00,1394.00,5,10,10,2,33770.0,36324.0,36324.0,33763.0,33770.0,1,2554.0
42216,206.00,1603.00,5,10,10,2,64064.0,66357.0,65859.0,64064.0,64064.0,1,2293.0
42217,216.00,1655.00,5,10,10,2,88482.0,88304.0,87768.0,88482.0,88449.0,0,33.0
42218,187.00,1676.00,5,10,10,2,74975.0,80445.0,106416.0,74964.0,74975.0,2,31441.0
42219,206.00,1603.00,5,10,10,2,38266.0,37660.0,37159.0,38266.0,38266.0,4,0.0
42220,154.00,1384.00,5,10,10,2,39635.0,30909.0,30909.0,39635.0,39635.0,4,0.0
42221,206.00,1681.00,5,10,10,2,106219.0,110725.0,110224.0,106219.0,106219.0,1,4506.0
42222,154.00,1462.00,5,10,10,2,53784.0,65094.0,65306.0,53784.0,53784.0,2,11522.0
42223,154.00,1542.00,5,10,10,2,82204.0,72315.0,72315.0,82204.0,82204.0,4,0.0
42224,154.00,1384.00,4,11,10,2,35067.0,43544.0,43544.0,35070.0,35070.0,1,8474.0
42225,154.00,1403.00,5,10,10,2,26656.0,26148.0,26158.0,26657.0,26657.0,4,0.0
42226,154.00,1384.00,5,10,10,2,70743.0,65165.0,65165.0,70743.0,70743.0,4,0.0
42227,206.00,1570.00,4,11,10,2,122973.0,128418.0,127877.0,122973.0,122973.0,1,5445.0
42228,187.00,1516.00,5,10,10,2,121264.0,124339.0,107892.0,121263.0,121263.0,1,3076.0
42229,216.00,1655.00,5,10,10,2,70871.0,70271.0,69770.0,70876.0,70876.0,4,0.0
42230,206.00,1610.00,5,10,10,2,92052.0,96557.0,96059.0,92052.0,92052.0,1,4505.0
42231,216.00,1655.00,5,10,10,2,89856.0,89322.0,88781.0,89865.0,89865.0,4,0.0
42232,154.00,1542.00,5,10,10,2,68583.0,61224.0,61224.0,68571.0,68583.0,4,0.0
42233,187.00,1528.00,5,10,10,2,52477.0,52021.0,48422.0,52472.0,52477.0,4,0.0
42234,187.00,1512.00,5,10,10,2,117647.0,116497.0,99874.0,117651.0,117651.0,4,0.0
42235,154.00,1474.00,5,10,10,2,65960.0,62779.0,62779.0,65960.0,65960.0,4,0.0
42236,216.00,1662.00,5,10,10,2,90879.0,90412.0,89911.0,90875.0,90879.0,4,0.0
42237,187.00,1667.00,5,10,10,2,100121.0,105494.0,134661.0,100124.0,100124.0,2,34537.0
42238,206.00,1681.00,5,10,10,2,60858.0,66115.0,65616.0,60862.0,60862.0,1,5253.0
42239,206.00,1603.00,5,10,10,2,78086.0,77376.0,76847.0,78115.0,78092.0,3,23.0
42240,216.00,1665.00,5,10,10,2,116543.0,116080.0,115579.0,116543.0,116543.0,4,0.0
42241,187.00,1667.00,5,10,10,2,81129.0,86327.0,105704.0,81133.0,81129.0,2,24575.0
42242,154.00,1462.00,5,10,10,2,79672.0,91290.0,91511.0,79672.0,79672.0,2,11839.0
42243,154.00,1384.00,5,10,10,2,46150.0,45816.0,45816.0,46150.0,46150.0,4,0.0
42244,206.00,1610.00,5,10,10,2,51063.0,50389.0,49890.0,51063.0,51049.0,0,14.0
42245,154.00,1391.00,5,10,10,2,75477.0,79172.0,79172.0,75477.0,75477.0,1,3695.0
42246,154.00,1394.00,5,10,10,2,75005.0,69362.0,69362.0,75005.0,75005.0,4,0.0
42247,154.00,1384.00,5,10,10,2,80263.0,72087.0,72087.0,80263.0,80263.0,4,0.0
42248,187.00,1405.00,4,11,10,2,94271.0,92862.0,104990.0,94271.0,94271.0,2,10719.0
42249,154.00,1384.00,5,10,10,2,72640.0,91653.0,91653.0,72640.0,72640.0,1,19013.0
42250,187.00,1509.00,5,10,10,2,115670.0,115900.0,107366.0,115670.0,115670.0,1,230.0
42251,187.00,1667.00,5,10,10,2,69325.0,74393.0,92272.0,69338.0,69338.0,2,22934.0
42252,206.00,1693.00,5,10,10,2,95139.0,99646.0,99149.0,95139.0,95148.0,1,4498.0
42253,154.00,1462.00,5,10,10,2,97944.0,98535.0,98744.0,97944.0,97944.0,2,800.0
42254,154.00,1542.00,5,10,10,2,73289.0,76900.0,76900.0,73289.0,73285.0,1,3615.0
42255,187.00,1519.00,5,10,10,2,81603.0,86103.0,81385.0,81603.0,81603.0,1,4500.0
42256,187.00,1667.00,5,10,10,2,68951.0,74008.0,105610.0,68951.0,68950.0,2,36660.0
42257,187.00,1516.00,5,10,10,2,80573.0,80341.0,66844.0,80573.0,80573.0,4,0.0
42258,216.00,1665.00,5,10,10,2,136656.0,139620.0,139119.0,136648.0,136648.0,1,2972.0
42259,154.00,1205.00,4,12,10,2,54945.0,56987.0,56987.0,54945.0,54945.0,1,2042.0
42260,154.00,1388.00,5,10,10,2,47918.0,81953.0,81953.0,47918.0,47918.0,1,34035.0
42261,206.00,1613.00,5,10,10,2,93533.0,94610.0,94112.0,93523.0,93523.0,1,1087.0
42262,154.00,1279.00,5,11,10,2,35834.0,21113.0,21113.0,35834.0,35834.0,4,0.0
42263,154.00,1384.00,5,10,10,2,68393.0,75577.0,75577.0,68393.0,68393.0,1,7184.0
42264,154.00,1394.00,5,10,10,2,49021.0,69004.0,69004.0,49019.0,49021.0,1,19983.0
42265,187.00,1528.00,5,10,10,2,93723.0,93157.0,68824.0,93723.0,93723.0,4,0.0
42266,154.00,1551.00,5,10,10,2,57741.0,56396.0,56396.0,57741.0,57746.0,4,0.0
42267,154.00,1384.00,5,10,10,2,47260.0,39790.0,39790.0,47260.0,47260.0,4,0.0
42268,154.00,1394.00,5,10,10,2,70217.0,49717.0,49717.0,70217.0,70217.0,4,0.0
42269,154.00,1384.00,5,10,10,2,60593.0,65074.0,65074.0,60593.0,60593.0,1,4481.0
42270,154.00,1384.00,5,10,10,2,55594.0,85355.0,85355.0,55594.0,55594.0,1,29761.0
42271,206.00,1603.00,5,10,10,2,80820.0,80218.0,79717.0,80823.0,80823.0,4,0.0
42272,187.00,1509.00,5,10,10,2,105244.0,106079.0,121728.0,105247.0,105247.0,2,16481.0
42273,154.00,1394.00,5,10,10,2,39060.0,57699.0,57699.0,39065.0,39065.0,1,18634.0
42274,154.00,1394.00,5,10,10,2,71331.0,72620.0,72620.0,71331.0,71331.0,1,1289.0
42275,216.00,1655.00,5,10,10,2,85289.0,85432.0,84934.0,85299.0,85289.0,1,143.0
42276,206.00,1610.00,5,10,10,2,89595.0,89109.0,88611.0,89595.0,89595.0,4,0.0
42277,216.00,1655.00,5,10,10,2,77090.0,76833.0,76332.0,77093.0,77093.0,4,0.0
42278,206.00,1622.00,5,10,10,2,76952.0,77294.0,76793.0,76954.0,76952.0,1,342.0
42279,187.00,1516.00,5,10,10,2,104001.0,103394.0,84735.0,104001.0,104001.0,4,0.0
42280,187.00,1509.00,5,10,10,2,76119.0,76423.0,82067.0,76121.0,76121.0,2,5946.0
42281,187.00,1516.00,5,10,10,2,95673.0,100320.0,104473.0,95673.0,95673.0,2,8800.0
42282,154.00,1474.00,5,10,10,2,62924.0,67271.0,67271.0,62924.0,62924.0,1,4347.0
42283,187.00,1667.00,5,10,10,2,99546.0,104168.0,83067.0,99546.0,99531.0,1,4637.0
42284,187.00,1516.00,5,10,10,2,62288.0,64216.0,72628.0,62299.0,62288.0,2,10340.0
42285,206.00,1626.00,5,10,10,2,64783.0,65663.0,65165.0,64772.0,64783.0,1,880.0
42286,154.00,1462.00,5,10,10,2,60082.0,60307.0,60299.0,60082.0,60077.0,1,230.0
42287,154.00,1384.00,5,10,10,2,45803.0,43372.0,43372.0,45803.0,45803.0,4,0.0
42288,154.00,1384.00,5,10,10,2,53306.0,58756.0,58756.0,53306.0,53306.0,1,5450.0
42289,154.00,1560.00,5,10,10,2,72426.0,68670.0,68670.0,72417.0,72417.0,0,9.0
42290,206.00,1603.00,5,10,10,2,101527.0,102385.0,101884.0,101527.0,101527.0,1,858.0
42291,216.00,1662.00,5,10,10,2,125520.0,126621.0,126120.0,125520.0,125522.0,1,1099.0
42292,154.00,1384.00,5,10,10,2,100582.0,85208.0,85208.0,100582.0,100582.0,4,0.0
42293,206.00,1613.00,5,10,10,2,108049.0,108890.0,108392.0,108042.0,108049.0,1,841.0
42294,154.00,1551.00,5,10,10,2,56503.0,59240.0,59240.0,56508.0,56503.0,1,2737.0
42295,206.00,1610.00,5,10,10,2,57860.0,57315.0,56816.0,57860.0,57860.0,4,0.0
42296,154.00,1384.00,5,10,10,2,88489.0,102522.0,102522.0,88489.0,88489.0,1,14033.0
42297,187.00,1509.00,5,10,10,2,78000.0,82698.0,75104.0,78006.0,78000.0,1,4698.0
42298,187.00,1509.00,5,10,10,2,90682.0,90451.0,95656.0,90682.0,90684.0,2,4972.0
42299,206.00,1613.00,5,10,10,2,129472.0,127710.0,127211.0,129472.0,129480.0,4,0.0
42300,154.00,1542.00,5,10,10,2,102231.0,111437.0,111437.0,102231.0,102231.0,1,9206.0
42301,154.00,1542.00,5,10,10,2,60531.0,88514.0,88514.0,60531.0,60531.0,1,27983.0
42302,216.00,1674.00,5,10,10,2,117314.0,122555.0,122059.0,117325.0,117314.0,1,5241.0
42303,187.00,1519.00,5,10,10,2,54352.0,56268.0,57189.0,54352.0,54352.0,2,2837.0
42304,206.00,1613.00,5,10,10,2,83432.0,84083.0,83585.0,83441.0,83441.0,1,642.0
42305,187.00,1441.00,4,11,10,2,29278.0,46643.0,53639.0,29278.0,29278.0,2,24361.0
42306,206.00,1693.00,5,10,10,2,87735.0,92254.0,91757.0,87725.0,87735.0,1,4519.0
42307,154.00,1542.00,5,10,10,2,59606.0,64552.0,64552.0,59616.0,59606.0,1,4946.0
42308,154.00,1464.00,5,10,10,2,77147.0,69725.0,69717.0,77147.0,77151.0,4,0.0
42309,154.00,1560.00,5,10,10,2,58773.0,67963.0,67963.0,58773.0,58773.0,1,9190.0
42310,187.00,1522.00,5,10,10,2,66841.0,66704.0,71101.0,66841.0,66841.0,2,4260.0
42311,216.00,1678.00,5,10,10,2,130058.0,131414.0,130944.0,130061.0,130058.0,1,1356.0
42312,187.00,1519.00,5,10,10,2,97037.0,101126.0,111534.0,97037.0,97035.0,2,14499.0
42313,206.00,1603.00,5,10,10,2,116690.0,117675.0,117177.0,116690.0,116690.0,1,985.0
42314,187.00,1509.00,5,10,10,2,73767.0,74927.0,86213.0,73767.0,73767.0,2,12446.0
42315,187.00,1509.00,5,10,10,2,53583.0,53017.0,61223.0,53582.0,53583.0,2,7640.0
42316,187.00,1528.00,5,10,10,2,90026.0,89440.0,72252.0,90026.0,90026.0,4,0.0
42317,206.00,1603.00,5,10,10,2,65056.0,69623.0,69124.0,65041.0,65041.0,1,4582.0
42318,187.00,1676.00,5,10,10,2,123326.0,128096.0,115656.0,123318.0,123326.0,1,4770.0
42319,154.00,1542.00,5,10,10,2,56657.0,66518.0,66518.0,56639.0,56657.0,1,9861.0
42320,154.00,1542.00,5,10,10,2,99727.0,94915.0,94915.0,99729.0,99729.0,4,0.0
42321,154.00,1542.00,5,10,10,2,69447.0,80436.0,80436.0,69447.0,69447.0,1,10989.0
42322,154.00,1273.00,5,11,10,2,69524.0,61133.0,61133.0,69524.0,69524.0,4,0.0
42323,216.00,1659.00,5,10,10,2,107853.0,107644.0,107177.0,107831.0,107831.0,0,22.0
42324,154.00,1391.00,5,10,10,2,56358.0,50206.0,50206.0,56358.0,56358.0,4,0.0
42325,154.00,1560.00,5,10,10,2,53715.0,70053.0,70053.0,53715.0,53710.0,1,16343.0
42326,187.00,1667.00,5,10,10,2,146235.0,152498.0,120657.0,146235.0,146241.0,1,6257.0
42327,187.00,1509.00,5,10,10,2,115262.0,115752.0,118245.0,115258.0,115258.0,2,2987.0
42328,154.00,1403.00,5,10,10,2,25618.0,19838.0,19831.0,25618.0,25618.0,4,0.0
42329,187.00,1516.00,5,10,10,2,79785.0,79937.0,87198.0,79781.0,79785.0,2,7413.0
42330,154.00,1283.00,4,11,10,2,56515.0,28278.0,28278.0,56515.0,56515.0,4,0.0
42331,187.00,1509.00,5,10,10,2,108743.0,108870.0,75759.0,108743.0,108743.0,1,127.0
42332,154.00,1394.00,5,10,10,2,55674.0,72085.0,72085.0,55674.0,55674.0,1,16411.0
42333,206.00,1622.00,5,10,10,2,80439.0,83749.0,83253.0,80439.0,80454.0,1,3295.0
42334,154.00,1403.00,5,10,10,2,35125.0,41388.0,38084.0,35130.0,35130.0,1,6258.0
42335,154.00,1384.00,5,10,10,2,34003.0,32410.0,32410.0,34003.0,34003.0,4,0.0
42336,154.00,1403.00,5,10,10,2,19800.0,29923.0,29916.0,19821.0,19800.0,1,10123.0
42337,187.00,1509.00,5,10,10,2,92910.0,92232.0,82519.0,92910.0,92910.0,4,0.0
42338,216.00,1662.00,5,10,10,2,111522.0,111665.0,111166.0,111522.0,111522.0,1,143.0
42339,206.00,1603.00,5,10,10,2,86765.0,91399.0,90901.0,86773.0,86773.0,1,4626.0
42340,216.00,1665.00,5,10,10,2,102389.0,106310.0,105809.0,102389.0,102389.0,1,3921.0
42341,206.00,1681.00,5,10,10,2,75885.0,81262.0,80761.0,75885.0,75885.0,1,5377.0
42342,154.00,1403.00,5,10,10,2,55129.0,59628.0,59754.0,55129.0,55128.0,2,4626.0
42343,206.00,1601.00,5,10,10,2,112925.0,112392.0,111845.0,112905.0,112930.0,4,0.0
42344,154.00,1394.00,5,10,10,2,31694.0,53274.0,53274.0,31694.0,31694.0,1,21580.0
42345,206.00,1606.00,5,10,10,2,101498.0,100969.0,100469.0,101472.0,101498.0,4,0.0
42346,154.00,1394.00,5,10,10,2,73564.0,62087.0,62087.0,73567.0,73567.0,4,0.0
42347,216.00,1655.00,5,10,10,2,57260.0,56668.0,56167.0,57260.0,57260.0,4,0.0
42348,206.00,1613.00,5,10,10,2,126174.0,127312.0,126811.0,126174.0,126174.0,1,1138.0
42349,187.00,1398.00,5,11,10,2,87283.0,80978.0,80978.0,87283.0,87275.0,0,8.0
42350,187.00,1667.00,5,10,10,2,66380.0,71550.0,71260.0,66379.0,66379.0,1,5171.0
42351,216.00,1677.00,5,10,10,2,127859.0,128773.0,128250.0,127880.0,127890.0,1,883.0
42352,154.00,1542.00,5,10,10,2,70996.0,66651.0,66651.0,70990.0,70990.0,0,6.0
42353,154.00,1560.00,5,10,10,2,75816.0,74364.0,74364.0,75816.0,75816.0,4,0.0
42354,154.00,1394.00,5,10,10,2,35385.0,35579.0,35579.0,35381.0,35385.0,1,194.0
42355,187.00,1516.00,5,10,10,2,82491.0,82667.0,86176.0,82490.0,82491.0,2,3685.0
42356,206.00,1613.00,5,10,10,2,73979.0,73681.0,73183.0,73979.0,73984.0,4,0.0
42357,187.00,1523.00,5,10,10,2,46822.0,45250.0,43813.0,46813.0,46822.0,4,0.0
42358,206.00,1603.00,5,10,10,2,84212.0,83719.0,83220.0,84212.0,84222.0,4,0.0
42359,216.00,1547.00,5,11,10,2,105885.0,105379.0,104803.0,105895.0,105913.0,4,0.0
42360,187.00,1671.00,5,10,10,2,80213.0,85680.0,109753.0,80215.0,80215.0,2,29538.0
42361,154.00,1384.00,5,10,10,2,66059.0,56986.0,56986.0,66059.0,66059.0,4,0.0
42362,187.00,1676.00,5,10,10,2,74349.0,79789.0,88994.0,74363.0,74349.0,2,14645.0
42363,206.00,1613.00,5,10,10,2,92772.0,93017.0,92516.0,92774.0,92774.0,1,243.0
42364,187.00,1509.00,5,10,10,2,63327.0,68582.0,77275.0,63328.0,63328.0,2,13947.0
42365,154.00,1384.00,5,10,10,2,48648.0,58914.0,58914.0,48648.0,48648.0,1,10266.0
42366,216.00,1662.00,5,10,10,2,105507.0,107300.0,106799.0,105507.0,105507.0,1,1793.0
42367,154.00,1403.00,5,10,10,2,39842.0,55593.0,40383.0,39842.0,39838.0,1,15755.0
42368,187.00,1516.00,5,10,10,2,56052.0,55437.0,77625.0,56052.0,56052.0,2,21573.0
42369,206.00,1603.00,5,10,10,2,114715.0,115929.0,115430.0,114709.0,114715.0,1,1214.0
42370,187.00,1509.00,5,10,10,2,51859.0,56719.0,61514.0,51859.0,51863.0,2,9651.0
42371,154.00,1542.00,5,10,10,2,78405.0,83573.0,83573.0,78405.0,78405.0,1,5168.0
42372,154.00,1564.00,5,10,10,2,65163.0,105550.0,105550.0,65175.0,65163.0,1,40387.0
42373,216.00,1655.00,5,10,10,2,81410.0,80913.0,80412.0,81410.0,81410.0,4,0.0
42374,154.00,1384.00,5,10,10,2,47874.0,52072.0,52072.0,47874.0,47874.0,1,4198.0
42375,187.00,1667.00,5,10,10,2,69018.0,74114.0,64049.0,69016.0,69016.0,1,5098.0
42376,154.00,1542.00,5,10,10,2,72655.0,81286.0,81286.0,72655.0,72655.0,1,8631.0
42377,154.00,1384.00,5,10,10,2,80297.0,62468.0,62468.0,80297.0,80297.0,4,0.0
42378,206.00,1613.00,5,10,10,2,58915.0,58742.0,58207.0,58943.0,58915.0,3,28.0
42379,206.00,1492.00,5,11,10,2,76017.0,75473.0,75847.0,76017.0,76017.0,4,0.0
42380,206.00,1681.00,5,10,10,2,103841.0,108450.0,107952.0,103844.0,103844.0,1,4606.0
42381,154.00,1551.00,5,10,10,2,54783.0,59915.0,59915.0,54783.0,54770.0,1,5145.0
42382,206.00,1603.00,5,10,10,2,85268.0,85641.0,85140.0,85268.0,85270.0,1,371.0
42383,154.00,1403.00,5,10,10,2,32881.0,33845.0,33838.0,32881.0,32881.0,1,964.0
42384,154.00,1542.00,5,10,10,2,68653.0,64779.0,64779.0,68653.0,68661.0,4,0.0
42385,187.00,1512.00,5,10,10,2,90279.0,92305.0,108979.0,90274.0,90274.0,2,18705.0
42386,216.00,1558.00,4,11,10,2,126693.0,127363.0,126826.0,126693.0,126693.0,1,670.0
42387,187.00,1519.00,5,10,10,2,72465.0,71907.0,69062.0,72465.0,72454.0,0,11.0
42388,187.00,1519.00,5,10,10,2,50720.0,50172.0,74731.0,50713.0,50720.0,2,24011.0
42389,216.00,1655.00,5,10,10,2,111849.0,111958.0,111457.0,111848.0,111849.0,1,109.0
42390,187.00,1404.00,5,11,10,2,74119.0,79350.0,62964.0,74119.0,74119.0,1,5231.0
42391,187.00,1528.00,5,10,10,2,57324.0,56691.0,61851.0,57319.0,57319.0,2,4532.0
42392,154.00,1384.00,5,10,10,2,41488.0,43854.0,43854.0,41488.0,41488.0,1,2366.0
42393,154.00,1384.00,5,10,10,2,83849.0,80960.0,80960.0,83849.0,83849.0,4,0.0
42394,154.00,1384.00,5,10,10,2,70213.0,61145.0,61145.0,70213.0,70213.0,4,0.0
42395,187.00,1516.00,5,10,10,2,70211.0,71897.0,72879.0,70207.0,70211.0,2,2668.0
42396,154.00,1391.00,5,10,10,2,68893.0,69247.0,69247.0,68884.0,68893.0,1,354.0
42397,206.00,1603.00,5,10,10,2,54617.0,54179.0,53678.0,54617.0,54615.0,0,2.0
42398,154.00,1394.00,5,10,10,2,28036.0,45839.0,45839.0,28036.0,28036.0,1,17803.0
42399,216.00,1665.00,5,10,10,2,93382.0,92833.0,92335.0,93382.0,93382.0,4,0.0
42400,206.00,1693.00,5,10,10,2,90289.0,96031.0,95531.0,90289.0,90289.0,1,5742.0
42401,187.00,1519.00,5,10,10,2,72290.0,74411.0,68762.0,72291.0,72291.0,1,2120.0
42402,216.00,1662.00,5,10,10,2,92433.0,95620.0,95121.0,92437.0,92437.0,1,3183.0
42403,154.00,1384.00,5,10,10,2,54396.0,55743.0,55743.0,54396.0,54396.0,1,1347.0
42404,154.00,1384.00,5,10,10,2,56117.0,69981.0,69981.0,56106.0,56117.0,1,13864.0
42405,206.00,1693.00,5,10,10,2,82614.0,88039.0,87538.0,82614.0,82614.0,1,5425.0
42406,154.00,1391.00,5,10,10,2,51426.0,53369.0,53369.0,51426.0,51426.0,1,1943.0
42407,154.00,1394.00,5,10,10,2,69361.0,64957.0,64957.0,69361.0,69361.0,4,0.0
42408,187.00,1563.00,5,11,10,2,76455.0,75907.0,126736.0,76455.0,76438.0,2,50298.0
42409,206.00,1610.00,5,10,10,2,92183.0,91521.0,91022.0,92178.0,92178.0,0,5.0
42410,216.00,1665.00,5,10,10,2,84903.0,84755.0,84257.0,84911.0,84911.0,4,0.0
42411,187.00,1676.00,5,10,10,2,101976.0,107583.0,111959.0,101976.0,101976.0,2,9983.0
42412,206.00,1681.00,5,10,10,2,63465.0,68785.0,68287.0,63474.0,63474.0,1,5311.0
42413,187.00,1676.00,5,10,10,2,72044.0,77619.0,80655.0,72030.0,72030.0,2,8625.0
42414,187.00,1516.00,5,10,10,2,77132.0,77707.0,82045.0,77133.0,77132.0,2,4913.0
42415,187.00,1509.00,5,10,10,2,99910.0,103549.0,84468.0,99910.0,99910.0,1,3639.0
42416,154.00,1542.00,5,10,10,2,77957.0,83269.0,83269.0,77957.0,77957.0,1,5312.0
42417,154.00,1542.00,5,10,10,2,64235.0,82815.0,82815.0,64235.0,64235.0,1,18580.0
42418,187.00,1528.00,5,10,10,2,77178.0,77743.0,79172.0,77178.0,77178.0,2,1994.0
42419,206.00,1613.00,5,10,10,2,100492.0,103507.0,103012.0,100488.0,100488.0,1,3019.0
42420,154.00,1394.00,5,10,10,2,54512.0,62638.0,62638.0,54515.0,54549.0,1,8089.0
42421,206.00,1681.00,5,10,10,2,69507.0,74904.0,74373.0,69484.0,69507.0,1,5397.0
42422,206.00,1607.00,4,11,10,2,95111.0,94502.0,94029.0,95148.0,95111.0,3,37.0
42423,154.00,1398.00,5,10,10,2,75985.0,57076.0,57076.0,75985.0,75985.0,4,0.0
42424,206.00,1613.00,5,10,10,2,91910.0,92471.0,91973.0,91911.0,91911.0,1,560.0
42425,187.00,1509.00,5,10,10,2,63938.0,63173.0,72527.0,63938.0,63938.0,2,8589.0
42426,154.00,1462.00,5,10,10,2,64616.0,68023.0,68015.0,64616.0,64616.0,1,3407.0
42427,206.00,1610.00,5,10,10,2,87657.0,88708.0,88209.0,87657.0,87657.0,1,1051.0
42428,187.00,1509.00,5,10,10,2,72020.0,71789.0,102510.0,72020.0,72021.0,2,30489.0
42429,154.00,1394.00,5,10,10,2,42149.0,22327.0,22327.0,42149.0,42149.0,4,0.0
42430,216.00,1655.00,5,10,10,2,120005.0,120125.0,119597.0,119997.0,120005.0,1,120.0
42431,187.00,1676.00,5,10,10,2,104443.0,108866.0,108465.0,104433.0,104433.0,1,4433.0
42432,187.00,1519.00,5,10,10,2,85039.0,84754.0,87940.0,85031.0,85031.0,2,2909.0
42433,206.00,1693.00,5,10,10,2,117175.0,121349.0,120853.0,117175.0,117187.0,1,4162.0
42434,154.00,1462.00,5,10,10,2,101124.0,115684.0,115902.0,101124.0,101124.0,2,14778.0
42435,206.00,1603.00,5,10,10,2,85720.0,85046.0,84548.0,85720.0,85728.0,4,0.0
42436,206.00,1610.00,5,10,10,2,42857.0,42343.0,41842.0,42865.0,42857.0,3,8.0
42437,216.00,1655.00,5,10,10,2,96578.0,98388.0,97890.0,96578.0,96578.0,1,1810.0
42438,206.00,1610.00,5,10,10,2,44484.0,43837.0,43338.0,44495.0,44484.0,3,11.0
42439,154.00,1384.00,5,10,10,2,106873.0,104870.0,104870.0,106873.0,106873.0,4,0.0
42440,154.00,1394.00,5,10,10,2,54186.0,34420.0,34420.0,54186.0,54186.0,4,0.0
42441,187.00,1509.00,5,10,10,2,77677.0,77764.0,100088.0,77677.0,77707.0,2,22381.0
42442,206.00,1603.00,5,10,10,2,92929.0,92617.0,92116.0,92929.0,92929.0,4,0.0
42443,154.00,1384.00,5,10,10,2,65362.0,56100.0,56100.0,65362.0,65362.0,4,0.0
42444,187.00,1516.00,5,10,10,2,58779.0,58318.0,91467.0,58781.0,58779.0,2,32688.0
42445,154.00,1384.00,5,10,10,2,95847.0,99295.0,99295.0,95847.0,95847.0,1,3448.0
42446,206.00,1603.00,5,10,10,2,76770.0,80679.0,80180.0,76764.0,76764.0,1,3915.0
42447,206.00,1681.00,5,10,10,2,89774.0,93783.0,93318.0,89805.0,89805.0,1,3978.0
42448,216.00,1662.00,5,10,10,2,147944.0,153546.0,153048.0,147939.0,147939.0,1,5607.0
42449,206.00,1681.00,5,10,10,2,82585.0,87988.0,87490.0,82574.0,82585.0,1,5403.0
42450,216.00,1662.00,5,10,10,2,83116.0,83981.0,83480.0,83119.0,83119.0,1,862.0
42451,206.00,1613.00,4,11,10,2,120922.0,121156.0,120565.0,120890.0,120890.0,1,266.0
42452,187.00,1516.00,5,10,10,2,115639.0,116344.0,90187.0,115629.0,115629.0,1,715.0
42453,216.00,1662.00,5,10,10,2,96169.0,95798.0,95297.0,96169.0,96168.0,4,0.0
42454,154.00,1384.00,5,10,10,2,49963.0,39616.0,39616.0,49963.0,49963.0,4,0.0
42455,154.00,1391.00,5,10,10,2,47481.0,39043.0,39043.0,47481.0,47496.0,4,0.0
42456,154.00,1560.00,5,10,10,2,61017.0,55817.0,55817.0,61017.0,61017.0,4,0.0
42457,154.00,1391.00,5,10,10,2,58482.0,63542.0,63542.0,58482.0,58482.0,1,5060.0
42458,187.00,1516.00,5,10,10,2,101565.0,102442.0,81346.0,101565.0,101569.0,1,873.0
42459,154.00,1403.00,5,10,10,2,53357.0,33754.0,48485.0,53368.0,53357.0,3,11.0
42460,206.00,1681.00,5,10,10,2,89510.0,95038.0,94490.0,89304.0,89292.0,1,5746.0
42461,206.00,1610.00,5,10,10,2,91138.0,91668.0,91167.0,91138.0,91138.0,1,530.0
42462,216.00,1662.00,5,10,10,2,101724.0,101130.0,100631.0,101721.0,101724.0,4,0.0
42463,206.00,1603.00,5,10,10,2,95588.0,96384.0,95883.0,95588.0,95585.0,1,799.0
42464,187.00,1516.00,5,10,10,2,50309.0,49821.0,33595.0,50309.0,50320.0,4,0.0
42465,187.00,1512.00,5,10,10,2,85549.0,85212.0,105130.0,85560.0,85549.0,2,19581.0
42466,154.00,1397.00,5,10,10,2,51553.0,42658.0,42658.0,51553.0,51548.0,0,5.0
42467,206.00,1681.00,5,10,10,2,109159.0,113694.0,113193.0,109159.0,109159.0,1,4535.0
42468,206.00,1603.00,5,10,10,2,89753.0,90423.0,89922.0,89758.0,89758.0,1,665.0
42469,154.00,1384.00,5,10,10,2,104178.0,71352.0,71352.0,104178.0,104178.0,4,0.0
42470,187.00,1398.00,5,11,10,2,58571.0,40301.0,40301.0,58571.0,58571.0,4,0.0
42471,206.00,1493.00,4,11,10,2,70803.0,72268.0,71895.0,70803.0,70803.0,1,1465.0
42472,187.00,1528.00,5,10,10,2,55770.0,55271.0,83366.0,55757.0,55770.0,2,27596.0
42473,216.00,1674.00,5,10,10,2,129516.0,130483.0,129986.0,129512.0,129512.0,1,971.0
42474,154.00,1391.00,5,10,10,2,46299.0,38026.0,38026.0,46306.0,46299.0,3,7.0
42475,187.00,1509.00,5,10,10,2,57802.0,58959.0,67289.0,57802.0,57796.0,2,9493.0
42476,206.00,1693.00,5,10,10,2,90887.0,96326.0,95826.0,90884.0,90887.0,1,5439.0
42477,206.00,1603.00,5,10,10,2,88795.0,88528.0,88029.0,88795.0,88795.0,4,0.0
42478,206.00,1613.00,5,10,10,2,87929.0,87544.0,87045.0,87919.0,87919.0,0,10.0
42479,154.00,1474.00,5,10,10,2,50292.0,58487.0,58487.0,50292.0,50292.0,1,8195.0
42480,154.00,1462.00,5,10,10,2,93362.0,105690.0,105910.0,93369.0,93369.0,2,12541.0
42481,154.00,1560.00,5,10,10,2,54313.0,59947.0,59947.0,54303.0,54303.0,1,5644.0
42482,216.00,1662.00,5,10,10,2,103875.0,103352.0,102853.0,103875.0,103878.0,4,0.0
42483,154.00,1384.00,5,10,10,2,66865.0,45698.0,45698.0,66865.0,66865.0,4,0.0
42484,187.00,1667.00,5,10,10,2,80128.0,85242.0,85904.0,80128.0,80111.0,2,5793.0
42485,206.00,1613.00,5,10,10,2,69362.0,69243.0,68742.0,69362.0,69365.0,4,0.0
42486,187.00,1516.00,5,10,10,2,99334.0,100815.0,93918.0,99339.0,99339.0,1,1476.0
42487,154.00,1391.00,5,10,10,2,55924.0,37939.0,37939.0,55920.0,55920.0,0,4.0
42488,216.00,1662.00,5,10,10,2,118243.0,118880.0,118381.0,118243.0,118243.0,1,637.0
42489,216.00,1658.00,5,10,10,2,116425.0,121261.0,120763.0,116425.0,116419.0,1,4842.0
42490,206.00,1603.00,5,10,10,2,80007.0,79487.0,78986.0,80007.0,80007.0,4,0.0
42491,187.00,1528.00,5,10,10,2,117095.0,117619.0,67243.0,117095.0,117095.0,1,524.0
42492,154.00,1398.00,5,10,10,2,70575.0,68552.0,68552.0,70571.0,70571.0,0,4.0
42493,187.00,1528.00,5,10,10,2,44833.0,44365.0,55984.0,44823.0,44823.0,2,11161.0
42494,216.00,1655.00,5,10,10,2,72030.0,69561.0,69060.0,72030.0,72024.0,0,6.0
42495,154.00,1391.00,5,10,10,2,72991.0,64456.0,64456.0,72991.0,72991.0,4,0.0
42496,154.00,1403.00,5,10,10,2,27936.0,20251.0,20379.0,27932.0,27936.0,4,0.0
42497,187.00,1519.00,5,10,10,2,39133.0,38520.0,34378.0,39133.0,39133.0,4,0.0
42498,154.00,1391.00,5,10,10,2,43374.0,24259.0,24259.0,43363.0,43374.0,4,0.0
42499,216.00,1665.00,5,10,10,2,75481.0,74978.0,74477.0,75481.0,75481.0,4,0.0
42500,154.00,1394.00,5,10,10,2,58260.0,52507.0,52507.0,58260.0,58260.0,4,0.0
42501,187.00,1509.00,5,10,10,2,68257.0,67563.0,52831.0,68257.0,68257.0,4,0.0
42502,187.00,1399.00,4,11,10,2,43477.0,43112.0,43112.0,43477.0,43477.0,4,0.0
42503,206.00,1613.00,5,10,10,2,113440.0,110750.0,110251.0,113452.0,113452.0,4,0.0
42504,154.00,1394.00,5,10,10,2,67512.0,56644.0,56644.0,67515.0,67515.0,4,0.0
42505,187.00,1676.00,5,10,10,2,93206.0,98947.0,116988.0,93206.0,93211.0,2,23777.0
42506,154.00,1403.00,5,10,10,2,44625.0,53936.0,53929.0,44634.0,44634.0,1,9302.0
42507,187.00,1509.00,5,10,10,2,80702.0,81342.0,89824.0,80702.0,80704.0,2,9120.0
42508,154.00,1551.00,5,10,10,2,55733.0,56332.0,56332.0,55733.0,55749.0,1,583.0
42509,206.00,1622.00,5,10,10,2,67367.0,69284.0,68788.0,67367.0,67367.0,1,1917.0
42510,187.00,1404.00,5,11,10,2,38136.0,37621.0,58916.0,38128.0,38136.0,2,20780.0
42511,187.00,1509.00,5,10,10,2,63784.0,67063.0,57655.0,63784.0,63784.0,1,3279.0
42512,216.00,1655.00,5,10,10,2,122002.0,123637.0,123136.0,122002.0,122005.0,1,1632.0
42513,216.00,1655.00,5,10,10,2,88608.0,88120.0,87622.0,88608.0,88608.0,4,0.0
42514,154.00,1542.00,5,10,10,2,73764.0,80362.0,80362.0,73764.0,73763.0,1,6599.0
42515,216.00,1655.00,5,10,10,2,81754.0,81211.0,80712.0,81763.0,81763.0,4,0.0
42516,206.00,1603.00,5,10,10,2,89864.0,90817.0,90316.0,89865.0,89865.0,1,952.0
42517,206.00,1613.00,5,10,10,2,80834.0,81005.0,80504.0,80834.0,80834.0,1,171.0
42518,154.00,1394.00,5,10,10,2,26040.0,32826.0,32826.0,26040.0,26039.0,1,6787.0
42519,187.00,1516.00,5,10,10,2,61500.0,63572.0,72936.0,61500.0,61500.0,2,11436.0
42520,206.00,1603.00,5,10,10,2,58764.0,58001.0,57503.0,58764.0,58764.0,4,0.0
42521,187.00,1528.00,5,10,10,2,83464.0,83807.0,68549.0,83454.0,83454.0,1,353.0
42522,206.00,1622.00,5,10,10,2,73307.0,72734.0,72233.0,73307.0,73315.0,4,0.0
42523,187.00,1516.00,5,10,10,2,87027.0,87907.0,85585.0,87027.0,87027.0,1,880.0
42524,216.00,1674.00,5,10,10,2,124315.0,124962.0,124461.0,124315.0,124315.0,1,647.0
42525,206.00,1609.00,5,10,10,2,103406.0,103863.0,103365.0,103384.0,103406.0,1,457.0
42526,187.00,1560.00,4,11,10,2,128379.0,133840.0,96611.0,128379.0,128379.0,1,5461.0
42527,154.00,1391.00,5,10,10,2,57718.0,64809.0,64809.0,57718.0,57714.0,1,7095.0
42528,154.00,1542.00,5,10,10,2,66321.0,71476.0,71476.0,66321.0,66321.0,1,5155.0
42529,206.00,1603.00,5,10,10,2,40710.0,39960.0,39462.0,40702.0,40710.0,4,0.0
42530,216.00,1662.00,5,10,10,2,120035.0,119783.0,119282.0,120034.0,120034.0,4,0.0
42531,187.00,1528.00,5,10,10,2,57086.0,56583.0,54656.0,57086.0,57086.0,4,0.0
42532,216.00,1655.00,5,10,10,2,122241.0,126214.0,125716.0,122234.0,122241.0,1,3973.0
42533,206.00,1603.00,5,10,10,2,46404.0,45877.0,45379.0,46404.0,46396.0,0,8.0
42534,187.00,1531.00,5,10,10,2,100907.0,105585.0,101239.0,100907.0,100910.0,1,4675.0
42535,154.00,1394.00,5,10,10,2,36194.0,21188.0,21188.0,36194.0,36194.0,4,0.0
42536,154.00,1391.00,5,10,10,2,60437.0,58882.0,58882.0,60429.0,60437.0,4,0.0
42537,187.00,1667.00,5,10,10,2,103021.0,108620.0,100755.0,103021.0,103011.0,1,5609.0
42538,206.00,1613.00,5,10,10,2,117427.0,122823.0,122324.0,117427.0,117427.0,1,5396.0
42539,216.00,1550.00,5,11,10,2,104845.0,104299.0,103751.0,104845.0,104831.0,0,14.0
42540,216.00,1655.00,5,10,10,2,126280.0,126915.0,126414.0,126280.0,126281.0,1,634.0
42541,206.00,1622.00,5,10,10,2,73747.0,76607.0,76110.0,73747.0,73741.0,1,2866.0
42542,154.00,1560.00,5,10,10,2,77764.0,83505.0,83505.0,77764.0,77764.0,1,5741.0
42543,206.00,1622.00,5,10,10,2,107960.0,108249.0,107753.0,107960.0,107946.0,1,303.0
42544,216.00,1674.00,5,10,10,2,131785.0,135807.0,135310.0,131776.0,131785.0,1,4022.0
42545,206.00,1613.00,5,10,10,2,62972.0,62617.0,62116.0,62967.0,62972.0,4,0.0
42546,154.00,1391.00,5,10,10,2,66139.0,44147.0,44147.0,66133.0,66133.0,0,6.0
42547,187.00,1671.00,5,10,10,2,93612.0,98885.0,96984.0,93612.0,93598.0,1,5287.0
42548,206.00,1693.00,5,10,10,2,111208.0,116590.0,116089.0,111208.0,111199.0,1,5391.0
42549,206.00,1610.00,5,10,10,2,49942.0,53180.0,52697.0,49888.0,49786.0,1,3394.0
42550,187.00,1528.00,5,10,10,2,103735.0,104311.0,73292.0,103743.0,103743.0,1,568.0
42551,154.00,1391.00,5,10,10,2,51306.0,57683.0,57683.0,51306.0,51298.0,1,6385.0
42552,187.00,1676.00,5,10,10,2,83553.0,88994.0,89030.0,83543.0,83543.0,2,5487.0
42553,206.00,1603.00,5,10,10,2,100233.0,101311.0,100810.0,100233.0,100233.0,1,1078.0
42554,206.00,1603.00,5,10,10,2,80509.0,85049.0,84551.0,80509.0,80501.0,1,4548.0
42555,206.00,1617.00,5,10,10,2,92483.0,92145.0,91676.0,92477.0,92506.0,4,0.0
42556,154.00,1388.00,5,10,10,2,58644.0,46338.0,46338.0,58644.0,58644.0,4,0.0
42557,154.00,1384.00,5,10,10,2,60120.0,59476.0,59476.0,60120.0,60120.0,4,0.0
42558,206.00,1613.00,5,10,10,2,85528.0,86391.0,85893.0,85534.0,85534.0,1,857.0
42559,206.00,1613.00,5,10,10,2,91839.0,91046.0,90548.0,91831.0,91839.0,4,0.0
42560,154.00,1391.00,5,10,10,2,57633.0,71067.0,71067.0,57631.0,57633.0,1,13434.0
42561,187.00,1516.00,5,10,10,2,93571.0,93137.0,118481.0,93571.0,93561.0,2,24920.0
42562,187.00,1509.00,5,10,10,2,52019.0,51558.0,66430.0,52024.0,52024.0,2,14406.0
42563,187.00,1519.00,5,10,10,2,60782.0,65872.0,83722.0,60782.0,60782.0,2,22940.0
42564,187.00,1667.00,5,10,10,2,95480.0,100517.0,96956.0,95480.0,95480.0,1,5037.0
42565,206.00,1693.00,5,10,10,2,115755.0,120350.0,119853.0,115755.0,115748.0,1,4602.0
42566,154.00,1462.00,5,10,10,2,70898.0,89123.0,89339.0,70898.0,70906.0,2,18433.0
42567,187.00,1509.00,5,10,10,2,84300.0,85347.0,90627.0,84295.0,84300.0,2,6327.0
42568,154.00,1474.00,5,10,10,2,68627.0,87107.0,87107.0,68627.0,68634.0,1,18473.0
42569,187.00,1516.00,5,10,10,2,64676.0,65853.0,46999.0,64676.0,64676.0,1,1177.0
42570,206.00,1603.00,5,10,10,2,79792.0,83955.0,83454.0,79792.0,79790.0,1,4165.0
42571,154.00,1273.00,5,11,10,2,51766.0,81266.0,81266.0,51766.0,51766.0,1,29500.0
42572,154.00,1551.00,5,10,10,2,57357.0,106076.0,106076.0,57353.0,57357.0,1,48719.0
42573,154.00,1382.00,5,10,10,2,36444.0,63127.0,63127.0,36444.0,36444.0,1,26683.0
42574,154.00,1391.00,5,10,10,2,79408.0,73260.0,73260.0,79408.0,79421.0,4,0.0
42575,187.00,1509.00,5,10,10,2,42730.0,41975.0,46378.0,42730.0,42730.0,2,3648.0
42576,187.00,1519.00,5,10,10,2,93117.0,92549.0,109611.0,93102.0,93102.0,2,16509.0
42577,216.00,1665.00,5,10,10,2,134658.0,131957.0,131456.0,134658.0,134658.0,4,0.0
42578,154.00,1384.00,5,10,10,2,73449.0,94130.0,94130.0,73449.0,73449.0,1,20681.0
42579,187.00,1516.00,5,10,10,2,103702.0,106934.0,99794.0,103702.0,103702.0,1,3232.0
42580,187.00,1509.00,5,10,10,2,112901.0,116262.0,62322.0,112901.0,112901.0,1,3361.0
42581,216.00,1674.00,5,10,10,2,74380.0,74232.0,73735.0,74388.0,74380.0,3,8.0
42582,206.00,1613.00,5,10,10,2,60278.0,59839.0,59341.0,60278.0,60278.0,4,0.0
42583,154.00,1391.00,5,10,10,2,65696.0,68974.0,68974.0,65696.0,65688.0,1,3286.0
42584,154.00,1394.00,5,10,10,2,67499.0,67554.0,67554.0,67499.0,67499.0,1,55.0
42585,206.00,1613.00,5,10,10,2,88889.0,92837.0,92336.0,88885.0,88885.0,1,3952.0
42586,154.00,1542.00,5,10,10,2,66382.0,91001.0,91001.0,66385.0,66385.0,1,24616.0
42587,154.00,1388.00,5,10,10,2,68855.0,100451.0,100451.0,68855.0,68855.0,1,31596.0
42588,206.00,1493.00,4,11,10,2,52256.0,51960.0,51515.0,52256.0,52256.0,4,0.0
42589,216.00,1655.00,5,10,10,2,94005.0,94258.0,93757.0,94005.0,94002.0,1,256.0
42590,154.00,1277.00,4,11,10,2,68508.0,61671.0,61671.0,68508.0,68492.0,0,16.0
42591,206.00,1681.00,5,10,10,2,66057.0,71448.0,70947.0,66048.0,66057.0,1,5391.0
42592,206.00,1610.00,5,10,10,2,73097.0,78028.0,77527.0,73097.0,73097.0,1,4931.0
42593,154.00,1279.00,5,11,10,2,72334.0,50312.0,50312.0,72334.0,72334.0,4,0.0
42594,206.00,1681.00,5,10,10,2,77412.0,81948.0,81447.0,77412.0,77412.0,1,4536.0
42595,206.00,1613.00,5,10,10,2,81037.0,81013.0,80515.0,81069.0,81065.0,3,4.0
42596,154.00,1384.00,5,10,10,2,42897.0,60408.0,60408.0,42897.0,42897.0,1,17511.0
42597,154.00,1384.00,5,10,10,2,61022.0,55466.0,55466.0,61022.0,61022.0,4,0.0
42598,206.00,1613.00,5,10,10,2,89887.0,90831.0,90333.0,89878.0,89887.0,1,944.0
42599,187.00,1667.00,5,10,10,2,68974.0,74153.0,77386.0,68991.0,68974.0,2,8412.0
42600,206.00,1681.00,5,10,10,2,89465.0,93856.0,93357.0,89465.0,89470.0,1,4386.0
42601,154.00,1474.00,5,10,10,2,85497.0,63568.0,63568.0,85497.0,85497.0,4,0.0
42602,154.00,1551.00,5,10,10,2,52896.0,55540.0,55540.0,52896.0,52896.0,1,2644.0
42603,206.00,1610.00,5,10,10,2,80153.0,79750.0,79251.0,80163.0,80163.0,4,0.0
42604,154.00,1551.00,5,10,10,2,62359.0,57715.0,57715.0,62359.0,62359.0,4,0.0
42605,206.00,1613.00,5,10,10,2,115584.0,116420.0,115922.0,115594.0,115594.0,1,826.0
42606,206.00,1610.00,5,10,10,2,56885.0,54674.0,54173.0,56884.0,56885.0,4,0.0
42607,154.00,1384.00,5,10,10,2,34038.0,35011.0,35011.0,34038.0,34038.0,1,973.0
42608,154.00,1551.00,5,10,10,2,55796.0,66863.0,66863.0,55786.0,55786.0,1,11077.0
42609,187.00,1509.00,5,10,10,2,120106.0,120513.0,110358.0,120106.0,120106.0,1,407.0
42610,216.00,1655.00,5,10,10,2,106446.0,105742.0,105241.0,106454.0,106446.0,3,8.0
42611,154.00,1394.00,5,10,10,2,61805.0,69733.0,69733.0,61805.0,61807.0,1,7926.0
42612,216.00,1655.00,5,10,10,2,90880.0,90313.0,89815.0,90884.0,90884.0,4,0.0
42613,187.00,1449.00,4,11,10,2,44857.0,44602.0,82044.0,44890.0,44890.0,2,37154.0
42614,187.00,1516.00,5,10,10,2,85645.0,86455.0,91792.0,85645.0,85650.0,2,6142.0
42615,216.00,1662.00,5,10,10,2,135438.0,137437.0,136936.0,135438.0,135438.0,1,1999.0
42616,206.00,1681.00,5,10,10,2,77941.0,82400.0,81899.0,77939.0,77939.0,1,4461.0
42617,187.00,1519.00,5,10,10,2,67897.0,65072.0,55894.0,67897.0,67889.0,0,8.0
42618,154.00,1394.00,5,10,10,2,39266.0,29314.0,29314.0,39263.0,39266.0,4,0.0
42619,154.00,1474.00,5,10,10,2,49055.0,58619.0,58619.0,49055.0,49067.0,1,9552.0
42620,154.00,1384.00,5,10,10,2,74155.0,70671.0,70671.0,74155.0,74155.0,4,0.0
42621,154.00,1462.00,5,10,10,2,91984.0,93070.0,93291.0,91997.0,91997.0,2,1294.0
42622,187.00,1516.00,5,10,10,2,90929.0,91205.0,118178.0,90923.0,90923.0,2,27255.0
42623,187.00,1509.00,5,10,10,2,68343.0,66171.0,97710.0,68344.0,68344.0,2,29366.0
42624,216.00,1662.00,5,10,10,2,124566.0,125802.0,125301.0,124566.0,124560.0,1,1242.0
42625,154.00,1542.00,4,11,10,2,69584.0,62458.0,62458.0,69584.0,69584.0,4,0.0
42626,154.00,1560.00,5,10,10,2,62336.0,67971.0,67971.0,62342.0,62336.0,1,5635.0
42627,187.00,1519.00,5,10,10,2,41312.0,40683.0,59480.0,41307.0,41307.0,2,18173.0
42628,206.00,1683.00,5,10,10,2,93581.0,99009.0,98492.0,93581.0,93607.0,1,5402.0
42629,154.00,1462.00,5,10,10,2,102771.0,103116.0,103340.0,102779.0,102771.0,2,569.0
42630,187.00,1398.00,5,11,10,2,64619.0,79952.0,79952.0,64619.0,64629.0,1,15323.0
42631,206.00,1681.00,5,10,10,2,109226.0,112850.0,112351.0,109226.0,109226.0,1,3624.0
42632,206.00,1613.00,5,10,10,2,92615.0,93605.0,93107.0,92623.0,92615.0,1,990.0
42633,187.00,1509.00,5,10,10,2,106712.0,108800.0,87897.0,106712.0,106709.0,1,2091.0
42634,206.00,1603.00,5,10,10,2,76003.0,75410.0,74911.0,75994.0,76003.0,4,0.0
42635,216.00,1551.00,4,11,10,2,89398.0,92752.0,92211.0,89398.0,89398.0,1,3354.0
42636,216.00,1662.00,5,10,10,2,117504.0,118100.0,117599.0,117504.0,117504.0,1,596.0
42637,216.00,1655.00,5,10,10,2,113227.0,113979.0,113478.0,113227.0,113224.0,1,755.0
42638,154.00,1462.00,5,10,10,2,91875.0,107263.0,107480.0,91887.0,91875.0,2,15605.0
42639,216.00,1665.00,5,10,10,2,125181.0,125523.0,125022.0,125184.0,125184.0,1,339.0
42640,154.00,1384.00,5,10,10,2,89229.0,68215.0,68215.0,89229.0,89229.0,4,0.0
42641,154.00,1542.00,5,10,10,2,74551.0,111035.0,111035.0,74551.0,74551.0,1,36484.0
42642,206.00,1492.00,5,11,10,2,93483.0,92936.0,92657.0,93478.0,93483.0,4,0.0
42643,206.00,1603.00,5,10,10,2,113133.0,113686.0,113185.0,113133.0,113133.0,1,553.0
42644,154.00,1384.00,5,10,10,2,86751.0,74667.0,74667.0,86751.0,86751.0,4,0.0
42645,187.00,1509.00,5,10,10,2,64393.0,69800.0,80222.0,64393.0,64382.0,2,15840.0
42646,216.00,1662.00,5,10,10,2,107014.0,106411.0,105912.0,107014.0,107009.0,0,5.0
42647,206.00,1603.00,5,10,10,2,95796.0,95190.0,94689.0,95796.0,95792.0,0,4.0
42648,216.00,1655.00,5,10,10,2,121303.0,122012.0,121513.0,121303.0,121303.0,1,709.0
42649,154.00,1542.00,5,10,10,2,70479.0,88702.0,88702.0,70480.0,70480.0,1,18222.0
42650,154.00,1384.00,5,10,10,2,66486.0,64245.0,64245.0,66486.0,66486.0,4,0.0
42651,187.00,1509.00,5,10,10,2,52769.0,52244.0,82739.0,52774.0,52774.0,2,29965.0
42652,154.00,1384.00,5,10,10,2,69420.0,53853.0,53853.0,69420.0,69420.0,4,0.0
42653,216.00,1662.00,5,10,10,2,132893.0,134680.0,134179.0,132893.0,132893.0,1,1787.0
42654,154.00,1391.00,5,10,10,2,58950.0,45840.0,45840.0,58948.0,58948.0,0,2.0
42655,187.00,1509.00,5,10,10,2,58258.0,56058.0,61523.0,58264.0,58264.0,2,3259.0
42656,154.00,1394.00,5,10,10,2,31425.0,29373.0,29373.0,31425.0,31425.0,4,0.0
42657,154.00,1542.00,5,10,10,2,66848.0,71915.0,71915.0,66860.0,66860.0,1,5055.0
42658,206.00,1610.00,5,10,10,2,58636.0,56163.0,55665.0,58631.0,58631.0,0,5.0
42659,187.00,1509.00,5,10,10,2,95266.0,96310.0,104709.0,95263.0,95263.0,2,9446.0
42660,216.00,1655.00,4,11,10,2,115344.0,120921.0,120377.0,115498.0,115344.0,1,5577.0
42661,187.00,1509.00,5,10,10,2,71008.0,73074.0,87045.0,71008.0,71006.0,2,16039.0
42662,154.00,1394.00,5,10,10,2,45608.0,43164.0,43164.0,45608.0,45608.0,4,0.0
42663,154.00,1384.00,5,10,10,2,85379.0,62500.0,62500.0,85379.0,85379.0,4,0.0
42664,206.00,1610.00,5,10,10,2,79360.0,79274.0,78773.0,79366.0,79366.0,4,0.0
42665,187.00,1509.00,5,10,10,2,126115.0,129019.0,112866.0,126115.0,126115.0,1,2904.0
42666,216.00,1655.00,5,10,10,2,136219.0,137369.0,136870.0,136219.0,136216.0,1,1153.0
42667,154.00,1551.00,5,10,10,2,50839.0,56313.0,56313.0,50849.0,50849.0,1,5464.0
42668,154.00,1394.00,5,10,10,2,69308.0,78109.0,78109.0,69306.0,69308.0,1,8801.0
42669,206.00,1681.00,5,10,10,2,76525.0,81931.0,81430.0,76516.0,76516.0,1,5415.0
42670,206.00,1613.00,5,10,10,2,94089.0,95498.0,94972.0,94105.0,94105.0,1,1393.0
42671,206.00,1603.00,5,10,10,2,102114.0,99090.0,98589.0,102117.0,102117.0,4,0.0
42672,154.00,1551.00,5,10,10,2,55206.0,60574.0,60574.0,55206.0,55212.0,1,5362.0
42673,187.00,1519.00,5,10,10,2,57866.0,57309.0,39761.0,57866.0,57866.0,4,0.0
42674,154.00,1384.00,5,10,10,2,89244.0,70133.0,70133.0,89244.0,89244.0,4,0.0
42675,187.00,1667.00,5,10,10,2,63251.0,68900.0,75575.0,63257.0,63257.0,2,12318.0
42676,206.00,1603.00,5,10,10,2,105134.0,106344.0,105843.0,105134.0,105134.0,1,1210.0
42677,154.00,1384.00,5,10,10,2,93185.0,80996.0,80996.0,93185.0,93185.0,4,0.0
42678,154.00,1394.00,5,10,10,2,75120.0,59135.0,59135.0,75120.0,75119.0,4,0.0
42679,206.00,1681.00,5,10,10,2,83662.0,89235.0,88690.0,83662.0,83662.0,1,5573.0
42680,206.00,1603.00,5,10,10,2,77292.0,77506.0,77007.0,77292.0,77285.0,1,221.0
42681,187.00,1516.00,5,10,10,2,66268.0,68354.0,71184.0,66268.0,66268.0,2,4916.0
42682,216.00,1655.00,5,10,10,2,95385.0,96410.0,95909.0,95385.0,95385.0,1,1025.0
42683,187.00,1519.00,5,10,10,2,63134.0,62597.0,97461.0,63134.0,63126.0,2,34335.0
42684,154.00,1391.00,5,10,10,2,29317.0,53984.0,53984.0,29303.0,29317.0,1,24667.0
42685,187.00,1667.00,5,10,10,2,104624.0,110961.0,111110.0,104635.0,104624.0,2,6486.0
42686,206.00,1681.00,5,10,10,2,95564.0,101049.0,100516.0,95753.0,95564.0,1,5485.0
42687,154.00,1384.00,5,10,10,2,63823.0,83913.0,83913.0,63823.0,63823.0,1,20090.0
42688,206.00,1613.00,5,10,10,2,127182.0,128148.0,127647.0,127182.0,127182.0,1,966.0
42689,187.00,1516.00,5,10,10,2,107700.0,105482.0,83404.0,107698.0,107700.0,4,0.0
42690,154.00,1384.00,5,10,10,2,46495.0,47545.0,47545.0,46495.0,46495.0,1,1050.0
42691,216.00,1658.00,5,10,10,2,129400.0,128499.0,128003.0,129400.0,129407.0,4,0.0
42692,216.00,1662.00,5,10,10,2,131912.0,134204.0,133660.0,131912.0,131912.0,1,2292.0
42693,216.00,1674.00,5,10,10,2,118057.0,117409.0,116913.0,118046.0,118046.0,0,11.0
42694,206.00,1493.00,4,11,10,2,53391.0,53083.0,52655.0,53391.0,53391.0,4,0.0
42695,154.00,1427.00,5,11,10,2,74022.0,106048.0,76868.0,74022.0,74029.0,1,32019.0
42696,187.00,1518.00,5,10,10,2,126216.0,127034.0,123237.0,126208.0,126216.0,1,818.0
42697,154.00,1394.00,5,10,10,2,56785.0,75362.0,75362.0,56796.0,56796.0,1,18566.0
42698,187.00,1509.00,5,10,10,2,85442.0,86301.0,74059.0,85442.0,85442.0,1,859.0
42699,154.00,1542.00,5,10,10,2,60331.0,72636.0,72636.0,60331.0,60324.0,1,12312.0
42700,154.00,1351.00,4,11,10,2,63173.0,54515.0,54515.0,63173.0,63173.0,4,0.0
42701,187.00,1509.00,5,10,10,2,92963.0,92432.0,109682.0,92968.0,92963.0,2,16719.0
42702,154.00,1394.00,5,10,10,2,63386.0,47961.0,47961.0,63386.0,63384.0,0,2.0
42703,154.00,1388.00,5,10,10,2,79733.0,80161.0,80161.0,79733.0,79733.0,1,428.0
42704,154.00,1384.00,5,10,10,2,82853.0,73730.0,73730.0,82853.0,82853.0,4,0.0
42705,206.00,1610.00,5,10,10,2,57303.0,56987.0,56486.0,57303.0,57303.0,4,0.0
42706,187.00,1509.00,5,10,10,2,58370.0,58194.0,86802.0,58363.0,58370.0,2,28432.0
42707,187.00,1676.00,5,10,10,2,62598.0,68100.0,73843.0,62593.0,62598.0,2,11245.0
42708,187.00,1516.00,5,10,10,2,91811.0,92858.0,86002.0,91811.0,91810.0,1,1048.0
42709,187.00,1667.00,5,10,10,2,138089.0,143435.0,141892.0,138089.0,138095.0,1,5340.0
42710,187.00,1509.00,5,10,10,2,37300.0,36776.0,47429.0,37300.0,37296.0,2,10133.0
42711,154.00,1560.00,5,10,10,2,72036.0,67225.0,67225.0,72043.0,72043.0,4,0.0
42712,206.00,1613.00,5,10,10,2,131356.0,132583.0,132085.0,131345.0,131345.0,1,1238.0
42713,187.00,1398.00,5,11,10,2,76573.0,87759.0,87759.0,76569.0,76569.0,1,11190.0
42714,187.00,1667.00,5,10,10,2,82047.0,87047.0,79921.0,82047.0,82047.0,1,5000.0
42715,187.00,1509.00,5,10,10,2,70530.0,70666.0,55937.0,70530.0,70525.0,1,141.0
42716,154.00,1388.00,5,10,10,2,91951.0,84123.0,84123.0,91958.0,91951.0,3,7.0
42717,154.00,1474.00,5,10,10,2,100568.0,97691.0,97691.0,100568.0,100568.0,4,0.0
42718,154.00,1384.00,4,11,10,2,60385.0,87319.0,87319.0,60387.0,60385.0,1,26934.0
42719,187.00,1519.00,5,10,10,2,44964.0,44472.0,34028.0,44953.0,44953.0,0,11.0
42720,154.00,1394.00,5,10,10,2,47068.0,48897.0,48897.0,47068.0,47068.0,1,1829.0
42721,206.00,1603.00,5,10,10,2,39711.0,39114.0,38616.0,39719.0,39719.0,4,0.0
42722,154.00,1384.00,5,10,10,2,57708.0,61484.0,61484.0,57708.0,57708.0,1,3776.0
42723,187.00,1516.00,5,10,10,2,100691.0,104206.0,93827.0,100691.0,100693.0,1,3513.0
42724,154.00,1384.00,5,10,10,2,48926.0,58680.0,58680.0,48926.0,48926.0,1,9754.0
42725,216.00,1664.00,5,10,10,2,117632.0,117540.0,117044.0,117629.0,117608.0,0,24.0
42726,206.00,1603.00,5,10,10,2,104214.0,104444.0,103945.0,104223.0,104214.0,1,230.0
42727,154.00,1551.00,5,10,10,2,57276.0,57673.0,57673.0,57295.0,57276.0,1,397.0
42728,154.00,1542.00,5,10,10,2,101606.0,100592.0,100592.0,101606.0,101606.0,4,0.0
42729,154.00,1384.00,5,10,10,2,77949.0,47211.0,47211.0,77949.0,77949.0,4,0.0
42730,206.00,1610.00,5,10,10,2,57541.0,57253.0,56754.0,57535.0,57535.0,0,6.0
42731,216.00,1674.00,5,10,10,2,85964.0,85453.0,84952.0,85964.0,85964.0,4,0.0
42732,154.00,1394.00,5,10,10,2,46591.0,46124.0,46124.0,46591.0,46593.0,4,0.0
42733,154.00,1384.00,5,10,10,2,56852.0,57067.0,57067.0,56852.0,56852.0,1,215.0
42734,216.00,1662.00,5,10,10,2,114625.0,114959.0,114460.0,114625.0,114625.0,1,334.0
42735,154.00,1542.00,5,10,10,2,76596.0,94081.0,94081.0,76597.0,76596.0,1,17485.0
42736,216.00,1665.00,5,10,10,2,109571.0,110704.0,110203.0,109571.0,109573.0,1,1131.0
42737,154.00,1394.00,5,10,10,2,57213.0,70876.0,70876.0,57213.0,57213.0,1,13663.0
42738,206.00,1610.00,5,10,10,2,89666.0,90193.0,89692.0,89663.0,89663.0,1,530.0
42739,216.00,1662.00,5,10,10,2,120996.0,121382.0,120883.0,121007.0,121007.0,1,375.0
42740,154.00,1384.00,5,10,10,2,92770.0,79248.0,79248.0,92770.0,92770.0,4,0.0
42741,187.00,1512.00,5,10,10,2,90565.0,90986.0,102422.0,90560.0,90560.0,2,11862.0
42742,187.00,1516.00,5,10,10,2,79076.0,79626.0,102188.0,79076.0,79077.0,2,23111.0
42743,154.00,1551.00,5,10,10,2,62033.0,66258.0,66258.0,62028.0,62033.0,1,4225.0
42744,154.00,1394.00,5,10,10,2,74463.0,76764.0,76764.0,74463.0,74463.0,1,2301.0
42745,216.00,1662.00,5,10,10,2,103959.0,103227.0,102728.0,103948.0,103959.0,4,0.0
42746,187.00,1676.00,5,10,10,2,109638.0,115278.0,111660.0,109623.0,109623.0,1,5655.0
42747,206.00,1610.00,5,10,10,2,83942.0,86392.0,85891.0,83942.0,83942.0,1,2450.0
42748,216.00,1655.00,5,10,10,2,66911.0,66422.0,65921.0,66909.0,66909.0,0,2.0
42749,154.00,1384.00,5,10,10,2,51833.0,62144.0,62144.0,51833.0,51833.0,1,10311.0
42750,187.00,1509.00,5,10,10,2,96698.0,97946.0,103869.0,96698.0,96698.0,2,7171.0
42751,154.00,1394.00,5,10,10,2,65649.0,75185.0,75185.0,65649.0,65650.0,1,9535.0
42752,154.00,1384.00,5,10,10,2,72676.0,71491.0,71491.0,72681.0,72681.0,4,0.0
42753,187.00,1516.00,5,10,10,2,107761.0,109127.0,113038.0,107761.0,107761.0,2,5277.0
42754,187.00,1676.00,5,10,10,2,113741.0,119933.0,113776.0,113741.0,113748.0,1,6185.0
42755,154.00,1384.00,5,10,10,2,67767.0,60714.0,60714.0,67767.0,67767.0,4,0.0
42756,154.00,1384.00,5,10,10,2,79459.0,70437.0,70437.0,79459.0,79459.0,4,0.0
42757,206.00,1693.00,5,10,10,2,89526.0,94820.0,94323.0,89526.0,89526.0,1,5294.0
42758,187.00,1667.00,5,10,10,2,58036.0,63033.0,68582.0,58018.0,58036.0,2,10546.0
42759,187.00,1516.00,5,10,10,2,76638.0,78160.0,95658.0,76637.0,76638.0,2,19020.0
42760,206.00,1603.00,5,10,10,2,38433.0,37683.0,37184.0,38421.0,38433.0,4,0.0
42761,187.00,1513.00,5,10,10,2,57961.0,56101.0,52340.0,57961.0,57961.0,4,0.0
42762,154.00,1384.00,5,10,10,2,63430.0,60617.0,60617.0,63430.0,63430.0,4,0.0
42763,154.00,1384.00,5,10,10,2,85046.0,80724.0,80724.0,85046.0,85046.0,4,0.0
42764,216.00,1662.00,5,10,10,2,117659.0,118388.0,117889.0,117665.0,117665.0,1,723.0
42765,206.00,1603.00,5,10,10,2,96114.0,97985.0,97487.0,96122.0,96114.0,1,1871.0
42766,206.00,1603.00,5,10,10,2,76937.0,76289.0,75788.0,76937.0,76937.0,4,0.0
42767,206.00,1493.00,4,11,10,2,54801.0,54444.0,54009.0,54801.0,54801.0,4,0.0
42768,154.00,1462.00,5,10,10,2,75086.0,74568.0,74560.0,75091.0,75091.0,4,0.0
42769,154.00,1384.00,5,10,10,2,60046.0,60956.0,60956.0,60046.0,60046.0,1,910.0
42770,187.00,1509.00,5,10,10,2,66677.0,65886.0,74335.0,66677.0,66680.0,2,7655.0
42771,154.00,1391.00,5,10,10,2,63330.0,39810.0,39810.0,63338.0,63330.0,3,8.0
42772,154.00,1542.00,5,10,10,2,50517.0,61298.0,61298.0,50509.0,50517.0,1,10781.0
42773,154.00,1384.00,5,10,10,2,90362.0,75670.0,75670.0,90362.0,90362.0,4,0.0
42774,187.00,1509.00,5,10,10,2,87088.0,86326.0,102560.0,87088.0,87088.0,2,15472.0
42775,154.00,1542.00,5,10,10,2,88222.0,100375.0,100375.0,88209.0,88222.0,1,12153.0
42776,154.00,1391.00,5,10,10,2,30988.0,38548.0,38548.0,30988.0,30978.0,1,7570.0
42777,216.00,1655.00,5,10,10,2,94563.0,96076.0,95577.0,94563.0,94556.0,1,1520.0
42778,206.00,1603.00,5,10,10,2,118475.0,119513.0,119015.0,118475.0,118475.0,1,1038.0
42779,154.00,1560.00,5,10,10,2,67277.0,75721.0,75721.0,67294.0,67294.0,1,8427.0
42780,206.00,1613.00,5,10,10,2,72646.0,72487.0,71989.0,72656.0,72656.0,4,0.0
42781,187.00,1509.00,5,10,10,2,45767.0,45286.0,50167.0,45763.0,45767.0,2,4400.0
42782,187.00,1519.00,5,10,10,2,62523.0,62023.0,39182.0,62523.0,62523.0,4,0.0
42783,187.00,1509.00,5,10,10,2,93462.0,94422.0,109494.0,93462.0,93460.0,2,16034.0
42784,206.00,1610.00,5,10,10,2,105534.0,104533.0,104034.0,105526.0,105526.0,0,8.0
42785,187.00,1516.00,5,10,10,2,119499.0,120179.0,80738.0,119499.0,119499.0,1,680.0
42786,154.00,1542.00,5,10,10,2,68217.0,83910.0,83910.0,68217.0,68210.0,1,15700.0
42787,154.00,1542.00,5,10,10,2,119344.0,81386.0,81386.0,119344.0,119349.0,4,0.0
42788,154.00,1384.00,5,10,10,2,23728.0,35644.0,35644.0,23728.0,23728.0,1,11916.0
42789,216.00,1665.00,5,10,10,2,122615.0,123738.0,123240.0,122630.0,122615.0,1,1123.0
42790,206.00,1613.00,5,10,10,2,73182.0,73019.0,72475.0,73182.0,73182.0,4,0.0
42791,187.00,1667.00,5,10,10,2,117167.0,123590.0,123189.0,117167.0,117167.0,1,6423.0
42792,154.00,1462.00,5,10,10,2,63033.0,53923.0,53918.0,63033.0,63033.0,4,0.0
42793,187.00,1667.00,5,10,10,2,87184.0,92200.0,90334.0,87177.0,87184.0,1,5016.0
42794,187.00,1516.00,5,10,10,2,117683.0,117880.0,120575.0,117683.0,117683.0,2,2892.0
42795,154.00,1384.00,5,10,10,2,72029.0,55790.0,55790.0,72029.0,72029.0,4,0.0
42796,154.00,1384.00,5,10,10,2,98234.0,71901.0,71901.0,98262.0,98262.0,4,0.0
42797,187.00,1528.00,5,10,10,2,60381.0,63501.0,66364.0,60381.0,60381.0,2,5983.0
42798,154.00,1394.00,5,10,10,2,52966.0,71681.0,71681.0,52962.0,52966.0,1,18715.0
42799,154.00,1384.00,5,10,10,2,80077.0,72085.0,72085.0,80077.0,80077.0,4,0.0
42800,187.00,1519.00,5,10,10,2,34754.0,34199.0,36095.0,34768.0,34754.0,2,1341.0
42801,154.00,1391.00,5,10,10,2,60030.0,66152.0,66152.0,60019.0,60019.0,1,6133.0
42802,154.00,1394.00,5,10,10,2,44277.0,34785.0,34785.0,44277.0,44277.0,4,0.0
42803,206.00,1681.00,5,10,10,2,103402.0,107829.0,107330.0,103407.0,103407.0,1,4422.0
42804,216.00,1662.00,5,10,10,2,118621.0,118904.0,118403.0,118621.0,118621.0,1,283.0
42805,206.00,1610.00,5,10,10,2,82016.0,84079.0,83578.0,82024.0,82024.0,1,2055.0
42806,206.00,1603.00,5,10,10,2,76775.0,76515.0,76038.0,76775.0,76775.0,4,0.0
42807,216.00,1655.00,5,10,10,2,103321.0,105184.0,104683.0,103321.0,103321.0,1,1863.0
42808,187.00,1509.00,5,10,10,2,101143.0,100045.0,82346.0,101140.0,101143.0,4,0.0
42809,154.00,1403.00,5,10,10,2,36025.0,29261.0,28957.0,36027.0,36027.0,4,0.0
42810,206.00,1603.00,5,10,10,2,71483.0,71339.0,70838.0,71483.0,71483.0,4,0.0
42811,187.00,1516.00,5,10,10,2,86401.0,87368.0,81054.0,86411.0,86401.0,1,967.0
42812,187.00,1519.00,5,10,10,2,83628.0,87809.0,87128.0,83642.0,83628.0,1,4181.0
42813,216.00,1662.00,5,10,10,2,131095.0,131914.0,131413.0,131100.0,131095.0,1,819.0
42814,187.00,1516.00,5,10,10,2,80438.0,81209.0,83639.0,80434.0,80438.0,2,3201.0
42815,154.00,1394.00,5,10,10,2,61575.0,58161.0,58161.0,61575.0,61579.0,4,0.0
42816,154.00,1403.00,5,10,10,2,56274.0,55497.0,55490.0,56274.0,56274.0,4,0.0
42817,187.00,1509.00,5,10,10,2,78996.0,81101.0,73535.0,78986.0,78996.0,1,2105.0
42818,206.00,1603.00,5,10,10,2,89654.0,90097.0,89596.0,89659.0,89659.0,1,438.0
42819,216.00,1655.00,5,10,10,2,121608.0,122257.0,121756.0,121608.0,121608.0,1,649.0
42820,154.00,1391.00,5,10,10,2,62260.0,75753.0,75753.0,62255.0,62260.0,1,13493.0
42821,216.00,1550.00,5,11,10,2,116313.0,115781.0,115236.0,116316.0,116316.0,4,0.0
42822,154.00,1542.00,5,10,10,2,85001.0,100422.0,100422.0,85001.0,85001.0,1,15421.0
42823,206.00,1603.00,5,10,10,2,82106.0,81487.0,80989.0,82106.0,82106.0,4,0.0
42824,187.00,1509.00,5,10,10,2,108374.0,106536.0,109614.0,108374.0,108374.0,2,1240.0
42825,187.00,1509.00,5,10,10,2,92189.0,92887.0,80522.0,92190.0,92189.0,1,698.0
42826,187.00,1509.00,5,10,10,2,64017.0,63774.0,78334.0,64019.0,64017.0,2,14317.0
42827,154.00,1394.00,5,10,10,2,58119.0,41190.0,41190.0,58112.0,58112.0,0,7.0
42828,154.00,1280.00,4,11,10,2,44530.0,48820.0,48820.0,44527.0,44530.0,1,4290.0
42829,187.00,1516.00,5,10,10,2,113667.0,114294.0,122360.0,113667.0,113665.0,2,8695.0
42830,187.00,1509.00,5,10,10,2,93969.0,93330.0,85470.0,93969.0,93960.0,0,9.0
42831,154.00,1391.00,5,10,10,2,46165.0,44423.0,44423.0,46165.0,46165.0,4,0.0
42832,187.00,1398.00,5,11,10,2,70324.0,70289.0,70289.0,70317.0,70317.0,0,7.0
42833,154.00,1542.00,5,10,10,2,55377.0,62953.0,62953.0,55377.0,55382.0,1,7571.0
42834,206.00,1603.00,5,10,10,2,81888.0,81736.0,81235.0,81892.0,81888.0,3,4.0
42835,154.00,1384.00,5,10,10,2,45759.0,36960.0,36960.0,45759.0,45759.0,4,0.0
42836,216.00,1662.00,5,10,10,2,103541.0,102748.0,102253.0,103558.0,103558.0,4,0.0
42837,154.00,1391.00,5,10,10,2,29583.0,39274.0,39274.0,29628.0,29595.0,1,9679.0
42838,154.00,1542.00,5,10,10,2,87465.0,77874.0,77874.0,87465.0,87465.0,4,0.0
42839,206.00,1684.00,5,10,10,2,73899.0,79345.0,78845.0,73931.0,73931.0,1,5414.0
42840,216.00,1662.00,5,10,10,2,111118.0,108578.0,108080.0,111114.0,111118.0,4,0.0
42841,216.00,1655.00,5,10,10,2,103916.0,103321.0,102780.0,103916.0,103885.0,0,31.0
42842,206.00,1603.00,5,10,10,2,53932.0,53301.0,52800.0,53932.0,53927.0,0,5.0
42843,187.00,1519.00,5,10,10,2,82816.0,82413.0,78491.0,82816.0,82808.0,0,8.0
42844,154.00,1394.00,5,10,10,2,48913.0,47064.0,47064.0,48917.0,48917.0,4,0.0
42845,206.00,1610.00,5,10,10,2,65189.0,64784.0,64245.0,65216.0,65216.0,4,0.0
42846,206.00,1681.00,5,10,10,2,69529.0,75277.0,74779.0,69541.0,69529.0,1,5748.0
42847,206.00,1610.00,5,10,10,2,73420.0,73326.0,72828.0,73427.0,73427.0,4,0.0
42848,206.00,1603.00,5,10,10,2,59611.0,58979.0,58481.0,59611.0,59611.0,4,0.0
42849,216.00,1655.00,5,10,10,2,120083.0,120929.0,120431.0,120083.0,120073.0,1,856.0
42850,216.00,1665.00,5,10,10,2,115430.0,120310.0,119785.0,115449.0,115430.0,1,4880.0
42851,206.00,1606.00,5,10,10,2,121855.0,121456.0,120958.0,121831.0,121831.0,0,24.0
42852,154.00,1474.00,5,10,10,2,51950.0,55064.0,55064.0,51950.0,51944.0,1,3120.0
42853,154.00,1384.00,5,10,10,2,76600.0,71607.0,71607.0,76600.0,76600.0,4,0.0
42854,206.00,1681.00,5,10,10,2,83173.0,87574.0,87073.0,83173.0,83173.0,1,4401.0
42855,216.00,1674.00,5,10,10,2,91411.0,90941.0,90440.0,91410.0,91411.0,4,0.0
42856,154.00,1462.00,5,10,10,2,119239.0,110315.0,110535.0,119239.0,119239.0,4,0.0
42857,216.00,1655.00,5,10,10,2,110112.0,107437.0,106938.0,110107.0,110112.0,4,0.0
42858,216.00,1550.00,5,11,10,2,115660.0,115120.0,114580.0,115660.0,115669.0,4,0.0
42859,206.00,1603.00,5,10,10,2,104814.0,104907.0,104406.0,104820.0,104814.0,1,93.0
42860,154.00,1462.00,5,10,10,2,78936.0,101226.0,101445.0,78936.0,78936.0,2,22509.0
42861,187.00,1528.00,5,10,10,2,75173.0,75484.0,62775.0,75173.0,75173.0,1,311.0
42862,154.00,1394.00,5,10,10,2,26241.0,42604.0,42604.0,26257.0,26202.0,1,16402.0
42863,206.00,1603.00,5,10,10,2,84793.0,88858.0,88360.0,84786.0,84786.0,1,4072.0
42864,187.00,1338.00,3,12,10,2,91944.0,89352.0,89339.0,91792.0,91792.0,0,152.0
42865,154.00,1384.00,5,10,10,2,85181.0,62068.0,62068.0,85181.0,85181.0,4,0.0
42866,206.00,1607.00,5,10,10,2,106978.0,106875.0,106380.0,106972.0,106978.0,4,0.0
42867,154.00,1542.00,5,10,10,2,65763.0,83739.0,83739.0,65752.0,65763.0,1,17976.0
42868,154.00,1462.00,5,10,10,2,86578.0,92229.0,92480.0,86578.0,86573.0,2,5907.0
42869,216.00,1655.00,5,10,10,2,119879.0,120554.0,120056.0,119879.0,119879.0,1,675.0
42870,206.00,1681.00,5,10,10,2,73763.0,78230.0,77729.0,73763.0,73763.0,1,4467.0
42871,154.00,1542.00,5,10,10,2,69716.0,73561.0,73561.0,69716.0,69716.0,1,3845.0
42872,154.00,1542.00,5,10,10,2,53100.0,59423.0,59423.0,53100.0,53100.0,1,6323.0
42873,206.00,1681.00,5,10,10,2,93452.0,98370.0,97904.0,93452.0,93452.0,1,4918.0
42874,206.00,1603.00,5,10,10,2,103031.0,107558.0,107059.0,103035.0,103035.0,1,4523.0
42875,187.00,1509.00,5,10,10,2,78014.0,77182.0,82901.0,78011.0,78014.0,2,4887.0
42876,206.00,1603.00,5,10,10,2,83410.0,84216.0,83715.0,83410.0,83411.0,1,805.0
42877,154.00,1462.00,5,10,10,2,80098.0,91669.0,91923.0,80098.0,80098.0,2,11825.0
42878,154.00,1462.00,5,10,10,2,57214.0,52979.0,52971.0,57212.0,57214.0,4,0.0
42879,154.00,1560.00,5,10,10,2,51506.0,57014.0,57014.0,51495.0,51506.0,1,5508.0
42880,154.00,1403.00,5,10,10,2,24216.0,38086.0,38079.0,24216.0,24202.0,1,13884.0
42881,206.00,1681.00,5,10,10,2,119229.0,124174.0,123673.0,119229.0,119229.0,1,4945.0
42882,154.00,1384.00,5,10,10,2,86801.0,77219.0,77219.0,86801.0,86801.0,4,0.0
42883,154.00,1462.00,5,10,10,2,88752.0,90899.0,91123.0,88752.0,88738.0,2,2385.0
42884,206.00,1603.00,5,10,10,2,62408.0,59123.0,58622.0,62408.0,62411.0,4,0.0
42885,216.00,1664.00,5,10,10,2,100754.0,100292.0,99798.0,100722.0,100726.0,0,28.0
42886,216.00,1655.00,5,10,10,2,97237.0,96648.0,96147.0,97234.0,97237.0,4,0.0
42887,216.00,1655.00,5,10,10,2,106643.0,105633.0,105132.0,106643.0,106640.0,0,3.0
42888,206.00,1617.00,5,10,10,2,47395.0,46303.0,45808.0,47378.0,47411.0,4,0.0
42889,187.00,1667.00,5,10,10,2,74820.0,80260.0,66732.0,74825.0,74825.0,1,5435.0
42890,154.00,1394.00,5,10,10,2,52609.0,39537.0,39537.0,52613.0,52609.0,3,4.0
42891,154.00,1384.00,4,11,10,2,36783.0,58773.0,58773.0,36783.0,36783.0,1,21990.0
42892,206.00,1603.00,5,10,10,2,86444.0,86020.0,85519.0,86441.0,86444.0,4,0.0
42893,154.00,1384.00,5,10,10,2,73583.0,79408.0,79408.0,73583.0,73583.0,1,5825.0
42894,187.00,1528.00,5,10,10,2,52239.0,49560.0,49609.0,52235.0,52235.0,0,4.0
42895,154.00,1384.00,5,10,10,2,84479.0,77500.0,77500.0,84479.0,84479.0,4,0.0
42896,187.00,1509.00,5,10,10,2,111937.0,112832.0,94677.0,111937.0,111937.0,1,895.0
42897,206.00,1681.00,5,10,10,2,96606.0,100960.0,100461.0,96606.0,96606.0,1,4354.0
42898,187.00,1509.00,5,10,10,2,76566.0,75912.0,66663.0,76560.0,76566.0,4,0.0
42899,154.00,1384.00,5,10,10,2,50092.0,35459.0,35459.0,50092.0,50092.0,4,0.0
42900,154.00,1474.00,5,10,10,2,106922.0,77631.0,77631.0,106922.0,106922.0,4,0.0
42901,187.00,1509.00,5,10,10,2,80294.0,79780.0,70482.0,80294.0,80294.0,4,0.0
42902,154.00,1384.00,5,10,10,2,74740.0,62497.0,62497.0,74740.0,74740.0,4,0.0
42903,154.00,1394.00,5,10,10,2,45819.0,53478.0,53478.0,45819.0,45825.0,1,7653.0
42904,216.00,1544.00,5,11,10,2,119285.0,118746.0,118271.0,119281.0,119281.0,0,4.0
42905,216.00,1655.00,5,10,10,2,84955.0,84380.0,83882.0,84955.0,84963.0,4,0.0
42906,216.00,1655.00,5,10,10,2,85858.0,85060.0,84559.0,85861.0,85858.0,3,3.0
42907,154.00,1474.00,5,10,10,2,64880.0,79238.0,79238.0,64880.0,64885.0,1,14353.0
42908,154.00,1403.00,5,10,10,2,40234.0,37064.0,40707.0,40237.0,40237.0,2,470.0
42909,206.00,1603.00,5,10,10,2,77211.0,76574.0,76076.0,77222.0,77211.0,3,11.0
42910,187.00,1516.00,5,10,10,2,65410.0,65317.0,93560.0,65409.0,65410.0,2,28150.0
42911,206.00,1610.00,5,10,10,2,84043.0,86917.0,86416.0,84041.0,84043.0,1,2874.0
42912,187.00,1441.00,4,11,10,2,67024.0,94386.0,56145.0,67024.0,67024.0,1,27362.0
42913,206.00,1610.00,5,10,10,2,90544.0,92406.0,91908.0,90555.0,90555.0,1,1851.0
42914,187.00,1513.00,5,10,10,2,55363.0,54851.0,34963.0,55360.0,55360.0,0,3.0
42915,187.00,1516.00,5,10,10,2,62748.0,64439.0,79657.0,62748.0,62748.0,2,16909.0
42916,187.00,1516.00,5,10,10,2,93598.0,92939.0,85508.0,93598.0,93598.0,4,0.0
42917,154.00,1462.00,5,10,10,2,77174.0,92716.0,92955.0,77178.0,77174.0,2,15781.0
42918,154.00,1384.00,5,10,10,2,43755.0,46874.0,46874.0,43755.0,43755.0,1,3119.0
42919,154.00,1384.00,5,10,10,2,92568.0,70830.0,70830.0,92568.0,92568.0,4,0.0
42920,206.00,1613.00,5,10,10,2,87271.0,88053.0,87555.0,87271.0,87278.0,1,775.0
42921,154.00,1560.00,5,10,10,2,48584.0,54527.0,54527.0,48584.0,48584.0,1,5943.0
42922,187.00,1516.00,5,10,10,2,96833.0,101460.0,117969.0,96833.0,96833.0,2,21136.0
42923,187.00,1519.00,5,10,10,2,77840.0,78645.0,87189.0,77840.0,77843.0,2,9346.0
42924,154.00,1542.00,5,10,10,2,89710.0,100569.0,100569.0,89702.0,89702.0,1,10867.0
42925,187.00,1518.00,5,10,10,2,122475.0,123259.0,115031.0,122472.0,122475.0,1,784.0
42926,154.00,1551.00,5,10,10,2,50387.0,54688.0,54688.0,50369.0,50387.0,1,4301.0
42927,206.00,1603.00,5,10,10,2,111981.0,111602.0,111101.0,111981.0,111981.0,4,0.0
42928,154.00,1384.00,5,10,10,2,46685.0,50014.0,50014.0,46685.0,46685.0,1,3329.0
42929,154.00,1384.00,5,10,10,2,62042.0,76007.0,76007.0,62042.0,62042.0,1,13965.0
42930,206.00,1603.00,5,10,10,2,72137.0,76987.0,76486.0,72143.0,72137.0,1,4850.0
42931,154.00,1384.00,5,10,10,2,82891.0,60039.0,60039.0,82891.0,82891.0,4,0.0
42932,154.00,1542.00,5,10,10,2,67927.0,64489.0,64489.0,67929.0,67929.0,4,0.0
42933,154.00,1384.00,5,10,10,2,68358.0,71681.0,71681.0,68358.0,68358.0,1,3323.0
42934,154.00,1391.00,5,10,10,2,55102.0,62230.0,62230.0,55090.0,55090.0,1,7140.0
42935,154.00,1384.00,5,10,10,2,35874.0,51288.0,51288.0,35874.0,35874.0,1,15414.0
42936,154.00,1554.00,5,10,10,2,67247.0,60463.0,60463.0,67258.0,67258.0,4,0.0
42937,206.00,1693.00,5,10,10,2,73803.0,79307.0,78807.0,73815.0,73803.0,1,5504.0
42938,187.00,1509.00,5,10,10,2,89696.0,89143.0,77980.0,89695.0,89696.0,4,0.0
42939,206.00,1683.00,5,10,10,2,118256.0,123657.0,123163.0,118232.0,118224.0,1,5433.0
42940,187.00,1516.00,5,10,10,2,85021.0,85627.0,85647.0,85016.0,85021.0,2,626.0
42941,216.00,1655.00,5,10,10,2,86558.0,86261.0,85763.0,86571.0,86571.0,4,0.0
42942,206.00,1610.00,5,10,10,2,51819.0,51091.0,50590.0,51818.0,51819.0,4,0.0
42943,187.00,1516.00,5,10,10,2,86394.0,85792.0,99015.0,86394.0,86394.0,2,12621.0
42944,154.00,1551.00,5,10,10,2,92000.0,94851.0,94851.0,91994.0,92000.0,1,2851.0
42945,206.00,1603.00,5,10,10,2,88526.0,88016.0,87518.0,88526.0,88516.0,0,10.0
42946,206.00,1603.00,5,10,10,2,85645.0,86220.0,85719.0,85645.0,85647.0,1,573.0
42947,154.00,1542.00,5,10,10,2,55787.0,59299.0,59299.0,55782.0,55787.0,1,3512.0
42948,206.00,1681.00,5,10,10,2,81792.0,86945.0,86444.0,81792.0,81792.0,1,5153.0
42949,206.00,1613.00,5,10,10,2,79136.0,77152.0,76651.0,79136.0,79136.0,4,0.0
42950,206.00,1607.00,5,10,10,2,66373.0,65741.0,65243.0,66373.0,66373.0,4,0.0
42951,154.00,1384.00,5,10,10,2,63171.0,69688.0,69688.0,63171.0,63171.0,1,6517.0
42952,187.00,1519.00,5,10,10,2,83548.0,81044.0,68483.0,83544.0,83544.0,0,4.0
42953,187.00,1676.00,5,10,10,2,141088.0,146996.0,97659.0,141088.0,141088.0,1,5908.0
42954,187.00,1667.00,5,10,10,2,144760.0,151110.0,145238.0,144760.0,144760.0,1,6350.0
42955,206.00,1681.00,5,10,10,2,72623.0,77039.0,76540.0,72634.0,72634.0,1,4405.0
42956,216.00,1655.00,5,10,10,2,122932.0,126650.0,126152.0,122909.0,122933.0,1,3717.0
42957,187.00,1516.00,5,10,10,2,90523.0,91697.0,77527.0,90534.0,90534.0,1,1163.0
42958,187.00,1516.00,5,10,10,2,87388.0,86516.0,40344.0,87402.0,87402.0,4,0.0
42959,216.00,1655.00,5,10,10,2,100004.0,99559.0,99061.0,100011.0,100011.0,4,0.0
42960,206.00,1681.00,5,10,10,2,87934.0,92413.0,91915.0,87934.0,87934.0,1,4479.0
42961,154.00,1391.00,5,10,10,2,80415.0,76005.0,76005.0,80414.0,80415.0,4,0.0
42962,206.00,1603.00,5,10,10,2,66922.0,66910.0,66409.0,66923.0,66923.0,4,0.0
42963,187.00,1509.00,5,10,10,2,46193.0,45603.0,46633.0,46205.0,46193.0,2,440.0
42964,206.00,1613.00,5,10,10,2,75389.0,75665.0,75167.0,75389.0,75395.0,1,270.0
42965,216.00,1668.00,5,10,10,2,121931.0,126595.0,126100.0,121914.0,121897.0,1,4698.0
42966,154.00,1384.00,5,10,10,2,51199.0,32154.0,32154.0,51199.0,51199.0,4,0.0
42967,154.00,1542.00,5,10,10,2,58902.0,81444.0,81444.0,58902.0,58902.0,1,22542.0
42968,187.00,1519.00,5,10,10,2,33383.0,32843.0,40837.0,33383.0,33383.0,2,7454.0
42969,206.00,1613.00,5,10,10,2,111387.0,112204.0,111703.0,111387.0,111387.0,1,817.0
42970,206.00,1622.00,5,10,10,2,110579.0,110475.0,109978.0,110579.0,110579.0,4,0.0
42971,206.00,1613.00,5,10,10,2,100548.0,101034.0,100536.0,100548.0,100557.0,1,477.0
42972,206.00,1603.00,5,10,10,2,69021.0,68499.0,67998.0,69011.0,69021.0,4,0.0
42973,187.00,1528.00,5,10,10,2,91518.0,90075.0,87151.0,91517.0,91518.0,4,0.0
42974,154.00,1462.00,5,10,10,2,79526.0,83770.0,84019.0,79531.0,79526.0,2,4493.0
42975,187.00,1509.00,5,10,10,2,74352.0,79514.0,121179.0,74342.0,74352.0,2,46827.0
42976,216.00,1674.00,5,10,10,2,99140.0,104399.0,103899.0,99140.0,99140.0,1,5259.0
42977,206.00,1681.00,5,10,10,2,99567.0,105047.0,104526.0,99584.0,99567.0,1,5480.0
42978,187.00,1509.00,5,10,10,2,81585.0,82609.0,65746.0,81585.0,81585.0,1,1024.0
42979,206.00,1492.00,5,11,10,2,94432.0,93885.0,93674.0,94432.0,94426.0,0,6.0
42980,206.00,1622.00,5,10,10,2,84960.0,85189.0,84693.0,84960.0,84974.0,1,215.0
42981,206.00,1610.00,5,10,10,2,58418.0,57992.0,57491.0,58418.0,58418.0,4,0.0
42982,154.00,1462.00,5,10,10,2,91849.0,98666.0,98912.0,91836.0,91849.0,2,7063.0
42983,216.00,1674.00,5,10,10,2,122056.0,124822.0,124326.0,122069.0,122069.0,1,2753.0
42984,154.00,1560.00,5,10,10,2,62987.0,69753.0,69753.0,62984.0,62987.0,1,6766.0
42985,154.00,1551.00,5,10,10,2,56004.0,55700.0,55700.0,56004.0,56004.0,4,0.0
42986,187.00,1509.00,5,10,10,2,55292.0,54668.0,30791.0,55295.0,55295.0,4,0.0
42987,154.00,1384.00,5,10,10,2,103465.0,104956.0,104956.0,103464.0,103464.0,1,1492.0
42988,187.00,1667.00,5,10,10,2,107138.0,112644.0,111354.0,107138.0,107138.0,1,5506.0
42989,206.00,1603.00,5,10,10,2,30522.0,29874.0,29373.0,30522.0,30522.0,4,0.0
42990,216.00,1665.00,5,10,10,2,88917.0,94436.0,93937.0,88917.0,88917.0,1,5519.0
42991,216.00,1674.00,5,10,10,2,118355.0,119181.0,118684.0,118363.0,118355.0,1,826.0
42992,187.00,1509.00,5,10,10,2,106268.0,105852.0,122157.0,106265.0,106268.0,2,15889.0
42993,154.00,1394.00,5,10,10,2,66075.0,69948.0,69948.0,66069.0,66075.0,1,3873.0
42994,187.00,1509.00,5,10,10,2,48315.0,47561.0,71830.0,48316.0,48316.0,2,23514.0
42995,154.00,1384.00,5,10,10,2,47896.0,36551.0,36551.0,47896.0,47896.0,4,0.0
42996,206.00,1603.00,5,10,10,2,59589.0,56792.0,56293.0,59589.0,59581.0,0,8.0
42997,154.00,1394.00,5,10,10,2,56792.0,77762.0,77762.0,56791.0,56792.0,1,20970.0
42998,206.00,1681.00,5,10,10,2,110389.0,115979.0,115481.0,110389.0,110387.0,1,5592.0
42999,187.00,1676.00,5,10,10,2,115281.0,120793.0,111319.0,115287.0,115097.0,1,5696.0
43000,206.00,1610.00,5,10,10,2,75958.0,80067.0,79566.0,75954.0,75958.0,1,4109.0
43001,154.00,1384.00,5,10,10,2,70187.0,75094.0,75094.0,70187.0,70187.0,1,4907.0
43002,154.00,1462.00,5,10,10,2,93279.0,77309.0,77552.0,93292.0,93279.0,3,13.0
43003,154.00,1394.00,5,10,10,2,60654.0,39869.0,39869.0,60654.0,60654.0,4,0.0
43004,216.00,1662.00,5,10,10,2,113753.0,112830.0,112332.0,113759.0,113759.0,4,0.0
43005,154.00,1384.00,5,10,10,2,77477.0,68995.0,68995.0,77477.0,77477.0,4,0.0
43006,154.00,1394.00,5,10,10,2,54667.0,60786.0,60786.0,54667.0,54660.0,1,6126.0
43007,216.00,1665.00,5,10,10,2,97390.0,96952.0,96451.0,97389.0,97390.0,4,0.0
43008,216.00,1662.00,5,10,10,2,119805.0,120351.0,119853.0,119805.0,119805.0,1,546.0
43009,216.00,1655.00,5,10,10,2,101509.0,98824.0,98325.0,101509.0,101500.0,0,9.0
43010,187.00,1519.00,5,10,10,2,77098.0,81683.0,76858.0,77098.0,77096.0,1,4587.0
43011,187.00,1509.00,5,10,10,2,103945.0,108442.0,83789.0,103937.0,103945.0,1,4497.0
43012,206.00,1693.00,5,10,10,2,82160.0,86766.0,86269.0,82160.0,82162.0,1,4604.0
43013,206.00,1603.00,5,10,10,2,133479.0,134363.0,133862.0,133479.0,133479.0,1,884.0
43014,154.00,1462.00,5,10,10,2,102378.0,98824.0,99045.0,102375.0,102378.0,4,0.0
43015,154.00,1462.00,5,10,10,2,65373.0,70645.0,70638.0,65385.0,65373.0,1,5272.0
43016,154.00,1551.00,5,10,10,2,53930.0,61257.0,61257.0,53935.0,53935.0,1,7322.0
43017,206.00,1492.00,5,11,10,2,93600.0,93067.0,90580.0,93614.0,93614.0,4,0.0
43018,206.00,1603.00,5,10,10,2,35925.0,35390.0,34892.0,35925.0,35919.0,0,6.0
43019,154.00,1542.00,5,10,10,2,79975.0,83692.0,83692.0,79975.0,79980.0,1,3712.0
43020,187.00,1509.00,5,10,10,2,67623.0,67023.0,64202.0,67620.0,67623.0,4,0.0
43021,216.00,1655.00,5,10,10,2,107478.0,106823.0,106325.0,107487.0,107487.0,4,0.0
43022,206.00,1610.00,5,10,10,2,56796.0,54242.0,53744.0,56808.0,56796.0,3,12.0
43023,154.00,1394.00,5,10,10,2,63584.0,59454.0,59454.0,63583.0,63583.0,4,0.0
43024,187.00,1519.00,5,10,10,2,100289.0,100179.0,108995.0,100288.0,100288.0,2,8707.0
43025,154.00,1391.00,5,10,10,2,59603.0,38123.0,38123.0,59603.0,59610.0,4,0.0
43026,154.00,1546.00,5,10,10,2,72030.0,104191.0,104191.0,72030.0,72030.0,1,32161.0
43027,187.00,1528.00,5,10,10,2,87395.0,86558.0,80436.0,87395.0,87393.0,0,2.0
43028,187.00,1667.00,5,10,10,2,99961.0,105332.0,109479.0,99967.0,99961.0,2,9518.0
43029,206.00,1622.00,5,10,10,2,67733.0,73117.0,72617.0,67733.0,67733.0,1,5384.0
43030,154.00,1391.00,5,10,10,2,81985.0,77034.0,77034.0,81987.0,81985.0,3,2.0
43031,154.00,1542.00,5,10,10,2,92737.0,84935.0,84935.0,92746.0,92737.0,3,9.0
43032,154.00,1388.00,5,10,10,2,83737.0,77137.0,77137.0,83737.0,83737.0,4,0.0
43033,154.00,1462.00,5,10,10,2,72744.0,73091.0,73084.0,72747.0,72747.0,1,344.0
43034,154.00,1387.00,5,10,10,2,111216.0,80576.0,80576.0,111216.0,111216.0,4,0.0
43035,187.00,1509.00,5,10,10,2,107737.0,107271.0,109326.0,107738.0,107738.0,2,1588.0
43036,206.00,1693.00,5,10,10,2,80499.0,84651.0,84150.0,80499.0,80493.0,1,4158.0
43037,206.00,1613.00,5,10,10,2,98139.0,101343.0,100845.0,98150.0,98150.0,1,3193.0
43038,154.00,1384.00,5,10,10,2,72505.0,90989.0,90989.0,72505.0,72505.0,1,18484.0
43039,154.00,1403.00,5,10,10,2,46233.0,38563.0,46504.0,46233.0,46233.0,2,271.0
43040,206.00,1693.00,5,10,10,2,144155.0,149861.0,149365.0,144141.0,144155.0,1,5706.0
43041,154.00,1474.00,5,10,10,2,61918.0,59842.0,59842.0,61906.0,61918.0,4,0.0
43042,154.00,1391.00,5,10,10,2,46669.0,55559.0,55559.0,46684.0,46684.0,1,8875.0
43043,187.00,1509.00,5,10,10,2,86976.0,90808.0,119314.0,86976.0,86966.0,2,32348.0
43044,154.00,1394.00,5,10,10,2,30546.0,23516.0,23516.0,30546.0,30550.0,4,0.0
43045,206.00,1495.00,5,11,10,2,83059.0,82511.0,79508.0,83050.0,83079.0,4,0.0
43046,187.00,1509.00,5,10,10,2,81673.0,82383.0,82854.0,81673.0,81673.0,2,1181.0
43047,187.00,1509.00,5,10,10,2,108509.0,109032.0,94523.0,108509.0,108519.0,1,513.0
43048,216.00,1665.00,5,10,10,2,105483.0,106749.0,106248.0,105483.0,105483.0,1,1266.0
43049,154.00,1384.00,5,10,10,2,35077.0,45861.0,45861.0,35077.0,35077.0,1,10784.0
43050,216.00,1655.00,5,10,10,2,76960.0,76218.0,75717.0,76958.0,76960.0,4,0.0
43051,187.00,1516.00,5,10,10,2,81256.0,80631.0,68491.0,81251.0,81256.0,4,0.0
43052,216.00,1655.00,5,10,10,2,105269.0,104748.0,104247.0,105269.0,105269.0,4,0.0
43053,206.00,1610.00,5,10,10,2,75353.0,75082.0,74583.0,75344.0,75353.0,4,0.0
43054,187.00,1519.00,5,10,10,2,68633.0,68110.0,59612.0,68637.0,68637.0,4,0.0
43055,187.00,1399.00,4,11,10,2,57683.0,57427.0,57427.0,57683.0,57683.0,4,0.0
43056,187.00,1516.00,5,10,10,2,111300.0,112049.0,112068.0,111290.0,111300.0,2,768.0
43057,206.00,1693.00,5,10,10,2,107432.0,112724.0,112223.0,107432.0,107432.0,1,5292.0
43058,206.00,1681.00,5,10,10,2,58739.0,58195.0,57655.0,58739.0,58732.0,0,7.0
43059,154.00,1391.00,5,10,10,2,81504.0,68574.0,68574.0,81504.0,81519.0,4,0.0
43060,187.00,1509.00,5,10,10,2,51102.0,50967.0,64279.0,51102.0,51111.0,2,13168.0
43061,154.00,1394.00,5,10,10,2,66770.0,51469.0,51469.0,66772.0,66772.0,4,0.0
43062,187.00,1509.00,5,10,10,2,51325.0,50846.0,83545.0,51325.0,51327.0,2,32218.0
43063,187.00,1398.00,5,11,10,2,96323.0,95665.0,95665.0,96319.0,96323.0,4,0.0
43064,187.00,1667.00,5,10,10,2,68726.0,73740.0,108239.0,68726.0,68713.0,2,39526.0
43065,154.00,1394.00,5,10,10,2,52869.0,39681.0,39681.0,52869.0,52869.0,4,0.0
43066,216.00,1662.00,5,10,10,2,87595.0,87168.0,86667.0,87595.0,87593.0,0,2.0
43067,216.00,1655.00,5,10,10,2,110414.0,109518.0,109017.0,110414.0,110416.0,4,0.0
43068,206.00,1681.00,5,10,10,2,61394.0,67013.0,66469.0,61394.0,61394.0,1,5619.0
43069,206.00,1622.00,5,10,10,2,108984.0,106369.0,105869.0,108974.0,108974.0,0,10.0
43070,154.00,1384.00,5,10,10,2,64950.0,66060.0,66060.0,64950.0,64950.0,1,1110.0
43071,206.00,1681.00,5,10,10,2,127695.0,133705.0,133160.0,127695.0,127695.0,1,6010.0
43072,154.00,1384.00,5,10,10,2,83088.0,71175.0,71175.0,83088.0,83088.0,4,0.0
43073,187.00,1516.00,5,10,10,2,97032.0,97890.0,88941.0,97032.0,97032.0,1,858.0
43074,187.00,1528.00,5,10,10,2,71067.0,68426.0,103167.0,71067.0,71067.0,2,32100.0
43075,206.00,1681.00,5,10,10,2,87268.0,92294.0,91795.0,87268.0,87278.0,1,5016.0
43076,216.00,1665.00,5,10,10,2,103084.0,104857.0,104356.0,103084.0,103084.0,1,1773.0
43077,154.00,1403.00,5,10,10,2,46078.0,54216.0,45607.0,46078.0,46078.0,1,8138.0
43078,206.00,1610.00,5,10,10,2,79198.0,78492.0,77994.0,79208.0,79208.0,4,0.0
43079,206.00,1681.00,5,10,10,2,63904.0,69288.0,68787.0,63897.0,63897.0,1,5391.0
43080,187.00,1519.00,5,10,10,2,65049.0,64911.0,33233.0,65049.0,65056.0,4,0.0
43081,216.00,1662.00,5,10,10,2,119919.0,119707.0,119206.0,119920.0,119920.0,4,0.0
43082,154.00,1384.00,5,10,10,2,94433.0,97533.0,97533.0,94433.0,94433.0,1,3100.0
43083,154.00,1474.00,5,10,10,2,51583.0,58096.0,58096.0,51600.0,51583.0,1,6513.0
43084,154.00,1279.00,5,11,10,2,41341.0,42255.0,42255.0,41341.0,41341.0,1,914.0
43085,206.00,1603.00,5,10,10,2,58419.0,58202.0,57701.0,58421.0,58421.0,4,0.0
43086,206.00,1493.00,4,11,10,2,77576.0,82341.0,81832.0,77576.0,77576.0,1,4765.0
43087,154.00,1391.00,5,10,10,2,43181.0,43377.0,43377.0,43187.0,43187.0,1,190.0
43088,187.00,1676.00,5,10,10,2,78523.0,83675.0,84265.0,78532.0,78532.0,2,5733.0
43089,206.00,1617.00,5,10,10,2,120239.0,125921.0,125389.0,120224.0,120242.0,1,5679.0
43090,154.00,1462.00,5,10,10,2,64867.0,74907.0,75150.0,64867.0,64867.0,2,10283.0
43091,187.00,1519.00,5,10,10,2,47169.0,46713.0,66079.0,47162.0,47162.0,2,18917.0
43092,206.00,1603.00,5,10,10,2,47586.0,47110.0,46612.0,47586.0,47603.0,4,0.0
43093,216.00,1557.00,5,11,10,2,98723.0,98183.0,97647.0,98723.0,98728.0,4,0.0
43094,216.00,1655.00,5,10,10,2,87941.0,87307.0,86812.0,87971.0,87971.0,4,0.0
43095,154.00,1384.00,5,10,10,2,46325.0,40356.0,40356.0,46325.0,46325.0,4,0.0
43096,154.00,1391.00,5,10,10,2,65732.0,90499.0,90499.0,65716.0,65716.0,1,24783.0
43097,206.00,1493.00,4,11,10,2,78770.0,78721.0,78446.0,78770.0,78770.0,4,0.0
43098,187.00,1516.00,5,10,10,2,62024.0,67256.0,75273.0,62024.0,62021.0,2,13252.0
43099,154.00,1462.00,5,10,10,2,64311.0,75361.0,75604.0,64324.0,64311.0,2,11293.0
43100,206.00,1610.00,5,10,10,2,42061.0,41445.0,40946.0,42073.0,42073.0,4,0.0
43101,154.00,1384.00,5,10,10,2,56073.0,64371.0,64371.0,56066.0,56066.0,1,8305.0
43102,187.00,1667.00,5,10,10,2,122094.0,128150.0,109770.0,122094.0,122094.0,1,6056.0
43103,206.00,1603.00,5,10,10,2,108459.0,109151.0,108650.0,108459.0,108459.0,1,692.0
43104,216.00,1655.00,5,10,10,2,123843.0,124659.0,124158.0,123843.0,123843.0,1,816.0
43105,206.00,1622.00,5,10,10,2,75882.0,79849.0,79352.0,75877.0,75882.0,1,3967.0
43106,206.00,1681.00,5,10,10,2,94186.0,99417.0,98916.0,94181.0,94186.0,1,5231.0
43107,216.00,1655.00,5,10,10,2,84401.0,83913.0,83415.0,84428.0,84420.0,3,8.0
43108,206.00,1681.00,5,10,10,2,65439.0,69854.0,69355.0,65439.0,65439.0,1,4415.0
43109,187.00,1509.00,5,10,10,2,77777.0,79913.0,63609.0,77777.0,77788.0,1,2125.0
43110,187.00,1509.00,5,10,10,2,96297.0,95533.0,71484.0,96297.0,96307.0,4,0.0
43111,216.00,1665.00,5,10,10,2,138154.0,143529.0,143030.0,138154.0,138154.0,1,5375.0
43112,206.00,1613.00,5,10,10,2,97618.0,96951.0,96450.0,97623.0,97623.0,4,0.0
43113,154.00,1384.00,5,10,10,2,106271.0,94468.0,94468.0,106271.0,106271.0,4,0.0
43114,187.00,1516.00,5,10,10,2,100598.0,97923.0,94836.0,100598.0,100597.0,4,0.0
43115,206.00,1681.00,5,10,10,2,79338.0,83810.0,83309.0,79339.0,79339.0,1,4471.0
43116,206.00,1606.00,5,10,10,2,82769.0,82728.0,82230.0,82777.0,82797.0,4,0.0
43117,154.00,1384.00,5,10,10,2,47455.0,39149.0,39149.0,47455.0,47455.0,4,0.0
43118,206.00,1603.00,5,10,10,2,46593.0,46254.0,45756.0,46604.0,46604.0,4,0.0
43119,187.00,1509.00,5,10,10,2,33405.0,32808.0,52404.0,33405.0,33396.0,2,19008.0
43120,206.00,1622.00,5,10,10,2,85861.0,88833.0,88336.0,85861.0,85869.0,1,2964.0
43121,206.00,1693.00,5,10,10,2,118338.0,123888.0,123387.0,118338.0,118338.0,1,5550.0
43122,187.00,1509.00,5,10,10,2,90393.0,91119.0,111171.0,90393.0,90393.0,2,20778.0
43123,206.00,1693.00,5,10,10,2,104865.0,110601.0,110066.0,104865.0,104662.0,1,5939.0
43124,206.00,1613.00,5,10,10,2,85754.0,90413.0,89912.0,85754.0,85754.0,1,4659.0
43125,154.00,1384.00,5,10,10,2,50752.0,54539.0,54539.0,50752.0,50752.0,1,3787.0
43126,154.00,1384.00,5,10,10,2,23578.0,37800.0,37800.0,23590.0,23590.0,1,14210.0
43127,187.00,1509.00,5,10,10,2,86535.0,86018.0,81615.0,86535.0,86535.0,4,0.0
43128,187.00,1509.00,5,10,10,2,67099.0,66459.0,60679.0,67092.0,67099.0,4,0.0
43129,206.00,1693.00,5,10,10,2,127628.0,132055.0,131559.0,127618.0,127618.0,1,4437.0
43130,187.00,1509.00,5,10,10,2,88833.0,88392.0,98485.0,88833.0,88833.0,2,9652.0
43131,154.00,1551.00,5,10,10,2,51965.0,62682.0,62682.0,51965.0,51972.0,1,10710.0
43132,216.00,1655.00,5,10,10,2,110942.0,108233.0,107734.0,110942.0,110948.0,4,0.0
43133,206.00,1613.00,5,10,10,2,94582.0,95758.0,95259.0,94582.0,94582.0,1,1176.0
43134,187.00,1667.00,5,10,10,2,81141.0,86747.0,89176.0,81141.0,81141.0,2,8035.0
43135,154.00,1394.00,5,10,10,2,62547.0,72685.0,72685.0,62551.0,62547.0,1,10138.0
43136,154.00,1384.00,5,10,10,2,43913.0,45393.0,45393.0,43913.0,43913.0,1,1480.0
43137,206.00,1613.00,5,10,10,2,74159.0,73734.0,73236.0,74159.0,74169.0,4,0.0
43138,154.00,1384.00,5,10,10,2,73050.0,51716.0,51716.0,73050.0,73050.0,4,0.0
43139,154.00,1462.00,5,10,10,2,66432.0,79047.0,79298.0,66424.0,66424.0,2,12874.0
43140,206.00,1603.00,5,10,10,2,61609.0,60999.0,60498.0,61609.0,61609.0,4,0.0
43141,206.00,1681.00,5,10,10,2,118058.0,122512.0,122013.0,118066.0,118066.0,1,4446.0
43142,154.00,1462.00,5,10,10,2,79760.0,73473.0,73722.0,79760.0,79760.0,4,0.0
43143,206.00,1603.00,5,10,10,2,76008.0,79866.0,79368.0,76006.0,76006.0,1,3860.0
43144,206.00,1622.00,5,10,10,2,127852.0,125398.0,124898.0,127851.0,127852.0,4,0.0
43145,187.00,1516.00,5,10,10,2,78345.0,83584.0,116998.0,78345.0,78345.0,2,38653.0
43146,187.00,1516.00,5,10,10,2,83672.0,85820.0,90861.0,83674.0,83674.0,2,7187.0
43147,154.00,1462.00,5,10,10,2,65922.0,80656.0,80903.0,65926.0,65926.0,2,14977.0
43148,187.00,1528.00,5,10,10,2,82918.0,82691.0,65688.0,82918.0,82918.0,4,0.0
43149,206.00,1603.00,5,10,10,2,74417.0,73888.0,73389.0,74425.0,74425.0,4,0.0
43150,216.00,1674.00,5,10,10,2,127375.0,127943.0,127442.0,127375.0,127375.0,1,568.0
43151,206.00,1603.00,5,10,10,2,45504.0,44877.0,44376.0,45503.0,45504.0,4,0.0
43152,206.00,1681.00,5,10,10,2,79988.0,84422.0,83923.0,79988.0,79988.0,1,4434.0
43153,187.00,1534.00,5,10,10,2,93089.0,98125.0,84429.0,93080.0,93089.0,1,5036.0
43154,216.00,1665.00,5,10,10,2,119585.0,120329.0,119828.0,119585.0,119585.0,1,744.0
43155,154.00,1384.00,5,10,10,2,78966.0,85655.0,85655.0,78961.0,78961.0,1,6694.0
43156,187.00,1509.00,5,10,10,2,108250.0,108095.0,89206.0,108250.0,108241.0,0,9.0
43157,187.00,1516.00,5,10,10,2,80562.0,80025.0,101495.0,80562.0,80564.0,2,20931.0
43158,187.00,1667.00,5,10,10,2,83110.0,88136.0,90311.0,83124.0,83124.0,2,7187.0
43159,154.00,1394.00,5,10,10,2,44084.0,29077.0,29077.0,44084.0,44084.0,4,0.0
43160,154.00,1403.00,5,10,10,2,51821.0,27355.0,37473.0,51821.0,51815.0,0,6.0
43161,187.00,1509.00,5,10,10,2,53841.0,53463.0,45432.0,53841.0,53831.0,0,10.0
43162,187.00,1516.00,5,10,10,2,77257.0,77104.0,48511.0,77257.0,77257.0,4,0.0
43163,206.00,1603.00,5,10,10,2,82687.0,85009.0,84511.0,82676.0,82687.0,1,2322.0
43164,154.00,1384.00,5,10,10,2,76136.0,76387.0,76387.0,76136.0,76136.0,1,251.0
43165,154.00,1394.00,5,10,10,2,79810.0,82550.0,82550.0,79811.0,79811.0,1,2739.0
43166,206.00,1681.00,5,10,10,2,115430.0,120146.0,119601.0,115611.0,115430.0,1,4716.0
43167,187.00,1516.00,5,10,10,2,44985.0,44515.0,47919.0,44985.0,44985.0,2,2934.0
43168,187.00,1509.00,5,10,10,2,96004.0,96777.0,81831.0,96008.0,96008.0,1,769.0
43169,154.00,1542.00,5,10,10,2,74211.0,90115.0,90115.0,74211.0,74214.0,1,15901.0
43170,187.00,1509.00,5,10,10,2,106359.0,107297.0,110735.0,106347.0,106359.0,2,4376.0
43171,154.00,1279.00,5,11,10,2,30555.0,25870.0,25870.0,30555.0,30555.0,4,0.0
43172,154.00,1384.00,5,10,10,2,51480.0,63702.0,63702.0,51480.0,51480.0,1,12222.0
43173,154.00,1542.00,5,10,10,2,63235.0,63198.0,63198.0,63235.0,63239.0,4,0.0
43174,216.00,1674.00,5,10,10,2,133626.0,135618.0,135122.0,133626.0,133638.0,1,1980.0
43175,216.00,1665.00,5,10,10,2,116316.0,118314.0,117815.0,116328.0,116316.0,1,1998.0
43176,216.00,1674.00,5,10,10,2,143454.0,142563.0,142066.0,143454.0,143454.0,4,0.0
43177,206.00,1613.00,5,10,10,2,115859.0,116471.0,115970.0,115864.0,115859.0,1,612.0
43178,154.00,1403.00,5,10,10,2,55346.0,53532.0,53663.0,55344.0,55346.0,4,0.0
43179,154.00,1462.00,5,10,10,2,70535.0,61858.0,62066.0,70539.0,70539.0,4,0.0
43180,154.00,1542.00,5,10,10,2,69289.0,100446.0,100446.0,69289.0,69289.0,1,31157.0
43181,154.00,1384.00,5,10,10,2,48987.0,36156.0,36156.0,48987.0,48987.0,4,0.0
43182,216.00,1655.00,5,10,10,2,103274.0,105166.0,104668.0,103282.0,103282.0,1,1884.0
43183,187.00,1516.00,5,10,10,2,65566.0,65511.0,104210.0,65566.0,65566.0,2,38644.0
43184,216.00,1655.00,5,10,10,2,116725.0,121304.0,120803.0,116721.0,116721.0,1,4583.0
43185,154.00,1384.00,5,10,10,2,62054.0,72453.0,72453.0,62054.0,62054.0,1,10399.0
43186,154.00,1462.00,5,10,10,2,64670.0,58502.0,58759.0,64673.0,64673.0,4,0.0
43187,187.00,1509.00,5,10,10,2,51438.0,51211.0,44739.0,51438.0,51435.0,0,3.0
43188,187.00,1509.00,5,10,10,2,102557.0,104447.0,102559.0,102549.0,102549.0,1,1898.0
43189,216.00,1545.00,4,11,10,2,123695.0,127771.0,127227.0,123695.0,123695.0,1,4076.0
43190,187.00,1509.00,5,10,10,2,120563.0,121469.0,110426.0,120563.0,120554.0,1,915.0
43191,206.00,1622.00,5,10,10,2,86443.0,90211.0,89714.0,86445.0,86443.0,1,3768.0
43192,154.00,1384.00,5,10,10,2,60411.0,28447.0,28447.0,60411.0,60411.0,4,0.0
43193,154.00,1462.00,5,10,10,2,101797.0,84761.0,85019.0,101811.0,101797.0,3,14.0
43194,154.00,1393.00,5,10,10,2,57983.0,53939.0,53939.0,57989.0,57989.0,4,0.0
43195,154.00,1384.00,5,10,10,2,63440.0,67179.0,67179.0,63440.0,63440.0,1,3739.0
43196,206.00,1613.00,5,10,10,2,85934.0,85790.0,85292.0,85934.0,85934.0,4,0.0
43197,154.00,1384.00,5,10,10,2,77093.0,70212.0,70212.0,77093.0,77093.0,4,0.0
43198,206.00,1603.00,5,10,10,2,101302.0,104451.0,103950.0,101302.0,101302.0,1,3149.0
43199,206.00,1495.00,5,11,10,2,105011.0,104474.0,92215.0,105041.0,105011.0,3,30.0
43200,154.00,1403.00,5,10,10,2,28426.0,25664.0,25657.0,28439.0,28426.0,3,13.0
43201,216.00,1662.00,5,10,10,2,111280.0,111098.0,110599.0,111280.0,111280.0,4,0.0
43202,187.00,1516.00,5,10,10,2,70787.0,71999.0,77009.0,70792.0,70787.0,2,6222.0
43203,216.00,1665.00,5,10,10,2,124808.0,125247.0,124749.0,124802.0,124802.0,1,445.0
43204,187.00,1509.00,5,10,10,2,76403.0,73588.0,75452.0,76399.0,76399.0,0,4.0
43205,187.00,1667.00,5,10,10,2,75826.0,80901.0,63228.0,75836.0,75836.0,1,5065.0
43206,187.00,1512.00,5,10,10,2,72192.0,71638.0,64753.0,72193.0,72192.0,4,0.0
43207,154.00,1462.00,5,10,10,2,60720.0,65195.0,65413.0,60710.0,60720.0,2,4693.0
43208,206.00,1610.00,5,10,10,2,71201.0,70595.0,70096.0,71211.0,71211.0,4,0.0
43209,216.00,1655.00,5,10,10,2,78040.0,83282.0,82781.0,78037.0,78040.0,1,5242.0
43210,154.00,1384.00,5,10,10,2,50652.0,69896.0,69896.0,50652.0,50652.0,1,19244.0
43211,216.00,1655.00,5,10,10,2,102568.0,102018.0,101519.0,102568.0,102563.0,0,5.0
43212,206.00,1610.00,5,10,10,2,71477.0,70046.0,69547.0,71477.0,71466.0,0,11.0
43213,154.00,1384.00,5,10,10,2,79645.0,97204.0,97204.0,79645.0,79645.0,1,17559.0
43214,154.00,1394.00,5,10,10,2,45320.0,43982.0,43982.0,45322.0,45322.0,4,0.0
43215,154.00,1393.00,5,10,10,2,50945.0,53533.0,53533.0,50945.0,50945.0,1,2588.0
43216,187.00,1516.00,5,10,10,2,104246.0,109487.0,119714.0,104243.0,104243.0,2,15471.0
43217,154.00,1391.00,5,10,10,2,31005.0,33131.0,33131.0,31005.0,30987.0,1,2144.0
43218,206.00,1603.00,5,10,10,2,66532.0,64583.0,64084.0,66532.0,66532.0,4,0.0
43219,216.00,1655.00,5,10,10,2,86627.0,92047.0,91546.0,86623.0,86627.0,1,5420.0
43220,154.00,1542.00,5,10,10,2,78049.0,83495.0,83495.0,78054.0,78054.0,1,5441.0
43221,154.00,1384.00,5,10,10,2,28043.0,25257.0,25257.0,28043.0,28043.0,4,0.0
43222,216.00,1662.00,5,10,10,2,110962.0,110723.0,110224.0,110979.0,110962.0,3,17.0
43223,187.00,1509.00,5,10,10,2,88322.0,89148.0,92205.0,88348.0,88348.0,2,3857.0
43224,154.00,1551.00,5,10,10,2,52971.0,58975.0,58975.0,52954.0,52971.0,1,6004.0
43225,206.00,1613.00,5,10,10,2,78649.0,75576.0,75075.0,78649.0,78648.0,4,0.0
43226,154.00,1542.00,5,10,10,2,59823.0,73027.0,73027.0,59823.0,59820.0,1,13207.0
43227,187.00,1667.00,5,10,10,2,107143.0,112210.0,89181.0,107149.0,107143.0,1,5067.0
43228,216.00,1655.00,5,10,10,2,123631.0,123160.0,122662.0,123631.0,123638.0,4,0.0
43229,187.00,1516.00,5,10,10,2,71851.0,71750.0,60661.0,71851.0,71847.0,0,4.0
43230,187.00,1528.00,5,10,10,2,86305.0,85629.0,92391.0,86297.0,86305.0,2,6086.0
43231,206.00,1607.00,5,10,10,2,101950.0,105351.0,104851.0,101950.0,101950.0,1,3401.0
43232,187.00,1516.00,5,10,10,2,121244.0,121830.0,122477.0,121250.0,121250.0,2,1227.0
43233,154.00,1394.00,5,10,10,2,72237.0,62071.0,62071.0,72229.0,72237.0,4,0.0
43234,154.00,1384.00,5,10,10,2,70555.0,55178.0,55178.0,70555.0,70555.0,4,0.0
43235,206.00,1603.00,5,10,10,2,80907.0,81953.0,81454.0,80899.0,80899.0,1,1054.0
43236,154.00,1462.00,5,10,10,2,70500.0,88571.0,88796.0,70504.0,70500.0,2,18296.0
43237,206.00,1613.00,5,10,10,2,108427.0,107798.0,107300.0,108427.0,108434.0,4,0.0
43238,206.00,1681.00,5,10,10,2,77205.0,81680.0,81181.0,77202.0,77202.0,1,4478.0
43239,154.00,1403.00,5,10,10,2,46892.0,53595.0,53588.0,46892.0,46880.0,1,6715.0
43240,206.00,1693.00,5,10,10,2,101455.0,105927.0,105431.0,101455.0,101441.0,1,4486.0
43241,187.00,1676.00,5,10,10,2,114684.0,119247.0,118846.0,114684.0,114684.0,1,4563.0
43242,154.00,1474.00,5,10,10,2,74979.0,68648.0,68648.0,74979.0,74979.0,4,0.0
43243,154.00,1391.00,5,10,10,2,26670.0,27978.0,27978.0,26670.0,26670.0,1,1308.0
43244,206.00,1603.00,5,10,10,2,91074.0,91829.0,91328.0,91074.0,91074.0,1,755.0
43245,206.00,1613.00,5,10,10,2,110062.0,109538.0,109040.0,110056.0,110056.0,0,6.0
43246,206.00,1603.00,5,10,10,2,60362.0,60110.0,59612.0,60351.0,60362.0,4,0.0
43247,154.00,1384.00,5,10,10,2,63936.0,69863.0,69863.0,63936.0,63936.0,1,5927.0
43248,206.00,1613.00,5,10,10,2,121335.0,121993.0,121492.0,121337.0,121335.0,1,658.0
43249,206.00,1603.00,5,10,10,2,114737.0,115490.0,114989.0,114733.0,114737.0,1,753.0
43250,206.00,1681.00,5,10,10,2,67594.0,72125.0,71626.0,67597.0,67597.0,1,4528.0
43251,187.00,1509.00,5,10,10,2,71119.0,71247.0,92069.0,71119.0,71110.0,2,20959.0
43252,216.00,1655.00,5,10,10,2,86182.0,85604.0,85103.0,86184.0,86182.0,3,2.0
43253,216.00,1662.00,5,10,10,2,148681.0,147373.0,146875.0,148674.0,148674.0,0,7.0
43254,206.00,1603.00,5,10,10,2,97886.0,99106.0,98607.0,97892.0,97892.0,1,1214.0
43255,206.00,1603.00,5,10,10,2,120606.0,120078.0,119577.0,120606.0,120606.0,4,0.0
43256,216.00,1558.00,4,11,10,2,140528.0,146163.0,145615.0,140528.0,140528.0,1,5635.0
43257,187.00,1404.00,5,11,10,2,120322.0,114575.0,100348.0,120319.0,120322.0,4,0.0
43258,154.00,1394.00,5,10,10,2,62744.0,61254.0,61254.0,62753.0,62744.0,3,9.0
43259,216.00,1674.00,5,10,10,2,129262.0,126909.0,126412.0,129262.0,129262.0,4,0.0
43260,187.00,1528.00,5,10,10,2,80161.0,79692.0,87943.0,80161.0,80176.0,2,7767.0
43261,216.00,1665.00,5,10,10,2,93437.0,98155.0,97656.0,93437.0,93437.0,1,4718.0
43262,206.00,1603.00,5,10,10,2,111024.0,110643.0,110148.0,111024.0,111019.0,0,5.0
43263,206.00,1499.00,4,11,10,2,95265.0,95236.0,94800.0,95265.0,95265.0,4,0.0
43264,154.00,1384.00,5,10,10,2,75389.0,72895.0,72895.0,75389.0,75389.0,4,0.0
43265,187.00,1553.00,4,11,10,2,67614.0,73351.0,112806.0,67614.0,67614.0,2,45192.0
43266,154.00,1462.00,5,10,10,2,83390.0,102833.0,103055.0,83390.0,83390.0,2,19665.0
43267,154.00,1384.00,5,10,10,2,85697.0,72890.0,72890.0,85697.0,85697.0,4,0.0
43268,187.00,1667.00,5,10,10,2,60266.0,65341.0,87154.0,60274.0,60274.0,2,26880.0
43269,206.00,1622.00,5,10,10,2,88895.0,90896.0,90395.0,88895.0,88893.0,1,2003.0
43270,154.00,1394.00,5,10,10,2,36087.0,47990.0,47990.0,36087.0,36087.0,1,11903.0
43271,206.00,1603.00,5,10,10,2,63142.0,62558.0,62059.0,63142.0,63142.0,4,0.0
43272,187.00,1667.00,5,10,10,2,56158.0,61525.0,61438.0,56156.0,56156.0,1,5369.0
43273,216.00,1655.00,5,10,10,2,86949.0,86386.0,85885.0,86948.0,86948.0,4,0.0
43274,187.00,1516.00,5,10,10,2,103165.0,101781.0,86529.0,103165.0,103159.0,0,6.0
43275,154.00,1384.00,5,10,10,2,91561.0,91996.0,91996.0,91561.0,91561.0,1,435.0
43276,187.00,1516.00,5,10,10,2,108239.0,108459.0,75742.0,108246.0,108246.0,1,213.0
43277,187.00,1667.00,5,10,10,2,54634.0,60146.0,64505.0,54725.0,54663.0,2,9842.0
43278,206.00,1681.00,5,10,10,2,97693.0,102222.0,101721.0,97693.0,97691.0,1,4531.0
43279,216.00,1662.00,5,10,10,2,109802.0,108743.0,108242.0,109802.0,109802.0,4,0.0
43280,216.00,1665.00,5,10,10,2,112422.0,111276.0,110778.0,112422.0,112422.0,4,0.0
43281,187.00,1509.00,5,10,10,2,74329.0,73597.0,55598.0,74329.0,74318.0,0,11.0
43282,187.00,1519.00,5,10,10,2,52652.0,49954.0,42022.0,52659.0,52659.0,4,0.0
43283,187.00,1509.00,5,10,10,2,73634.0,73111.0,42832.0,73631.0,73634.0,4,0.0
43284,206.00,1603.00,5,10,10,2,114107.0,114811.0,114313.0,114098.0,114107.0,1,704.0
43285,154.00,1384.00,5,10,10,2,70475.0,83874.0,83874.0,70475.0,70475.0,1,13399.0
43286,154.00,1384.00,5,10,10,2,43032.0,36984.0,36984.0,43032.0,43032.0,4,0.0
43287,206.00,1684.00,5,10,10,2,61273.0,66594.0,66060.0,61286.0,61253.0,1,5341.0
43288,206.00,1603.00,5,10,10,2,87162.0,84406.0,83907.0,87162.0,87156.0,0,6.0
43289,154.00,1384.00,5,10,10,2,90831.0,88675.0,88675.0,90831.0,90831.0,4,0.0
43290,206.00,1603.00,5,10,10,2,91750.0,95497.0,94996.0,91752.0,91750.0,1,3747.0
43291,187.00,1519.00,5,10,10,2,71164.0,71243.0,47345.0,71150.0,71164.0,1,79.0
43292,154.00,1384.00,5,10,10,2,58461.0,63059.0,63059.0,58461.0,58461.0,1,4598.0
43293,187.00,1509.00,5,10,10,2,49101.0,48531.0,68289.0,49101.0,49107.0,2,19182.0
43294,206.00,1610.00,5,10,10,2,52428.0,51811.0,51313.0,52428.0,52428.0,4,0.0
43295,206.00,1610.00,5,10,10,2,82119.0,81660.0,81159.0,82118.0,82119.0,4,0.0
43296,154.00,1273.00,5,11,10,2,64199.0,56112.0,56112.0,64199.0,64199.0,4,0.0
43297,154.00,1384.00,5,10,10,2,67564.0,68256.0,68256.0,67564.0,67564.0,1,692.0
43298,187.00,1509.00,5,10,10,2,89131.0,88540.0,72308.0,89132.0,89131.0,4,0.0
43299,154.00,1384.00,5,10,10,2,81687.0,81599.0,81599.0,81687.0,81687.0,4,0.0
43300,187.00,1670.00,5,10,10,2,91833.0,96728.0,96663.0,91806.0,91806.0,1,4922.0
43301,154.00,1394.00,5,10,10,2,48802.0,41785.0,41785.0,48802.0,48801.0,4,0.0
43302,216.00,1674.00,5,10,10,2,116314.0,116336.0,115840.0,116314.0,116314.0,1,22.0
43303,206.00,1613.00,5,10,10,2,91186.0,91064.0,90565.0,91171.0,91171.0,0,15.0
43304,206.00,1603.00,5,10,10,2,82258.0,82001.0,81500.0,82258.0,82258.0,4,0.0
43305,154.00,1545.00,5,10,10,2,89750.0,81557.0,81557.0,89750.0,89763.0,4,0.0
43306,206.00,1603.00,5,10,10,2,122197.0,122897.0,122398.0,122187.0,122197.0,1,700.0
43307,206.00,1610.00,5,10,10,2,83792.0,84263.0,83764.0,83785.0,83785.0,1,478.0
43308,154.00,1397.00,5,10,10,2,45156.0,44644.0,44644.0,45156.0,45156.0,4,0.0
43309,154.00,1316.00,4,11,10,2,76662.0,71755.0,71755.0,76655.0,76662.0,4,0.0
43310,154.00,1542.00,5,10,10,2,62846.0,73076.0,73076.0,62846.0,62846.0,1,10230.0
43311,154.00,1391.00,5,10,10,2,47878.0,51842.0,51842.0,47867.0,47878.0,1,3964.0
43312,206.00,1493.00,4,11,10,2,120309.0,121054.0,120600.0,120309.0,120309.0,1,745.0
43313,154.00,1462.00,5,10,10,2,91041.0,62958.0,63181.0,91041.0,91026.0,0,15.0
43314,187.00,1509.00,5,10,10,2,68616.0,68151.0,81508.0,68616.0,68616.0,2,12892.0
43315,216.00,1674.00,5,10,10,2,125702.0,126491.0,125991.0,125702.0,125702.0,1,789.0
43316,154.00,1394.00,5,10,10,2,83468.0,36720.0,36720.0,83468.0,83468.0,4,0.0
43317,206.00,1603.00,5,10,10,2,77990.0,78102.0,77604.0,77990.0,77989.0,1,113.0
43318,154.00,1542.00,5,10,10,2,105530.0,112448.0,112448.0,105530.0,105530.0,1,6918.0
43319,187.00,1516.00,5,10,10,2,63532.0,65375.0,93574.0,63532.0,63544.0,2,30030.0
43320,187.00,1509.00,5,10,10,2,71247.0,71321.0,80004.0,71247.0,71243.0,2,8761.0
43321,154.00,1384.00,5,10,10,2,83395.0,95646.0,95646.0,83395.0,83395.0,1,12251.0
43322,187.00,1528.00,5,10,10,2,100945.0,100181.0,84948.0,100960.0,100960.0,4,0.0
43323,154.00,1394.00,5,10,10,2,63146.0,31665.0,31665.0,63146.0,63142.0,0,4.0
43324,187.00,1519.00,5,10,10,2,35183.0,34557.0,57401.0,35183.0,35183.0,2,22218.0
43325,216.00,1674.00,5,10,10,2,124990.0,125159.0,124688.0,125023.0,124990.0,1,169.0
43326,154.00,1391.00,5,10,10,2,48325.0,58590.0,58590.0,48325.0,48325.0,1,10265.0
43327,187.00,1509.00,5,10,10,2,101359.0,105823.0,86638.0,101353.0,101353.0,1,4470.0
43328,206.00,1681.00,5,10,10,2,82772.0,88253.0,87752.0,82778.0,82778.0,1,5475.0
43329,154.00,1273.00,5,11,10,2,77084.0,54639.0,54639.0,77084.0,77084.0,4,0.0
43330,206.00,1610.00,5,10,10,2,86206.0,91170.0,90669.0,86206.0,86206.0,1,4964.0
43331,187.00,1519.00,5,10,10,2,64069.0,63400.0,55899.0,64077.0,64069.0,3,8.0
43332,187.00,1509.00,5,10,10,2,79565.0,78987.0,77314.0,79562.0,79565.0,4,0.0
43333,187.00,1509.00,5,10,10,2,59758.0,59454.0,53906.0,59758.0,59758.0,4,0.0
43334,154.00,1384.00,5,10,10,2,81868.0,88276.0,88276.0,81868.0,81868.0,1,6408.0
43335,154.00,1384.00,5,10,10,2,69866.0,54315.0,54315.0,69866.0,69866.0,4,0.0
43336,154.00,1394.00,5,10,10,2,40000.0,30615.0,30615.0,40000.0,40007.0,4,0.0
43337,216.00,1655.00,5,10,10,2,82760.0,82140.0,81639.0,82757.0,82757.0,0,3.0
43338,216.00,1655.00,5,10,10,2,82399.0,81892.0,81393.0,82409.0,82409.0,4,0.0
43339,154.00,1384.00,4,11,10,2,76171.0,76258.0,76258.0,76174.0,76171.0,1,87.0
43340,216.00,1662.00,5,10,10,2,121499.0,122432.0,121933.0,121499.0,121494.0,1,938.0
43341,206.00,1613.00,5,10,10,2,93675.0,98145.0,97611.0,93675.0,93675.0,1,4470.0
43342,187.00,1667.00,5,10,10,2,77953.0,83519.0,109537.0,77953.0,77944.0,2,31593.0
43343,154.00,1391.00,5,10,10,2,70899.0,66822.0,66822.0,70896.0,70899.0,4,0.0
43344,187.00,1516.00,5,10,10,2,64990.0,64493.0,57976.0,64977.0,64990.0,4,0.0
43345,154.00,1427.00,5,11,10,2,55328.0,48908.0,49368.0,55323.0,55328.0,4,0.0
43346,154.00,1462.00,5,10,10,2,77096.0,77185.0,77432.0,77096.0,77108.0,2,324.0
43347,206.00,1603.00,5,10,10,2,31691.0,31076.0,30626.0,31691.0,31691.0,4,0.0
43348,154.00,1384.00,5,10,10,2,86907.0,101284.0,101284.0,86907.0,86907.0,1,14377.0
43349,154.00,1384.00,5,10,10,2,87742.0,80641.0,80641.0,87742.0,87742.0,4,0.0
43350,216.00,1665.00,5,10,10,2,104956.0,104230.0,103729.0,104956.0,104959.0,4,0.0
43351,187.00,1509.00,5,10,10,2,54338.0,53738.0,52504.0,54338.0,54338.0,4,0.0
43352,187.00,1516.00,5,10,10,2,62341.0,61492.0,72301.0,62341.0,62341.0,2,9960.0
43353,154.00,1391.00,5,10,10,2,94394.0,71714.0,71714.0,94401.0,94401.0,4,0.0
43354,154.00,1384.00,5,10,10,2,69800.0,71655.0,71655.0,69800.0,69800.0,1,1855.0
43355,206.00,1617.00,5,10,10,2,75374.0,79407.0,78942.0,75393.0,75374.0,1,4033.0
43356,206.00,1610.00,5,10,10,2,56916.0,62000.0,61497.0,56916.0,56916.0,1,5084.0
43357,154.00,1316.00,4,11,10,2,63066.0,55336.0,55336.0,63061.0,63061.0,0,5.0
43358,154.00,1462.00,5,10,10,2,48534.0,65388.0,65380.0,48531.0,48534.0,1,16854.0
43359,187.00,1667.00,5,10,10,2,98782.0,104170.0,114839.0,98782.0,98782.0,2,16057.0
43360,206.00,1603.00,4,11,10,2,114058.0,114499.0,114080.0,114097.0,114097.0,1,402.0
43361,154.00,1542.00,5,10,10,2,96708.0,104158.0,104158.0,96701.0,96701.0,1,7457.0
43362,154.00,1384.00,5,10,10,2,36585.0,53769.0,53769.0,36585.0,36585.0,1,17184.0
43363,206.00,1610.00,5,10,10,2,83135.0,83335.0,82836.0,83135.0,83140.0,1,195.0
43364,187.00,1528.00,5,10,10,2,78100.0,79215.0,73304.0,78100.0,78098.0,1,1117.0
43365,216.00,1655.00,5,10,10,2,115893.0,116382.0,115881.0,115893.0,115893.0,1,489.0
43366,154.00,1391.00,5,10,10,2,77100.0,84671.0,84671.0,77100.0,77100.0,1,7571.0
43367,206.00,1681.00,5,10,10,2,95802.0,101190.0,100692.0,95802.0,95802.0,1,5388.0
43368,154.00,1474.00,5,10,10,2,58503.0,70134.0,70134.0,58506.0,58506.0,1,11628.0
43369,187.00,1676.00,5,10,10,2,93023.0,98483.0,96556.0,93012.0,93012.0,1,5471.0
43370,216.00,1655.00,5,10,10,2,114901.0,113245.0,112746.0,114901.0,114894.0,0,7.0
43371,154.00,1384.00,5,10,10,2,71983.0,87183.0,87183.0,71983.0,71983.0,1,15200.0
43372,154.00,1398.00,5,10,10,2,27880.0,27606.0,27606.0,27880.0,27883.0,4,0.0
43373,154.00,1542.00,5,10,10,2,69104.0,85227.0,85227.0,69098.0,69098.0,1,16129.0
43374,206.00,1613.00,5,10,10,2,93486.0,98672.0,98171.0,93478.0,93486.0,1,5186.0
43375,206.00,1681.00,5,10,10,2,78221.0,83543.0,83042.0,78221.0,78221.0,1,5322.0
43376,154.00,1394.00,5,10,10,2,51431.0,45545.0,45545.0,51435.0,51431.0,3,4.0
43377,154.00,1391.00,5,10,10,2,44462.0,49763.0,49763.0,44462.0,44462.0,1,5301.0
43378,206.00,1681.00,5,10,10,2,93065.0,97998.0,97499.0,93075.0,93075.0,1,4923.0
43379,206.00,1610.00,5,10,10,2,46725.0,46013.0,45512.0,46725.0,46718.0,0,7.0
43380,154.00,1394.00,5,10,10,2,30474.0,35010.0,35010.0,30474.0,30474.0,1,4536.0
43381,154.00,1462.00,5,10,10,2,71864.0,63675.0,63889.0,71881.0,71881.0,4,0.0
43382,154.00,1384.00,5,10,10,2,97501.0,77523.0,77523.0,97501.0,97501.0,4,0.0
43383,206.00,1613.00,5,10,10,2,80626.0,80923.0,80425.0,80626.0,80626.0,1,297.0
43384,154.00,1462.00,5,10,10,2,60920.0,68519.0,68512.0,60919.0,60920.0,1,7599.0
43385,206.00,1681.00,5,10,10,2,140327.0,145983.0,145482.0,140327.0,140327.0,1,5656.0
43386,154.00,1542.00,5,10,10,2,76268.0,81899.0,81899.0,76272.0,76272.0,1,5627.0
43387,154.00,1391.00,5,10,10,2,52352.0,61589.0,61589.0,52355.0,52355.0,1,9234.0
43388,187.00,1509.00,5,10,10,2,76270.0,75692.0,54630.0,76273.0,76244.0,3,29.0
43389,154.00,1542.00,5,10,10,2,59584.0,67831.0,67831.0,59574.0,59574.0,1,8257.0
43390,154.00,1462.00,5,10,10,2,58131.0,67237.0,67452.0,58131.0,58131.0,2,9321.0
43391,206.00,1681.00,5,10,10,2,75666.0,80858.0,80359.0,75666.0,75655.0,1,5203.0
43392,187.00,1509.00,5,10,10,2,63279.0,63243.0,69059.0,63279.0,63247.0,2,5812.0
43393,154.00,1391.00,5,10,10,2,41736.0,51177.0,51177.0,41741.0,41741.0,1,9436.0
43394,206.00,1613.00,5,10,10,2,96232.0,97149.0,96651.0,96242.0,96232.0,1,917.0
43395,206.00,1683.00,5,10,10,2,133484.0,138081.0,137563.0,133452.0,133452.0,1,4629.0
43396,216.00,1655.00,5,10,10,2,98605.0,98007.0,97506.0,98603.0,98603.0,0,2.0
43397,216.00,1545.00,4,11,10,2,102671.0,102541.0,101991.0,102671.0,102671.0,4,0.0
43398,206.00,1613.00,5,10,10,2,73171.0,72457.0,71959.0,73179.0,73179.0,4,0.0
43399,154.00,1551.00,5,10,10,2,56633.0,72326.0,72326.0,56635.0,56633.0,1,15693.0
43400,154.00,1545.00,5,10,10,2,83121.0,77533.0,77533.0,83121.0,83124.0,4,0.0
43401,187.00,1516.00,5,10,10,2,84590.0,84043.0,82644.0,84590.0,84579.0,0,11.0
43402,206.00,1610.00,5,10,10,2,82452.0,86079.0,85555.0,82472.0,82472.0,1,3607.0
43403,187.00,1676.00,5,10,10,2,120952.0,126386.0,131462.0,120950.0,120950.0,2,10512.0
43404,154.00,1384.00,5,10,10,2,72162.0,77984.0,77984.0,72162.0,72162.0,1,5822.0
43405,206.00,1681.00,5,10,10,2,89120.0,93544.0,93043.0,89118.0,89120.0,1,4424.0
43406,206.00,1577.00,4,11,10,2,89175.0,94878.0,94331.0,89175.0,89175.0,1,5703.0
43407,206.00,1603.00,5,10,10,2,96656.0,96058.0,95557.0,96656.0,96656.0,4,0.0
43408,206.00,1603.00,5,10,10,2,112047.0,112292.0,111794.0,112047.0,112052.0,1,240.0
43409,154.00,1384.00,5,10,10,2,85031.0,92369.0,92369.0,85031.0,85031.0,1,7338.0
43410,187.00,1509.00,5,10,10,2,99963.0,100640.0,101346.0,99963.0,99973.0,2,1373.0
43411,187.00,1509.00,5,10,10,2,67406.0,72170.0,68032.0,67406.0,67406.0,1,4764.0
43412,206.00,1681.00,5,10,10,2,84122.0,88628.0,88127.0,84122.0,84122.0,1,4506.0
43413,206.00,1613.00,5,10,10,2,84237.0,85258.0,84757.0,84240.0,84240.0,1,1018.0
43414,154.00,1403.00,5,10,10,2,29087.0,46591.0,34612.0,29088.0,29088.0,1,17503.0
43415,206.00,1622.00,5,10,10,2,75659.0,75388.0,74887.0,75659.0,75651.0,0,8.0
43416,216.00,1655.00,5,10,10,2,127479.0,127989.0,127491.0,127470.0,127479.0,1,510.0
43417,154.00,1393.00,5,10,10,2,66456.0,86318.0,86318.0,66466.0,66466.0,1,19852.0
43418,187.00,1513.00,5,10,10,2,88412.0,91613.0,85587.0,88412.0,88414.0,1,3199.0
43419,216.00,1668.00,5,10,10,2,84826.0,84402.0,83904.0,84843.0,84826.0,3,17.0
43420,216.00,1674.00,5,10,10,2,132054.0,137239.0,136739.0,132055.0,132055.0,1,5184.0
43421,187.00,1509.00,5,10,10,2,67104.0,65092.0,52006.0,67104.0,67104.0,4,0.0
43422,216.00,1655.00,5,10,10,2,99998.0,99312.0,98813.0,99998.0,100005.0,4,0.0
43423,216.00,1662.00,5,10,10,2,90526.0,92754.0,92253.0,90531.0,90531.0,1,2223.0
43424,154.00,1384.00,5,10,10,2,96642.0,98289.0,98289.0,96642.0,96642.0,1,1647.0
43425,206.00,1613.00,5,10,10,2,67787.0,67259.0,66761.0,67789.0,67787.0,3,2.0
43426,206.00,1493.00,4,11,10,2,88119.0,88483.0,88145.0,88119.0,88119.0,1,364.0
43427,187.00,1516.00,5,10,10,2,91371.0,92232.0,90059.0,91365.0,91365.0,1,867.0
43428,206.00,1603.00,5,10,10,2,94496.0,91816.0,91317.0,94491.0,94496.0,4,0.0
43429,216.00,1662.00,5,10,10,2,90447.0,89769.0,89270.0,90461.0,90447.0,3,14.0
43430,187.00,1680.00,5,10,10,2,90059.0,95539.0,95348.0,90059.0,90052.0,1,5487.0
43431,154.00,1384.00,5,10,10,2,82373.0,84933.0,84933.0,82372.0,82372.0,1,2561.0
43432,187.00,1519.00,5,10,10,2,45688.0,45232.0,78707.0,45695.0,45695.0,2,33012.0
43433,187.00,1667.00,5,10,10,2,97382.0,102662.0,102263.0,97382.0,97382.0,1,5280.0
43434,187.00,1552.00,5,11,10,2,68791.0,68238.0,67543.0,68778.0,68791.0,4,0.0
43435,154.00,1391.00,5,10,10,2,78241.0,57833.0,57833.0,78241.0,78252.0,4,0.0
43436,187.00,1667.00,5,10,10,2,62087.0,67669.0,82332.0,62100.0,62100.0,2,20232.0
43437,154.00,1279.00,5,11,10,2,70039.0,71184.0,71184.0,70039.0,70039.0,1,1145.0
43438,187.00,1509.00,5,10,10,2,101345.0,101978.0,118003.0,101346.0,101345.0,2,16658.0
43439,187.00,1518.00,5,10,10,2,105024.0,110021.0,85106.0,105027.0,105027.0,1,4994.0
43440,154.00,1394.00,5,10,10,2,82139.0,79125.0,79125.0,82147.0,82147.0,4,0.0
43441,187.00,1676.00,5,10,10,2,97189.0,102388.0,80175.0,97191.0,97191.0,1,5197.0
43442,154.00,1387.00,5,10,10,2,68598.0,61284.0,61284.0,68598.0,68598.0,4,0.0
43443,206.00,1492.00,5,11,10,2,86331.0,85792.0,66179.0,86333.0,86331.0,3,2.0
43444,154.00,1462.00,5,10,10,2,47427.0,52648.0,52857.0,47427.0,47427.0,2,5430.0
43445,154.00,1384.00,5,10,10,2,70517.0,62961.0,62961.0,70517.0,70517.0,4,0.0
43446,154.00,1394.00,5,10,10,2,48658.0,63320.0,63320.0,48656.0,48658.0,1,14662.0
43447,154.00,1474.00,5,10,10,2,62546.0,70624.0,70624.0,62546.0,62546.0,1,8078.0
43448,154.00,1542.00,5,10,10,2,56792.0,58947.0,58947.0,56792.0,56792.0,1,2155.0
43449,187.00,1509.00,5,10,10,2,68834.0,68950.0,92882.0,68834.0,68824.0,2,24058.0
43450,154.00,1397.00,5,10,10,2,74808.0,68172.0,68172.0,74808.0,74808.0,4,0.0
43451,206.00,1681.00,5,10,10,2,86826.0,92189.0,91688.0,86826.0,86826.0,1,5363.0
43452,154.00,1403.00,5,10,10,2,43491.0,38004.0,37997.0,43491.0,43490.0,4,0.0
43453,154.00,1462.00,5,10,10,2,68717.0,76052.0,76294.0,68717.0,68707.0,2,7587.0
43454,154.00,1391.00,5,10,10,2,44766.0,66236.0,66236.0,44782.0,44766.0,1,21470.0
43455,154.00,1274.00,4,11,10,2,55055.0,30548.0,30548.0,55055.0,55055.0,4,0.0
43456,154.00,1391.00,5,10,10,2,60348.0,49969.0,49969.0,60348.0,60348.0,4,0.0
43457,206.00,1603.00,5,10,10,2,75496.0,75291.0,74790.0,75496.0,75495.0,4,0.0
43458,154.00,1384.00,5,10,10,2,84706.0,72095.0,72095.0,84706.0,84706.0,4,0.0
43459,154.00,1542.00,5,10,10,2,84289.0,102307.0,102307.0,84289.0,84280.0,1,18027.0
43460,154.00,1560.00,5,10,10,2,52553.0,64819.0,64819.0,52553.0,52553.0,1,12266.0
43461,206.00,1603.00,5,10,10,2,54095.0,53507.0,53008.0,54104.0,54095.0,3,9.0
43462,187.00,1667.00,5,10,10,2,67702.0,72682.0,68074.0,67702.0,67702.0,1,4980.0
43463,206.00,1603.00,5,10,10,2,84358.0,83841.0,83340.0,84359.0,84359.0,4,0.0
43464,206.00,1681.00,5,10,10,2,103366.0,108630.0,108131.0,103367.0,103367.0,1,5263.0
43465,206.00,1622.00,5,10,10,2,80146.0,83080.0,82583.0,80162.0,80162.0,1,2918.0
43466,154.00,1384.00,5,10,10,2,50933.0,64924.0,64924.0,50933.0,50933.0,1,13991.0
43467,154.00,1384.00,5,10,10,2,99506.0,68899.0,68899.0,99506.0,99506.0,4,0.0
43468,216.00,1655.00,5,10,10,2,101514.0,100736.0,100237.0,101508.0,101508.0,0,6.0
43469,216.00,1655.00,5,10,10,2,97947.0,97494.0,96996.0,97947.0,97947.0,4,0.0
43470,187.00,1519.00,5,10,10,2,42313.0,41931.0,38634.0,42303.0,42303.0,0,10.0
43471,216.00,1545.00,4,11,10,2,69163.0,67303.0,66755.0,69163.0,69163.0,4,0.0
43472,187.00,1667.00,5,10,10,2,68913.0,74467.0,83190.0,68913.0,68913.0,2,14277.0
43473,206.00,1613.00,5,10,10,2,110078.0,109450.0,108949.0,110082.0,110078.0,3,4.0
43474,187.00,1509.00,5,10,10,2,60528.0,59951.0,49250.0,60528.0,60537.0,4,0.0
43475,154.00,1391.00,5,10,10,2,69699.0,90271.0,90271.0,69693.0,69699.0,1,20572.0
43476,154.00,1394.00,5,10,10,2,77439.0,74089.0,74089.0,77444.0,77439.0,3,5.0
43477,206.00,1610.00,5,10,10,2,117383.0,117913.0,117414.0,117383.0,117383.0,1,530.0
43478,187.00,1516.00,5,10,10,2,110386.0,115681.0,107375.0,110389.0,110389.0,1,5292.0
43479,187.00,1667.00,5,10,10,2,83776.0,89100.0,89674.0,83779.0,83779.0,2,5895.0
43480,154.00,1384.00,5,10,10,2,42579.0,38743.0,38743.0,42579.0,42579.0,4,0.0
43481,187.00,1509.00,5,10,10,2,51141.0,50530.0,40462.0,51141.0,51131.0,0,10.0
43482,187.00,1509.00,5,10,10,2,87708.0,87214.0,90574.0,87708.0,87705.0,2,2869.0
43483,154.00,1384.00,5,10,10,2,68934.0,68451.0,68451.0,68934.0,68934.0,4,0.0
43484,206.00,1603.00,5,10,10,2,68572.0,68024.0,67523.0,68574.0,68574.0,4,0.0
43485,154.00,1391.00,5,10,10,2,52688.0,80025.0,80025.0,52698.0,52688.0,1,27337.0
43486,206.00,1681.00,5,10,10,2,89441.0,94498.0,93997.0,89441.0,89435.0,1,5063.0
43487,154.00,1394.00,5,10,10,2,50354.0,53872.0,53872.0,50352.0,50354.0,1,3518.0
43488,154.00,1391.00,5,10,10,2,55592.0,52226.0,52226.0,55589.0,55592.0,4,0.0
43489,154.00,1403.00,5,10,10,2,59306.0,55373.0,55366.0,59286.0,59286.0,0,20.0
43490,216.00,1662.00,5,10,10,2,103325.0,102740.0,102239.0,103325.0,103325.0,4,0.0
43491,154.00,1384.00,5,10,10,2,62708.0,42154.0,42154.0,62708.0,62708.0,4,0.0
43492,206.00,1613.00,5,10,10,2,84899.0,84797.0,84296.0,84899.0,84893.0,0,6.0
43493,187.00,1509.00,5,10,10,2,84125.0,82073.0,61601.0,84130.0,84130.0,4,0.0
43494,154.00,1462.00,5,10,10,2,96912.0,76942.0,77197.0,96912.0,96911.0,4,0.0
43495,216.00,1655.00,5,10,10,2,111160.0,112994.0,112493.0,111160.0,111160.0,1,1834.0
43496,206.00,1603.00,5,10,10,2,81868.0,83848.0,83347.0,81867.0,81867.0,1,1981.0
43497,206.00,1603.00,5,10,10,2,119197.0,119485.0,118984.0,119201.0,119197.0,1,288.0
43498,216.00,1662.00,5,10,10,2,117929.0,118878.0,118379.0,117940.0,117940.0,1,938.0
43499,154.00,1384.00,5,10,10,2,46860.0,54924.0,54924.0,46860.0,46860.0,1,8064.0
43500,154.00,1542.00,5,10,10,2,78482.0,77336.0,77336.0,78488.0,78482.0,3,6.0
43501,206.00,1603.00,5,10,10,2,27967.0,27378.0,26878.0,27967.0,27967.0,4,0.0
43502,154.00,1560.00,5,10,10,2,72708.0,73558.0,73558.0,72703.0,72703.0,1,855.0
43503,216.00,1655.00,5,10,10,2,136653.0,137801.0,137300.0,136647.0,136647.0,1,1154.0
43504,206.00,1610.00,5,10,10,2,40504.0,39858.0,39357.0,40504.0,40504.0,4,0.0
43505,154.00,1542.00,5,10,10,2,71219.0,68877.0,68877.0,71219.0,71214.0,0,5.0
43506,206.00,1603.00,5,10,10,2,85366.0,84731.0,84230.0,85366.0,85366.0,4,0.0
43507,187.00,1516.00,5,10,10,2,86196.0,88012.0,75751.0,86191.0,86196.0,1,1816.0
43508,206.00,1603.00,5,10,10,2,84525.0,84364.0,83863.0,84527.0,84527.0,4,0.0
43509,206.00,1603.00,5,10,10,2,124634.0,125706.0,125208.0,124623.0,124634.0,1,1072.0
43510,206.00,1603.00,5,10,10,2,100038.0,98484.0,97985.0,100038.0,100038.0,4,0.0
43511,187.00,1519.00,5,10,10,2,70914.0,70677.0,71437.0,70914.0,70914.0,2,523.0
43512,154.00,1384.00,5,10,10,2,66032.0,72421.0,72421.0,66032.0,66032.0,1,6389.0
43513,216.00,1655.00,5,10,10,2,113316.0,118223.0,117725.0,113316.0,113316.0,1,4907.0
43514,187.00,1509.00,5,10,10,2,51699.0,51254.0,47160.0,51706.0,51706.0,4,0.0
43515,206.00,1610.00,5,10,10,2,59803.0,59506.0,59005.0,59803.0,59813.0,4,0.0
43516,206.00,1693.00,5,10,10,2,70634.0,76224.0,75767.0,70635.0,70634.0,1,5590.0
43517,187.00,1679.00,5,10,10,2,104292.0,109502.0,79632.0,104292.0,104292.0,1,5210.0
43518,154.00,1542.00,5,10,10,2,67581.0,66481.0,66481.0,67581.0,67586.0,4,0.0
43519,154.00,1384.00,5,10,10,2,59789.0,44265.0,44265.0,59789.0,59789.0,4,0.0
43520,206.00,1613.00,5,10,10,2,117080.0,117685.0,117186.0,117092.0,117080.0,1,605.0
43521,187.00,1676.00,5,10,10,2,105062.0,110211.0,122844.0,105062.0,105057.0,2,17787.0
43522,154.00,1384.00,5,10,10,2,66207.0,89040.0,89040.0,66207.0,66207.0,1,22833.0
43523,154.00,1551.00,5,10,10,2,51731.0,64923.0,64923.0,51738.0,51731.0,1,13192.0
43524,154.00,1394.00,5,10,10,2,60022.0,71612.0,71612.0,60022.0,60022.0,1,11590.0
43525,187.00,1516.00,5,10,10,2,72921.0,73447.0,103522.0,72921.0,72932.0,2,30590.0
43526,187.00,1528.00,5,10,10,2,82992.0,79577.0,90166.0,82984.0,82992.0,2,7174.0
43527,206.00,1610.00,5,10,10,2,84879.0,84338.0,83837.0,84876.0,84879.0,4,0.0
43528,206.00,1492.00,5,11,10,2,93482.0,92940.0,79707.0,93489.0,93482.0,3,7.0
43529,206.00,1693.00,5,10,10,2,98760.0,103836.0,103339.0,98760.0,98760.0,1,5076.0
43530,187.00,1667.00,5,10,10,2,58966.0,64002.0,64000.0,58960.0,58960.0,1,5042.0
43531,206.00,1613.00,5,10,10,2,96979.0,99233.0,98691.0,96971.0,96971.0,1,2262.0
43532,154.00,1542.00,5,10,10,2,87095.0,89304.0,89304.0,87086.0,87095.0,1,2209.0
43533,154.00,1391.00,5,10,10,2,77096.0,58765.0,58765.0,77089.0,77089.0,0,7.0
43534,187.00,1667.00,5,10,10,2,65920.0,71220.0,70833.0,65887.0,65919.0,1,5301.0
43535,216.00,1655.00,5,10,10,2,125359.0,131041.0,130508.0,125359.0,125359.0,1,5682.0
43536,206.00,1681.00,5,10,10,2,110264.0,114723.0,114225.0,110264.0,110264.0,1,4459.0
43537,154.00,1384.00,5,10,10,2,83219.0,87677.0,87677.0,83219.0,83219.0,1,4458.0
43538,187.00,1516.00,5,10,10,2,55419.0,54982.0,60988.0,55424.0,55419.0,2,5569.0
43539,206.00,1613.00,5,10,10,2,111175.0,113695.0,113194.0,111183.0,111183.0,1,2512.0
43540,206.00,1603.00,5,10,10,2,76879.0,76279.0,75781.0,76869.0,76879.0,4,0.0
43541,206.00,1693.00,5,10,10,2,108050.0,114358.0,113857.0,108057.0,108057.0,1,6301.0
43542,206.00,1493.00,4,11,10,2,87653.0,88432.0,87993.0,87653.0,87653.0,1,779.0
43543,216.00,1655.00,5,10,10,2,125765.0,126558.0,126060.0,125775.0,125765.0,1,793.0
43544,216.00,1655.00,5,10,10,2,72984.0,72371.0,71870.0,72984.0,72984.0,4,0.0
43545,187.00,1519.00,5,10,10,2,54710.0,56663.0,52379.0,54715.0,54715.0,1,1948.0
43546,206.00,1603.00,5,10,10,2,61961.0,58724.0,58225.0,61955.0,61961.0,4,0.0
43547,216.00,1655.00,5,10,10,2,148446.0,151465.0,150964.0,148446.0,148452.0,1,3013.0
43548,154.00,1394.00,5,10,10,2,38176.0,29205.0,29205.0,38177.0,38176.0,4,0.0
43549,154.00,1462.00,5,10,10,2,64687.0,90030.0,90245.0,64676.0,64687.0,2,25558.0
43550,206.00,1681.00,5,10,10,2,103979.0,109366.0,108868.0,103980.0,103980.0,1,5386.0
43551,216.00,1665.00,5,10,10,2,132469.0,137130.0,136628.0,132469.0,132469.0,1,4661.0
43552,154.00,1403.00,5,10,10,2,46214.0,59780.0,59906.0,46208.0,46214.0,2,13692.0
43553,187.00,1519.00,5,10,10,2,67741.0,73100.0,77016.0,67741.0,67741.0,2,9275.0
43554,206.00,1610.00,5,10,10,2,54720.0,54131.0,53630.0,54720.0,54724.0,4,0.0
43555,206.00,1681.00,5,10,10,2,98979.0,104353.0,103852.0,98979.0,98974.0,1,5379.0
43556,187.00,1667.00,5,10,10,2,84386.0,89747.0,80524.0,84386.0,84376.0,1,5371.0
43557,206.00,1603.00,5,10,10,2,126749.0,127435.0,126934.0,126749.0,126749.0,1,686.0
43558,206.00,1603.00,5,10,10,2,122291.0,122904.0,122405.0,122298.0,122298.0,1,606.0
43559,187.00,1509.00,5,10,10,2,97268.0,97889.0,111141.0,97270.0,97270.0,2,13871.0
43560,154.00,1474.00,5,10,10,2,51361.0,57290.0,57290.0,51361.0,51367.0,1,5923.0
43561,216.00,1655.00,5,10,10,2,72754.0,72316.0,71815.0,72755.0,72754.0,4,0.0
43562,154.00,1542.00,5,10,10,2,75186.0,81387.0,81387.0,75185.0,75185.0,1,6202.0
43563,216.00,1665.00,5,10,10,2,105915.0,103287.0,102788.0,105915.0,105915.0,4,0.0
43564,206.00,1603.00,5,10,10,2,68093.0,67587.0,67086.0,68090.0,68090.0,0,3.0
43565,206.00,1603.00,5,10,10,2,78356.0,80217.0,79716.0,78349.0,78349.0,1,1868.0
43566,206.00,1603.00,5,10,10,2,108271.0,108804.0,108305.0,108260.0,108271.0,1,533.0
43567,154.00,1384.00,5,10,10,2,56566.0,70278.0,70278.0,56566.0,56566.0,1,13712.0
43568,187.00,1528.00,5,10,10,2,111935.0,112304.0,112986.0,111935.0,111938.0,2,1048.0
43569,154.00,1384.00,5,10,10,2,79275.0,97580.0,97580.0,79275.0,79275.0,1,18305.0
43570,216.00,1674.00,5,10,10,2,129910.0,135152.0,134652.0,129905.0,129905.0,1,5247.0
43571,187.00,1509.00,5,10,10,2,55686.0,55473.0,103884.0,55680.0,55686.0,2,48198.0
43572,154.00,1462.00,5,10,10,2,67940.0,63386.0,63638.0,67937.0,67940.0,4,0.0
43573,154.00,1542.00,5,10,10,2,80991.0,62685.0,62685.0,81006.0,81006.0,4,0.0
43574,187.00,1509.00,5,10,10,2,90929.0,92126.0,106161.0,90920.0,90929.0,2,15232.0
43575,216.00,1655.00,5,10,10,2,83697.0,83088.0,82587.0,83691.0,83697.0,4,0.0
43576,154.00,1384.00,5,10,10,2,49484.0,62662.0,62662.0,49484.0,49484.0,1,13178.0
43577,154.00,1542.00,5,10,10,2,48350.0,66336.0,66336.0,48350.0,48353.0,1,17983.0
43578,187.00,1519.00,5,10,10,2,30079.0,29557.0,33342.0,30069.0,30079.0,2,3263.0
43579,216.00,1655.00,5,10,10,2,110805.0,111621.0,111122.0,110796.0,110796.0,1,825.0
43580,206.00,1693.00,5,10,10,2,87800.0,93376.0,92880.0,87800.0,87800.0,1,5576.0
43581,187.00,1676.00,5,10,10,2,77095.0,82642.0,82445.0,77095.0,77095.0,1,5547.0
43582,154.00,1403.00,5,10,10,2,33645.0,44966.0,31928.0,33645.0,33645.0,1,11321.0
43583,206.00,1681.00,5,10,10,2,93139.0,98131.0,97630.0,93145.0,93139.0,1,4992.0
43584,206.00,1610.00,5,10,10,2,58585.0,58053.0,57554.0,58588.0,58588.0,4,0.0
43585,187.00,1509.00,5,10,10,2,102879.0,103416.0,99377.0,102877.0,102877.0,1,539.0
43586,216.00,1665.00,5,10,10,2,106071.0,108186.0,107644.0,106071.0,106071.0,1,2115.0
43587,154.00,1394.00,5,10,10,2,41825.0,41155.0,41155.0,41825.0,41825.0,4,0.0
43588,216.00,1662.00,5,10,10,2,58982.0,59130.0,58592.0,58982.0,58982.0,1,148.0
43589,187.00,1516.00,5,10,10,2,101329.0,106706.0,91888.0,101329.0,101327.0,1,5379.0
43590,206.00,1603.00,5,10,10,2,99143.0,101007.0,100506.0,99143.0,99144.0,1,1863.0
43591,154.00,1384.00,5,10,10,2,55942.0,57037.0,57037.0,55942.0,55942.0,1,1095.0
43592,154.00,1384.00,5,10,10,2,87790.0,78250.0,78250.0,87790.0,87790.0,4,0.0
43593,154.00,1384.00,5,10,10,2,46357.0,58509.0,58509.0,46357.0,46357.0,1,12152.0
43594,206.00,1610.00,5,10,10,2,109679.0,109492.0,108994.0,109680.0,109679.0,4,0.0
43595,216.00,1655.00,5,10,10,2,128240.0,128947.0,128446.0,128240.0,128240.0,1,707.0
43596,206.00,1603.00,5,10,10,2,85182.0,85583.0,85082.0,85182.0,85182.0,1,401.0
43597,154.00,1394.00,5,10,10,2,63729.0,71294.0,71294.0,63728.0,63728.0,1,7566.0
43598,187.00,1519.00,5,10,10,2,60452.0,60366.0,99787.0,60452.0,60452.0,2,39335.0
43599,206.00,1681.00,5,10,10,2,81890.0,87318.0,86820.0,81890.0,81890.0,1,5428.0
43600,187.00,1516.00,5,10,10,2,101030.0,102064.0,105231.0,101032.0,101032.0,2,4199.0
43601,206.00,1613.00,5,10,10,2,102562.0,102974.0,102473.0,102546.0,102562.0,1,412.0
43602,154.00,1350.00,5,11,10,2,94865.0,84984.0,84984.0,94857.0,94857.0,0,8.0
43603,154.00,1273.00,5,11,10,2,73942.0,60906.0,60906.0,73942.0,73942.0,4,0.0
43604,206.00,1693.00,5,10,10,2,83983.0,89543.0,89046.0,83980.0,83983.0,1,5560.0
43605,187.00,1509.00,5,10,10,2,85941.0,86765.0,73881.0,85951.0,85951.0,1,814.0
43606,216.00,1665.00,5,10,10,2,136147.0,136871.0,136370.0,136147.0,136147.0,1,724.0
43607,187.00,1509.00,5,10,10,2,74071.0,70542.0,60925.0,74074.0,74071.0,3,3.0
43608,187.00,1509.00,5,10,10,2,125619.0,126569.0,114259.0,125619.0,125619.0,1,950.0
43609,154.00,1542.00,5,10,10,2,58924.0,87028.0,87028.0,58914.0,58914.0,1,28114.0
43610,187.00,1509.00,5,10,10,2,98907.0,104628.0,100722.0,98907.0,98907.0,1,5721.0
43611,154.00,1391.00,5,10,10,2,70675.0,73907.0,73907.0,70675.0,70660.0,1,3247.0
43612,154.00,1393.00,5,10,10,2,76357.0,60369.0,60369.0,76357.0,76364.0,4,0.0
43613,187.00,1553.00,4,11,10,2,78769.0,84102.0,81336.0,78769.0,78769.0,1,5333.0
43614,187.00,1512.00,5,10,10,2,102364.0,102052.0,96464.0,102366.0,102364.0,3,2.0
43615,206.00,1603.00,5,10,10,2,38950.0,38440.0,37939.0,38950.0,38950.0,4,0.0
43616,187.00,1667.00,5,10,10,2,81299.0,86566.0,120852.0,81299.0,81285.0,2,39567.0
43617,154.00,1462.00,5,10,10,2,90913.0,90241.0,90459.0,90747.0,90747.0,0,166.0
43618,154.00,1384.00,5,10,10,2,85590.0,74245.0,74245.0,85590.0,85590.0,4,0.0
43619,206.00,1603.00,5,10,10,2,77936.0,78304.0,77803.0,77936.0,77936.0,1,368.0
43620,216.00,1655.00,5,10,10,2,111925.0,112651.0,112150.0,111924.0,111925.0,1,726.0
43621,187.00,1509.00,5,10,10,2,28934.0,28274.0,33252.0,28924.0,28934.0,2,4318.0
43622,206.00,1613.00,5,10,10,2,89476.0,92763.0,92265.0,89476.0,89465.0,1,3298.0
43623,187.00,1516.00,5,10,10,2,80923.0,82166.0,94091.0,80923.0,80914.0,2,13177.0
43624,187.00,1509.00,5,10,10,2,62487.0,62091.0,61602.0,62487.0,62487.0,4,0.0
43625,154.00,1394.00,5,10,10,2,99854.0,62568.0,62568.0,99853.0,99853.0,4,0.0
43626,216.00,1655.00,5,10,10,2,114373.0,115649.0,115148.0,114373.0,114373.0,1,1276.0
43627,206.00,1613.00,5,10,10,2,81995.0,82279.0,81781.0,82005.0,82005.0,1,274.0
43628,154.00,1560.00,5,10,10,2,49634.0,57132.0,57132.0,49634.0,49634.0,1,7498.0
43629,187.00,1519.00,5,10,10,2,53509.0,52889.0,68013.0,53509.0,53509.0,2,14504.0
43630,154.00,1384.00,5,10,10,2,69370.0,77126.0,77126.0,69370.0,69370.0,1,7756.0
43631,154.00,1384.00,5,10,10,2,80395.0,82715.0,82715.0,80395.0,80395.0,1,2320.0
43632,216.00,1655.00,5,10,10,2,120923.0,121769.0,121268.0,120920.0,120923.0,1,846.0
43633,154.00,1391.00,5,10,10,2,71670.0,76619.0,76619.0,71670.0,71653.0,1,4966.0
43634,216.00,1674.00,5,10,10,2,111142.0,112014.0,111513.0,111142.0,111142.0,1,872.0
43635,154.00,1542.00,5,10,10,2,71258.0,61977.0,61977.0,71258.0,71250.0,0,8.0
43636,206.00,1681.00,5,10,10,2,78632.0,84172.0,83678.0,78632.0,78632.0,1,5540.0
43637,206.00,1693.00,5,10,10,2,82885.0,88513.0,88016.0,82885.0,82879.0,1,5634.0
43638,154.00,1403.00,5,10,10,2,26101.0,21597.0,25383.0,26101.0,26101.0,4,0.0
43639,154.00,1391.00,5,10,10,2,57730.0,83434.0,83434.0,57730.0,57730.0,1,25704.0
43640,154.00,1384.00,5,10,10,2,73141.0,99310.0,99310.0,73141.0,73141.0,1,26169.0
43641,206.00,1681.00,5,10,10,2,65946.0,70864.0,70365.0,65946.0,65946.0,1,4918.0
43642,154.00,1384.00,5,10,10,2,86822.0,77750.0,77750.0,86822.0,86822.0,4,0.0
43643,187.00,1528.00,5,10,10,2,70243.0,74341.0,86743.0,70245.0,70243.0,2,16500.0
43644,187.00,1509.00,5,10,10,2,48143.0,47446.0,59657.0,48143.0,48152.0,2,11505.0
43645,187.00,1509.00,5,10,10,2,86223.0,83969.0,63231.0,86216.0,86216.0,0,7.0
43646,154.00,1403.00,5,10,10,2,66599.0,66672.0,66665.0,66599.0,66589.0,1,83.0
43647,154.00,1391.00,5,10,10,2,35418.0,52424.0,52424.0,35405.0,35405.0,1,17019.0
43648,154.00,1474.00,5,10,10,2,56478.0,64144.0,64144.0,56490.0,56490.0,1,7654.0
43649,154.00,1462.00,5,10,10,2,96591.0,102774.0,103018.0,96591.0,96587.0,2,6431.0
43650,216.00,1545.00,4,11,10,2,67515.0,66961.0,66414.0,67515.0,67515.0,4,0.0
43651,154.00,1394.00,5,10,10,2,64409.0,44508.0,44508.0,64415.0,64415.0,4,0.0
43652,187.00,1509.00,5,10,10,2,119016.0,117647.0,112709.0,119019.0,119016.0,3,3.0
43653,154.00,1384.00,5,10,10,2,77449.0,92950.0,92950.0,77449.0,77449.0,1,15501.0
43654,216.00,1655.00,5,10,10,2,84805.0,84456.0,83910.0,84778.0,84765.0,0,40.0
43655,154.00,1462.00,5,10,10,2,57225.0,72280.0,72272.0,57214.0,57225.0,1,15055.0
43656,206.00,1622.00,5,10,10,2,96868.0,97113.0,96617.0,96868.0,96868.0,1,245.0
43657,154.00,1384.00,5,10,10,2,64260.0,65296.0,65296.0,64260.0,64260.0,1,1036.0
43658,187.00,1519.00,5,10,10,2,62833.0,61945.0,64153.0,62833.0,62833.0,2,1320.0
43659,216.00,1655.00,5,10,10,2,83152.0,82803.0,82302.0,83152.0,83152.0,4,0.0
43660,216.00,1665.00,5,10,10,2,105370.0,104891.0,104393.0,105367.0,105367.0,0,3.0
43661,187.00,1528.00,5,10,10,2,75491.0,79657.0,66183.0,75484.0,75484.0,1,4173.0
43662,206.00,1603.00,5,10,10,2,106403.0,106495.0,105996.0,106403.0,106409.0,1,86.0
43663,154.00,1394.00,5,10,10,2,49401.0,52603.0,52603.0,49401.0,49401.0,1,3202.0
43664,206.00,1493.00,4,11,10,2,99656.0,99938.0,99489.0,99656.0,99656.0,1,282.0
43665,206.00,1613.00,5,10,10,2,105117.0,104512.0,104011.0,105114.0,105117.0,4,0.0
43666,206.00,1613.00,5,10,10,2,118955.0,119978.0,119480.0,118946.0,118946.0,1,1032.0
43667,154.00,1384.00,5,10,10,2,70342.0,53249.0,53249.0,70342.0,70342.0,4,0.0
43668,206.00,1613.00,5,10,10,2,84408.0,84458.0,83957.0,84408.0,84406.0,1,52.0
43669,206.00,1610.00,5,10,10,2,55231.0,58201.0,57700.0,55231.0,55233.0,1,2968.0
43670,154.00,1542.00,5,10,10,2,59322.0,64584.0,64584.0,59322.0,59322.0,1,5262.0
43671,154.00,1391.00,5,10,10,2,65816.0,35839.0,35839.0,65805.0,65816.0,4,0.0
43672,187.00,1509.00,5,10,10,2,92934.0,96723.0,96291.0,92934.0,92934.0,1,3789.0
43673,154.00,1391.00,5,10,10,2,75379.0,65832.0,65832.0,75395.0,75379.0,3,16.0
43674,206.00,1610.00,5,10,10,2,111244.0,110869.0,110368.0,111244.0,111244.0,4,0.0
43675,206.00,1607.00,5,10,10,2,94776.0,94182.0,93684.0,94776.0,94748.0,0,28.0
43676,154.00,1394.00,5,10,10,2,37730.0,56758.0,56758.0,37736.0,37736.0,1,19022.0
43677,187.00,1519.00,5,10,10,2,84590.0,84333.0,95633.0,84590.0,84590.0,2,11043.0
43678,154.00,1384.00,5,10,10,2,64668.0,74415.0,74415.0,64668.0,64668.0,1,9747.0
43679,216.00,1655.00,5,10,10,2,97243.0,99158.0,98660.0,97243.0,97252.0,1,1906.0
43680,154.00,1542.00,5,10,10,2,69794.0,74080.0,74080.0,69794.0,69794.0,1,4286.0
43681,206.00,1603.00,5,10,10,2,85294.0,87475.0,86974.0,85296.0,85294.0,1,2181.0
43682,187.00,1676.00,5,10,10,2,80679.0,86223.0,110310.0,80679.0,80679.0,2,29631.0
43683,216.00,1674.00,5,10,10,2,122710.0,122276.0,121737.0,122710.0,122710.0,4,0.0
43684,154.00,1391.00,5,10,10,2,54243.0,60093.0,60093.0,54252.0,54252.0,1,5841.0
43685,154.00,1551.00,5,10,10,2,67622.0,79175.0,79175.0,67622.0,67622.0,1,11553.0
43686,154.00,1279.00,5,11,10,2,31443.0,51541.0,51541.0,31443.0,31443.0,1,20098.0
43687,154.00,1384.00,5,10,10,2,55536.0,49507.0,49507.0,55536.0,55536.0,4,0.0
43688,154.00,1391.00,5,10,10,2,71570.0,79748.0,79748.0,71570.0,71570.0,1,8178.0
43689,154.00,1462.00,5,10,10,2,80674.0,106257.0,106481.0,80680.0,80674.0,2,25807.0
43690,154.00,1394.00,5,10,10,2,34156.0,25726.0,25726.0,34158.0,34156.0,3,2.0
43691,154.00,1384.00,5,10,10,2,66317.0,83919.0,83919.0,66317.0,66317.0,1,17602.0
43692,206.00,1603.00,5,10,10,2,81615.0,87009.0,86508.0,81615.0,81619.0,1,5390.0
43693,187.00,1519.00,5,10,10,2,27972.0,27266.0,30254.0,27954.0,27954.0,2,2300.0
43694,187.00,1509.00,5,10,10,2,71716.0,74561.0,74080.0,71716.0,71716.0,1,2845.0
43695,154.00,1462.00,5,10,10,2,100277.0,92255.0,92502.0,100277.0,100277.0,4,0.0
43696,216.00,1655.00,5,10,10,2,109469.0,109127.0,108626.0,109471.0,109469.0,3,2.0
43697,216.00,1655.00,5,10,10,2,95499.0,94979.0,94480.0,95499.0,95499.0,4,0.0
43698,154.00,1394.00,5,10,10,2,65241.0,76075.0,76075.0,65241.0,65243.0,1,10832.0
43699,216.00,1655.00,5,10,10,2,125800.0,126597.0,126096.0,125803.0,125803.0,1,794.0
43700,206.00,1607.00,5,10,10,2,72376.0,71911.0,71413.0,72410.0,72400.0,3,10.0
43701,154.00,1384.00,5,10,10,2,79842.0,81456.0,81456.0,79842.0,79842.0,1,1614.0
43702,216.00,1669.00,5,10,10,2,113754.0,114205.0,113707.0,113736.0,113754.0,1,451.0
43703,154.00,1391.00,5,10,10,2,51107.0,76543.0,76543.0,51107.0,51107.0,1,25436.0
43704,206.00,1681.00,5,10,10,2,77969.0,83418.0,82917.0,77973.0,77973.0,1,5445.0
43705,154.00,1542.00,5,10,10,2,78003.0,74166.0,74166.0,77997.0,77997.0,0,6.0
43706,154.00,1384.00,5,10,10,2,65058.0,68356.0,68356.0,65058.0,65058.0,1,3298.0
43707,206.00,1613.00,5,10,10,2,92565.0,93083.0,92582.0,92568.0,92565.0,1,518.0
43708,154.00,1542.00,5,10,10,2,66766.0,71763.0,71763.0,66766.0,66766.0,1,4997.0
43709,154.00,1394.00,5,10,10,2,51608.0,57684.0,57684.0,51603.0,51603.0,1,6081.0
43710,154.00,1384.00,5,10,10,2,71322.0,64106.0,64106.0,71322.0,71322.0,4,0.0
43711,206.00,1603.00,5,10,10,2,49226.0,48491.0,47992.0,49226.0,49226.0,4,0.0
43712,187.00,1519.00,5,10,10,2,69147.0,68676.0,89041.0,69149.0,69147.0,2,19894.0
43713,187.00,1509.00,5,10,10,2,63848.0,62833.0,33778.0,63848.0,63848.0,4,0.0
43714,206.00,1613.00,5,10,10,2,92552.0,97044.0,96545.0,92564.0,92552.0,1,4492.0
43715,216.00,1655.00,5,10,10,2,65739.0,65194.0,64718.0,65739.0,65765.0,4,0.0
43716,154.00,1462.00,5,10,10,2,82421.0,102809.0,103026.0,82421.0,82434.0,2,20592.0
43717,187.00,1516.00,5,10,10,2,65060.0,64702.0,74479.0,65060.0,65060.0,2,9419.0
43718,206.00,1613.00,5,10,10,2,86358.0,88682.0,88181.0,86364.0,86364.0,1,2318.0
43719,154.00,1384.00,5,10,10,2,82052.0,76600.0,76600.0,82052.0,82057.0,4,0.0
43720,206.00,1613.00,5,10,10,2,102603.0,104256.0,103755.0,102603.0,102603.0,1,1653.0
43721,187.00,1528.00,5,10,10,2,57043.0,54434.0,37479.0,57044.0,57044.0,4,0.0
43722,154.00,1391.00,5,10,10,2,57896.0,77985.0,77985.0,57896.0,57896.0,1,20089.0
43723,187.00,1509.00,4,11,10,2,115565.0,116422.0,114226.0,115601.0,115601.0,1,821.0
43724,206.00,1693.00,5,10,10,2,87091.0,92545.0,92049.0,87091.0,87080.0,1,5465.0
43725,154.00,1384.00,5,10,10,2,76121.0,50969.0,50969.0,76121.0,76121.0,4,0.0
43726,187.00,1509.00,5,10,10,2,44733.0,44217.0,55205.0,44724.0,44724.0,2,10481.0
43727,154.00,1474.00,5,10,10,2,61593.0,75369.0,75369.0,61593.0,61579.0,1,13790.0
43728,187.00,1509.00,5,10,10,2,89930.0,90985.0,97444.0,89930.0,89925.0,2,7519.0
43729,154.00,1394.00,5,10,10,2,74331.0,55103.0,55103.0,74334.0,74331.0,3,3.0
43730,187.00,1509.00,5,10,10,2,52230.0,56562.0,57104.0,52230.0,52230.0,2,4874.0
43731,206.00,1603.00,5,10,10,2,73520.0,72560.0,72059.0,73520.0,73520.0,4,0.0
43732,154.00,1384.00,5,10,10,2,65640.0,73559.0,73559.0,65640.0,65640.0,1,7919.0
43733,187.00,1516.00,5,10,10,2,71267.0,71217.0,96939.0,71253.0,71267.0,2,25672.0
43734,206.00,1603.00,5,10,10,2,103409.0,102936.0,102438.0,103409.0,103403.0,0,6.0
43735,187.00,1516.00,5,10,10,2,46564.0,46116.0,66059.0,46569.0,46569.0,2,19490.0
43736,206.00,1613.00,5,10,10,2,102678.0,102523.0,102022.0,102673.0,102678.0,4,0.0
43737,216.00,1662.00,5,10,10,2,100117.0,105535.0,105037.0,100122.0,100117.0,1,5418.0
43738,154.00,1394.00,5,10,10,2,47368.0,51355.0,51355.0,47370.0,47370.0,1,3985.0
43739,187.00,1464.00,4,11,10,2,56419.0,54881.0,40450.0,56419.0,56402.0,0,17.0
43740,187.00,1509.00,5,10,10,2,61571.0,59819.0,46504.0,61571.0,61571.0,4,0.0
43741,154.00,1542.00,5,10,10,2,78096.0,94533.0,94533.0,78096.0,78096.0,1,16437.0
43742,154.00,1279.00,5,11,10,2,50684.0,40083.0,40083.0,50684.0,50684.0,4,0.0
43743,187.00,1528.00,5,10,10,2,63133.0,60369.0,57472.0,63133.0,63133.0,4,0.0
43744,216.00,1662.00,5,10,10,2,107848.0,112750.0,112249.0,107848.0,107850.0,1,4900.0
43745,216.00,1655.00,5,10,10,2,93972.0,93415.0,92914.0,93966.0,93966.0,0,6.0
43746,187.00,1509.00,5,10,10,2,73634.0,73207.0,90917.0,73605.0,73605.0,2,17312.0
43747,154.00,1542.00,5,10,10,2,93957.0,103432.0,103432.0,93958.0,93957.0,1,9475.0
43748,206.00,1622.00,5,10,10,2,100817.0,100191.0,99690.0,100817.0,100818.0,4,0.0
43749,206.00,1693.00,5,10,10,2,86773.0,92154.0,91654.0,86761.0,86773.0,1,5381.0
43750,154.00,1384.00,5,10,10,2,37766.0,34998.0,34998.0,37766.0,37766.0,4,0.0
43751,187.00,1509.00,5,10,10,2,90663.0,87981.0,82945.0,90663.0,90663.0,4,0.0
43752,206.00,1613.00,5,10,10,2,77817.0,74289.0,73790.0,77810.0,77810.0,0,7.0
43753,187.00,1516.00,5,10,10,2,82860.0,82455.0,105468.0,82857.0,82860.0,2,22608.0
43754,187.00,1509.00,5,10,10,2,77599.0,77244.0,64162.0,77599.0,77599.0,4,0.0
43755,187.00,1509.00,5,10,10,2,103753.0,103214.0,95798.0,103753.0,103753.0,4,0.0
43756,154.00,1462.00,5,10,10,2,101089.0,102910.0,103134.0,101101.0,101272.0,2,1862.0
43757,187.00,1405.00,4,11,10,2,96066.0,95544.0,89282.0,96066.0,96066.0,4,0.0
43758,154.00,1391.00,5,10,10,2,61320.0,49781.0,49781.0,61320.0,61320.0,4,0.0
43759,154.00,1403.00,5,10,10,2,50387.0,26896.0,27489.0,50380.0,50380.0,0,7.0
43760,216.00,1677.00,5,10,10,2,102099.0,101800.0,101274.0,102082.0,102065.0,0,34.0
43761,154.00,1384.00,5,10,10,2,95258.0,78148.0,78148.0,95258.0,95258.0,4,0.0
43762,187.00,1676.00,5,10,10,2,72373.0,77879.0,77918.0,72362.0,72362.0,2,5556.0
43763,216.00,1655.00,5,10,10,2,59585.0,59307.0,58809.0,59585.0,59585.0,4,0.0
43764,206.00,1613.00,5,10,10,2,80683.0,84396.0,83895.0,80687.0,80687.0,1,3709.0
43765,187.00,1516.00,5,10,10,2,63356.0,62949.0,79676.0,63356.0,63346.0,2,16330.0
43766,187.00,1528.00,5,10,10,2,65966.0,65715.0,82389.0,65966.0,65966.0,2,16423.0
43767,154.00,1384.00,5,10,10,2,75567.0,98784.0,98784.0,75567.0,75567.0,1,23217.0
43768,187.00,1676.00,5,10,10,2,100689.0,105576.0,105404.0,100689.0,100689.0,1,4887.0
43769,187.00,1516.00,5,10,10,2,105425.0,105287.0,91641.0,105425.0,105426.0,4,0.0
43770,154.00,1462.00,5,10,10,2,82202.0,84281.0,84521.0,82192.0,82202.0,2,2319.0
43771,154.00,1551.00,5,10,10,2,51989.0,53838.0,53838.0,51984.0,51989.0,1,1849.0
43772,206.00,1693.00,5,10,10,2,98844.0,103022.0,102525.0,98850.0,98844.0,1,4178.0
43773,187.00,1416.00,4,11,10,2,45943.0,45591.0,71865.0,45943.0,45943.0,2,25922.0
43774,187.00,1667.00,5,10,10,2,69739.0,74820.0,91624.0,69739.0,69739.0,2,21885.0
43775,216.00,1655.00,5,10,10,2,95253.0,94767.0,94269.0,95253.0,95253.0,4,0.0
43776,154.00,1391.00,5,10,10,2,76299.0,73601.0,73601.0,76299.0,76299.0,4,0.0
43777,154.00,1474.00,5,10,10,2,68242.0,89686.0,89686.0,68242.0,68242.0,1,21444.0
43778,154.00,1462.00,5,10,10,2,76234.0,71113.0,71330.0,76234.0,76223.0,0,11.0
43779,154.00,1280.00,4,11,10,2,73648.0,71273.0,71273.0,73633.0,73648.0,4,0.0
43780,216.00,1665.00,5,10,10,2,110495.0,109446.0,108948.0,110495.0,110502.0,4,0.0
43781,154.00,1394.00,5,10,10,2,52324.0,52337.0,52337.0,52324.0,52324.0,1,13.0
43782,216.00,1665.00,5,10,10,2,142854.0,146519.0,146018.0,142853.0,142853.0,1,3666.0
43783,206.00,1610.00,5,10,10,2,81515.0,79244.0,78743.0,81515.0,81515.0,4,0.0
43784,154.00,1542.00,5,10,10,2,98151.0,87518.0,87518.0,98151.0,98144.0,0,7.0
43785,216.00,1665.00,5,10,10,2,113081.0,118103.0,117604.0,113093.0,113093.0,1,5010.0
43786,187.00,1509.00,5,10,10,2,81958.0,81446.0,82306.0,81958.0,81958.0,2,348.0
43787,154.00,1474.00,5,10,10,2,80768.0,87913.0,87913.0,80768.0,80768.0,1,7145.0
43788,206.00,1681.00,5,10,10,2,58915.0,64334.0,63836.0,58903.0,58915.0,1,5419.0
43789,206.00,1603.00,5,10,10,2,85192.0,90371.0,89870.0,85197.0,85192.0,1,5179.0
43790,187.00,1509.00,5,10,10,2,65482.0,65055.0,43426.0,65485.0,65485.0,4,0.0
43791,206.00,1681.00,5,10,10,2,77298.0,82434.0,81936.0,77298.0,77305.0,1,5129.0
43792,216.00,1665.00,5,10,10,2,129593.0,129664.0,129165.0,129593.0,129582.0,1,82.0
43793,216.00,1665.00,5,10,10,2,88791.0,86974.0,86432.0,88791.0,88785.0,0,6.0
43794,154.00,1542.00,4,11,10,2,65700.0,92467.0,92467.0,65890.0,65700.0,1,26767.0
43795,206.00,1693.00,5,10,10,2,71743.0,77232.0,76735.0,71743.0,71755.0,1,5477.0
43796,154.00,1542.00,5,10,10,2,53662.0,60021.0,60021.0,53657.0,53662.0,1,6359.0
43797,154.00,1462.00,5,10,10,2,75544.0,66823.0,66816.0,75541.0,75544.0,4,0.0
43798,154.00,1391.00,5,10,10,2,72830.0,68591.0,68591.0,72867.0,72863.0,3,4.0
43799,206.00,1603.00,5,10,10,2,103518.0,104537.0,104039.0,103509.0,103518.0,1,1019.0
43800,216.00,1655.00,5,10,10,2,131654.0,132196.0,131695.0,131654.0,131654.0,1,542.0
43801,187.00,1667.00,5,10,10,2,83644.0,88846.0,108379.0,83634.0,83634.0,2,24745.0
43802,154.00,1384.00,5,10,10,2,82870.0,103004.0,103004.0,82870.0,82870.0,1,20134.0
43803,187.00,1509.00,5,10,10,2,59378.0,58794.0,85637.0,59378.0,59373.0,2,26264.0
43804,216.00,1655.00,5,10,10,2,111543.0,110881.0,110382.0,111536.0,111536.0,0,7.0
43805,187.00,1509.00,5,10,10,2,84417.0,85509.0,83069.0,84417.0,84417.0,1,1092.0
43806,154.00,1384.00,5,10,10,2,69002.0,58704.0,58704.0,69002.0,69002.0,4,0.0
43807,154.00,1391.00,5,10,10,2,76783.0,77498.0,77498.0,76783.0,76783.0,1,715.0
43808,216.00,1665.00,5,10,10,2,124495.0,125761.0,125260.0,124495.0,124495.0,1,1266.0
43809,154.00,1546.00,5,10,10,2,75403.0,74985.0,74985.0,75412.0,75412.0,4,0.0
43810,216.00,1665.00,5,10,10,2,131862.0,131358.0,130860.0,131873.0,131862.0,3,11.0
43811,206.00,1613.00,5,10,10,2,104858.0,105587.0,105089.0,104854.0,104858.0,1,729.0
43812,187.00,1680.00,5,10,10,2,90761.0,95759.0,95251.0,90735.0,90756.0,1,5003.0
43813,154.00,1560.00,5,10,10,2,83978.0,84257.0,84257.0,83985.0,83985.0,1,272.0
43814,154.00,1474.00,5,10,10,2,53518.0,69568.0,69568.0,53510.0,53510.0,1,16058.0
43815,206.00,1603.00,5,10,10,2,48877.0,48278.0,47777.0,48878.0,48877.0,4,0.0
43816,154.00,1542.00,5,10,10,2,54850.0,78223.0,78223.0,54838.0,54850.0,1,23373.0
43817,154.00,1542.00,5,10,10,2,84197.0,82078.0,82078.0,84197.0,84194.0,0,3.0
43818,206.00,1603.00,5,10,10,2,73842.0,75005.0,74506.0,73842.0,73835.0,1,1170.0
43819,187.00,1509.00,5,10,10,2,101202.0,104116.0,115803.0,101208.0,101208.0,2,14595.0
43820,187.00,1509.00,5,10,10,2,78538.0,78220.0,80607.0,78530.0,78538.0,2,2069.0
43821,154.00,1391.00,5,10,10,2,37305.0,43760.0,43760.0,37316.0,37316.0,1,6444.0
43822,216.00,1655.00,5,10,10,2,95513.0,95042.0,94543.0,95519.0,95513.0,3,6.0
43823,187.00,1667.00,5,10,10,2,57701.0,63152.0,70680.0,57706.0,57701.0,2,12979.0
43824,206.00,1603.00,5,10,10,2,59372.0,59099.0,58556.0,59372.0,59372.0,4,0.0
43825,154.00,1274.00,4,11,10,2,104295.0,78145.0,78145.0,104289.0,104289.0,0,6.0
43826,154.00,1403.00,5,10,10,2,44658.0,42257.0,33309.0,44658.0,44658.0,4,0.0
43827,206.00,1603.00,5,10,10,2,44223.0,43636.0,43135.0,44223.0,44223.0,4,0.0
43828,187.00,1509.00,5,10,10,2,107000.0,107991.0,88322.0,107000.0,107007.0,1,984.0
43829,206.00,1622.00,5,10,10,2,86967.0,86242.0,85745.0,86971.0,86967.0,3,4.0
43830,206.00,1613.00,5,10,10,2,120848.0,121958.0,121457.0,120848.0,120840.0,1,1118.0
43831,154.00,1403.00,5,10,10,2,57880.0,61733.0,61726.0,57889.0,57880.0,1,3853.0
43832,216.00,1662.00,5,10,10,2,85369.0,84903.0,84404.0,85369.0,85369.0,4,0.0
43833,206.00,1606.00,5,10,10,2,82689.0,80123.0,79651.0,82658.0,82679.0,0,10.0
43834,187.00,1405.00,4,11,10,2,72284.0,77812.0,76251.0,72284.0,72284.0,1,5528.0
43835,206.00,1601.00,5,10,10,2,82557.0,85456.0,84990.0,82588.0,82565.0,1,2891.0
43836,187.00,1519.00,5,10,10,2,60694.0,60472.0,58107.0,60694.0,60691.0,0,3.0
43837,187.00,1509.00,5,10,10,2,80782.0,81136.0,73503.0,80782.0,80782.0,1,354.0
43838,206.00,1681.00,5,10,10,2,112548.0,117060.0,116561.0,112553.0,112548.0,1,4512.0
43839,216.00,1662.00,5,10,10,2,109279.0,108826.0,108325.0,109279.0,109279.0,4,0.0
43840,216.00,1674.00,5,10,10,2,135611.0,137420.0,136923.0,135611.0,135611.0,1,1809.0
43841,187.00,1552.00,5,11,10,2,123762.0,123228.0,94572.0,123754.0,123754.0,0,8.0
43842,154.00,1560.00,5,10,10,2,59968.0,73268.0,73268.0,59968.0,59976.0,1,13292.0
43843,206.00,1613.00,5,10,10,2,82436.0,87676.0,87175.0,82436.0,82436.0,1,5240.0
43844,154.00,1403.00,5,10,10,2,21030.0,26298.0,20752.0,21034.0,21030.0,1,5268.0
43845,206.00,1681.00,5,10,10,2,122524.0,128235.0,127736.0,122520.0,122520.0,1,5715.0
43846,187.00,1516.00,5,10,10,2,68642.0,67659.0,58012.0,68640.0,68642.0,4,0.0
43847,206.00,1603.00,5,10,10,2,105757.0,106085.0,105587.0,105745.0,105757.0,1,328.0
43848,206.00,1493.00,4,11,10,2,66121.0,65751.0,65313.0,66121.0,66121.0,4,0.0
43849,206.00,1603.00,5,10,10,2,70138.0,69593.0,69092.0,70136.0,70136.0,0,2.0
43850,187.00,1676.00,5,10,10,2,104881.0,110521.0,110296.0,104874.0,104881.0,1,5640.0
43851,187.00,1509.00,5,10,10,2,72297.0,70242.0,59751.0,72285.0,72285.0,0,12.0
43852,206.00,1603.00,5,10,10,2,50423.0,49835.0,49336.0,50419.0,50419.0,0,4.0
43853,154.00,1391.00,5,10,10,2,65578.0,84204.0,84204.0,65592.0,65592.0,1,18612.0
43854,206.00,1610.00,5,10,10,2,76966.0,76351.0,75852.0,76966.0,76957.0,0,9.0
43855,216.00,1665.00,5,10,10,2,91396.0,95632.0,95131.0,91396.0,91390.0,1,4242.0
43856,154.00,1542.00,5,10,10,2,69404.0,71380.0,71380.0,69404.0,69404.0,1,1976.0
43857,187.00,1667.00,5,10,10,2,63673.0,69041.0,67974.0,63673.0,63667.0,1,5374.0
43858,187.00,1516.00,5,10,10,2,61146.0,60480.0,53059.0,61146.0,61146.0,4,0.0
43859,154.00,1384.00,5,10,10,2,67930.0,74582.0,74582.0,67930.0,67930.0,1,6652.0
43860,154.00,1542.00,5,10,10,2,58092.0,72592.0,72592.0,58100.0,58100.0,1,14492.0
43861,154.00,1542.00,5,10,10,2,95275.0,83913.0,83913.0,95269.0,95275.0,4,0.0
43862,154.00,1384.00,5,10,10,2,66030.0,51217.0,51217.0,66030.0,66030.0,4,0.0
43863,154.00,1394.00,5,10,10,2,40430.0,54640.0,54640.0,40424.0,40424.0,1,14216.0
43864,187.00,1519.00,5,10,10,2,68423.0,71210.0,51095.0,68416.0,68423.0,1,2787.0
43865,216.00,1655.00,5,10,10,2,91825.0,90852.0,90353.0,91825.0,91825.0,4,0.0
43866,216.00,1665.00,5,10,10,2,125102.0,125828.0,125327.0,125102.0,125104.0,1,724.0
43867,187.00,1509.00,5,10,10,2,112041.0,113095.0,91360.0,112033.0,112033.0,1,1062.0
43868,154.00,1462.00,5,10,10,2,64963.0,55598.0,55850.0,64952.0,64963.0,4,0.0
43869,216.00,1662.00,5,10,10,2,119704.0,124282.0,123784.0,119704.0,119704.0,1,4578.0
43870,154.00,1384.00,5,10,10,2,78460.0,98725.0,98725.0,78460.0,78460.0,1,20265.0
43871,187.00,1516.00,5,10,10,2,50527.0,50039.0,82460.0,50527.0,50527.0,2,31933.0
43872,154.00,1384.00,5,10,10,2,65125.0,58449.0,58449.0,65125.0,65125.0,4,0.0
43873,206.00,1613.00,5,10,10,2,83753.0,84121.0,83620.0,83753.0,83753.0,1,368.0
43874,187.00,1528.00,5,10,10,2,73422.0,74390.0,69863.0,73393.0,73408.0,1,982.0
43875,206.00,1681.00,5,10,10,2,72117.0,76481.0,75982.0,72128.0,72128.0,1,4353.0
43876,154.00,1462.00,5,10,10,2,117857.0,101506.0,101722.0,117856.0,117856.0,4,0.0
43877,187.00,1509.00,5,10,10,2,52269.0,51801.0,57510.0,52269.0,52269.0,2,5241.0
43878,154.00,1551.00,5,10,10,2,71519.0,77758.0,77758.0,71506.0,71506.0,1,6252.0
43879,216.00,1658.00,5,10,10,2,132938.0,133890.0,133392.0,132949.0,132938.0,1,952.0
43880,187.00,1519.00,5,10,10,2,86724.0,86705.0,92119.0,86724.0,86724.0,2,5395.0
43881,187.00,1528.00,5,10,10,2,73949.0,78930.0,69561.0,73961.0,73961.0,1,4969.0
43882,206.00,1613.00,5,10,10,2,118526.0,118867.0,118369.0,118520.0,118526.0,1,341.0
43883,216.00,1655.00,5,10,10,2,84219.0,83683.0,83182.0,84219.0,84219.0,4,0.0
43884,187.00,1509.00,5,10,10,2,70372.0,68197.0,44384.0,70372.0,70372.0,4,0.0
43885,187.00,1676.00,5,10,10,2,88819.0,93851.0,103982.0,88819.0,88819.0,2,15163.0
43886,154.00,1542.00,5,10,10,2,72914.0,74989.0,74989.0,72914.0,72914.0,1,2075.0
43887,187.00,1509.00,5,10,10,2,51211.0,53024.0,67611.0,51211.0,51209.0,2,16402.0
43888,154.00,1403.00,5,10,10,2,54572.0,54158.0,52575.0,54572.0,54572.0,4,0.0
43889,154.00,1462.00,5,10,10,2,100859.0,125369.0,125586.0,100856.0,100859.0,2,24727.0
43890,154.00,1274.00,4,11,10,2,67165.0,70922.0,70922.0,67165.0,67167.0,1,3755.0
43891,216.00,1655.00,5,10,10,2,102340.0,101733.0,101232.0,102340.0,102340.0,4,0.0
43892,206.00,1610.00,5,10,10,2,82102.0,86993.0,86495.0,82102.0,82102.0,1,4891.0
43893,206.00,1622.00,5,10,10,2,81580.0,80929.0,80429.0,81580.0,81580.0,4,0.0
43894,154.00,1384.00,5,10,10,2,41217.0,37209.0,37209.0,41217.0,41217.0,4,0.0
43895,154.00,1384.00,5,10,10,2,38582.0,70511.0,70511.0,38582.0,38582.0,1,31929.0
43896,154.00,1474.00,5,10,10,2,71606.0,65941.0,65941.0,71809.0,71620.0,3,189.0
43897,206.00,1603.00,5,10,10,2,102565.0,104509.0,104011.0,102555.0,102565.0,1,1944.0
43898,206.00,1613.00,5,10,10,2,63064.0,62457.0,61956.0,63064.0,63057.0,0,7.0
43899,154.00,1551.00,5,10,10,2,55813.0,67327.0,67327.0,55813.0,55799.0,1,11528.0
43900,187.00,1667.00,5,10,10,2,55422.0,60943.0,64050.0,55422.0,55422.0,2,8628.0
43901,216.00,1662.00,5,10,10,2,90369.0,89810.0,89311.0,90364.0,90364.0,0,5.0
43902,216.00,1674.00,5,10,10,2,115691.0,115011.0,114510.0,115697.0,115697.0,4,0.0
43903,187.00,1509.00,5,10,10,2,84551.0,85457.0,98020.0,84551.0,84551.0,2,13469.0
43904,154.00,1462.00,5,10,10,2,95300.0,77108.0,77367.0,95300.0,95300.0,4,0.0
43905,216.00,1655.00,5,10,10,2,96473.0,98314.0,97813.0,96473.0,96473.0,1,1841.0
43906,154.00,1391.00,5,10,10,2,77249.0,72273.0,72273.0,77249.0,77249.0,4,0.0
43907,206.00,1693.00,5,10,10,2,93005.0,97507.0,97010.0,92996.0,92996.0,1,4511.0
43908,187.00,1509.00,5,10,10,2,94263.0,96163.0,131916.0,94263.0,94271.0,2,37645.0
43909,187.00,1519.00,5,10,10,2,31157.0,30609.0,27683.0,31157.0,31168.0,4,0.0
43910,154.00,1273.00,5,11,10,2,52099.0,30572.0,30572.0,52099.0,52099.0,4,0.0
43911,154.00,1462.00,5,10,10,2,63459.0,67818.0,68039.0,63449.0,63449.0,2,4590.0
43912,216.00,1665.00,5,10,10,2,86762.0,86297.0,85799.0,86754.0,86754.0,0,8.0
43913,206.00,1681.00,5,10,10,2,65269.0,69716.0,69215.0,65270.0,65270.0,1,4446.0
43914,206.00,1603.00,5,10,10,2,63427.0,68259.0,67761.0,63427.0,63427.0,1,4832.0
43915,216.00,1662.00,5,10,10,2,88129.0,87836.0,87335.0,88134.0,88129.0,3,5.0
43916,216.00,1665.00,5,10,10,2,72622.0,73764.0,73263.0,72622.0,72623.0,1,1141.0
43917,187.00,1667.00,5,10,10,2,99198.0,104211.0,99353.0,99190.0,99190.0,1,5021.0
43918,154.00,1394.00,5,10,10,2,74159.0,43772.0,43772.0,74159.0,74159.0,4,0.0
43919,206.00,1603.00,5,10,10,2,70416.0,69846.0,69345.0,70416.0,70416.0,4,0.0
43920,187.00,1509.00,5,10,10,2,86890.0,86093.0,76541.0,86890.0,86880.0,0,10.0
43921,154.00,1384.00,5,10,10,2,26002.0,27457.0,27457.0,26002.0,26002.0,1,1455.0
43922,154.00,1384.00,5,10,10,2,54097.0,71539.0,71539.0,54097.0,54097.0,1,17442.0
43923,206.00,1603.00,5,10,10,2,39934.0,39340.0,38841.0,39934.0,39921.0,0,13.0
43924,187.00,1516.00,5,10,10,2,94607.0,94072.0,108085.0,94607.0,94613.0,2,13472.0
43925,187.00,1509.00,5,10,10,2,63375.0,68225.0,98577.0,63375.0,63375.0,2,35202.0
43926,206.00,1681.00,5,10,10,2,93874.0,99312.0,98813.0,93874.0,93874.0,1,5438.0
43927,154.00,1384.00,5,10,10,2,94688.0,105106.0,105106.0,94681.0,94688.0,1,10418.0
43928,187.00,1519.00,5,10,10,2,51563.0,51251.0,56304.0,51563.0,51558.0,2,4746.0
43929,154.00,1384.00,5,10,10,2,80155.0,76616.0,76616.0,80155.0,80155.0,4,0.0
43930,206.00,1610.00,5,10,10,2,69756.0,69332.0,68831.0,69747.0,69747.0,0,9.0
43931,154.00,1384.00,5,10,10,2,69657.0,75420.0,75420.0,69657.0,69657.0,1,5763.0
43932,216.00,1674.00,5,10,10,2,137208.0,139879.0,139379.0,137208.0,137208.0,1,2671.0
43933,154.00,1391.00,5,10,10,2,66061.0,60276.0,60276.0,66057.0,66057.0,0,4.0
43934,216.00,1665.00,5,10,10,2,92319.0,94663.0,94164.0,92307.0,92319.0,1,2344.0
43935,154.00,1403.00,5,10,10,2,35224.0,25870.0,31273.0,35224.0,35224.0,4,0.0
43936,154.00,1394.00,5,10,10,2,65786.0,82287.0,82287.0,65786.0,65790.0,1,16497.0
43937,154.00,1384.00,5,10,10,2,87409.0,80540.0,80540.0,87409.0,87407.0,0,2.0
43938,154.00,1542.00,5,10,10,2,89526.0,74811.0,74811.0,89519.0,89519.0,0,7.0
43939,154.00,1391.00,5,10,10,2,99079.0,79363.0,79363.0,99096.0,99096.0,4,0.0
43940,154.00,1551.00,5,10,10,2,56188.0,61135.0,61135.0,56188.0,56188.0,1,4947.0
43941,154.00,1394.00,5,10,10,2,67360.0,48118.0,48118.0,67360.0,67355.0,0,5.0
43942,206.00,1613.00,5,10,10,2,105980.0,107024.0,106523.0,105980.0,105976.0,1,1048.0
43943,154.00,1403.00,5,10,10,2,52968.0,31159.0,31151.0,52970.0,53018.0,4,0.0
43944,187.00,1509.00,5,10,10,2,68910.0,74157.0,84769.0,68912.0,68910.0,2,15859.0
43945,187.00,1528.00,5,10,10,2,92610.0,93313.0,67217.0,92620.0,92620.0,1,693.0
43946,154.00,1462.00,5,10,10,2,67859.0,76858.0,77096.0,67870.0,67859.0,2,9237.0
43947,154.00,1394.00,5,10,10,2,35577.0,43525.0,43525.0,35580.0,35580.0,1,7945.0
43948,206.00,1603.00,5,10,10,2,103102.0,103508.0,103007.0,103102.0,103100.0,1,408.0
43949,216.00,1674.00,5,10,10,2,120799.0,120157.0,119660.0,120792.0,120799.0,4,0.0
43950,154.00,1551.00,5,10,10,2,75003.0,81353.0,81353.0,74992.0,75003.0,1,6350.0
43951,154.00,1474.00,5,10,10,2,85556.0,71836.0,71836.0,85545.0,85556.0,4,0.0
43952,154.00,1560.00,5,10,10,2,49272.0,63325.0,63325.0,49272.0,49272.0,1,14053.0
43953,187.00,1522.00,5,10,10,2,61812.0,61278.0,78012.0,61812.0,61810.0,2,16202.0
43954,187.00,1509.00,5,10,10,2,104146.0,105009.0,108598.0,104146.0,104155.0,2,4443.0
43955,216.00,1665.00,5,10,10,2,87925.0,87339.0,86841.0,87925.0,87925.0,4,0.0
43956,154.00,1384.00,5,10,10,2,57267.0,70399.0,70399.0,57267.0,57267.0,1,13132.0
43957,216.00,1655.00,5,10,10,2,120721.0,121243.0,120742.0,120716.0,120716.0,1,527.0
43958,187.00,1516.00,5,10,10,2,95096.0,95987.0,111959.0,95096.0,95096.0,2,16863.0
43959,216.00,1674.00,5,10,10,2,94672.0,94163.0,93628.0,94672.0,94672.0,4,0.0
43960,154.00,1462.00,5,10,10,2,74992.0,74576.0,74815.0,74986.0,74992.0,4,0.0
43961,154.00,1391.00,5,10,10,2,61822.0,71554.0,71554.0,61822.0,61822.0,1,9732.0
43962,206.00,1610.00,5,10,10,2,46068.0,45500.0,45001.0,46068.0,46068.0,4,0.0
43963,206.00,1606.00,5,10,10,2,115488.0,116237.0,115707.0,115489.0,115489.0,1,748.0
43964,216.00,1655.00,5,10,10,2,103861.0,103866.0,103324.0,103811.0,103861.0,1,5.0
43965,206.00,1613.00,5,10,10,2,81331.0,81917.0,81377.0,81331.0,81302.0,1,615.0
43966,154.00,1384.00,5,10,10,2,80597.0,104689.0,104689.0,80603.0,80597.0,1,24092.0
43967,206.00,1607.00,5,10,10,2,79528.0,79026.0,78530.0,79496.0,79505.0,0,23.0
43968,154.00,1393.00,5,10,10,2,80444.0,68285.0,68285.0,80444.0,80444.0,4,0.0
43969,187.00,1679.00,5,10,10,2,114811.0,120154.0,120167.0,114845.0,114811.0,2,5356.0
43970,206.00,1603.00,5,10,10,2,70713.0,71956.0,71455.0,70715.0,70715.0,1,1241.0
43971,154.00,1391.00,5,10,10,2,58352.0,70213.0,70213.0,58352.0,58336.0,1,11877.0
43972,216.00,1662.00,5,10,10,2,129418.0,130637.0,130136.0,129418.0,129418.0,1,1219.0
43973,154.00,1462.00,5,10,10,2,73577.0,111783.0,112023.0,73577.0,73577.0,2,38446.0
43974,154.00,1384.00,5,10,10,2,37229.0,40676.0,40676.0,37268.0,37229.0,1,3447.0
43975,206.00,1610.00,5,10,10,2,90946.0,90211.0,89712.0,90953.0,90953.0,4,0.0
43976,216.00,1655.00,5,10,10,2,113682.0,112915.0,112416.0,113682.0,113689.0,4,0.0
43977,154.00,1384.00,5,10,10,2,97599.0,77158.0,77158.0,97599.0,97599.0,4,0.0
43978,187.00,1516.00,5,10,10,2,61801.0,61162.0,85757.0,61803.0,61803.0,2,23954.0
43979,154.00,1551.00,5,10,10,2,51871.0,53296.0,53296.0,51879.0,51879.0,1,1417.0
43980,216.00,1655.00,5,10,10,2,128610.0,130516.0,130015.0,128615.0,128610.0,1,1906.0
43981,154.00,1474.00,5,10,10,2,76182.0,68833.0,68833.0,76176.0,76182.0,4,0.0
43982,154.00,1462.00,5,10,10,2,84745.0,93265.0,93519.0,84745.0,84746.0,2,8773.0
43983,154.00,1462.00,5,10,10,2,69754.0,71234.0,71484.0,69754.0,69759.0,2,1725.0
43984,187.00,1528.00,5,10,10,2,93015.0,93789.0,77975.0,93003.0,93003.0,1,786.0
43985,206.00,1603.00,5,10,10,2,50259.0,49685.0,49184.0,50256.0,50259.0,4,0.0
43986,216.00,1665.00,5,10,10,2,112778.0,112085.0,111587.0,112778.0,112778.0,4,0.0
43987,154.00,1542.00,5,10,10,2,69210.0,69492.0,69492.0,69206.0,69210.0,1,282.0
43988,216.00,1665.00,5,10,10,2,92864.0,93150.0,92652.0,92874.0,92874.0,1,276.0
43989,187.00,1516.00,5,10,10,2,96688.0,99046.0,101008.0,96695.0,96695.0,2,4313.0
43990,187.00,1667.00,5,10,10,2,82109.0,87139.0,91446.0,82110.0,82109.0,2,9337.0
43991,154.00,1462.00,5,10,10,2,61188.0,64849.0,65106.0,61196.0,61196.0,2,3910.0
43992,154.00,1542.00,5,10,10,2,72428.0,68183.0,68183.0,72428.0,72428.0,4,0.0
43993,206.00,1622.00,5,10,10,2,83791.0,83585.0,83084.0,83791.0,83787.0,0,4.0
43994,206.00,1613.00,5,10,10,2,100257.0,99872.0,99374.0,100257.0,100265.0,4,0.0
43995,154.00,1551.00,5,10,10,2,66816.0,65739.0,65739.0,66816.0,66816.0,4,0.0
43996,154.00,1394.00,5,10,10,2,47122.0,42341.0,42341.0,47127.0,47122.0,3,5.0
43997,187.00,1516.00,5,10,10,2,75671.0,77787.0,83845.0,75677.0,75677.0,2,8168.0
43998,154.00,1391.00,5,10,10,2,76024.0,74561.0,74561.0,76027.0,76024.0,3,3.0
43999,154.00,1560.00,5,10,10,2,56450.0,52222.0,52222.0,56653.0,56653.0,4,0.0
44000,206.00,1603.00,5,10,10,2,76042.0,77115.0,76569.0,76072.0,76072.0,1,1043.0
44001,206.00,1607.00,5,10,10,2,84858.0,85487.0,84991.0,84858.0,84889.0,1,598.0
44002,206.00,1535.00,4,11,10,2,110346.0,114500.0,117741.0,110346.0,110346.0,2,7395.0
44003,216.00,1665.00,5,10,10,2,105731.0,106927.0,106426.0,105727.0,105727.0,1,1200.0
44004,154.00,1462.00,5,10,10,2,57169.0,71517.0,71758.0,57170.0,57169.0,2,14589.0
44005,187.00,1516.00,5,10,10,2,97189.0,98113.0,90959.0,97195.0,97195.0,1,918.0
44006,206.00,1693.00,5,10,10,2,85071.0,89794.0,89256.0,84894.0,84885.0,1,4909.0
44007,154.00,1273.00,5,11,10,2,31847.0,51865.0,51865.0,31847.0,31847.0,1,20018.0
44008,154.00,1384.00,5,10,10,2,100181.0,77824.0,77824.0,100181.0,100181.0,4,0.0
44009,206.00,1616.00,5,10,10,2,115511.0,119026.0,118531.0,115537.0,115511.0,1,3515.0
44010,187.00,1509.00,5,10,10,2,115451.0,112527.0,108670.0,115448.0,115448.0,0,3.0
44011,187.00,1509.00,5,10,10,2,114655.0,116931.0,104023.0,114653.0,114655.0,1,2276.0
44012,206.00,1622.00,5,10,10,2,87405.0,89151.0,88651.0,87410.0,87405.0,1,1746.0
44013,216.00,1655.00,5,10,10,2,129398.0,130351.0,129850.0,129398.0,129395.0,1,956.0
44014,216.00,1655.00,5,10,10,2,116630.0,120791.0,120290.0,116630.0,116632.0,1,4159.0
44015,154.00,1384.00,5,10,10,2,51279.0,51962.0,51962.0,51279.0,51279.0,1,683.0
44016,154.00,1465.00,5,10,10,2,70067.0,86195.0,83513.0,70067.0,70067.0,1,16128.0
44017,206.00,1603.00,5,10,10,2,49560.0,48984.0,48483.0,49560.0,49560.0,4,0.0
44018,154.00,1384.00,5,10,10,2,41726.0,40101.0,40101.0,41726.0,41726.0,4,0.0
44019,154.00,1384.00,5,10,10,2,52462.0,63012.0,63012.0,52462.0,52462.0,1,10550.0
44020,154.00,1551.00,5,10,10,2,47342.0,55891.0,55891.0,47335.0,47342.0,1,8549.0
44021,206.00,1681.00,5,10,10,2,102199.0,107473.0,106972.0,102199.0,102199.0,1,5274.0
44022,154.00,1391.00,5,10,10,2,58344.0,31641.0,31641.0,58344.0,58347.0,4,0.0
44023,206.00,1693.00,5,10,10,2,107708.0,113691.0,113144.0,107708.0,107708.0,1,5983.0
44024,154.00,1542.00,5,10,10,2,67117.0,64933.0,64933.0,67113.0,67117.0,4,0.0
44025,187.00,1509.00,5,10,10,2,107941.0,107748.0,114864.0,107961.0,107934.0,2,6930.0
44026,154.00,1384.00,5,10,10,2,93645.0,84286.0,84286.0,93647.0,93647.0,4,0.0
44027,154.00,1542.00,5,10,10,2,80749.0,88098.0,88098.0,80749.0,80749.0,1,7349.0
44028,154.00,1394.00,5,10,10,2,73194.0,52453.0,52453.0,73194.0,73194.0,4,0.0
44029,154.00,1394.00,5,10,10,2,50803.0,29358.0,29358.0,50812.0,50812.0,4,0.0
44030,206.00,1613.00,5,10,10,2,82679.0,86732.0,86231.0,82679.0,82679.0,1,4053.0
44031,187.00,1667.00,5,10,10,2,95989.0,101022.0,101955.0,95977.0,95977.0,2,5978.0
44032,187.00,1509.00,5,10,10,2,125686.0,126860.0,112845.0,125686.0,125686.0,1,1174.0
44033,206.00,1613.00,5,10,10,2,53367.0,52867.0,52369.0,53378.0,53378.0,4,0.0
44034,154.00,1394.00,5,10,10,2,60076.0,54966.0,54966.0,60075.0,60076.0,4,0.0
44035,154.00,1474.00,5,10,10,2,51257.0,60250.0,60250.0,51257.0,51246.0,1,9004.0
44036,154.00,1394.00,5,10,10,2,51381.0,47723.0,47723.0,51381.0,51387.0,4,0.0
44037,187.00,1509.00,5,10,10,2,92462.0,93594.0,80678.0,92462.0,92462.0,1,1132.0
44038,206.00,1499.00,4,11,10,2,106158.0,106170.0,105733.0,106158.0,106158.0,1,12.0
44039,216.00,1665.00,5,10,10,2,117494.0,118827.0,118328.0,117494.0,117497.0,1,1330.0
44040,216.00,1665.00,5,10,10,2,129179.0,130269.0,129771.0,129179.0,129172.0,1,1097.0
44041,154.00,1384.00,5,10,10,2,78831.0,59734.0,59734.0,78831.0,78831.0,4,0.0
44042,206.00,1613.00,5,10,10,2,80624.0,80167.0,79669.0,80634.0,80634.0,4,0.0
44043,154.00,1403.00,5,10,10,2,34773.0,35247.0,30127.0,34773.0,34773.0,1,474.0
44044,206.00,1612.00,5,10,10,2,57467.0,59582.0,59084.0,57435.0,57467.0,1,2115.0
44045,206.00,1603.00,5,10,10,2,90670.0,89507.0,89008.0,90670.0,90678.0,4,0.0
44046,187.00,1509.00,5,10,10,2,123957.0,127224.0,100536.0,123963.0,123963.0,1,3261.0
44047,216.00,1665.00,5,10,10,2,92364.0,91890.0,91392.0,92370.0,92364.0,3,6.0
44048,154.00,1462.00,5,10,10,2,54020.0,57847.0,58095.0,54020.0,54020.0,2,4075.0
44049,206.00,1603.00,5,10,10,2,48897.0,48331.0,47832.0,48897.0,48897.0,4,0.0
44050,154.00,1551.00,5,10,10,2,50350.0,54326.0,54326.0,50350.0,50344.0,1,3982.0
44051,216.00,1655.00,5,10,10,2,115186.0,119904.0,119403.0,115186.0,115186.0,1,4718.0
44052,154.00,1384.00,5,10,10,2,43183.0,57908.0,57908.0,43183.0,43183.0,1,14725.0
44053,154.00,1384.00,5,10,10,2,45794.0,65665.0,65665.0,45794.0,45794.0,1,19871.0
44054,206.00,1603.00,5,10,10,2,115695.0,116248.0,115750.0,115684.0,115695.0,1,553.0
44055,206.00,1603.00,5,10,10,2,86639.0,85834.0,85336.0,86634.0,86634.0,0,5.0
44056,216.00,1662.00,5,10,10,2,89398.0,89010.0,88511.0,89394.0,89394.0,0,4.0
44057,206.00,1613.00,5,10,10,2,79747.0,81837.0,81338.0,79747.0,79735.0,1,2102.0
44058,187.00,1667.00,5,10,10,2,73031.0,78501.0,77795.0,73031.0,73035.0,1,5466.0
44059,154.00,1395.00,4,11,10,2,85699.0,69370.0,69370.0,85871.0,85699.0,3,172.0
44060,216.00,1662.00,5,10,10,2,93505.0,93088.0,92589.0,93505.0,93505.0,4,0.0
44061,187.00,1528.00,5,10,10,2,74045.0,73758.0,87619.0,74011.0,74011.0,2,13608.0
44062,154.00,1560.00,5,10,10,2,63597.0,76551.0,76551.0,63603.0,63603.0,1,12948.0
44063,154.00,1384.00,5,10,10,2,71611.0,76743.0,76743.0,71611.0,71611.0,1,5132.0
44064,154.00,1394.00,5,10,10,2,59841.0,55730.0,55730.0,59841.0,59841.0,4,0.0
44065,216.00,1665.00,5,10,10,2,109303.0,111197.0,110696.0,109303.0,109303.0,1,1894.0
44066,216.00,1665.00,5,10,10,2,124214.0,125073.0,124572.0,124208.0,124214.0,1,859.0
44067,187.00,1528.00,5,10,10,2,83798.0,83300.0,87788.0,83793.0,83798.0,2,3990.0
44068,154.00,1384.00,5,10,10,2,61234.0,74616.0,74616.0,61234.0,61234.0,1,13382.0
44069,187.00,1519.00,5,10,10,2,111549.0,111427.0,106388.0,111549.0,111549.0,4,0.0
44070,187.00,1667.00,5,10,10,2,84064.0,89529.0,67936.0,84048.0,84064.0,1,5465.0
44071,154.00,1391.00,5,10,10,2,77881.0,77758.0,77758.0,77887.0,77881.0,3,6.0
44072,154.00,1474.00,5,10,10,2,65053.0,69652.0,69652.0,65053.0,65055.0,1,4597.0
44073,154.00,1384.00,5,10,10,2,37755.0,50719.0,50719.0,37755.0,37755.0,1,12964.0
44074,206.00,1693.00,5,10,10,2,137127.0,141937.0,141441.0,137127.0,137127.0,1,4810.0
44075,216.00,1550.00,5,11,10,2,101990.0,101443.0,100893.0,101990.0,101974.0,0,16.0
44076,187.00,1519.00,5,10,10,2,28619.0,27913.0,31908.0,28619.0,28608.0,2,3300.0
44077,216.00,1662.00,5,10,10,2,80593.0,80079.0,79578.0,80593.0,80593.0,4,0.0
44078,206.00,1681.00,5,10,10,2,59786.0,65180.0,64679.0,59787.0,59786.0,1,5394.0
44079,206.00,1603.00,5,10,10,2,49105.0,48440.0,47939.0,49105.0,49105.0,4,0.0
44080,154.00,1464.00,5,10,10,2,82227.0,93533.0,93749.0,82227.0,82257.0,2,11492.0
44081,187.00,1516.00,5,10,10,2,125488.0,128663.0,100674.0,125488.0,125488.0,1,3175.0
44082,154.00,1462.00,5,10,10,2,51228.0,60972.0,61216.0,51228.0,51228.0,2,9988.0
44083,154.00,1394.00,5,10,10,2,46810.0,53704.0,53704.0,46816.0,46816.0,1,6888.0
44084,154.00,1384.00,5,10,10,2,71532.0,85138.0,85138.0,71532.0,71532.0,1,13606.0
44085,216.00,1662.00,5,10,10,2,111441.0,111050.0,110549.0,111445.0,111445.0,4,0.0
44086,154.00,1542.00,5,10,10,2,91482.0,84869.0,84869.0,91482.0,91484.0,4,0.0
44087,154.00,1462.00,5,10,10,2,56862.0,69758.0,70001.0,56871.0,56862.0,2,13139.0
44088,206.00,1613.00,5,10,10,2,99473.0,99560.0,99059.0,99473.0,99473.0,1,87.0
44089,206.00,1603.00,5,10,10,2,72887.0,77973.0,77472.0,72887.0,72881.0,1,5092.0
44090,187.00,1516.00,5,10,10,2,57968.0,62091.0,74435.0,57966.0,57968.0,2,16467.0
44091,206.00,1603.00,5,10,10,2,74789.0,78882.0,78384.0,74789.0,74794.0,1,4088.0
44092,206.00,1603.00,5,10,10,2,67075.0,67564.0,67063.0,67075.0,67075.0,1,489.0
44093,216.00,1655.00,5,10,10,2,134191.0,135174.0,134676.0,134201.0,134201.0,1,973.0
44094,216.00,1665.00,5,10,10,2,125175.0,126600.0,126101.0,125175.0,125165.0,1,1435.0
44095,154.00,1474.00,5,10,10,2,70400.0,67450.0,67450.0,70400.0,70400.0,4,0.0
44096,187.00,1509.00,5,10,10,2,73066.0,72772.0,111147.0,73066.0,73063.0,2,38084.0
44097,206.00,1603.00,5,10,10,2,42683.0,42054.0,41553.0,42687.0,42687.0,4,0.0
44098,154.00,1384.00,5,10,10,2,88210.0,68963.0,68963.0,88210.0,88210.0,4,0.0
44099,154.00,1549.00,5,10,10,2,54892.0,94241.0,94241.0,54892.0,55118.0,1,39123.0
44100,206.00,1613.00,5,10,10,2,47068.0,46466.0,45968.0,47064.0,47064.0,0,4.0
44101,154.00,1542.00,5,10,10,2,55817.0,78183.0,78183.0,55823.0,55823.0,1,22360.0
44102,216.00,1662.00,5,10,10,2,121046.0,118851.0,118350.0,121046.0,121051.0,4,0.0
44103,154.00,1391.00,5,10,10,2,83215.0,67211.0,67211.0,83215.0,83215.0,4,0.0
44104,154.00,1542.00,5,10,10,2,62786.0,69026.0,69026.0,62786.0,62796.0,1,6230.0
44105,154.00,1542.00,5,10,10,2,51471.0,57009.0,57009.0,51471.0,51470.0,1,5539.0
44106,216.00,1674.00,5,10,10,2,110031.0,110872.0,110371.0,110031.0,110033.0,1,839.0
44107,187.00,1528.00,5,10,10,2,63017.0,60371.0,45138.0,63003.0,63017.0,4,0.0
44108,154.00,1403.00,5,10,10,2,20641.0,23782.0,28225.0,20636.0,20641.0,2,7584.0
44109,187.00,1509.00,5,10,10,2,107211.0,107308.0,87055.0,107202.0,107211.0,1,97.0
44110,154.00,1384.00,5,10,10,2,89365.0,94708.0,94708.0,89365.0,89365.0,1,5343.0
44111,206.00,1681.00,5,10,10,2,145134.0,150819.0,150320.0,145137.0,145134.0,1,5685.0
44112,154.00,1542.00,5,10,10,2,85686.0,101876.0,101876.0,85686.0,85686.0,1,16190.0
44113,206.00,1603.00,5,10,10,2,83990.0,86207.0,85706.0,83990.0,83990.0,1,2217.0
44114,154.00,1384.00,5,10,10,2,81054.0,80562.0,80562.0,81054.0,81054.0,4,0.0
44115,187.00,1676.00,5,10,10,2,88101.0,93735.0,68978.0,88101.0,88100.0,1,5635.0
44116,154.00,1384.00,5,10,10,2,55493.0,38606.0,38606.0,55493.0,55493.0,4,0.0
44117,154.00,1391.00,5,10,10,2,63864.0,40901.0,40901.0,63859.0,63859.0,0,5.0
44118,187.00,1509.00,5,10,10,2,122680.0,122915.0,106474.0,122680.0,122673.0,1,242.0
44119,216.00,1550.00,5,11,10,2,98664.0,98136.0,97586.0,98678.0,98664.0,3,14.0
44120,187.00,1509.00,5,10,10,2,81467.0,82347.0,72723.0,81457.0,81457.0,1,890.0
44121,154.00,1462.00,5,10,10,2,69895.0,104291.0,104507.0,69895.0,69902.0,2,34605.0
44122,206.00,1613.00,5,10,10,2,101642.0,106860.0,106359.0,101634.0,101634.0,1,5226.0
44123,154.00,1384.00,5,10,10,2,63027.0,73926.0,73926.0,63038.0,63038.0,1,10888.0
44124,206.00,1603.00,5,10,10,2,70161.0,75041.0,74540.0,70161.0,70154.0,1,4887.0
44125,154.00,1384.00,5,10,10,2,66138.0,66273.0,66273.0,66138.0,66138.0,1,135.0
44126,154.00,1384.00,5,10,10,2,75012.0,44636.0,44636.0,75012.0,75012.0,4,0.0
44127,154.00,1542.00,5,10,10,2,56538.0,73150.0,73150.0,56533.0,56538.0,1,16612.0
44128,187.00,1528.00,5,10,10,2,58825.0,58198.0,85600.0,58817.0,58825.0,2,26775.0
44129,206.00,1603.00,5,10,10,2,93660.0,94162.0,93677.0,93660.0,93629.0,1,533.0
44130,154.00,1394.00,5,10,10,2,52785.0,49537.0,49537.0,52792.0,52792.0,4,0.0
44131,187.00,1667.00,5,10,10,2,70675.0,75921.0,69464.0,70646.0,70668.0,1,5253.0
44132,216.00,1655.00,5,10,10,2,119566.0,121257.0,120759.0,119572.0,119566.0,1,1691.0
44133,206.00,1610.00,5,10,10,2,79995.0,79457.0,78956.0,80003.0,79995.0,3,8.0
44134,154.00,1406.00,5,10,10,2,46905.0,24754.0,24742.0,46893.0,46893.0,0,12.0
44135,154.00,1542.00,5,10,10,2,65731.0,69394.0,69394.0,65744.0,65744.0,1,3650.0
44136,206.00,1603.00,5,10,10,2,111762.0,111829.0,111331.0,111768.0,111762.0,1,67.0
44137,216.00,1665.00,5,10,10,2,132273.0,133248.0,132747.0,132268.0,132273.0,1,975.0
44138,206.00,1613.00,5,10,10,2,105203.0,107639.0,107141.0,105203.0,105203.0,1,2436.0
44139,154.00,1384.00,5,10,10,2,29016.0,37705.0,37705.0,29016.0,29016.0,1,8689.0
44140,154.00,1462.00,5,10,10,2,80451.0,88143.0,88137.0,80451.0,80451.0,1,7692.0
44141,206.00,1681.00,5,10,10,2,127945.0,132026.0,131527.0,127945.0,127945.0,1,4081.0
44142,154.00,1542.00,5,10,10,2,80130.0,72004.0,72004.0,80126.0,80130.0,4,0.0
44143,154.00,1391.00,5,10,10,2,50258.0,40890.0,40890.0,50258.0,50266.0,4,0.0
44144,187.00,1667.00,5,10,10,2,55326.0,60001.0,62336.0,55326.0,55326.0,2,7010.0
44145,216.00,1655.00,5,10,10,2,125144.0,125849.0,125348.0,125150.0,125144.0,1,705.0
44146,154.00,1464.00,5,10,10,2,107692.0,116490.0,116702.0,107699.0,107699.0,2,9003.0
44147,187.00,1676.00,5,10,10,2,87025.0,92383.0,85445.0,87035.0,87025.0,1,5358.0
44148,206.00,1603.00,5,10,10,2,66776.0,69962.0,69461.0,66769.0,66776.0,1,3186.0
44149,187.00,1676.00,5,10,10,2,77833.0,82779.0,81721.0,77850.0,77850.0,1,4929.0
44150,154.00,1384.00,5,10,10,2,48894.0,49961.0,49961.0,48894.0,48894.0,1,1067.0
44151,154.00,1551.00,5,10,10,2,59134.0,65038.0,65038.0,59134.0,59134.0,1,5904.0
44152,154.00,1384.00,5,10,10,2,84510.0,88828.0,88828.0,84510.0,84510.0,1,4318.0
44153,154.00,1403.00,5,10,10,2,39065.0,34005.0,48056.0,39065.0,39063.0,2,8993.0
44154,216.00,1662.00,5,10,10,2,119948.0,119939.0,119440.0,119937.0,119937.0,0,11.0
44155,154.00,1462.00,5,10,10,2,47681.0,55131.0,55124.0,47681.0,47681.0,1,7450.0
44156,206.00,1610.00,5,10,10,2,56223.0,58029.0,57528.0,56224.0,56224.0,1,1805.0
44157,187.00,1509.00,5,10,10,2,45324.0,44838.0,67635.0,45326.0,45326.0,2,22309.0
44158,187.00,1509.00,5,10,10,2,90663.0,91568.0,116795.0,90655.0,90663.0,2,26132.0
44159,154.00,1551.00,5,10,10,2,68275.0,70089.0,70089.0,68275.0,68275.0,1,1814.0
44160,154.00,1384.00,5,10,10,2,77578.0,81406.0,81406.0,77578.0,77578.0,1,3828.0
44161,216.00,1655.00,5,10,10,2,64288.0,64041.0,63540.0,64288.0,64288.0,4,0.0
44162,154.00,1474.00,5,10,10,2,97812.0,63178.0,63178.0,97830.0,97812.0,3,18.0
44163,206.00,1603.00,5,10,10,2,89124.0,90059.0,89558.0,89124.0,89124.0,1,935.0
44164,187.00,1516.00,5,10,10,2,103968.0,104724.0,65684.0,103965.0,103968.0,1,756.0
44165,187.00,1509.00,5,10,10,2,99152.0,104111.0,83394.0,99140.0,99152.0,1,4959.0
44166,206.00,1603.00,5,10,10,2,97871.0,100678.0,100179.0,97871.0,97871.0,1,2807.0
44167,187.00,1553.00,4,11,10,2,75130.0,80924.0,72519.0,75130.0,75130.0,1,5794.0
44168,154.00,1391.00,5,10,10,2,43017.0,30332.0,30332.0,43017.0,43017.0,4,0.0
44169,154.00,1391.00,5,10,10,2,40647.0,37061.0,37061.0,40647.0,40647.0,4,0.0
44170,187.00,1509.00,5,10,10,2,102669.0,102290.0,101486.0,102669.0,102680.0,4,0.0
44171,206.00,1681.00,5,10,10,2,81408.0,85944.0,85443.0,81415.0,81415.0,1,4529.0
44172,206.00,1613.00,5,10,10,2,77686.0,77165.0,76667.0,77703.0,77686.0,3,17.0
44173,206.00,1492.00,5,11,10,2,80448.0,79905.0,79146.0,80446.0,80446.0,0,2.0
44174,187.00,1519.00,5,10,10,2,99315.0,98802.0,94281.0,99315.0,99315.0,4,0.0
44175,187.00,1509.00,5,10,10,2,91329.0,91985.0,111929.0,91334.0,91329.0,2,20600.0
44176,187.00,1667.00,5,10,10,2,65258.0,70654.0,76646.0,65258.0,65258.0,2,11388.0
44177,154.00,1462.00,5,10,10,2,85865.0,102192.0,102415.0,85854.0,85854.0,2,16561.0
44178,216.00,1655.00,5,10,10,2,120272.0,120862.0,120361.0,120272.0,120272.0,1,590.0
44179,216.00,1674.00,5,10,10,2,89106.0,88798.0,88301.0,89106.0,89106.0,4,0.0
44180,216.00,1662.00,5,10,10,2,96004.0,95438.0,94939.0,95991.0,96004.0,4,0.0
44181,206.00,1681.00,5,10,10,2,74449.0,80084.0,79586.0,74449.0,74450.0,1,5634.0
44182,216.00,1662.00,5,10,10,2,141800.0,141260.0,140719.0,141800.0,141794.0,0,6.0
44183,187.00,1667.00,5,10,10,2,58958.0,64222.0,69265.0,58948.0,58958.0,2,10307.0
44184,216.00,1662.00,5,10,10,2,119119.0,119796.0,119295.0,119119.0,119113.0,1,683.0
44185,154.00,1384.00,5,10,10,2,47145.0,29149.0,29149.0,47145.0,47145.0,4,0.0
44186,187.00,1509.00,5,10,10,2,38491.0,37624.0,53939.0,38486.0,38491.0,2,15448.0
44187,154.00,1384.00,5,10,10,2,54299.0,66668.0,66668.0,54299.0,54299.0,1,12369.0
44188,154.00,1384.00,5,10,10,2,34067.0,48061.0,48061.0,34067.0,34067.0,1,13994.0
44189,154.00,1462.00,5,10,10,2,102195.0,94185.0,94438.0,102195.0,102183.0,0,12.0
44190,206.00,1603.00,5,10,10,2,101744.0,100874.0,100375.0,101735.0,101744.0,4,0.0
44191,187.00,1516.00,5,10,10,2,98700.0,99324.0,91066.0,98700.0,98700.0,1,624.0
44192,154.00,1394.00,5,10,10,2,54546.0,30404.0,30404.0,54546.0,54546.0,4,0.0
44193,154.00,1384.00,5,10,10,2,87136.0,75209.0,75209.0,87136.0,87136.0,4,0.0
44194,216.00,1655.00,5,10,10,2,104379.0,103745.0,103247.0,104379.0,104382.0,4,0.0
44195,187.00,1667.00,5,10,10,2,117869.0,122745.0,121301.0,117869.0,117869.0,1,4876.0
44196,154.00,1384.00,5,10,10,2,82343.0,67234.0,67234.0,82343.0,82343.0,4,0.0
44197,216.00,1665.00,5,10,10,2,54992.0,54594.0,54064.0,54992.0,55015.0,4,0.0
44198,216.00,1655.00,5,10,10,2,87503.0,87011.0,86512.0,87492.0,87503.0,4,0.0
44199,154.00,1384.00,5,10,10,2,70674.0,49909.0,49909.0,70674.0,70674.0,4,0.0
44200,154.00,1384.00,5,10,10,2,75666.0,45535.0,45535.0,75666.0,75666.0,4,0.0
44201,154.00,1384.00,5,10,10,2,54859.0,67635.0,67635.0,54864.0,54859.0,1,12776.0
44202,187.00,1667.00,5,10,10,2,96884.0,101918.0,101519.0,96884.0,96891.0,1,5027.0
44203,187.00,1509.00,5,10,10,2,74692.0,74969.0,84257.0,74682.0,74692.0,2,9565.0
44204,154.00,1391.00,5,10,10,2,40515.0,22590.0,22590.0,40510.0,40510.0,0,5.0
44205,154.00,1394.00,5,10,10,2,54162.0,58201.0,58201.0,54162.0,54162.0,1,4039.0
44206,206.00,1613.00,5,10,10,2,110956.0,115620.0,115121.0,110956.0,110956.0,1,4664.0
44207,154.00,1403.00,5,10,10,2,47683.0,40227.0,40220.0,47683.0,47683.0,4,0.0
44208,154.00,1384.00,5,10,10,2,56934.0,38392.0,38392.0,56934.0,56934.0,4,0.0
44209,187.00,1516.00,5,10,10,2,73201.0,73051.0,93103.0,73201.0,73201.0,2,19902.0
44210,206.00,1613.00,5,10,10,2,93007.0,93693.0,93195.0,93007.0,93010.0,1,683.0
44211,154.00,1542.00,5,10,10,2,80204.0,88022.0,88022.0,80204.0,80204.0,1,7818.0
44212,154.00,1542.00,5,10,10,2,58735.0,76249.0,76249.0,58735.0,58735.0,1,17514.0
44213,206.00,1606.00,5,10,10,2,91589.0,91565.0,91091.0,91589.0,91620.0,4,0.0
44214,206.00,1603.00,5,10,10,2,92260.0,92718.0,92219.0,92260.0,92260.0,1,458.0
44215,154.00,1279.00,5,11,10,2,76317.0,43632.0,43632.0,76317.0,76317.0,4,0.0
44216,216.00,1665.00,5,10,10,2,90475.0,89950.0,89449.0,90475.0,90478.0,4,0.0
44217,206.00,1603.00,5,10,10,2,96402.0,95504.0,95003.0,96401.0,96402.0,4,0.0
44218,154.00,1462.00,5,10,10,2,93629.0,103674.0,103921.0,93615.0,93629.0,2,10292.0
44219,154.00,1394.00,5,10,10,2,59803.0,73204.0,73204.0,59806.0,59806.0,1,13398.0
44220,206.00,1681.00,5,10,10,2,82302.0,87930.0,87429.0,82308.0,82308.0,1,5622.0
44221,216.00,1662.00,5,10,10,2,129364.0,134396.0,133895.0,129364.0,129361.0,1,5035.0
44222,154.00,1391.00,5,10,10,2,53989.0,48740.0,48740.0,53996.0,53996.0,4,0.0
44223,216.00,1655.00,5,10,10,2,90118.0,89392.0,88891.0,90116.0,90116.0,0,2.0
44224,206.00,1603.00,5,10,10,2,59014.0,58502.0,58003.0,59014.0,59021.0,4,0.0
44225,206.00,1569.00,5,11,10,2,76422.0,75877.0,75336.0,76422.0,76422.0,4,0.0
44226,187.00,1516.00,5,10,10,2,74366.0,74470.0,99766.0,74369.0,74366.0,2,25400.0
44227,154.00,1384.00,5,10,10,2,69616.0,74367.0,74367.0,69616.0,69616.0,1,4751.0
44228,216.00,1662.00,5,10,10,2,116120.0,116252.0,115753.0,116116.0,116120.0,1,132.0
44229,206.00,1681.00,5,10,10,2,69740.0,74237.0,73736.0,69740.0,69740.0,1,4497.0
44230,154.00,1394.00,5,10,10,2,78938.0,79264.0,79264.0,78944.0,78944.0,1,320.0
44231,187.00,1509.00,5,10,10,2,81791.0,81259.0,96346.0,81791.0,81791.0,2,14555.0
44232,154.00,1462.00,5,10,10,2,55184.0,65066.0,65058.0,55186.0,55186.0,1,9880.0
44233,206.00,1610.00,5,10,10,2,61392.0,61072.0,60573.0,61392.0,61395.0,4,0.0
44234,154.00,1551.00,5,10,10,2,84074.0,88873.0,88873.0,84069.0,84069.0,1,4804.0
44235,187.00,1516.00,5,10,10,2,55792.0,55208.0,58955.0,55792.0,55784.0,2,3171.0
44236,154.00,1551.00,5,10,10,2,62011.0,64140.0,64140.0,62011.0,62029.0,1,2111.0
44237,154.00,1384.00,5,10,10,2,66182.0,64643.0,64643.0,66172.0,66182.0,4,0.0
44238,154.00,1384.00,5,10,10,2,89371.0,76239.0,76239.0,89371.0,89371.0,4,0.0
44239,206.00,1693.00,5,10,10,2,114427.0,119042.0,118546.0,114427.0,114440.0,1,4602.0
44240,154.00,1542.00,5,10,10,2,64522.0,67701.0,67701.0,64522.0,64522.0,1,3179.0
44241,154.00,1462.00,5,10,10,2,116489.0,106413.0,106628.0,116500.0,116500.0,4,0.0
44242,187.00,1509.00,5,10,10,2,59317.0,58648.0,57010.0,59317.0,59317.0,4,0.0
44243,187.00,1519.00,5,10,10,2,83122.0,88413.0,108271.0,83129.0,83129.0,2,25142.0
44244,216.00,1662.00,5,10,10,2,105188.0,102550.0,102049.0,105187.0,105187.0,4,0.0
44245,154.00,1384.00,5,10,10,2,83430.0,78849.0,78849.0,83430.0,83430.0,4,0.0
44246,187.00,1509.00,5,10,10,2,72678.0,72121.0,46123.0,72672.0,72672.0,0,6.0
44247,154.00,1560.00,5,10,10,2,65825.0,71550.0,71550.0,65825.0,65825.0,1,5725.0
44248,187.00,1528.00,5,10,10,2,75021.0,75332.0,54883.0,75021.0,75021.0,1,311.0
44249,154.00,1391.00,5,10,10,2,57919.0,44124.0,44124.0,57920.0,57919.0,4,0.0
44250,154.00,1384.00,5,10,10,2,53125.0,60281.0,60281.0,53125.0,53125.0,1,7156.0
44251,154.00,1384.00,5,10,10,2,44063.0,59133.0,59133.0,44063.0,44063.0,1,15070.0
44252,206.00,1681.00,5,10,10,2,96254.0,101545.0,101044.0,96251.0,96251.0,1,5294.0
44253,154.00,1384.00,5,10,10,2,88676.0,76770.0,76770.0,88676.0,88676.0,4,0.0
44254,187.00,1509.00,5,10,10,2,93985.0,95495.0,72109.0,93979.0,93979.0,1,1516.0
44255,216.00,1655.00,5,10,10,2,69608.0,69296.0,68797.0,69608.0,69599.0,0,9.0
44256,206.00,1610.00,5,10,10,2,68303.0,68068.0,67573.0,68294.0,68294.0,0,9.0
44257,216.00,1665.00,5,10,10,2,117431.0,116861.0,116363.0,117431.0,117431.0,4,0.0
44258,154.00,1428.00,4,11,10,2,62438.0,75037.0,72484.0,62438.0,62438.0,1,12599.0
44259,206.00,1626.00,5,10,10,2,116137.0,120107.0,119609.0,116105.0,116105.0,1,4002.0
44260,187.00,1667.00,5,10,10,2,88065.0,93059.0,92661.0,88057.0,88065.0,1,4994.0
44261,206.00,1569.00,5,11,10,2,69568.0,69028.0,68475.0,69568.0,69568.0,4,0.0
44262,216.00,1674.00,5,10,10,2,123770.0,124620.0,124119.0,123762.0,123762.0,1,858.0
44263,216.00,1665.00,5,10,10,2,103135.0,105123.0,104622.0,103140.0,103140.0,1,1983.0
44264,206.00,1613.00,5,10,10,2,83194.0,83726.0,83228.0,83194.0,83185.0,1,541.0
44265,154.00,1560.00,5,10,10,2,59645.0,89859.0,89859.0,59639.0,59645.0,1,30214.0
44266,154.00,1274.00,4,11,10,2,58880.0,80088.0,80088.0,58880.0,58880.0,1,21208.0
44267,154.00,1439.00,5,11,10,2,63975.0,51253.0,51251.0,63968.0,63975.0,4,0.0
44268,154.00,1462.00,5,10,10,2,55214.0,65881.0,66131.0,55214.0,55205.0,2,10926.0
44269,206.00,1610.00,5,10,10,2,114729.0,115296.0,114795.0,114729.0,114729.0,1,567.0
44270,187.00,1519.00,5,10,10,2,53912.0,57030.0,53662.0,53927.0,53927.0,1,3103.0
44271,206.00,1493.00,4,11,10,2,68926.0,72061.0,71700.0,68926.0,68926.0,1,3135.0
44272,154.00,1394.00,5,10,10,2,40390.0,65474.0,65474.0,40390.0,40391.0,1,25083.0
44273,154.00,1403.00,5,10,10,2,50285.0,51849.0,40177.0,50285.0,50278.0,1,1571.0
44274,216.00,1655.00,5,10,10,2,93438.0,90623.0,90124.0,93438.0,93430.0,0,8.0
44275,154.00,1407.00,5,10,10,2,44647.0,59032.0,59020.0,44647.0,44647.0,1,14385.0
44276,187.00,1516.00,5,10,10,2,88622.0,89300.0,114597.0,88615.0,88615.0,2,25982.0
44277,187.00,1404.00,5,11,10,2,93404.0,92775.0,68580.0,93404.0,93404.0,4,0.0
44278,206.00,1613.00,5,10,10,2,90503.0,95828.0,95329.0,90503.0,90503.0,1,5325.0
44279,216.00,1655.00,5,10,10,2,125298.0,126110.0,125609.0,125298.0,125298.0,1,812.0
44280,206.00,1603.00,5,10,10,2,39917.0,39170.0,38672.0,39917.0,39917.0,4,0.0
44281,206.00,1569.00,5,11,10,2,115219.0,114675.0,114135.0,115219.0,115219.0,4,0.0
44282,154.00,1462.00,5,10,10,2,87884.0,79817.0,80035.0,87884.0,87881.0,0,3.0
44283,154.00,1387.00,5,10,10,2,63710.0,57137.0,57137.0,63710.0,63710.0,4,0.0
44284,154.00,1384.00,5,10,10,2,79394.0,85910.0,85910.0,79394.0,79394.0,1,6516.0
44285,187.00,1676.00,5,10,10,2,103436.0,108541.0,119990.0,103446.0,103446.0,2,16544.0
44286,154.00,1462.00,5,10,10,2,89989.0,81253.0,81473.0,89992.0,89992.0,4,0.0
44287,206.00,1603.00,5,10,10,2,116795.0,116864.0,116363.0,116795.0,116800.0,1,64.0
44288,187.00,1676.00,5,10,10,2,65197.0,69898.0,97864.0,65197.0,65194.0,2,32670.0
44289,154.00,1388.00,5,10,10,2,49299.0,65506.0,65506.0,49299.0,49299.0,1,16207.0
44290,154.00,1384.00,5,10,10,2,86132.0,93727.0,93727.0,86132.0,86132.0,1,7595.0
44291,154.00,1351.00,4,11,10,2,78096.0,101121.0,101121.0,78096.0,78096.0,1,23025.0
44292,187.00,1509.00,5,10,10,2,55480.0,59257.0,51723.0,55477.0,55477.0,1,3780.0
44293,154.00,1391.00,5,10,10,2,74048.0,65745.0,65745.0,74048.0,74048.0,4,0.0
44294,187.00,1509.00,5,10,10,2,75766.0,77260.0,67940.0,75772.0,75772.0,1,1488.0
44295,216.00,1662.00,5,10,10,2,114953.0,115214.0,114713.0,114956.0,114956.0,1,258.0
44296,154.00,1545.00,5,10,10,2,71689.0,87336.0,87336.0,71689.0,71689.0,1,15647.0
44297,206.00,1617.00,5,10,10,2,87834.0,88001.0,87503.0,87862.0,87829.0,1,172.0
44298,206.00,1603.00,5,10,10,2,103631.0,104259.0,103761.0,103622.0,103631.0,1,628.0
44299,206.00,1613.00,5,10,10,2,86445.0,87373.0,86875.0,86445.0,86445.0,1,928.0
44300,154.00,1384.00,5,10,10,2,76711.0,72192.0,72192.0,76711.0,76711.0,4,0.0
44301,154.00,1391.00,5,10,10,2,87977.0,83187.0,83187.0,87977.0,87970.0,0,7.0
44302,187.00,1509.00,5,10,10,2,96606.0,100705.0,90611.0,96606.0,96600.0,1,4105.0
44303,154.00,1384.00,5,10,10,2,47598.0,73976.0,73976.0,47598.0,47598.0,1,26378.0
44304,216.00,1674.00,5,10,10,2,89340.0,87453.0,86956.0,89337.0,89337.0,0,3.0
44305,216.00,1665.00,5,10,10,2,87843.0,90159.0,89661.0,87843.0,87841.0,1,2318.0
44306,206.00,1613.00,5,10,10,2,68808.0,67656.0,67186.0,68837.0,68808.0,3,29.0
44307,187.00,1509.00,5,10,10,2,78469.0,79141.0,39707.0,78469.0,78469.0,1,672.0
44308,154.00,1384.00,5,10,10,2,83669.0,70199.0,70199.0,83669.0,83669.0,4,0.0
44309,187.00,1509.00,5,10,10,2,99186.0,99147.0,94630.0,99195.0,99186.0,3,9.0
44310,206.00,1613.00,5,10,10,2,92483.0,92155.0,91657.0,92478.0,92483.0,4,0.0
44311,154.00,1394.00,5,10,10,2,58446.0,59751.0,59751.0,58446.0,58446.0,1,1305.0
44312,187.00,1398.00,5,11,10,2,81149.0,80544.0,80544.0,81147.0,81147.0,0,2.0
44313,154.00,1560.00,5,10,10,2,65606.0,75881.0,75881.0,65614.0,65614.0,1,10267.0
44314,154.00,1394.00,5,10,10,2,41251.0,29733.0,29733.0,41251.0,41252.0,4,0.0
44315,187.00,1519.00,5,10,10,2,72437.0,77026.0,60986.0,72437.0,72432.0,1,4594.0
44316,154.00,1384.00,5,10,10,2,75130.0,104474.0,104474.0,75130.0,75130.0,1,29344.0
44317,154.00,1391.00,5,10,10,2,93587.0,56385.0,56385.0,93590.0,93590.0,4,0.0
44318,154.00,1391.00,5,10,10,2,63346.0,38295.0,38295.0,63334.0,63346.0,4,0.0
44319,154.00,1391.00,5,10,10,2,42832.0,18330.0,18330.0,42846.0,42846.0,4,0.0
44320,187.00,1528.00,5,10,10,2,97812.0,100604.0,97665.0,97812.0,97812.0,1,2792.0
44321,154.00,1462.00,5,10,10,2,85234.0,90608.0,90830.0,85234.0,85228.0,2,5602.0
44322,154.00,1542.00,5,10,10,2,78885.0,110370.0,110370.0,78902.0,78902.0,1,31468.0
44323,187.00,1509.00,5,10,10,2,105243.0,105861.0,55580.0,105241.0,105243.0,1,618.0
44324,206.00,1493.00,4,11,10,2,114983.0,115797.0,115351.0,114983.0,114983.0,1,814.0
44325,187.00,1519.00,5,10,10,2,80715.0,85249.0,67644.0,80715.0,80712.0,1,4537.0
44326,187.00,1519.00,5,10,10,2,108997.0,108974.0,107056.0,108997.0,109007.0,4,0.0
44327,154.00,1462.00,5,10,10,2,86611.0,106800.0,107042.0,86609.0,86609.0,2,20433.0
44328,216.00,1658.00,5,10,10,2,71553.0,70959.0,70463.0,71588.0,71588.0,4,0.0
44329,154.00,1462.00,5,10,10,2,66468.0,75285.0,75528.0,66460.0,66468.0,2,9060.0
44330,206.00,1681.00,5,10,10,2,104404.0,109362.0,108861.0,104406.0,104406.0,1,4956.0
44331,216.00,1545.00,4,11,10,2,108064.0,107153.0,106605.0,108064.0,108064.0,4,0.0
44332,187.00,1509.00,5,10,10,2,40009.0,39363.0,53387.0,40009.0,40009.0,2,13378.0
44333,154.00,1384.00,5,10,10,2,85928.0,106581.0,106581.0,85928.0,85928.0,1,20653.0
44334,187.00,1509.00,5,10,10,2,65910.0,64947.0,64808.0,65908.0,65908.0,0,2.0
44335,154.00,1384.00,5,10,10,2,51701.0,37907.0,37907.0,51701.0,51701.0,4,0.0
44336,154.00,1273.00,5,11,10,2,70259.0,81003.0,81003.0,70259.0,70259.0,1,10744.0
44337,206.00,1603.00,5,10,10,2,60528.0,60157.0,59656.0,60528.0,60528.0,4,0.0
44338,187.00,1519.00,5,10,10,2,38329.0,37810.0,52891.0,38330.0,38330.0,2,14561.0
44339,206.00,1681.00,5,10,10,2,92003.0,97295.0,96794.0,92003.0,92003.0,1,5292.0
44340,216.00,1662.00,5,10,10,2,117589.0,122197.0,121699.0,117589.0,117586.0,1,4611.0
44341,154.00,1384.00,5,10,10,2,79123.0,104675.0,104675.0,79123.0,79123.0,1,25552.0
44342,216.00,1662.00,5,10,10,2,99619.0,99008.0,98507.0,99619.0,99619.0,4,0.0
44343,206.00,1681.00,5,10,10,2,63769.0,69221.0,68720.0,63780.0,63780.0,1,5441.0
44344,154.00,1560.00,5,10,10,2,57941.0,66350.0,66350.0,57933.0,57933.0,1,8417.0
44345,206.00,1681.00,5,10,10,2,69462.0,74879.0,74381.0,69466.0,69466.0,1,5413.0
44346,154.00,1384.00,5,10,10,2,82466.0,83317.0,83317.0,82466.0,82466.0,1,851.0
44347,154.00,1394.00,5,10,10,2,78249.0,86760.0,86760.0,78248.0,78248.0,1,8512.0
44348,187.00,1528.00,5,10,10,2,53191.0,50468.0,55257.0,53191.0,53191.0,2,2066.0
44349,154.00,1542.00,5,10,10,2,58353.0,64244.0,64244.0,58353.0,58353.0,1,5891.0
44350,154.00,1448.00,5,11,10,2,50788.0,56323.0,56318.0,50788.0,50776.0,1,5547.0
44351,216.00,1655.00,5,10,10,2,122466.0,123142.0,122644.0,122466.0,122460.0,1,682.0
44352,216.00,1665.00,5,10,10,2,90557.0,90128.0,89630.0,90555.0,90555.0,0,2.0
44353,154.00,1542.00,5,10,10,2,71435.0,99393.0,99393.0,71435.0,71435.0,1,27958.0
44354,206.00,1610.00,5,10,10,2,59062.0,60179.0,59680.0,59054.0,59062.0,1,1117.0
44355,154.00,1542.00,5,10,10,2,86864.0,88298.0,88298.0,86858.0,86864.0,1,1434.0
44356,154.00,1403.00,5,10,10,2,36454.0,40977.0,38936.0,36453.0,36454.0,1,4523.0
44357,154.00,1391.00,5,10,10,2,47228.0,41571.0,41571.0,47238.0,47228.0,3,10.0
44358,216.00,1674.00,5,10,10,2,128191.0,128588.0,128091.0,128190.0,128190.0,1,398.0
44359,154.00,1474.00,5,10,10,2,58948.0,59279.0,59279.0,58951.0,58948.0,1,331.0
44360,216.00,1662.00,5,10,10,2,115850.0,112957.0,112456.0,115849.0,115849.0,4,0.0
44361,187.00,1509.00,5,10,10,2,85628.0,89035.0,77723.0,85628.0,85628.0,1,3407.0
44362,154.00,1391.00,5,10,10,2,60489.0,70602.0,70602.0,60489.0,60489.0,1,10113.0
44363,154.00,1560.00,5,10,10,2,56627.0,56208.0,56208.0,56627.0,56627.0,4,0.0
44364,187.00,1676.00,5,10,10,2,74604.0,79652.0,93614.0,74604.0,74604.0,2,19010.0
44365,216.00,1665.00,5,10,10,2,95497.0,95069.0,94568.0,95496.0,95497.0,4,0.0
44366,154.00,1391.00,4,11,10,2,71171.0,75605.0,75605.0,71362.0,71171.0,1,4434.0
44367,187.00,1509.00,5,10,10,2,118764.0,119792.0,99169.0,118766.0,118764.0,1,1028.0
44368,187.00,1676.00,5,10,10,2,93327.0,98922.0,98642.0,93327.0,93327.0,1,5595.0
44369,154.00,1391.00,5,10,10,2,28371.0,38056.0,38056.0,28371.0,28381.0,1,9675.0
44370,154.00,1273.00,5,11,10,2,83041.0,70146.0,70146.0,83041.0,83041.0,4,0.0
44371,154.00,1394.00,5,10,10,2,36885.0,33933.0,33933.0,36885.0,36884.0,4,0.0
44372,154.00,1384.00,5,10,10,2,90654.0,76896.0,76896.0,90654.0,90654.0,4,0.0
44373,216.00,1662.00,5,10,10,2,121515.0,121803.0,121302.0,121514.0,121515.0,1,288.0
44374,187.00,1509.00,5,10,10,2,80056.0,79327.0,119750.0,80049.0,80056.0,2,39694.0
44375,154.00,1384.00,5,10,10,2,45680.0,30965.0,30965.0,45680.0,45680.0,4,0.0
44376,187.00,1509.00,5,10,10,2,73877.0,73299.0,48261.0,73875.0,73877.0,4,0.0
44377,206.00,1613.00,5,10,10,2,91962.0,91733.0,91235.0,91971.0,91962.0,3,9.0
44378,154.00,1391.00,5,10,10,2,45346.0,55940.0,55940.0,45351.0,45346.0,1,10594.0
44379,187.00,1667.00,5,10,10,2,143513.0,149864.0,131306.0,143511.0,143513.0,1,6351.0
44380,206.00,1613.00,5,10,10,2,111611.0,112183.0,111685.0,111602.0,111602.0,1,581.0
44381,187.00,1516.00,5,10,10,2,107887.0,108091.0,120008.0,107892.0,107887.0,2,12121.0
44382,154.00,1384.00,5,10,10,2,89441.0,90806.0,90806.0,89441.0,89441.0,1,1365.0
44383,187.00,1398.00,5,11,10,2,73122.0,85573.0,85573.0,73122.0,73122.0,1,12451.0
44384,154.00,1391.00,5,10,10,2,60711.0,76673.0,76673.0,60711.0,60711.0,1,15962.0
44385,187.00,1667.00,5,10,10,2,114645.0,119901.0,119156.0,114648.0,114645.0,1,5256.0
44386,154.00,1280.00,4,11,10,2,52231.0,48822.0,48822.0,52231.0,52227.0,0,4.0
44387,187.00,1516.00,5,10,10,2,116489.0,116474.0,110722.0,116489.0,116489.0,4,0.0
44388,216.00,1674.00,5,10,10,2,139058.0,143770.0,143274.0,139071.0,139071.0,1,4699.0
44389,216.00,1655.00,5,10,10,2,94259.0,96380.0,95879.0,94261.0,94259.0,1,2121.0
44390,187.00,1519.00,5,10,10,2,67519.0,67896.0,87154.0,67547.0,67547.0,2,19607.0
44391,154.00,1384.00,5,10,10,2,57221.0,40015.0,40015.0,57221.0,57221.0,4,0.0
44392,154.00,1474.00,5,10,10,2,51225.0,50717.0,50717.0,51225.0,51219.0,0,6.0
44393,187.00,1509.00,5,10,10,2,92753.0,92177.0,108248.0,92753.0,92753.0,2,15495.0
44394,206.00,1613.00,5,10,10,2,99628.0,104353.0,103852.0,99628.0,99628.0,1,4725.0
44395,216.00,1662.00,5,10,10,2,138305.0,139446.0,138945.0,138304.0,138305.0,1,1141.0
44396,206.00,1613.00,5,10,10,2,82744.0,83413.0,82866.0,82715.0,82708.0,1,705.0
44397,216.00,1665.00,5,10,10,2,96408.0,98783.0,98284.0,96408.0,96398.0,1,2385.0
44398,154.00,1384.00,5,10,10,2,92915.0,92962.0,92962.0,92915.0,92921.0,1,41.0
44399,154.00,1384.00,5,10,10,2,71801.0,80004.0,80004.0,71801.0,71801.0,1,8203.0
44400,206.00,1681.00,5,10,10,2,102902.0,108627.0,108126.0,102897.0,102897.0,1,5730.0
44401,154.00,1394.00,5,10,10,2,49122.0,56212.0,56212.0,49122.0,49122.0,1,7090.0
44402,206.00,1681.00,5,10,10,2,78337.0,83677.0,83176.0,78337.0,78337.0,1,5340.0
44403,206.00,1613.00,5,10,10,2,84733.0,84690.0,84189.0,84733.0,84733.0,4,0.0
44404,154.00,1428.00,4,11,10,2,70722.0,82812.0,70594.0,70722.0,70722.0,1,12090.0
44405,154.00,1462.00,5,10,10,2,72835.0,76061.0,76314.0,72835.0,72835.0,2,3479.0
44406,154.00,1384.00,5,10,10,2,85858.0,77532.0,77532.0,85858.0,85858.0,4,0.0
44407,154.00,1542.00,5,10,10,2,57669.0,78340.0,78340.0,57669.0,57679.0,1,20661.0
44408,154.00,1384.00,5,10,10,2,78655.0,82460.0,82460.0,78655.0,78655.0,1,3805.0
44409,206.00,1613.00,5,10,10,2,113161.0,111805.0,111306.0,113161.0,113174.0,4,0.0
44410,187.00,1509.00,5,10,10,2,77302.0,79376.0,78040.0,77302.0,77302.0,1,2074.0
44411,187.00,1523.00,5,10,10,2,70240.0,70375.0,75615.0,70240.0,70232.0,2,5383.0
44412,154.00,1406.00,5,10,10,2,63541.0,47703.0,47694.0,63541.0,63541.0,4,0.0
44413,154.00,1391.00,5,10,10,2,70099.0,75594.0,75594.0,70107.0,70107.0,1,5487.0
44414,154.00,1384.00,5,10,10,2,75158.0,55019.0,55019.0,75158.0,75158.0,4,0.0
44415,187.00,1523.00,5,10,10,2,48273.0,47844.0,35220.0,48273.0,48273.0,4,0.0
44416,187.00,1516.00,5,10,10,2,85609.0,86119.0,53597.0,85620.0,85609.0,1,510.0
44417,154.00,1384.00,5,10,10,2,83182.0,87371.0,87371.0,83182.0,83182.0,1,4189.0
44418,206.00,1613.00,5,10,10,2,66830.0,65445.0,64943.0,66830.0,66832.0,4,0.0
44419,206.00,1603.00,5,10,10,2,66520.0,70593.0,70093.0,66520.0,66512.0,1,4081.0
44420,154.00,1384.00,5,10,10,2,88082.0,82468.0,82468.0,88082.0,88082.0,4,0.0
44421,206.00,1610.00,5,10,10,2,88230.0,93386.0,92885.0,88230.0,88230.0,1,5156.0
44422,216.00,1664.00,5,10,10,2,122230.0,123033.0,122537.0,122208.0,122199.0,1,834.0
44423,154.00,1560.00,5,10,10,2,64136.0,62683.0,62683.0,64136.0,64125.0,0,11.0
44424,154.00,1350.00,5,11,10,2,78074.0,77397.0,77397.0,78069.0,78074.0,4,0.0
44425,206.00,1610.00,5,10,10,2,81809.0,81539.0,81040.0,81809.0,81814.0,4,0.0
44426,216.00,1674.00,5,10,10,2,132606.0,133492.0,132991.0,132617.0,132617.0,1,875.0
44427,154.00,1542.00,5,10,10,2,78230.0,102041.0,102041.0,78237.0,78230.0,1,23811.0
44428,206.00,1622.00,5,10,10,2,101020.0,103454.0,102958.0,101009.0,101020.0,1,2434.0
44429,206.00,1613.00,5,10,10,2,93309.0,93625.0,93154.0,93284.0,93309.0,1,316.0
44430,206.00,1610.00,5,10,10,2,56614.0,56023.0,55522.0,56618.0,56618.0,4,0.0
44431,154.00,1394.00,5,10,10,2,65321.0,73652.0,73652.0,65321.0,65321.0,1,8331.0
44432,154.00,1403.00,5,10,10,2,45416.0,42990.0,58457.0,45416.0,45418.0,2,13039.0
44433,154.00,1560.00,5,10,10,2,88653.0,71569.0,71569.0,88664.0,88653.0,3,11.0
44434,154.00,1542.00,5,10,10,2,69356.0,64872.0,64872.0,69356.0,69356.0,4,0.0
44435,216.00,1655.00,5,10,10,2,91635.0,88830.0,88331.0,91628.0,91635.0,4,0.0
44436,206.00,1622.00,5,10,10,2,67102.0,70686.0,70192.0,67112.0,67102.0,1,3584.0
44437,154.00,1391.00,5,10,10,2,57630.0,75133.0,75133.0,57630.0,57630.0,1,17503.0
44438,154.00,1434.00,5,11,10,2,61006.0,62941.0,62937.0,61012.0,61006.0,1,1935.0
44439,187.00,1509.00,5,10,10,2,62453.0,61882.0,49332.0,62462.0,62462.0,4,0.0
44440,187.00,1509.00,5,10,10,2,52947.0,50643.0,50728.0,52959.0,52947.0,3,12.0
44441,216.00,1674.00,5,10,10,2,103282.0,106072.0,105575.0,103282.0,103291.0,1,2781.0
44442,154.00,1384.00,5,10,10,2,72970.0,73677.0,73677.0,72970.0,72970.0,1,707.0
44443,187.00,1399.00,4,11,10,2,88550.0,88956.0,88956.0,88550.0,88550.0,1,406.0
44444,154.00,1462.00,5,10,10,2,67922.0,75964.0,76208.0,67913.0,67913.0,2,8295.0
44445,154.00,1394.00,5,10,10,2,46855.0,33007.0,33007.0,46855.0,46855.0,4,0.0
44446,154.00,1384.00,5,10,10,2,38265.0,40387.0,40387.0,38265.0,38265.0,1,2122.0
44447,187.00,1667.00,5,10,10,2,89173.0,94640.0,95140.0,89165.0,89173.0,2,5967.0
44448,154.00,1551.00,5,10,10,2,77689.0,75836.0,75836.0,77689.0,77689.0,4,0.0
44449,216.00,1655.00,5,10,10,2,76058.0,75491.0,74990.0,76058.0,76059.0,4,0.0
44450,154.00,1384.00,5,10,10,2,31149.0,44203.0,44203.0,31149.0,31149.0,1,13054.0
44451,154.00,1384.00,5,10,10,2,70883.0,64668.0,64668.0,70883.0,70883.0,4,0.0
44452,154.00,1316.00,4,11,10,2,58790.0,58727.0,58727.0,58795.0,58795.0,4,0.0
44453,187.00,1516.00,5,10,10,2,82571.0,82539.0,77935.0,82573.0,82573.0,4,0.0
44454,154.00,1384.00,5,10,10,2,55152.0,101981.0,101981.0,55152.0,55152.0,1,46829.0
44455,187.00,1509.00,5,10,10,2,94191.0,93769.0,106849.0,94234.0,94191.0,2,12658.0
44456,154.00,1391.00,5,10,10,2,69089.0,69036.0,69036.0,69081.0,69081.0,0,8.0
44457,187.00,1509.00,5,10,10,2,81024.0,85239.0,67931.0,81032.0,81024.0,1,4215.0
44458,187.00,1509.00,5,10,10,2,73257.0,78600.0,120651.0,73256.0,73256.0,2,47395.0
44459,206.00,1613.00,5,10,10,2,58162.0,57664.0,57166.0,58169.0,58162.0,3,7.0
44460,154.00,1394.00,5,10,10,2,47805.0,54343.0,54343.0,47806.0,47805.0,1,6538.0
44461,206.00,1681.00,5,10,10,2,85288.0,91158.0,90615.0,85488.0,85483.0,1,5675.0
44462,154.00,1384.00,5,10,10,2,56315.0,74295.0,74295.0,56315.0,56315.0,1,17980.0
44463,206.00,1603.00,5,10,10,2,51175.0,50379.0,49878.0,51175.0,51175.0,4,0.0
44464,154.00,1474.00,5,10,10,2,90455.0,68854.0,68854.0,90442.0,90442.0,0,13.0
44465,154.00,1560.00,5,10,10,2,64791.0,63630.0,63630.0,64791.0,64785.0,0,6.0
44466,187.00,1667.00,5,10,10,2,102172.0,107196.0,84448.0,102172.0,102172.0,1,5024.0
44467,154.00,1384.00,5,10,10,2,42298.0,35281.0,35281.0,42298.0,42298.0,4,0.0
44468,154.00,1394.00,5,10,10,2,48129.0,38262.0,38262.0,48127.0,48129.0,4,0.0
44469,216.00,1662.00,5,10,10,2,118591.0,119326.0,118827.0,118591.0,118587.0,1,739.0
44470,206.00,1603.00,5,10,10,2,90033.0,88909.0,88411.0,90033.0,90024.0,0,9.0
44471,154.00,1384.00,5,10,10,2,83694.0,102910.0,102910.0,83694.0,83694.0,1,19216.0
44472,206.00,1681.00,5,10,10,2,63369.0,68613.0,68114.0,63369.0,63369.0,1,5244.0
44473,206.00,1613.00,5,10,10,2,54502.0,53851.0,53350.0,54504.0,54504.0,4,0.0
44474,154.00,1394.00,5,10,10,2,76576.0,67065.0,67065.0,76576.0,76576.0,4,0.0
44475,154.00,1564.00,5,10,10,2,58428.0,61241.0,61241.0,58432.0,58432.0,1,2809.0
44476,154.00,1474.00,5,10,10,2,53285.0,56079.0,56079.0,53299.0,53299.0,1,2780.0
44477,154.00,1384.00,5,10,10,2,73342.0,58989.0,58989.0,73342.0,73342.0,4,0.0
44478,154.00,1384.00,5,10,10,2,100050.0,99800.0,99800.0,100055.0,100055.0,4,0.0
44479,206.00,1603.00,5,10,10,2,104610.0,104910.0,104371.0,104610.0,104608.0,1,302.0
44480,154.00,1384.00,5,10,10,2,59901.0,64381.0,64381.0,59901.0,59901.0,1,4480.0
44481,206.00,1499.00,4,11,10,2,101468.0,101326.0,100884.0,101468.0,101468.0,4,0.0
44482,154.00,1542.00,4,11,10,2,62722.0,75632.0,75632.0,62722.0,62906.0,1,12726.0
44483,206.00,1693.00,5,10,10,2,78957.0,84658.0,84155.0,78959.0,78959.0,1,5699.0
44484,187.00,1667.00,5,10,10,2,125240.0,130644.0,105164.0,125240.0,125240.0,1,5404.0
44485,206.00,1622.00,5,10,10,2,90309.0,89891.0,89390.0,90309.0,90312.0,4,0.0
44486,187.00,1509.00,5,10,10,2,38267.0,37626.0,50304.0,38267.0,38254.0,2,12050.0
44487,154.00,1384.00,5,10,10,2,74470.0,81270.0,81270.0,74470.0,74470.0,1,6800.0
44488,216.00,1655.00,5,10,10,2,101956.0,101082.0,100581.0,101953.0,101956.0,4,0.0
44489,216.00,1548.00,5,11,10,2,98011.0,97505.0,96929.0,98023.0,98011.0,3,12.0
44490,187.00,1519.00,5,10,10,2,61187.0,61283.0,59721.0,61183.0,61183.0,1,100.0
44491,216.00,1655.00,5,10,10,2,90752.0,90221.0,89720.0,90751.0,90751.0,4,0.0
44492,154.00,1384.00,5,10,10,2,90157.0,92596.0,92596.0,90157.0,90157.0,1,2439.0
44493,154.00,1384.00,5,10,10,2,70303.0,59235.0,59235.0,70303.0,70303.0,4,0.0
44494,206.00,1607.00,5,10,10,2,66178.0,65537.0,65070.0,66196.0,66169.0,3,27.0
44495,154.00,1462.00,5,10,10,2,86854.0,104193.0,104414.0,86847.0,86854.0,2,17560.0
44496,154.00,1551.00,5,10,10,2,76911.0,69503.0,69503.0,76911.0,76911.0,4,0.0
44497,206.00,1613.00,5,10,10,2,100328.0,103996.0,103495.0,100329.0,100329.0,1,3667.0
44498,206.00,1613.00,5,10,10,2,92748.0,93636.0,93138.0,92748.0,92758.0,1,878.0
44499,216.00,1665.00,5,10,10,2,107280.0,106644.0,106143.0,107284.0,107280.0,3,4.0
44500,187.00,1509.00,5,10,10,2,75999.0,74978.0,69445.0,76008.0,76008.0,4,0.0
44501,206.00,1610.00,5,10,10,2,89242.0,91063.0,90562.0,89246.0,89246.0,1,1817.0
44502,206.00,1613.00,5,10,10,2,134176.0,135077.0,134576.0,134177.0,134177.0,1,900.0
44503,154.00,1403.00,5,10,10,2,32986.0,40526.0,40882.0,32978.0,32978.0,2,7904.0
44504,216.00,1658.00,5,10,10,2,103416.0,104528.0,104032.0,103444.0,103419.0,1,1109.0
44505,187.00,1516.00,5,10,10,2,68997.0,71299.0,74811.0,68997.0,68988.0,2,5823.0
44506,187.00,1519.00,5,10,10,2,52455.0,56700.0,74041.0,52455.0,52301.0,2,21740.0
44507,154.00,1394.00,5,10,10,2,48285.0,56952.0,56952.0,48284.0,48285.0,1,8667.0
44508,154.00,1384.00,5,10,10,2,78739.0,94069.0,94069.0,78739.0,78739.0,1,15330.0
44509,206.00,1603.00,5,10,10,2,103964.0,104092.0,103594.0,103964.0,103972.0,1,120.0
44510,216.00,1655.00,5,10,10,2,92754.0,92308.0,91809.0,92754.0,92755.0,4,0.0
44511,187.00,1509.00,5,10,10,2,73943.0,75750.0,87702.0,73944.0,73944.0,2,13758.0
44512,206.00,1681.00,5,10,10,2,86270.0,91491.0,90992.0,86272.0,86270.0,1,5221.0
44513,154.00,1551.00,5,10,10,2,71402.0,75727.0,75727.0,71402.0,71385.0,1,4342.0
44514,154.00,1462.00,5,10,10,2,105504.0,65605.0,65848.0,105486.0,105504.0,4,0.0
44515,206.00,1603.00,5,10,10,2,75908.0,75660.0,75159.0,75906.0,75908.0,4,0.0
44516,154.00,1384.00,5,10,10,2,84652.0,79365.0,79365.0,84652.0,84652.0,4,0.0
44517,216.00,1662.00,5,10,10,2,81375.0,80834.0,80335.0,81375.0,81375.0,4,0.0
44518,154.00,1474.00,5,10,10,2,83124.0,60124.0,60124.0,83124.0,83124.0,4,0.0
44519,154.00,1384.00,5,10,10,2,46294.0,28212.0,28212.0,46294.0,46294.0,4,0.0
44520,154.00,1391.00,5,10,10,2,54047.0,75771.0,75771.0,54051.0,54051.0,1,21720.0
44521,216.00,1665.00,5,10,10,2,103317.0,103449.0,102951.0,103317.0,103317.0,1,132.0
44522,206.00,1610.00,5,10,10,2,72816.0,72296.0,71795.0,72813.0,72816.0,4,0.0
44523,206.00,1603.00,5,10,10,2,79277.0,79343.0,78842.0,79276.0,79277.0,1,66.0
44524,154.00,1462.00,5,10,10,2,81424.0,85068.0,85288.0,81426.0,81424.0,2,3864.0
44525,154.00,1384.00,5,10,10,2,71787.0,96136.0,96136.0,71787.0,71796.0,1,24340.0
44526,154.00,1551.00,5,10,10,2,48961.0,64959.0,64959.0,48777.0,48777.0,1,16182.0
44527,187.00,1684.00,5,10,10,2,105830.0,111129.0,120202.0,105830.0,105830.0,2,14372.0
44528,187.00,1509.00,5,10,10,2,36168.0,35398.0,40073.0,36169.0,36169.0,2,3904.0
44529,206.00,1603.00,5,10,10,2,66334.0,70377.0,69876.0,66328.0,66328.0,1,4049.0
44530,206.00,1603.00,5,10,10,2,110784.0,110046.0,109545.0,110782.0,110782.0,0,2.0
44531,187.00,1509.00,5,10,10,2,115963.0,116813.0,104362.0,115966.0,115963.0,1,850.0
44532,206.00,1613.00,5,10,10,2,120802.0,122710.0,122211.0,120802.0,120789.0,1,1921.0
44533,216.00,1662.00,5,10,10,2,91903.0,92634.0,92135.0,91912.0,91912.0,1,722.0
44534,154.00,1384.00,5,10,10,2,93223.0,77358.0,77358.0,93223.0,93223.0,4,0.0
44535,154.00,1274.00,4,11,10,2,94269.0,72243.0,72243.0,94269.0,94269.0,4,0.0
44536,206.00,1613.00,5,10,10,2,52287.0,52208.0,51680.0,52287.0,52287.0,4,0.0
44537,216.00,1665.00,5,10,10,2,149499.0,154688.0,154189.0,149499.0,149489.0,1,5199.0
44538,154.00,1403.00,5,10,10,2,45335.0,50434.0,50427.0,45335.0,45317.0,1,5117.0
44539,154.00,1546.00,5,10,10,2,97287.0,93454.0,93454.0,97297.0,97297.0,4,0.0
44540,187.00,1516.00,5,10,10,2,93261.0,90880.0,58274.0,93261.0,93261.0,4,0.0
44541,206.00,1607.00,5,10,10,2,109043.0,109823.0,109355.0,109065.0,109065.0,1,758.0
44542,206.00,1693.00,5,10,10,2,69381.0,74735.0,74238.0,69381.0,69389.0,1,5346.0
44543,154.00,1384.00,5,10,10,2,99658.0,102502.0,102502.0,99658.0,99658.0,1,2844.0
44544,187.00,1667.00,5,10,10,2,106751.0,111792.0,105193.0,106763.0,106751.0,1,5041.0
44545,206.00,1610.00,5,10,10,2,62493.0,62181.0,61680.0,62501.0,62501.0,4,0.0
44546,187.00,1516.00,5,10,10,2,44982.0,44437.0,49181.0,44982.0,44982.0,2,4199.0
44547,206.00,1601.00,5,10,10,2,120699.0,125215.0,124717.0,120699.0,120675.0,1,4540.0
44548,154.00,1394.00,5,10,10,2,54870.0,60065.0,60065.0,54879.0,54879.0,1,5186.0
44549,206.00,1610.00,5,10,10,2,83497.0,82657.0,82158.0,83510.0,83497.0,3,13.0
44550,206.00,1681.00,5,10,10,2,106198.0,111687.0,111186.0,106198.0,106198.0,1,5489.0
44551,187.00,1509.00,5,10,10,2,85108.0,87995.0,80417.0,85112.0,85108.0,1,2887.0
44552,154.00,1384.00,5,10,10,2,49702.0,66885.0,66885.0,49702.0,49702.0,1,17183.0
44553,154.00,1384.00,5,10,10,2,73957.0,74258.0,74258.0,73957.0,73957.0,1,301.0
44554,206.00,1681.00,5,10,10,2,109172.0,114412.0,113914.0,109180.0,109180.0,1,5232.0
44555,154.00,1542.00,5,10,10,2,82645.0,111223.0,111223.0,82643.0,82643.0,1,28580.0
44556,216.00,1665.00,5,10,10,2,126996.0,127882.0,127381.0,126991.0,126996.0,1,886.0
44557,206.00,1603.00,5,10,10,2,82111.0,81941.0,81443.0,82106.0,82111.0,4,0.0
44558,154.00,1384.00,5,10,10,2,92860.0,89772.0,89772.0,92860.0,92860.0,4,0.0
44559,216.00,1545.00,4,11,10,2,116572.0,117094.0,116545.0,116572.0,116572.0,1,522.0
44560,154.00,1394.00,5,10,10,2,62129.0,75265.0,75265.0,62129.0,62129.0,1,13136.0
44561,216.00,1665.00,5,10,10,2,103564.0,103740.0,103242.0,103564.0,103553.0,1,187.0
44562,154.00,1384.00,5,10,10,2,62698.0,41044.0,41044.0,62698.0,62698.0,4,0.0
44563,216.00,1665.00,5,10,10,2,112232.0,113959.0,113458.0,112232.0,112233.0,1,1726.0
44564,187.00,1512.00,5,10,10,2,95168.0,100112.0,110424.0,95168.0,95173.0,2,15251.0
44565,206.00,1603.00,5,10,10,2,52082.0,51491.0,50990.0,52082.0,52071.0,0,11.0
44566,154.00,1474.00,5,10,10,2,93094.0,74780.0,74780.0,93081.0,93081.0,0,13.0
44567,216.00,1655.00,5,10,10,2,123453.0,124065.0,123564.0,123450.0,123450.0,1,615.0
44568,154.00,1391.00,5,10,10,2,30295.0,39544.0,39544.0,30295.0,30295.0,1,9249.0
44569,187.00,1519.00,5,10,10,2,38064.0,37477.0,44615.0,38064.0,38064.0,2,6551.0
44570,206.00,1603.00,5,10,10,2,47842.0,47573.0,47062.0,47842.0,47842.0,4,0.0
44571,206.00,1613.00,5,10,10,2,113447.0,113127.0,112629.0,113453.0,113447.0,3,6.0
44572,154.00,1384.00,5,10,10,2,76518.0,83062.0,83062.0,76518.0,76518.0,1,6544.0
44573,206.00,1613.00,5,10,10,2,99020.0,99180.0,98679.0,99026.0,99026.0,1,154.0
44574,206.00,1603.00,5,10,10,2,71218.0,73074.0,72573.0,71218.0,71217.0,1,1857.0
44575,154.00,1387.00,5,10,10,2,92570.0,86567.0,86567.0,92570.0,92570.0,4,0.0
44576,154.00,1542.00,5,10,10,2,73120.0,84883.0,84883.0,72926.0,72939.0,1,11944.0
44577,154.00,1394.00,5,10,10,2,60035.0,67706.0,67706.0,60035.0,60035.0,1,7671.0
44578,154.00,1542.00,5,10,10,2,64838.0,85011.0,85011.0,64838.0,64836.0,1,20175.0
44579,154.00,1462.00,5,10,10,2,54265.0,58530.0,58777.0,54265.0,54265.0,2,4512.0
44580,154.00,1560.00,5,10,10,2,52003.0,55907.0,55907.0,52003.0,51996.0,1,3911.0
44581,154.00,1462.00,5,10,10,2,73162.0,73539.0,73791.0,73162.0,73157.0,2,634.0
44582,216.00,1655.00,5,10,10,2,123732.0,124323.0,123822.0,123732.0,123732.0,1,591.0
44583,216.00,1655.00,5,10,10,2,89903.0,89410.0,88909.0,89901.0,89901.0,0,2.0
44584,154.00,1391.00,5,10,10,2,50123.0,46436.0,46436.0,50119.0,50123.0,4,0.0
44585,154.00,1551.00,5,10,10,2,78835.0,60185.0,60185.0,78835.0,78841.0,4,0.0
44586,206.00,1603.00,5,10,10,2,88109.0,87502.0,87001.0,88112.0,88109.0,3,3.0
44587,154.00,1462.00,5,10,10,2,102440.0,98089.0,98326.0,102440.0,102440.0,4,0.0
44588,206.00,1625.00,5,10,10,2,59441.0,58881.0,58411.0,59415.0,59441.0,4,0.0
44589,206.00,1610.00,5,10,10,2,67332.0,72763.0,72227.0,67324.0,67332.0,1,5431.0
44590,187.00,1513.00,5,10,10,2,89135.0,88041.0,104899.0,89134.0,89135.0,2,15764.0
44591,154.00,1462.00,5,10,10,2,95928.0,96366.0,96583.0,95928.0,95923.0,2,660.0
44592,206.00,1681.00,5,10,10,2,71866.0,77631.0,77092.0,71655.0,71866.0,1,5765.0
44593,206.00,1681.00,5,10,10,2,70788.0,75288.0,74787.0,70788.0,70778.0,1,4510.0
44594,154.00,1394.00,5,10,10,2,55138.0,58746.0,58746.0,55138.0,55138.0,1,3608.0
44595,154.00,1462.00,5,10,10,2,101507.0,83087.0,83339.0,101507.0,101492.0,0,15.0
44596,154.00,1542.00,5,10,10,2,69858.0,63877.0,63877.0,69858.0,69858.0,4,0.0
44597,187.00,1516.00,5,10,10,2,74828.0,74887.0,74364.0,74835.0,74835.0,1,52.0
44598,154.00,1394.00,5,10,10,2,58623.0,58248.0,58248.0,58623.0,58623.0,4,0.0
44599,154.00,1394.00,5,10,10,2,69190.0,45516.0,45516.0,69190.0,69230.0,4,0.0
44600,187.00,1528.00,5,10,10,2,46222.0,45723.0,73474.0,46226.0,46226.0,2,27248.0
44601,154.00,1542.00,5,10,10,2,90209.0,95436.0,95436.0,90209.0,90209.0,1,5227.0
44602,206.00,1603.00,5,10,10,2,88787.0,90529.0,90031.0,88797.0,88797.0,1,1732.0
44603,154.00,1391.00,5,10,10,2,71134.0,63504.0,63504.0,71134.0,71134.0,4,0.0
44604,154.00,1384.00,5,10,10,2,20837.0,31507.0,31507.0,20837.0,20837.0,1,10670.0
44605,187.00,1528.00,5,10,10,2,70221.0,69729.0,51113.0,70236.0,70221.0,3,15.0
44606,187.00,1509.00,5,10,10,2,51444.0,53770.0,61142.0,51444.0,51444.0,2,9698.0
44607,187.00,1676.00,5,10,10,2,104470.0,109993.0,86781.0,104472.0,104472.0,1,5521.0
44608,154.00,1462.00,5,10,10,2,75583.0,84278.0,84270.0,75583.0,75583.0,1,8695.0
44609,154.00,1391.00,5,10,10,2,60635.0,73188.0,73188.0,60635.0,60650.0,1,12538.0
44610,154.00,1462.00,5,10,10,2,65281.0,81765.0,82012.0,65281.0,65285.0,2,16727.0
44611,206.00,1681.00,5,10,10,2,96671.0,100937.0,100436.0,96675.0,96671.0,1,4266.0
44612,154.00,1391.00,5,10,10,2,35798.0,50427.0,50427.0,35802.0,35802.0,1,14625.0
44613,216.00,1655.00,5,10,10,2,113888.0,113595.0,113094.0,113888.0,113888.0,4,0.0
44614,206.00,1603.00,5,10,10,2,38164.0,37581.0,37080.0,38172.0,38164.0,3,8.0
44615,206.00,1610.00,5,10,10,2,68557.0,65817.0,65319.0,68565.0,68565.0,4,0.0
44616,187.00,1528.00,5,10,10,2,70004.0,69521.0,95915.0,70004.0,69990.0,2,25925.0
44617,206.00,1693.00,5,10,10,2,74838.0,80568.0,80068.0,74838.0,74838.0,1,5730.0
44618,187.00,1516.00,5,10,10,2,87574.0,86065.0,72333.0,87566.0,87574.0,4,0.0
44619,154.00,1384.00,5,10,10,2,35789.0,45627.0,45627.0,35789.0,35789.0,1,9838.0
44620,206.00,1681.00,5,10,10,2,71402.0,76496.0,75997.0,71402.0,71402.0,1,5094.0
44621,187.00,1667.00,5,10,10,2,67165.0,72181.0,71506.0,67165.0,67161.0,1,5020.0
44622,187.00,1509.00,5,10,10,2,85463.0,86844.0,84949.0,85460.0,85460.0,1,1384.0
44623,206.00,1622.00,5,10,10,2,97236.0,96878.0,96382.0,97236.0,97225.0,0,11.0
44624,206.00,1603.00,5,10,10,2,51993.0,51423.0,50924.0,51983.0,51993.0,4,0.0
44625,154.00,1384.00,5,10,10,2,80300.0,74998.0,74998.0,80300.0,80300.0,4,0.0
44626,154.00,1384.00,5,10,10,2,75258.0,68801.0,68801.0,75258.0,75258.0,4,0.0
44627,154.00,1384.00,5,10,10,2,32131.0,24197.0,24197.0,32131.0,32131.0,4,0.0
44628,206.00,1603.00,5,10,10,2,127182.0,125446.0,124945.0,127182.0,127182.0,4,0.0
44629,154.00,1384.00,5,10,10,2,65472.0,57980.0,57980.0,65472.0,65472.0,4,0.0
44630,187.00,1519.00,5,10,10,2,52319.0,51819.0,47693.0,52308.0,52308.0,0,11.0
44631,216.00,1665.00,5,10,10,2,105120.0,104650.0,104149.0,105120.0,105120.0,4,0.0
44632,206.00,1610.00,5,10,10,2,40117.0,39393.0,38894.0,40117.0,40117.0,4,0.0
44633,187.00,1519.00,5,10,10,2,70337.0,71024.0,40716.0,70329.0,70337.0,1,687.0
44634,154.00,1387.00,5,10,10,2,45411.0,57238.0,57238.0,45411.0,45411.0,1,11827.0
44635,154.00,1280.00,4,11,10,2,54059.0,59796.0,59796.0,54059.0,54059.0,1,5737.0
44636,187.00,1559.00,5,11,10,2,141063.0,140518.0,103051.0,141063.0,141054.0,0,9.0
44637,216.00,1674.00,5,10,10,2,121552.0,122214.0,121713.0,121552.0,121552.0,1,662.0
44638,206.00,1610.00,5,10,10,2,100715.0,102489.0,101988.0,100715.0,100715.0,1,1774.0
44639,154.00,1542.00,5,10,10,2,71556.0,85062.0,85062.0,71554.0,71554.0,1,13508.0
44640,206.00,1603.00,5,10,10,2,70626.0,70791.0,70455.0,70596.0,70596.0,1,195.0
44641,154.00,1403.00,5,10,10,2,34089.0,50392.0,44510.0,34094.0,34089.0,1,16303.0
44642,206.00,1610.00,5,10,10,2,91268.0,90678.0,90179.0,91268.0,91272.0,4,0.0
44643,154.00,1403.00,5,10,10,2,24116.0,20084.0,20077.0,24135.0,24116.0,3,19.0
44644,187.00,1519.00,5,10,10,2,73954.0,72020.0,82466.0,73954.0,73954.0,2,8512.0
44645,154.00,1542.00,5,10,10,2,94133.0,104287.0,104287.0,94133.0,94133.0,1,10154.0
44646,154.00,1560.00,5,10,10,2,54347.0,66632.0,66632.0,54347.0,54347.0,1,12285.0
44647,154.00,1391.00,5,10,10,2,50713.0,58939.0,58939.0,50713.0,50709.0,1,8230.0
44648,206.00,1622.00,5,10,10,2,91784.0,96236.0,95692.0,91620.0,91784.0,1,4452.0
44649,154.00,1428.00,4,11,10,2,79741.0,76982.0,86030.0,79741.0,79741.0,2,6289.0
44650,154.00,1384.00,5,10,10,2,64127.0,64869.0,64869.0,64127.0,64127.0,1,742.0
44651,154.00,1462.00,5,10,10,2,88927.0,104004.0,104246.0,88937.0,88937.0,2,15309.0
44652,206.00,1613.00,5,10,10,2,96184.0,96730.0,96232.0,96184.0,96184.0,1,546.0
44653,187.00,1509.00,5,10,10,2,91347.0,93203.0,78517.0,91347.0,91349.0,1,1854.0
44654,206.00,1603.00,5,10,10,2,67466.0,69825.0,69272.0,67577.0,67466.0,1,2359.0
44655,154.00,1478.00,5,10,10,2,71835.0,67502.0,67502.0,71654.0,71827.0,0,8.0
44656,187.00,1671.00,5,10,10,2,60290.0,65444.0,65110.0,60265.0,60265.0,1,5179.0
44657,154.00,1384.00,5,10,10,2,59610.0,49787.0,49787.0,59610.0,59610.0,4,0.0
44658,187.00,1528.00,5,10,10,2,69082.0,68623.0,100610.0,69091.0,69082.0,2,31528.0
44659,216.00,1662.00,5,10,10,2,93479.0,93057.0,92559.0,93488.0,93479.0,3,9.0
44660,154.00,1394.00,5,10,10,2,52927.0,51964.0,51964.0,52927.0,52927.0,4,0.0
44661,206.00,1603.00,5,10,10,2,54326.0,53914.0,53371.0,54291.0,54303.0,0,23.0
44662,154.00,1542.00,5,10,10,2,88472.0,98282.0,98282.0,88472.0,88472.0,1,9810.0
44663,216.00,1665.00,5,10,10,2,119863.0,120565.0,120026.0,119909.0,119909.0,1,656.0
44664,154.00,1474.00,5,10,10,2,64014.0,69459.0,69459.0,64017.0,64017.0,1,5442.0
44665,206.00,1498.00,5,11,10,2,73879.0,73330.0,84597.0,73867.0,73867.0,2,10730.0
44666,206.00,1610.00,5,10,10,2,95110.0,95440.0,94941.0,95100.0,95100.0,1,340.0
44667,154.00,1394.00,5,10,10,2,47285.0,36505.0,36505.0,47283.0,47285.0,4,0.0
44668,154.00,1384.00,5,10,10,2,49241.0,54670.0,54670.0,49241.0,49241.0,1,5429.0
44669,216.00,1655.00,5,10,10,2,113049.0,112451.0,111950.0,113049.0,113049.0,4,0.0
44670,154.00,1428.00,4,11,10,2,50735.0,55230.0,54524.0,50930.0,50930.0,1,4300.0
44671,206.00,1622.00,5,10,10,2,85149.0,84771.0,84270.0,85143.0,85143.0,0,6.0
44672,154.00,1462.00,5,10,10,2,74008.0,67541.0,67788.0,74004.0,74004.0,0,4.0
44673,187.00,1519.00,5,10,10,2,70050.0,74585.0,72607.0,70050.0,70037.0,1,4548.0
44674,154.00,1403.00,5,10,10,2,35733.0,34991.0,35160.0,35733.0,35689.0,0,44.0
44675,187.00,1667.00,5,10,10,2,98600.0,103862.0,107453.0,98600.0,98592.0,2,8861.0
44676,154.00,1462.00,5,10,10,2,62323.0,65134.0,65126.0,62323.0,62323.0,1,2811.0
44677,206.00,1610.00,5,10,10,2,79125.0,84341.0,83840.0,79125.0,79118.0,1,5223.0
44678,154.00,1394.00,5,10,10,2,25763.0,37596.0,37596.0,25759.0,25759.0,1,11837.0
44679,206.00,1610.00,5,10,10,2,92340.0,91796.0,91297.0,92351.0,92351.0,4,0.0
44680,154.00,1394.00,5,10,10,2,65001.0,52996.0,52996.0,64995.0,64995.0,0,6.0
44681,154.00,1542.00,5,10,10,2,116341.0,111084.0,111084.0,116341.0,116341.0,4,0.0
44682,206.00,1603.00,5,10,10,2,124176.0,125046.0,124545.0,124176.0,124176.0,1,870.0
44683,154.00,1394.00,5,10,10,2,35522.0,50192.0,50192.0,35522.0,35522.0,1,14670.0
44684,216.00,1674.00,5,10,10,2,95099.0,95037.0,94541.0,95111.0,95111.0,4,0.0
44685,216.00,1665.00,5,10,10,2,117466.0,118348.0,117850.0,117466.0,117457.0,1,891.0
44686,216.00,1665.00,5,10,10,2,94857.0,94863.0,94365.0,94857.0,94857.0,1,6.0
44687,154.00,1391.00,5,10,10,2,71540.0,100167.0,100167.0,71554.0,71540.0,1,28627.0
44688,154.00,1394.00,5,10,10,2,51609.0,44457.0,44457.0,51607.0,51609.0,4,0.0
44689,154.00,1384.00,5,10,10,2,43586.0,47023.0,47023.0,43586.0,43586.0,1,3437.0
44690,154.00,1462.00,5,10,10,2,81910.0,100930.0,100922.0,81919.0,81919.0,1,19011.0
44691,154.00,1542.00,5,10,10,2,74860.0,100580.0,100580.0,74860.0,74857.0,1,25723.0
44692,206.00,1622.00,5,10,10,2,88468.0,87919.0,87422.0,88479.0,88479.0,4,0.0
44693,187.00,1516.00,5,10,10,2,83051.0,84008.0,72082.0,83064.0,83064.0,1,944.0
44694,154.00,1474.00,5,10,10,2,48439.0,52816.0,52816.0,48439.0,48440.0,1,4376.0
44695,187.00,1670.00,5,10,10,2,57565.0,63196.0,62798.0,57600.0,57566.0,1,5630.0
44696,187.00,1509.00,5,10,10,2,69760.0,68864.0,84617.0,69770.0,69770.0,2,14847.0
44697,187.00,1509.00,5,10,10,2,88171.0,89189.0,91067.0,88171.0,88167.0,2,2900.0
44698,187.00,1676.00,5,10,10,2,89350.0,94890.0,89392.0,89350.0,89350.0,1,5540.0
44699,187.00,1516.00,5,10,10,2,86073.0,85743.0,71577.0,86073.0,86097.0,4,0.0
44700,154.00,1462.00,5,10,10,2,95478.0,99791.0,100033.0,95478.0,95478.0,2,4555.0
44701,187.00,1528.00,5,10,10,2,97318.0,96883.0,79955.0,97313.0,97313.0,0,5.0
44702,154.00,1542.00,5,10,10,2,81526.0,83551.0,83551.0,81526.0,81526.0,1,2025.0
44703,154.00,1394.00,5,10,10,2,65419.0,69691.0,69691.0,65419.0,65419.0,1,4272.0
44704,187.00,1509.00,5,10,10,2,87711.0,86933.0,92779.0,87711.0,87711.0,2,5068.0
44705,154.00,1384.00,5,10,10,2,58959.0,48385.0,48385.0,58959.0,58959.0,4,0.0
44706,216.00,1655.00,5,10,10,2,51407.0,50909.0,50410.0,51397.0,51407.0,4,0.0
44707,154.00,1272.00,4,12,10,2,33526.0,37637.0,37637.0,33526.0,33526.0,1,4111.0
44708,187.00,1516.00,5,10,10,2,108058.0,108936.0,99558.0,108058.0,108057.0,1,879.0
44709,187.00,1519.00,5,10,10,2,83480.0,83036.0,98154.0,83485.0,83485.0,2,14669.0
44710,154.00,1394.00,5,10,10,2,89127.0,74994.0,74994.0,89135.0,89135.0,4,0.0
44711,154.00,1384.00,5,10,10,2,66266.0,64825.0,64825.0,66266.0,66266.0,4,0.0
44712,187.00,1676.00,5,10,10,2,134446.0,140469.0,110111.0,134446.0,134446.0,1,6023.0
44713,206.00,1693.00,5,10,10,2,84283.0,89785.0,89288.0,84284.0,84283.0,1,5502.0
44714,187.00,1512.00,5,10,10,2,89004.0,93200.0,105575.0,89008.0,89004.0,2,16571.0
44715,187.00,1667.00,5,10,10,2,94719.0,99323.0,89798.0,94719.0,94716.0,1,4607.0
44716,206.00,1681.00,5,10,10,2,86743.0,91695.0,91196.0,86755.0,86755.0,1,4940.0
44717,154.00,1551.00,5,10,10,2,50900.0,62227.0,62227.0,50891.0,50891.0,1,11336.0
44718,154.00,1384.00,5,10,10,2,97549.0,70036.0,70036.0,97549.0,97549.0,4,0.0
44719,206.00,1603.00,5,10,10,2,94651.0,94892.0,94391.0,94649.0,94649.0,1,243.0
44720,216.00,1655.00,5,10,10,2,93318.0,92679.0,92181.0,93327.0,93327.0,4,0.0
44721,154.00,1560.00,5,10,10,2,58889.0,73043.0,73043.0,58889.0,58889.0,1,14154.0
44722,187.00,1519.00,5,10,10,2,78070.0,77534.0,67031.0,78080.0,78070.0,3,10.0
44723,154.00,1474.00,5,10,10,2,65828.0,66250.0,66250.0,65828.0,65828.0,1,422.0
44724,154.00,1542.00,5,10,10,2,79086.0,86575.0,86575.0,79086.0,79089.0,1,7486.0
44725,187.00,1519.00,5,10,10,2,66403.0,71787.0,104350.0,66403.0,66403.0,2,37947.0
44726,216.00,1674.00,5,10,10,2,131996.0,133766.0,133270.0,131996.0,131996.0,1,1770.0
44727,187.00,1412.00,4,11,10,2,46559.0,46529.0,48708.0,46559.0,46559.0,2,2149.0
44728,187.00,1513.00,5,10,10,2,102213.0,100906.0,104559.0,102208.0,102213.0,2,2346.0
44729,187.00,1516.00,5,10,10,2,69638.0,69579.0,62225.0,69638.0,69637.0,4,0.0
44730,187.00,1509.00,5,10,10,2,82367.0,81947.0,57429.0,82367.0,82365.0,0,2.0
44731,187.00,1404.00,5,11,10,2,79456.0,78815.0,80743.0,79441.0,79441.0,2,1302.0
44732,154.00,1474.00,5,10,10,2,59210.0,65891.0,65891.0,59210.0,59210.0,1,6681.0
44733,206.00,1603.00,5,10,10,2,106173.0,106191.0,105690.0,106173.0,106173.0,1,18.0
44734,187.00,1528.00,5,10,10,2,51477.0,51180.0,46874.0,51506.0,51505.0,4,0.0
44735,206.00,1681.00,5,10,10,2,76982.0,81330.0,80831.0,76975.0,76975.0,1,4355.0
44736,187.00,1509.00,5,10,10,2,73981.0,71055.0,104624.0,73985.0,73981.0,2,30643.0
44737,216.00,1655.00,5,10,10,2,104086.0,104451.0,103950.0,104086.0,104086.0,1,365.0
44738,216.00,1668.00,5,10,10,2,145570.0,150822.0,150327.0,145553.0,145579.0,1,5243.0
44739,187.00,1516.00,5,10,10,2,62420.0,59692.0,42179.0,62408.0,62408.0,0,12.0
44740,187.00,1509.00,5,10,10,2,84274.0,83986.0,112630.0,84274.0,84274.0,2,28356.0
44741,216.00,1655.00,5,10,10,2,99686.0,98785.0,98284.0,99686.0,99686.0,4,0.0
44742,154.00,1384.00,5,10,10,2,82126.0,81211.0,81211.0,82126.0,82126.0,4,0.0
44743,187.00,1399.00,4,11,10,2,75590.0,74326.0,74326.0,75590.0,75590.0,4,0.0
44744,154.00,1551.00,5,10,10,2,63580.0,84764.0,84764.0,63580.0,63576.0,1,21188.0
44745,154.00,1394.00,5,10,10,2,61944.0,37923.0,37923.0,61944.0,61940.0,0,4.0
44746,154.00,1462.00,5,10,10,2,60970.0,56862.0,57115.0,60970.0,60962.0,0,8.0
44747,187.00,1519.00,5,10,10,2,64325.0,66169.0,65109.0,64325.0,64334.0,1,1835.0
44748,216.00,1655.00,5,10,10,2,114913.0,117800.0,117299.0,114913.0,114915.0,1,2885.0
44749,154.00,1542.00,5,10,10,2,63367.0,68782.0,68782.0,63357.0,63367.0,1,5415.0
44750,154.00,1394.00,5,10,10,2,34652.0,31733.0,31733.0,34655.0,34652.0,3,3.0
44751,187.00,1509.00,5,10,10,2,67436.0,66764.0,58327.0,67436.0,67427.0,0,9.0
44752,206.00,1681.00,5,10,10,2,131926.0,137017.0,136489.0,131926.0,131916.0,1,5101.0
44753,187.00,1509.00,5,10,10,2,86198.0,89041.0,68990.0,86198.0,86198.0,1,2843.0
44754,206.00,1603.00,5,10,10,2,78824.0,78100.0,77599.0,78845.0,78819.0,3,26.0
44755,154.00,1384.00,5,10,10,2,91731.0,83681.0,83681.0,91861.0,91861.0,4,0.0
44756,154.00,1384.00,5,10,10,2,73050.0,73617.0,73617.0,73050.0,73050.0,1,567.0
44757,187.00,1676.00,5,10,10,2,110481.0,116782.0,104518.0,110481.0,110481.0,1,6301.0
44758,206.00,1603.00,5,10,10,2,82069.0,82721.0,82223.0,82069.0,82069.0,1,652.0
44759,154.00,1384.00,5,10,10,2,72861.0,53427.0,53427.0,72861.0,72861.0,4,0.0
44760,154.00,1462.00,5,10,10,2,72587.0,88972.0,89206.0,72588.0,72587.0,2,16619.0
44761,154.00,1394.00,5,10,10,2,46565.0,25575.0,25575.0,46565.0,46569.0,4,0.0
44762,187.00,1398.00,5,11,10,2,85531.0,87568.0,87568.0,85537.0,85531.0,1,2037.0
44763,187.00,1399.00,4,11,10,2,84800.0,85217.0,85217.0,84800.0,84800.0,1,417.0
44764,216.00,1655.00,5,10,10,2,120512.0,117494.0,116995.0,120512.0,120520.0,4,0.0
44765,206.00,1613.00,5,10,10,2,84480.0,84708.0,84210.0,84472.0,84480.0,1,228.0
44766,216.00,1662.00,5,10,10,2,117835.0,119391.0,118890.0,117835.0,117834.0,1,1557.0
44767,154.00,1394.00,5,10,10,2,47312.0,78907.0,78907.0,47312.0,47312.0,1,31595.0
44768,187.00,1516.00,5,10,10,2,120276.0,120950.0,116955.0,120271.0,120271.0,1,679.0
44769,206.00,1603.00,5,10,10,2,78034.0,77124.0,76625.0,78043.0,78034.0,3,9.0
44770,187.00,1676.00,5,10,10,2,85357.0,91006.0,110471.0,85357.0,85357.0,2,25114.0
44771,154.00,1384.00,5,10,10,2,80851.0,73837.0,73837.0,80851.0,80851.0,4,0.0
44772,206.00,1603.00,5,10,10,2,87330.0,87401.0,86859.0,87343.0,87366.0,1,35.0
44773,187.00,1676.00,5,10,10,2,74444.0,79934.0,81944.0,74456.0,74444.0,2,7500.0
44774,154.00,1542.00,5,10,10,2,71945.0,73827.0,73827.0,71951.0,71945.0,1,1882.0
44775,187.00,1509.00,5,10,10,2,102775.0,102794.0,87169.0,102774.0,102775.0,1,19.0
44776,154.00,1542.00,5,10,10,2,73283.0,75592.0,75592.0,73283.0,73283.0,1,2309.0
44777,206.00,1613.00,5,10,10,2,72544.0,73896.0,73427.0,72551.0,72551.0,1,1345.0
44778,154.00,1394.00,5,10,10,2,52190.0,71605.0,71605.0,52190.0,52190.0,1,19415.0
44779,154.00,1394.00,5,10,10,2,42813.0,33908.0,33908.0,42809.0,42809.0,0,4.0
44780,206.00,1613.00,5,10,10,2,89502.0,89784.0,89286.0,89502.0,89502.0,1,282.0
44781,154.00,1394.00,5,10,10,2,89137.0,63251.0,63251.0,89137.0,89137.0,4,0.0
44782,206.00,1613.00,5,10,10,2,84362.0,84111.0,83613.0,84362.0,84353.0,0,9.0
44783,216.00,1655.00,5,10,10,2,83954.0,83381.0,82880.0,83960.0,83960.0,4,0.0
44784,206.00,1622.00,5,10,10,2,79871.0,76394.0,75897.0,79878.0,79878.0,4,0.0
44785,206.00,1613.00,5,10,10,2,116537.0,117425.0,116927.0,116537.0,116546.0,1,879.0
44786,206.00,1622.00,5,10,10,2,102124.0,104002.0,103506.0,102137.0,102124.0,1,1878.0
44787,216.00,1655.00,5,10,10,2,119885.0,119841.0,119340.0,119885.0,119885.0,4,0.0
44788,154.00,1384.00,5,10,10,2,48379.0,86195.0,86195.0,48379.0,48379.0,1,37816.0
44789,154.00,1542.00,5,10,10,2,103432.0,109684.0,109684.0,103432.0,103432.0,1,6252.0
44790,154.00,1394.00,5,10,10,2,60072.0,85104.0,85104.0,60079.0,60072.0,1,25032.0
44791,206.00,1613.00,5,10,10,2,67185.0,66347.0,65849.0,67185.0,67185.0,4,0.0
44792,216.00,1677.00,5,10,10,2,113963.0,113324.0,112830.0,113959.0,113940.0,0,23.0
44793,206.00,1603.00,5,10,10,2,83570.0,83651.0,83152.0,83564.0,83564.0,1,87.0
44794,216.00,1658.00,5,10,10,2,102579.0,107652.0,107130.0,102600.0,102579.0,1,5073.0
44795,154.00,1384.00,5,10,10,2,35699.0,44417.0,44417.0,35699.0,35699.0,1,8718.0
44796,154.00,1384.00,5,10,10,2,66086.0,57213.0,57213.0,66086.0,66086.0,4,0.0
44797,216.00,1655.00,5,10,10,2,99156.0,98513.0,98015.0,99164.0,99156.0,3,8.0
44798,206.00,1693.00,5,10,10,2,80092.0,85564.0,85067.0,80087.0,80087.0,1,5477.0
44799,216.00,1655.00,5,10,10,2,95801.0,92712.0,92213.0,95801.0,95801.0,4,0.0
44800,154.00,1462.00,5,10,10,2,57069.0,55218.0,55426.0,57069.0,57059.0,0,10.0
44801,206.00,1613.00,5,10,10,2,81162.0,80975.0,80477.0,81162.0,81167.0,4,0.0
44802,154.00,1394.00,5,10,10,2,89766.0,48920.0,48920.0,89766.0,89766.0,4,0.0
44803,154.00,1384.00,5,10,10,2,81667.0,71927.0,71927.0,81628.0,81628.0,0,39.0
44804,206.00,1603.00,5,10,10,2,45317.0,44671.0,44172.0,45317.0,45317.0,4,0.0
44805,154.00,1403.00,5,10,10,2,36044.0,25153.0,25146.0,36030.0,36044.0,4,0.0
44806,206.00,1693.00,5,10,10,2,103827.0,109145.0,108644.0,103831.0,103827.0,1,5318.0
44807,206.00,1610.00,5,10,10,2,60061.0,62080.0,61579.0,60061.0,60061.0,1,2019.0
44808,206.00,1603.00,5,10,10,2,100790.0,104881.0,104382.0,100781.0,100790.0,1,4091.0
44809,154.00,1542.00,5,10,10,2,79471.0,84289.0,84289.0,79463.0,79463.0,1,4826.0
44810,187.00,1516.00,5,10,10,2,81732.0,81205.0,73044.0,81732.0,81742.0,4,0.0
44811,206.00,1603.00,5,10,10,2,64130.0,63707.0,63209.0,64126.0,64130.0,4,0.0
44812,154.00,1560.00,5,10,10,2,86166.0,73864.0,73864.0,86166.0,86168.0,4,0.0
44813,154.00,1394.00,5,10,10,2,41636.0,44468.0,44468.0,41636.0,41636.0,1,2832.0
44814,206.00,1603.00,5,10,10,2,64707.0,64084.0,63583.0,64711.0,64711.0,4,0.0
44815,206.00,1626.00,5,10,10,2,100441.0,101680.0,101148.0,100441.0,100475.0,1,1205.0
44816,154.00,1462.00,5,10,10,2,66550.0,86113.0,86335.0,66550.0,66557.0,2,19778.0
44817,154.00,1384.00,5,10,10,2,35401.0,24903.0,24903.0,35401.0,35401.0,4,0.0
44818,154.00,1394.00,5,10,10,2,71228.0,49700.0,49700.0,71228.0,71228.0,4,0.0
44819,206.00,1681.00,5,10,10,2,94673.0,99213.0,98712.0,94672.0,94672.0,1,4541.0
44820,187.00,1509.00,5,10,10,2,89146.0,93096.0,104686.0,89143.0,89146.0,2,15540.0
44821,206.00,1610.00,5,10,10,2,69567.0,69216.0,68717.0,69567.0,69559.0,0,8.0
44822,206.00,1603.00,5,10,10,2,76463.0,75945.0,75444.0,76459.0,76463.0,4,0.0
44823,187.00,1676.00,5,10,10,2,80878.0,86366.0,85231.0,80878.0,80876.0,1,5490.0
44824,154.00,1384.00,5,10,10,2,85809.0,69592.0,69592.0,85809.0,85809.0,4,0.0
44825,206.00,1603.00,5,10,10,2,120175.0,120973.0,120475.0,120175.0,120175.0,1,798.0
44826,206.00,1603.00,5,10,10,2,53913.0,58386.0,57883.0,53913.0,53913.0,1,4473.0
44827,187.00,1667.00,5,10,10,2,106057.0,111077.0,110679.0,106061.0,106057.0,1,5020.0
44828,154.00,1560.00,5,10,10,2,61053.0,56918.0,56918.0,61053.0,61053.0,4,0.0
44829,206.00,1603.00,5,10,10,2,94744.0,93796.0,93301.0,94754.0,94744.0,3,10.0
44830,187.00,1519.00,5,10,10,2,59063.0,57355.0,42306.0,59063.0,59062.0,4,0.0
44831,206.00,1603.00,5,10,10,2,71563.0,71036.0,70538.0,71563.0,71563.0,4,0.0
44832,187.00,1667.00,5,10,10,2,78690.0,83729.0,83846.0,78690.0,78690.0,2,5156.0
44833,154.00,1384.00,5,10,10,2,56266.0,60910.0,60910.0,56266.0,56266.0,1,4644.0
44834,187.00,1667.00,5,10,10,2,132522.0,137886.0,121681.0,132522.0,132517.0,1,5369.0
44835,206.00,1613.00,5,10,10,2,94071.0,91673.0,91172.0,94072.0,94072.0,4,0.0
44836,216.00,1655.00,5,10,10,2,82918.0,87751.0,87253.0,82911.0,82918.0,1,4833.0
44837,187.00,1516.00,5,10,10,2,48453.0,47950.0,56710.0,48453.0,48453.0,2,8257.0
44838,187.00,1516.00,5,10,10,2,76388.0,77681.0,94592.0,76388.0,76388.0,2,18204.0
44839,154.00,1542.00,5,10,10,2,55905.0,58979.0,58979.0,55905.0,55905.0,1,3074.0
44840,154.00,1542.00,5,10,10,2,53207.0,58635.0,58635.0,53207.0,53210.0,1,5425.0
44841,187.00,1516.00,5,10,10,2,80791.0,81780.0,106113.0,80791.0,80790.0,2,25323.0
44842,206.00,1681.00,5,10,10,2,102403.0,107864.0,107344.0,102382.0,102372.0,1,5492.0
44843,206.00,1603.00,5,10,10,2,85533.0,84101.0,83602.0,85533.0,85533.0,4,0.0
44844,154.00,1560.00,5,10,10,2,55080.0,66502.0,66502.0,55076.0,55080.0,1,11422.0
44845,206.00,1603.00,5,10,10,2,129187.0,130307.0,129806.0,129190.0,129187.0,1,1120.0
44846,154.00,1551.00,5,10,10,2,86589.0,69940.0,69940.0,86589.0,86589.0,4,0.0
44847,154.00,1391.00,5,10,10,2,64662.0,69043.0,69043.0,64667.0,64667.0,1,4376.0
44848,154.00,1391.00,5,10,10,2,49519.0,58366.0,58366.0,49511.0,49511.0,1,8855.0
44849,154.00,1542.00,5,10,10,2,56431.0,54948.0,54948.0,56424.0,56424.0,0,7.0
44850,187.00,1509.00,5,10,10,2,74743.0,74465.0,58958.0,74743.0,74743.0,4,0.0
44851,187.00,1509.00,5,10,10,2,41934.0,41405.0,64691.0,41942.0,41942.0,2,22749.0
44852,187.00,1676.00,5,10,10,2,99087.0,104681.0,85192.0,99087.0,99087.0,1,5594.0
44853,154.00,1384.00,5,10,10,2,92821.0,75937.0,75937.0,92821.0,92821.0,4,0.0
44854,216.00,1655.00,5,10,10,2,113656.0,113367.0,112866.0,113662.0,113662.0,4,0.0
44855,187.00,1509.00,5,10,10,2,92684.0,92817.0,59837.0,92693.0,92693.0,1,124.0
44856,206.00,1683.00,5,10,10,2,98191.0,103652.0,103129.0,98191.0,98170.0,1,5482.0
44857,154.00,1560.00,5,10,10,2,53326.0,60292.0,60292.0,53326.0,53327.0,1,6965.0
44858,216.00,1655.00,5,10,10,2,130665.0,131449.0,130951.0,130665.0,130656.0,1,793.0
44859,206.00,1613.00,5,10,10,2,116470.0,114890.0,114395.0,116470.0,116462.0,0,8.0
44860,187.00,1519.00,5,10,10,2,54905.0,54360.0,27240.0,54895.0,54905.0,4,0.0
44861,154.00,1384.00,5,10,10,2,74869.0,84429.0,84429.0,74869.0,74869.0,1,9560.0
44862,206.00,1603.00,5,10,10,2,122127.0,122844.0,122343.0,122127.0,122124.0,1,720.0
44863,206.00,1610.00,5,10,10,2,78674.0,78175.0,77676.0,78674.0,78674.0,4,0.0
44864,187.00,1509.00,5,10,10,2,66931.0,66655.0,87941.0,66940.0,66940.0,2,21001.0
44865,216.00,1655.00,5,10,10,2,66960.0,66491.0,65990.0,66960.0,66958.0,0,2.0
44866,154.00,1391.00,5,10,10,2,69123.0,66268.0,66268.0,69123.0,69123.0,4,0.0
44867,216.00,1655.00,5,10,10,2,119587.0,124782.0,124281.0,119586.0,119587.0,1,5195.0
44868,187.00,1667.00,5,10,10,2,131274.0,137056.0,102070.0,131274.0,131274.0,1,5782.0
44869,187.00,1522.00,5,10,10,2,84064.0,83740.0,70820.0,84066.0,84064.0,3,2.0
44870,206.00,1693.00,5,10,10,2,125136.0,130310.0,129814.0,125136.0,125147.0,1,5163.0
44871,187.00,1509.00,5,10,10,2,106580.0,110524.0,95977.0,106577.0,106580.0,1,3944.0
44872,154.00,1427.00,5,11,10,2,80490.0,71613.0,51228.0,80485.0,80485.0,0,5.0
44873,187.00,1519.00,5,10,10,2,49995.0,49545.0,74562.0,49999.0,49995.0,2,24567.0
44874,187.00,1509.00,5,10,10,2,36486.0,35744.0,46643.0,36490.0,36490.0,2,10153.0
44875,154.00,1462.00,5,10,10,2,72934.0,90715.0,90929.0,73108.0,72926.0,2,18003.0
44876,216.00,1600.00,4,11,10,2,121618.0,122460.0,121917.0,121618.0,121653.0,1,807.0
44877,216.00,1665.00,5,10,10,2,141517.0,142299.0,141798.0,141516.0,141517.0,1,782.0
44878,154.00,1542.00,5,10,10,2,55034.0,60618.0,60618.0,55028.0,55028.0,1,5590.0
44879,216.00,1674.00,5,10,10,2,118722.0,118582.0,118082.0,118713.0,118722.0,4,0.0
44880,206.00,1603.00,5,10,10,2,51080.0,50504.0,50003.0,51081.0,51080.0,4,0.0
44881,154.00,1384.00,5,10,10,2,53707.0,56880.0,56880.0,53707.0,53707.0,1,3173.0
44882,216.00,1655.00,5,10,10,2,123916.0,124873.0,124372.0,123919.0,123916.0,1,957.0
44883,154.00,1551.00,5,10,10,2,62307.0,66959.0,66959.0,62307.0,62294.0,1,4665.0
44884,154.00,1394.00,5,10,10,2,53442.0,69849.0,69849.0,53407.0,53442.0,1,16407.0
44885,154.00,1388.00,5,10,10,2,85727.0,77937.0,77937.0,85727.0,85727.0,4,0.0
44886,206.00,1681.00,5,10,10,2,89746.0,94116.0,93617.0,89758.0,89758.0,1,4358.0
44887,154.00,1384.00,5,10,10,2,79734.0,74730.0,74730.0,79734.0,79734.0,4,0.0
44888,206.00,1693.00,5,10,10,2,108089.0,113347.0,112850.0,108083.0,108089.0,1,5258.0
44889,154.00,1384.00,4,11,10,2,85094.0,82245.0,82245.0,85094.0,85094.0,4,0.0
44890,187.00,1667.00,5,10,10,2,107178.0,112319.0,111921.0,107178.0,107178.0,1,5141.0
44891,216.00,1655.00,5,10,10,2,132760.0,133304.0,132803.0,132760.0,132760.0,1,544.0
44892,206.00,1610.00,5,10,10,2,91326.0,94294.0,93796.0,91318.0,91318.0,1,2976.0
44893,187.00,1667.00,5,10,10,2,134811.0,139933.0,145574.0,134813.0,134811.0,2,10763.0
44894,154.00,1384.00,5,10,10,2,27350.0,31087.0,31087.0,27350.0,27350.0,1,3737.0
44895,154.00,1391.00,5,10,10,2,73272.0,57847.0,57847.0,73272.0,73257.0,0,15.0
44896,154.00,1434.00,5,11,10,2,55868.0,61430.0,61426.0,55868.0,55868.0,1,5562.0
44897,206.00,1603.00,5,10,10,2,84631.0,84401.0,83900.0,84631.0,84631.0,4,0.0
44898,154.00,1542.00,5,10,10,2,70986.0,74066.0,74066.0,70992.0,70992.0,1,3074.0
44899,206.00,1610.00,5,10,10,2,52244.0,49468.0,48967.0,52244.0,52244.0,4,0.0
44900,154.00,1394.00,5,10,10,2,41064.0,53818.0,53818.0,41064.0,41064.0,1,12754.0
44901,187.00,1519.00,5,10,10,2,71248.0,70681.0,62581.0,71263.0,71248.0,3,15.0
44902,154.00,1384.00,5,10,10,2,94626.0,73413.0,73413.0,94626.0,94626.0,4,0.0
44903,216.00,1665.00,5,10,10,2,118294.0,117543.0,117042.0,118292.0,118294.0,4,0.0
44904,154.00,1384.00,5,10,10,2,47003.0,49061.0,49061.0,47003.0,47003.0,1,2058.0
44905,154.00,1551.00,5,10,10,2,51753.0,74051.0,74051.0,51758.0,51758.0,1,22293.0
44906,154.00,1542.00,5,10,10,2,72780.0,94563.0,94563.0,72783.0,72780.0,1,21783.0
44907,187.00,1528.00,5,10,10,2,79108.0,80153.0,79135.0,79105.0,79108.0,1,1045.0
44908,216.00,1655.00,5,10,10,2,95130.0,94443.0,93982.0,95130.0,95104.0,0,26.0
44909,187.00,1519.00,5,10,10,2,54510.0,56782.0,63902.0,54491.0,54510.0,2,9392.0
44910,206.00,1603.00,5,10,10,2,116920.0,116927.0,116426.0,116920.0,116919.0,1,8.0
44911,206.00,1603.00,5,10,10,2,79712.0,81611.0,81113.0,79718.0,79712.0,1,1899.0
44912,154.00,1391.00,5,10,10,2,54513.0,73551.0,73551.0,54513.0,54513.0,1,19038.0
44913,154.00,1474.00,5,10,10,2,80829.0,76328.0,76328.0,80829.0,80842.0,4,0.0
44914,187.00,1509.00,5,10,10,2,80825.0,80360.0,47756.0,80826.0,80826.0,4,0.0
44915,154.00,1384.00,5,10,10,2,65589.0,69573.0,69573.0,65589.0,65589.0,1,3984.0
44916,206.00,1603.00,5,10,10,2,99083.0,98838.0,98337.0,99077.0,99077.0,0,6.0
44917,187.00,1513.00,5,10,10,2,48435.0,48021.0,65868.0,48435.0,48436.0,2,17432.0
44918,206.00,1570.00,4,11,10,2,75266.0,79960.0,79405.0,75266.0,75266.0,1,4694.0
44919,187.00,1667.00,5,10,10,2,96756.0,102191.0,84876.0,96756.0,96763.0,1,5428.0
44920,206.00,1681.00,5,10,10,2,64623.0,69894.0,69395.0,64631.0,64623.0,1,5271.0
44921,216.00,1665.00,5,10,10,2,88494.0,87826.0,87325.0,88494.0,88498.0,4,0.0
44922,206.00,1603.00,5,10,10,2,104624.0,104800.0,104302.0,104629.0,104624.0,1,176.0
44923,154.00,1462.00,5,10,10,2,66068.0,90968.0,91183.0,66083.0,66083.0,2,25100.0
44924,206.00,1610.00,5,10,10,2,91757.0,90285.0,89787.0,91757.0,91757.0,4,0.0
44925,187.00,1509.00,5,10,10,2,72620.0,72170.0,60668.0,72615.0,72615.0,0,5.0
44926,187.00,1509.00,5,10,10,2,114917.0,115158.0,107599.0,114917.0,114909.0,1,249.0
44927,187.00,1509.00,5,10,10,2,51823.0,51348.0,88916.0,51823.0,51823.0,2,37093.0
44928,206.00,1613.00,5,10,10,2,91420.0,91839.0,91338.0,91420.0,91411.0,1,428.0
44929,154.00,1462.00,5,10,10,2,87098.0,96343.0,96586.0,87083.0,87098.0,2,9488.0
44930,187.00,1509.00,5,10,10,2,68263.0,67485.0,62077.0,68258.0,68258.0,0,5.0
44931,154.00,1462.00,5,10,10,2,97732.0,108752.0,108968.0,97732.0,97732.0,2,11236.0
44932,187.00,1509.00,5,10,10,2,87954.0,89761.0,63551.0,87952.0,87954.0,1,1807.0
44933,206.00,1603.00,5,10,10,2,91471.0,90542.0,90041.0,91471.0,91478.0,4,0.0
44934,187.00,1399.00,4,11,10,2,101233.0,101326.0,101326.0,101233.0,101233.0,1,93.0
44935,154.00,1384.00,5,10,10,2,38885.0,62706.0,62706.0,38885.0,38885.0,1,23821.0
44936,216.00,1674.00,5,10,10,2,125359.0,130974.0,130474.0,125363.0,125359.0,1,5615.0
44937,154.00,1384.00,5,10,10,2,68961.0,76335.0,76335.0,68961.0,68961.0,1,7374.0
44938,154.00,1391.00,5,10,10,2,49888.0,38132.0,38132.0,49888.0,49900.0,4,0.0
44939,187.00,1509.00,5,10,10,2,49493.0,49019.0,50429.0,49495.0,49493.0,2,936.0
44940,154.00,1391.00,5,10,10,2,51300.0,87030.0,87030.0,51300.0,51300.0,1,35730.0
44941,216.00,1551.00,4,11,10,2,116242.0,116928.0,116406.0,116242.0,116274.0,1,654.0
44942,187.00,1512.00,5,10,10,2,109265.0,110464.0,90874.0,109265.0,109265.0,1,1199.0
44943,187.00,1516.00,5,10,10,2,104184.0,106082.0,68519.0,104191.0,104191.0,1,1891.0
44944,154.00,1391.00,5,10,10,2,58485.0,64701.0,64701.0,58486.0,58485.0,1,6216.0
44945,216.00,1655.00,5,10,10,2,109757.0,109277.0,108776.0,109749.0,109749.0,0,8.0
44946,154.00,1474.00,5,10,10,2,57888.0,58287.0,58287.0,57888.0,57879.0,1,408.0
44947,154.00,1394.00,5,10,10,2,49645.0,57797.0,57797.0,49645.0,49645.0,1,8152.0
44948,187.00,1509.00,5,10,10,2,79323.0,81139.0,80885.0,79316.0,79323.0,1,1816.0
44949,187.00,1509.00,5,10,10,2,57189.0,56675.0,83742.0,57189.0,57180.0,2,26562.0
44950,216.00,1655.00,5,10,10,2,129180.0,132149.0,131648.0,129180.0,129180.0,1,2969.0
44951,206.00,1622.00,5,10,10,2,95000.0,94456.0,93932.0,94990.0,95023.0,4,0.0
44952,154.00,1394.00,5,10,10,2,62888.0,37578.0,37578.0,62881.0,62888.0,4,0.0
44953,206.00,1603.00,5,10,10,2,68529.0,66218.0,65719.0,68529.0,68529.0,4,0.0
44954,154.00,1384.00,5,10,10,2,43762.0,38369.0,38369.0,43762.0,43762.0,4,0.0
44955,154.00,1462.00,5,10,10,2,66069.0,83719.0,83970.0,66065.0,66065.0,2,17905.0
44956,187.00,1509.00,5,10,10,2,77192.0,76475.0,76547.0,77192.0,77188.0,0,4.0
44957,206.00,1610.00,5,10,10,2,43228.0,42549.0,42095.0,43225.0,43228.0,4,0.0
44958,216.00,1655.00,5,10,10,2,109174.0,108023.0,107522.0,109173.0,109173.0,4,0.0
44959,187.00,1509.00,5,10,10,2,79513.0,78886.0,76528.0,79513.0,79508.0,0,5.0
44960,206.00,1681.00,5,10,10,2,80224.0,85606.0,85107.0,80224.0,80224.0,1,5382.0
44961,154.00,1462.00,5,10,10,2,56788.0,66845.0,67065.0,56604.0,56788.0,2,10277.0
44962,187.00,1516.00,5,10,10,2,70607.0,70001.0,78915.0,70599.0,70607.0,2,8308.0
44963,216.00,1665.00,5,10,10,2,142150.0,141011.0,140512.0,142150.0,142162.0,4,0.0
44964,154.00,1398.00,5,10,10,2,51677.0,54496.0,54496.0,51677.0,51677.0,1,2819.0
44965,187.00,1676.00,5,10,10,2,122275.0,127304.0,123370.0,122274.0,122274.0,1,5030.0
44966,187.00,1509.00,5,10,10,2,73960.0,79363.0,78130.0,73960.0,73960.0,1,5403.0
44967,206.00,1613.00,5,10,10,2,77428.0,77521.0,77023.0,77428.0,77439.0,1,82.0
44968,154.00,1329.00,4,11,10,2,53888.0,38845.0,38845.0,53888.0,53888.0,4,0.0
44969,216.00,1655.00,5,10,10,2,139170.0,140129.0,139631.0,139163.0,139163.0,1,966.0
44970,154.00,1384.00,5,10,10,2,83916.0,95821.0,95821.0,83916.0,83916.0,1,11905.0
44971,206.00,1613.00,5,10,10,2,123670.0,126537.0,126036.0,123675.0,123675.0,1,2862.0
44972,154.00,1394.00,5,10,10,2,58699.0,61142.0,61142.0,58699.0,58699.0,1,2443.0
44973,187.00,1516.00,5,10,10,2,91178.0,93649.0,101531.0,91178.0,91178.0,2,10353.0
44974,216.00,1665.00,5,10,10,2,127208.0,129043.0,128544.0,127208.0,127198.0,1,1845.0
44975,206.00,1603.00,5,10,10,2,63549.0,62973.0,62475.0,63558.0,63549.0,3,9.0
44976,187.00,1509.00,5,10,10,2,100756.0,100274.0,108718.0,100756.0,100748.0,2,7970.0
44977,154.00,1394.00,5,10,10,2,38125.0,43597.0,43597.0,38122.0,38125.0,1,5472.0
44978,206.00,1683.00,5,10,10,2,70165.0,75526.0,75056.0,70190.0,70158.0,1,5368.0
44979,216.00,1655.00,5,10,10,2,132433.0,135371.0,134872.0,132426.0,132426.0,1,2945.0
44980,187.00,1516.00,5,10,10,2,60249.0,59796.0,83311.0,60251.0,60251.0,2,23060.0
44981,216.00,1655.00,5,10,10,2,73782.0,73212.0,72711.0,73784.0,73784.0,4,0.0
44982,187.00,1516.00,5,10,10,2,83113.0,83074.0,102883.0,83113.0,83113.0,2,19770.0
44983,154.00,1286.00,5,11,10,2,45657.0,43365.0,43365.0,45657.0,45657.0,4,0.0
44984,187.00,1509.00,5,10,10,2,117223.0,117664.0,107928.0,117219.0,117223.0,1,441.0
44985,154.00,1384.00,5,10,10,2,79653.0,76940.0,76940.0,79595.0,79653.0,4,0.0
44986,206.00,1603.00,5,10,10,2,86606.0,86056.0,85558.0,86606.0,86610.0,4,0.0
44987,154.00,1394.00,5,10,10,2,34010.0,68033.0,68033.0,34010.0,34010.0,1,34023.0
44988,187.00,1509.00,5,10,10,2,130107.0,131242.0,100229.0,130110.0,130107.0,1,1135.0
44989,187.00,1676.00,5,10,10,2,109905.0,115367.0,116744.0,109895.0,109905.0,2,6839.0
44990,154.00,1384.00,5,10,10,2,82367.0,75143.0,75143.0,82366.0,82366.0,4,0.0
44991,206.00,1603.00,5,10,10,2,48497.0,47981.0,47483.0,48508.0,48508.0,4,0.0
44992,216.00,1655.00,5,10,10,2,92415.0,94230.0,93732.0,92406.0,92415.0,1,1815.0
44993,154.00,1403.00,5,10,10,2,31028.0,37804.0,37997.0,31024.0,31024.0,2,6973.0
44994,206.00,1603.00,5,10,10,2,77025.0,76714.0,76213.0,77025.0,77025.0,4,0.0
44995,206.00,1603.00,5,10,10,2,69221.0,71360.0,70859.0,69222.0,69222.0,1,2138.0
44996,206.00,1613.00,5,10,10,2,110337.0,109509.0,109011.0,110337.0,110328.0,0,9.0
44997,187.00,1516.00,5,10,10,2,113177.0,114136.0,102667.0,113173.0,113173.0,1,963.0
44998,154.00,1384.00,5,10,10,2,76290.0,65299.0,65299.0,76290.0,76290.0,4,0.0
44999,206.00,1603.00,5,10,10,2,87317.0,86811.0,86312.0,87327.0,87327.0,4,0.0
