seed,p_milk,cash,cows,sheep,shed_wheat,hands,quads,day,unwatered,mature,score_a0,score_a1,score_a2,score_a3,score_a4,score_a5,best_a,gain_vs_a0
80000,187.00,1509.00,5,2,10,10,2,8,6,21,102729.0,47581.0,85289.0,102729.0,105320.0,102729.0,4,2591.0
80001,216.00,1674.00,5,2,10,10,2,8,6,21,118868.0,119750.0,117896.0,118868.0,118372.0,118868.0,1,882.0
80002,216.00,1655.00,5,2,10,10,2,8,6,21,123679.0,54846.0,116624.0,123679.0,123178.0,123679.0,0,0.0
80003,154.00,1551.00,5,2,10,10,2,8,6,21,61813.0,66253.0,56457.0,61813.0,61813.0,61813.0,1,4440.0
80004,187.00,1509.00,5,2,10,10,2,8,6,21,55440.0,54936.0,59089.0,55440.0,62085.0,55440.0,4,6645.0
80005,154.00,1384.00,5,2,10,10,2,8,6,21,46012.0,74491.0,29653.0,46012.0,46012.0,46012.0,1,28479.0
80006,206.00,1481.00,4,1,12,10,2,8,6,21,64994.0,53895.0,92601.0,64994.0,65141.0,64994.0,2,27607.0
80007,187.00,1441.00,4,2,11,10,2,8,6,21,59237.0,58672.0,58175.0,59237.0,62280.0,59237.0,4,3043.0
80008,154.00,1391.00,5,2,10,10,2,8,6,21,93670.0,77244.0,61773.0,93670.0,93670.0,93670.0,0,0.0
80009,154.00,1354.00,4,2,11,10,2,8,6,21,101270.0,115028.0,113115.0,101270.0,101270.0,101270.0,1,13758.0
80010,187.00,1516.00,5,2,10,10,2,8,6,21,105534.0,111491.0,68685.0,105534.0,91290.0,105534.0,1,5957.0
80011,154.00,1542.00,5,2,10,10,2,8,6,21,65613.0,108635.0,68691.0,65613.0,65613.0,65613.0,1,43022.0
80012,216.00,1662.00,5,2,10,10,2,8,6,21,119721.0,71348.0,113463.0,119721.0,119220.0,119721.0,0,0.0
80013,216.00,1655.00,5,2,10,10,2,8,6,21,88565.0,131596.0,87714.0,88565.0,88067.0,88565.0,1,43031.0
80014,187.00,1512.00,5,2,10,10,2,8,6,21,111485.0,63421.0,115092.0,111485.0,113294.0,111485.0,2,3607.0
80015,216.00,1674.00,5,2,10,10,2,8,6,21,115920.0,116342.0,105839.0,115920.0,115419.0,115920.0,1,422.0
80016,187.00,1528.00,5,2,10,10,2,8,6,21,110607.0,76692.0,93599.0,110607.0,60753.0,110607.0,0,0.0
80017,206.00,1610.00,5,2,10,10,2,8,6,21,91831.0,81999.0,65755.0,91831.0,91289.0,91831.0,0,0.0
80018,187.00,1509.00,5,2,10,10,2,8,6,21,98520.0,81547.0,93500.0,98520.0,70564.0,98520.0,0,0.0
80019,154.00,1384.00,5,2,10,10,2,8,6,21,61313.0,44656.0,80391.0,61313.0,61313.0,61313.0,2,19078.0
80020,187.00,1509.00,5,2,10,10,2,8,6,21,44743.0,60888.0,85749.0,44743.0,62996.0,44743.0,2,41006.0
80021,154.00,1394.00,5,2,10,10,2,8,6,21,49772.0,102505.0,70717.0,49772.0,49772.0,49772.0,1,52733.0
80022,216.00,1655.00,5,2,10,10,2,8,6,21,123267.0,104410.0,94195.0,123267.0,122766.0,123267.0,0,0.0
80023,187.00,1522.00,5,2,10,10,2,8,6,21,70853.0,86651.0,85415.0,70853.0,78604.0,70853.0,1,15798.0
80024,154.00,1391.00,5,2,10,10,2,8,6,21,73079.0,49854.0,79482.0,73079.0,73079.0,73079.0,2,6403.0
80025,154.00,1384.00,5,2,10,10,2,8,6,21,76789.0,88522.0,66898.0,76789.0,76789.0,76789.0,1,11733.0
80026,216.00,1665.00,5,2,10,10,2,8,6,21,108259.0,126740.0,101780.0,108259.0,107716.0,108259.0,1,18481.0
80027,216.00,1662.00,5,2,10,10,2,8,6,21,102258.0,128090.0,111828.0,102258.0,101757.0,102258.0,1,25832.0
80028,154.00,1542.00,5,2,10,10,2,8,6,21,97135.0,117573.0,97240.0,97135.0,97135.0,97135.0,1,20438.0
80029,154.00,1394.00,5,2,10,10,2,8,6,21,59851.0,42494.0,55336.0,59851.0,59851.0,59851.0,0,0.0
80030,206.00,1610.00,5,2,10,10,2,8,6,21,50620.0,37902.0,75277.0,50620.0,50119.0,50620.0,2,24657.0
80031,187.00,1509.00,5,2,10,10,2,8,6,21,81860.0,46687.0,69294.0,81860.0,70325.0,81860.0,0,0.0
80032,206.00,1693.00,5,2,10,10,2,8,6,21,144479.0,59270.0,101650.0,144479.0,143979.0,144479.0,0,0.0
80033,206.00,1622.00,5,2,10,10,2,8,6,21,120317.0,67562.0,76827.0,120345.0,119848.0,120317.0,0,0.0
80034,187.00,1509.00,5,2,10,10,2,8,6,21,88935.0,122398.0,77553.0,88935.0,67863.0,88935.0,1,33463.0
80035,187.00,1509.00,5,2,10,10,2,8,6,21,78412.0,67230.0,68308.0,78412.0,82753.0,78412.0,4,4341.0
80036,154.00,1391.00,5,2,10,10,2,8,6,21,73010.0,41480.0,61923.0,73010.0,73010.0,73010.0,0,0.0
80037,206.00,1613.00,5,2,10,10,2,8,6,21,84821.0,84240.0,114877.0,84821.0,84320.0,84821.0,2,30056.0
80038,206.00,1538.00,4,2,11,10,2,8,6,21,51663.0,51732.0,71666.0,51675.0,74576.0,51663.0,4,22913.0
80039,216.00,1665.00,5,2,10,10,2,8,6,21,86928.0,62224.0,97267.0,86928.0,86430.0,86928.0,2,10339.0
80040,206.00,1613.00,5,2,10,10,2,8,6,21,71144.0,96463.0,74865.0,71144.0,70646.0,71144.0,1,25319.0
80041,154.00,1384.00,5,2,10,10,2,8,6,21,66046.0,78040.0,63100.0,66046.0,66046.0,66046.0,1,11994.0
80042,206.00,1603.00,5,2,10,10,2,8,6,21,103011.0,95612.0,103393.0,103011.0,102513.0,103011.0,2,382.0
80043,154.00,1403.00,5,2,10,10,2,8,6,21,49705.0,79149.0,35035.0,49705.0,49698.0,49705.0,1,29444.0
80044,187.00,1667.00,5,2,10,10,2,8,6,21,103501.0,120024.0,105969.0,103501.0,116211.0,103501.0,1,16523.0
80045,187.00,1516.00,5,2,10,10,2,8,6,21,97727.0,77143.0,76530.0,97727.0,93113.0,97727.0,0,0.0
80046,206.00,1492.00,5,1,11,10,2,8,6,21,62514.0,81268.0,71659.0,62514.0,77233.0,62514.0,1,18754.0
80047,206.00,1613.00,5,2,10,10,2,8,6,21,80244.0,92389.0,103869.0,80244.0,79743.0,80244.0,2,23625.0
80048,206.00,1603.00,5,2,10,10,2,8,6,21,54983.0,77856.0,33084.0,54983.0,54482.0,54983.0,1,22873.0
80049,154.00,1391.00,5,2,10,10,2,8,6,21,39716.0,104194.0,25317.0,39716.0,39716.0,39716.0,1,64478.0
80050,206.00,1603.00,5,2,10,10,2,8,6,21,63490.0,84869.0,61558.0,63490.0,62991.0,63490.0,1,21379.0
80051,154.00,1391.00,5,2,10,10,2,8,6,21,43192.0,46297.0,46229.0,43192.0,43192.0,43192.0,1,3105.0
80052,206.00,1610.00,5,2,10,10,2,8,6,21,56610.0,77516.0,55498.0,56610.0,56111.0,56610.0,1,20906.0
80053,154.00,1462.00,5,2,10,10,2,8,6,21,56173.0,59592.0,55869.0,56173.0,56423.0,56173.0,1,3419.0
80054,206.00,1610.00,5,2,10,10,2,8,6,21,77053.0,34087.0,82949.0,77053.0,76555.0,77053.0,2,5896.0
80055,206.00,1613.00,5,2,10,10,2,8,6,21,91931.0,74799.0,61365.0,91931.0,91432.0,91931.0,0,0.0
80056,154.00,1394.00,5,2,10,10,2,8,6,21,56681.0,99087.0,49242.0,56681.0,56681.0,56681.0,1,42406.0
80057,154.00,1394.00,5,2,10,10,2,8,6,21,35130.0,70190.0,45429.0,35130.0,35130.0,35130.0,1,35060.0
80058,216.00,1655.00,5,2,10,10,2,8,6,21,128455.0,126880.0,116624.0,128455.0,127954.0,128455.0,0,0.0
80059,216.00,1655.00,5,2,10,10,2,8,6,21,103072.0,88469.0,122764.0,103072.0,102573.0,103072.0,2,19692.0
80060,187.00,1509.00,5,2,10,10,2,8,6,21,107786.0,82711.0,105953.0,107882.0,100766.0,107786.0,3,96.0
80061,187.00,1509.00,5,2,10,10,2,8,6,21,93772.0,34197.0,107664.0,93772.0,108840.0,93772.0,4,15068.0
80062,206.00,1499.00,4,2,11,10,2,8,6,21,83157.0,83176.0,102832.0,83145.0,82888.0,83157.0,2,19675.0
80063,206.00,1603.00,5,2,10,10,2,8,6,21,80258.0,72517.0,103743.0,80258.0,79759.0,80258.0,2,23485.0
80064,154.00,1560.00,5,2,10,10,2,8,6,21,59707.0,56449.0,57341.0,59707.0,59707.0,59707.0,0,0.0
80065,206.00,1613.00,5,2,10,10,2,8,6,21,90873.0,54639.0,92153.0,90873.0,90375.0,90873.0,2,1280.0
80066,154.00,1384.00,5,2,10,10,2,8,6,21,66549.0,74042.0,67371.0,66549.0,66549.0,66549.0,1,7493.0
80067,187.00,1667.00,5,2,10,10,2,8,6,21,80900.0,109726.0,79873.0,80900.0,96079.0,80900.0,1,28826.0
80068,216.00,1665.00,5,2,10,10,2,8,6,21,83776.0,83275.0,109818.0,83776.0,83275.0,83776.0,2,26042.0
80069,187.00,1553.00,4,2,11,10,2,8,6,21,96080.0,94215.0,107327.0,96080.0,70368.0,96080.0,2,11247.0
80070,154.00,1286.00,5,1,11,10,2,8,6,21,48110.0,41389.0,38772.0,48110.0,48110.0,48110.0,0,0.0
80071,187.00,1519.00,5,2,10,10,2,8,6,21,63759.0,97578.0,83860.0,63759.0,65617.0,63759.0,1,33819.0
80072,154.00,1391.00,5,2,10,10,2,8,6,21,42824.0,60969.0,66416.0,42824.0,42824.0,42824.0,2,23592.0
80073,154.00,1384.00,5,2,10,10,2,8,6,21,41031.0,66539.0,64812.0,41031.0,41031.0,41031.0,1,25508.0
80074,154.00,1560.00,5,2,10,10,2,8,6,21,70109.0,70807.0,69216.0,70109.0,70109.0,70109.0,1,698.0
80075,187.00,1509.00,5,2,10,10,2,8,6,21,56673.0,72702.0,77100.0,56673.0,81754.0,56673.0,4,25081.0
80076,206.00,1603.00,5,2,10,10,2,8,6,21,80839.0,97203.0,79763.0,80839.0,80340.0,80839.0,1,16364.0
80077,187.00,1509.00,5,2,10,10,2,8,6,21,84188.0,67624.0,64604.0,84188.0,84134.0,84188.0,0,0.0
80078,154.00,1427.00,5,1,11,10,2,8,6,21,86063.0,69468.0,84030.0,86063.0,75639.0,86063.0,0,0.0
80079,187.00,1528.00,5,2,10,10,2,8,6,21,95548.0,69706.0,62356.0,95548.0,91888.0,95548.0,0,0.0
80080,206.00,1610.00,5,2,10,10,2,8,6,21,57298.0,76689.0,83177.0,57298.0,56798.0,57298.0,2,25879.0
80081,206.00,1613.00,5,2,10,10,2,8,6,21,51848.0,38398.0,77929.0,51848.0,51347.0,51848.0,2,26081.0
80082,206.00,1613.00,5,2,10,10,2,8,6,21,104212.0,131851.0,111764.0,104212.0,103711.0,104212.0,1,27639.0
80083,154.00,1391.00,5,2,10,10,2,8,6,21,58388.0,59759.0,59639.0,58388.0,58388.0,58388.0,1,1371.0
80084,206.00,1613.00,5,2,10,10,2,8,6,21,64997.0,101551.0,81020.0,64997.0,64496.0,64997.0,1,36554.0
80085,187.00,1509.00,5,2,10,10,2,8,6,21,58081.0,30949.0,61218.0,58081.0,66864.0,58081.0,4,8783.0
80086,154.00,1560.00,5,2,10,10,2,8,6,21,59251.0,68779.0,79505.0,59251.0,59251.0,59251.0,2,20254.0
80087,154.00,1394.00,5,2,10,10,2,8,6,21,82389.0,90721.0,35536.0,82389.0,82389.0,82389.0,1,8332.0
80088,216.00,1655.00,5,2,10,10,2,8,6,21,120651.0,41061.0,103094.0,120651.0,120150.0,120651.0,0,0.0
80089,154.00,1542.00,5,2,10,10,2,8,6,21,58248.0,22480.0,58399.0,58248.0,58248.0,58248.0,2,151.0
80090,154.00,1462.00,5,2,10,10,2,8,6,21,104203.0,103930.0,101543.0,104203.0,104429.0,104203.0,4,226.0
80091,206.00,1603.00,5,2,10,10,2,8,6,21,79241.0,107314.0,80216.0,79241.0,78740.0,79241.0,1,28073.0
80092,206.00,1613.00,5,2,10,10,2,8,6,21,96937.0,108981.0,78842.0,96937.0,96436.0,96937.0,1,12044.0
80093,187.00,1559.00,5,1,11,10,2,8,6,21,91263.0,66009.0,65560.0,91263.0,120135.0,91263.0,4,28872.0
80094,154.00,1384.00,5,2,10,10,2,8,6,21,98665.0,85376.0,78065.0,98665.0,98665.0,98665.0,0,0.0
80095,216.00,1655.00,5,2,10,10,2,8,6,21,113488.0,99956.0,115744.0,113488.0,112990.0,113488.0,2,2256.0
80096,206.00,1610.00,5,2,10,10,2,8,6,21,69382.0,116024.0,79530.0,69382.0,68884.0,69382.0,1,46642.0
80097,206.00,1610.00,5,2,10,10,2,8,6,21,85348.0,37300.0,95725.0,85348.0,84849.0,85348.0,2,10377.0
80098,216.00,1665.00,5,2,10,10,2,8,6,21,77288.0,48272.0,93866.0,77288.0,76787.0,77288.0,2,16578.0
80099,206.00,1603.00,5,2,10,10,2,8,6,21,95462.0,64242.0,73382.0,95462.0,94961.0,95462.0,0,0.0
80100,154.00,1394.00,5,2,10,10,2,8,6,21,69698.0,113895.0,40101.0,69698.0,69698.0,69698.0,1,44197.0
80101,154.00,1384.00,5,2,10,10,2,8,6,21,75989.0,94340.0,100946.0,75989.0,75989.0,75989.0,2,24957.0
80102,187.00,1528.00,5,2,10,10,2,8,6,21,50626.0,59251.0,88083.0,50626.0,51782.0,50626.0,2,37457.0
80103,154.00,1542.00,5,2,10,10,2,8,6,21,69464.0,42738.0,85717.0,69464.0,69464.0,69464.0,2,16253.0
80104,154.00,1394.00,5,2,10,10,2,8,6,21,43918.0,50158.0,25324.0,43918.0,43918.0,43918.0,1,6240.0
80105,154.00,1560.00,5,2,10,10,2,8,6,21,68330.0,66199.0,53456.0,68330.0,68330.0,68330.0,0,0.0
80106,154.00,1474.00,5,2,10,10,2,8,6,21,87544.0,75251.0,56770.0,87544.0,87544.0,87544.0,0,0.0
80107,206.00,1613.00,5,2,10,10,2,8,6,21,88255.0,73436.0,90964.0,88255.0,87757.0,88255.0,2,2709.0
80108,154.00,1394.00,5,2,10,10,2,8,6,21,47702.0,30632.0,62220.0,47702.0,47702.0,47702.0,2,14518.0
80109,154.00,1542.00,5,2,10,10,2,8,6,21,80082.0,80808.0,82625.0,80082.0,80082.0,80082.0,2,2543.0
80110,187.00,1519.00,5,2,10,10,2,8,6,21,77548.0,60349.0,56083.0,77548.0,85760.0,77548.0,4,8212.0
80111,206.00,1610.00,5,2,10,10,2,8,6,21,69162.0,77654.0,70471.0,69162.0,68661.0,69162.0,1,8492.0
80112,187.00,1509.00,5,2,10,10,2,8,6,21,54049.0,64784.0,52489.0,54049.0,41839.0,54049.0,1,10735.0
80113,206.00,1610.00,5,2,10,10,2,8,6,21,103523.0,116149.0,93351.0,103523.0,102988.0,103523.0,1,12626.0
80114,187.00,1519.00,5,2,10,10,2,8,6,21,82189.0,92673.0,49874.0,82189.0,90670.0,82189.0,1,10484.0
80115,206.00,1681.00,5,2,10,10,2,8,6,21,68079.0,53370.0,78926.0,68079.0,67578.0,68079.0,2,10847.0
80116,216.00,1661.00,5,2,10,10,2,8,6,21,117575.0,119638.0,115712.0,117575.0,117110.0,117575.0,1,2063.0
80117,216.00,1655.00,5,2,10,10,2,8,6,21,88884.0,41530.0,72096.0,88884.0,88383.0,88884.0,0,0.0
80118,187.00,1509.00,5,2,10,10,2,8,6,21,85333.0,65834.0,67758.0,85333.0,84079.0,85333.0,0,0.0
80119,154.00,1560.00,5,2,10,10,2,8,6,21,71040.0,67564.0,64764.0,71040.0,71040.0,71040.0,0,0.0
80120,206.00,1613.00,5,2,10,10,2,8,6,21,89198.0,38529.0,68436.0,89198.0,88700.0,89198.0,0,0.0
80121,154.00,1384.00,5,2,10,10,2,8,6,21,86491.0,64596.0,73186.0,86491.0,86491.0,86491.0,0,0.0
80122,187.00,1516.00,5,2,10,10,2,8,6,21,89230.0,67126.0,97991.0,89230.0,106238.0,89230.0,4,17008.0
80123,206.00,1613.00,5,2,10,10,2,8,6,21,63274.0,71641.0,97127.0,63274.0,62773.0,63274.0,2,33853.0
80124,154.00,1384.00,5,2,10,10,2,8,6,21,49618.0,96860.0,35545.0,49618.0,49618.0,49618.0,1,47242.0
80125,154.00,1384.00,5,2,10,10,2,8,6,21,47025.0,124987.0,62245.0,47025.0,47025.0,47025.0,1,77962.0
80126,187.00,1528.00,5,2,10,10,2,8,6,21,55953.0,108920.0,70289.0,55953.0,70409.0,55953.0,1,52967.0
80127,187.00,1516.00,5,2,10,10,2,8,6,21,78250.0,34237.0,77784.0,78250.0,78525.0,78250.0,4,275.0
80128,206.00,1498.00,5,1,11,10,2,8,6,21,130287.0,41467.0,120428.0,130293.0,129730.0,130287.0,0,0.0
80129,154.00,1462.00,5,2,10,10,2,8,6,21,52314.0,36775.0,52053.0,52314.0,52530.0,52314.0,4,216.0
80130,206.00,1613.00,5,2,10,10,2,8,6,21,94136.0,128510.0,91930.0,94136.0,93635.0,94136.0,1,34374.0
80131,206.00,1613.00,5,2,10,10,2,8,6,21,132034.0,60650.0,110926.0,132034.0,131535.0,132034.0,0,0.0
80132,154.00,1542.00,5,2,10,10,2,8,6,21,71432.0,82020.0,58064.0,71432.0,71432.0,71432.0,1,10588.0
80133,206.00,1603.00,5,2,10,10,2,8,6,21,72530.0,106070.0,105628.0,72530.0,72031.0,72530.0,1,33540.0
80134,206.00,1603.00,5,2,10,10,2,8,6,21,106201.0,91778.0,115143.0,106201.0,105703.0,106201.0,2,8942.0
80135,206.00,1681.00,5,2,10,10,2,8,6,21,125408.0,116075.0,137122.0,125408.0,124907.0,125408.0,2,11714.0
80136,206.00,1603.00,5,2,10,10,2,8,6,21,69150.0,51113.0,39403.0,69150.0,68651.0,69150.0,0,0.0
80137,216.00,1655.00,5,2,10,10,2,8,6,21,105523.0,82216.0,103213.0,105523.0,105022.0,105523.0,0,0.0
80138,154.00,1384.00,5,2,10,10,2,8,6,21,82640.0,95699.0,77916.0,82640.0,82640.0,82640.0,1,13059.0
80139,206.00,1603.00,5,2,10,10,2,8,6,21,72996.0,94627.0,52034.0,72996.0,72497.0,72996.0,1,21631.0
80140,154.00,1560.00,5,2,10,10,2,8,6,21,55172.0,53941.0,64824.0,55172.0,55172.0,55172.0,2,9652.0
80141,154.00,1391.00,5,2,10,10,2,8,6,21,60751.0,80277.0,51539.0,60751.0,60751.0,60751.0,1,19526.0
80142,187.00,1509.00,5,2,10,10,2,8,6,21,43462.0,81049.0,57298.0,43462.0,56259.0,43462.0,1,37587.0
80143,187.00,1528.00,5,2,10,10,2,8,6,21,52104.0,54185.0,70734.0,52104.0,44290.0,52104.0,2,18630.0
80144,154.00,1462.00,5,2,10,10,2,8,6,21,89329.0,76362.0,72730.0,89329.0,89589.0,89329.0,4,260.0
80145,154.00,1384.00,5,2,10,10,2,8,6,21,61691.0,83138.0,58357.0,61691.0,61691.0,61691.0,1,21447.0
80146,154.00,1391.00,5,2,10,10,2,8,6,21,68743.0,58265.0,67417.0,68743.0,68743.0,68743.0,0,0.0
80147,154.00,1391.00,5,2,10,10,2,8,6,21,56465.0,62708.0,54152.0,56465.0,56465.0,56465.0,1,6243.0
80148,216.00,1674.00,5,2,10,10,2,8,6,21,127927.0,70590.0,113727.0,127927.0,127430.0,127927.0,0,0.0
80149,187.00,1509.00,5,2,10,10,2,8,6,21,82692.0,55821.0,50842.0,82692.0,78839.0,82692.0,0,0.0
80150,206.00,1610.00,5,2,10,10,2,8,6,21,89307.0,108782.0,77100.0,89307.0,88808.0,89307.0,1,19475.0
80151,187.00,1516.00,4,2,11,10,2,8,6,21,83455.0,55252.0,90540.0,83455.0,59749.0,83455.0,2,7085.0
80152,216.00,1665.00,5,2,10,10,2,8,6,21,81011.0,62343.0,90754.0,81011.0,80513.0,81011.0,2,9743.0
80153,216.00,1665.00,5,2,10,10,2,8,6,21,140164.0,139448.0,126735.0,140164.0,139663.0,140164.0,0,0.0
80154,154.00,1462.00,5,2,10,10,2,8,6,21,71582.0,77767.0,71126.0,71582.0,71799.0,71582.0,1,6185.0
80155,154.00,1462.00,5,2,10,10,2,8,6,21,74142.0,97621.0,96725.0,74142.0,74382.0,74142.0,1,23479.0
80156,206.00,1603.00,5,2,10,10,2,8,6,21,66256.0,69646.0,66701.0,66256.0,65755.0,66256.0,1,3390.0
80157,216.00,1674.00,5,2,10,10,2,8,6,21,122946.0,94814.0,124389.0,122946.0,122449.0,122946.0,2,1443.0
80158,187.00,1509.00,5,2,10,10,2,8,6,21,83482.0,85940.0,73412.0,83482.0,73986.0,83482.0,1,2458.0
80159,154.00,1542.00,5,2,10,10,2,8,6,21,69170.0,71807.0,61357.0,69170.0,69170.0,69170.0,1,2637.0
80160,206.00,1681.00,5,2,10,10,2,8,6,21,103469.0,112747.0,100326.0,103469.0,102971.0,103469.0,1,9278.0
80161,216.00,1655.00,5,2,10,10,2,8,6,21,131351.0,124757.0,128947.0,131351.0,130850.0,131351.0,0,0.0
80162,187.00,1509.00,5,2,10,10,2,8,6,21,105937.0,102360.0,93697.0,105935.0,91955.0,105937.0,0,0.0
80163,216.00,1665.00,5,2,10,10,2,8,6,21,109523.0,72986.0,106126.0,109523.0,109022.0,109523.0,0,0.0
80164,206.00,1603.00,5,2,10,10,2,8,6,21,96551.0,55149.0,102807.0,96551.0,96053.0,96551.0,2,6256.0
80165,206.00,1505.00,5,1,11,10,2,8,6,21,80461.0,51045.0,83483.0,80461.0,79995.0,80461.0,2,3022.0
80166,216.00,1655.00,5,2,10,10,2,8,6,21,86728.0,61604.0,81487.0,86728.0,86230.0,86728.0,0,0.0
80167,154.00,1384.00,5,2,10,10,2,8,6,21,51407.0,71460.0,59245.0,51407.0,51407.0,51407.0,1,20053.0
80168,187.00,1674.00,5,2,10,10,2,8,6,21,114252.0,54512.0,92543.0,114278.0,135452.0,114252.0,4,21200.0
80169,187.00,1509.00,5,2,10,10,2,8,6,21,110432.0,99116.0,101094.0,110432.0,104091.0,110432.0,0,0.0
80170,154.00,1384.00,5,2,10,10,2,8,6,21,81205.0,70572.0,74799.0,81205.0,81205.0,81205.0,0,0.0
80171,206.00,1693.00,5,2,10,10,2,8,6,21,110290.0,96873.0,94687.0,110290.0,109789.0,110290.0,0,0.0
80172,187.00,1516.00,5,2,10,10,2,8,6,21,104250.0,48809.0,100960.0,104250.0,121551.0,104250.0,4,17301.0
80173,187.00,1516.00,5,2,10,10,2,8,6,21,45512.0,127087.0,63281.0,45512.0,40888.0,45512.0,1,81575.0
80174,206.00,1680.00,5,2,10,10,2,8,6,21,82570.0,70980.0,83120.0,82531.0,82033.0,82570.0,2,550.0
80175,154.00,1464.00,5,2,10,10,2,8,6,21,88859.0,52581.0,104701.0,88859.0,88851.0,88859.0,2,15842.0
80176,154.00,1560.00,5,2,10,10,2,8,6,21,67168.0,48542.0,57565.0,67168.0,67168.0,67168.0,0,0.0
80177,154.00,1462.00,5,2,10,10,2,8,6,21,68536.0,63399.0,67631.0,68536.0,68775.0,68536.0,4,239.0
80178,187.00,1509.00,5,2,10,10,2,8,6,21,120311.0,153846.0,83398.0,120311.0,82572.0,120311.0,1,33535.0
80179,206.00,1610.00,5,2,10,10,2,8,6,21,68288.0,66178.0,69502.0,68288.0,67787.0,68288.0,2,1214.0
80180,187.00,1516.00,5,2,10,10,2,8,6,21,70911.0,37310.0,52056.0,70911.0,81138.0,70911.0,4,10227.0
80181,154.00,1384.00,5,2,10,10,2,8,6,21,73039.0,65195.0,73354.0,73039.0,73039.0,73039.0,2,315.0
80182,216.00,1674.00,5,2,10,10,2,8,6,21,96671.0,95687.0,91565.0,96671.0,96174.0,96671.0,0,0.0
80183,154.00,1391.00,5,2,10,10,2,8,6,21,27910.0,24270.0,32275.0,27910.0,27910.0,27910.0,2,4365.0
80184,154.00,1384.00,5,2,10,10,2,8,6,21,53959.0,107178.0,79138.0,53959.0,53959.0,53959.0,1,53219.0
80185,154.00,1384.00,5,2,10,10,2,8,6,21,70709.0,28273.0,67748.0,70709.0,70709.0,70709.0,0,0.0
80186,206.00,1610.00,5,2,10,10,2,8,6,21,73335.0,98444.0,69390.0,73335.0,72834.0,73335.0,1,25109.0
80187,206.00,1681.00,5,2,10,10,2,8,6,21,96604.0,67733.0,96313.0,96604.0,96106.0,96604.0,0,0.0
80188,187.00,1509.00,5,2,10,10,2,8,6,21,44861.0,73482.0,68072.0,44861.0,60706.0,44861.0,1,28621.0
80189,187.00,1509.00,5,2,10,10,2,8,6,21,83895.0,58879.0,91339.0,83895.0,95853.0,83895.0,4,11958.0
80190,206.00,1697.00,5,2,10,10,2,8,6,21,112077.0,92493.0,108696.0,112077.0,111545.0,112077.0,0,0.0
80191,154.00,1551.00,5,2,10,10,2,8,6,21,64138.0,52608.0,70433.0,64138.0,64138.0,64138.0,2,6295.0
80192,154.00,1394.00,5,2,10,10,2,8,6,21,36547.0,78076.0,35212.0,36547.0,36547.0,36547.0,1,41529.0
80193,187.00,1516.00,5,2,10,10,2,8,6,21,72612.0,77067.0,56567.0,72612.0,89992.0,72612.0,4,17380.0
80194,206.00,1613.00,5,2,10,10,2,8,6,21,67648.0,78372.0,79285.0,67648.0,67147.0,67648.0,2,11637.0
80195,206.00,1603.00,5,2,10,10,2,8,6,21,53895.0,73976.0,49333.0,53895.0,53394.0,53895.0,1,20081.0
80196,187.00,1509.00,5,2,10,10,2,8,6,21,70959.0,70454.0,58646.0,70959.0,77892.0,70959.0,4,6933.0
80197,154.00,1391.00,5,2,10,10,2,8,6,21,76148.0,34245.0,73231.0,76148.0,76148.0,76148.0,0,0.0
80198,154.00,1384.00,5,2,10,10,2,8,6,21,95055.0,88374.0,74053.0,95055.0,95055.0,95055.0,0,0.0
80199,206.00,1603.00,5,2,10,10,2,8,6,21,95625.0,62063.0,96454.0,95625.0,95127.0,95625.0,2,829.0
80200,206.00,1613.00,5,2,10,10,2,8,6,21,103742.0,45328.0,85048.0,103742.0,103241.0,103742.0,0,0.0
80201,206.00,1603.00,5,2,10,10,2,8,6,21,68137.0,90321.0,74435.0,68137.0,67636.0,68137.0,1,22184.0
80202,187.00,1667.00,5,2,10,10,2,8,6,21,121869.0,77197.0,118000.0,121869.0,113675.0,121869.0,0,0.0
80203,187.00,1667.00,5,2,10,10,2,8,6,21,67423.0,78585.0,78861.0,67423.0,70391.0,67423.0,2,11438.0
80204,154.00,1542.00,5,2,10,10,2,8,6,21,95795.0,58158.0,66300.0,95795.0,95795.0,95795.0,0,0.0
80205,187.00,1667.00,5,2,10,10,2,8,6,21,104246.0,114968.0,103062.0,104246.0,90468.0,104246.0,1,10722.0
80206,206.00,1610.00,5,2,10,10,2,8,6,21,101788.0,56335.0,100470.0,101788.0,101242.0,101788.0,0,0.0
80207,154.00,1391.00,5,2,10,10,2,8,6,21,29749.0,54272.0,32181.0,29749.0,29749.0,29749.0,1,24523.0
80208,187.00,1528.00,5,2,10,10,2,8,6,21,97619.0,58520.0,83685.0,97619.0,88448.0,97619.0,0,0.0
80209,154.00,1384.00,5,2,10,10,2,8,6,21,32910.0,64045.0,33559.0,32910.0,32910.0,32910.0,1,31135.0
80210,154.00,1397.00,5,2,10,10,2,8,6,21,68944.0,105564.0,62911.0,68944.0,68944.0,68944.0,1,36620.0
80211,206.00,1603.00,5,2,10,10,2,8,6,21,80659.0,94544.0,73111.0,80659.0,80158.0,80659.0,1,13885.0
80212,206.00,1613.00,5,2,10,10,2,8,6,21,92395.0,108159.0,100311.0,92395.0,91897.0,92395.0,1,15764.0
80213,154.00,1560.00,5,2,10,10,2,8,6,21,73924.0,120439.0,54731.0,73924.0,73924.0,73924.0,1,46515.0
80214,187.00,1516.00,5,2,10,10,2,8,6,21,98626.0,81352.0,76678.0,98626.0,100491.0,98626.0,4,1865.0
80215,216.00,1655.00,5,2,10,10,2,8,6,21,113361.0,78351.0,128025.0,113361.0,112860.0,113361.0,2,14664.0
80216,154.00,1277.00,4,2,11,10,2,8,6,21,77144.0,70113.0,77761.0,77144.0,77144.0,77144.0,2,617.0
80217,206.00,1681.00,5,2,10,10,2,8,6,21,92508.0,103069.0,109981.0,92508.0,92007.0,92508.0,2,17473.0
80218,154.00,1384.00,5,2,10,10,2,8,6,21,43032.0,36882.0,56034.0,43032.0,43032.0,43032.0,2,13002.0
80219,154.00,1542.00,5,2,10,10,2,8,6,21,84039.0,70545.0,73391.0,84039.0,84039.0,84039.0,0,0.0
80220,154.00,1384.00,5,2,10,10,2,8,6,21,40656.0,73720.0,39775.0,40656.0,40656.0,40656.0,1,33064.0
80221,216.00,1655.00,5,2,10,10,2,8,6,21,122093.0,76151.0,105752.0,122093.0,121595.0,122093.0,0,0.0
80222,154.00,1391.00,5,2,10,10,2,8,6,21,62556.0,77423.0,69999.0,62556.0,62556.0,62556.0,1,14867.0
80223,154.00,1384.00,5,2,10,10,2,8,6,21,60446.0,95036.0,71011.0,60446.0,60446.0,60446.0,1,34590.0
80224,206.00,1603.00,5,2,10,10,2,8,6,21,70875.0,70568.0,66693.0,70875.0,70328.0,70875.0,0,0.0
80225,187.00,1519.00,5,2,10,10,2,8,6,21,103758.0,93404.0,90632.0,103758.0,91126.0,103758.0,0,0.0
80226,187.00,1516.00,5,2,10,10,2,8,6,21,90800.0,121327.0,56420.0,90800.0,83471.0,90800.0,1,30527.0
80227,154.00,1542.00,5,2,10,10,2,8,6,21,78644.0,114464.0,80948.0,78644.0,78644.0,78644.0,1,35820.0
80228,154.00,1384.00,5,2,10,10,2,8,6,21,87194.0,96073.0,77970.0,87194.0,87194.0,87194.0,1,8879.0
80229,187.00,1667.00,5,2,10,10,2,8,6,21,117016.0,101713.0,116107.0,117016.0,112766.0,117016.0,0,0.0
80230,206.00,1548.00,4,2,11,10,2,8,6,21,84898.0,83331.0,110308.0,84898.0,84946.0,84898.0,2,25410.0
80231,154.00,1393.00,5,2,10,10,2,8,6,21,57185.0,66689.0,64066.0,57185.0,57185.0,57185.0,1,9504.0
80232,187.00,1516.00,5,2,10,10,2,8,6,21,67558.0,47504.0,85776.0,67558.0,74225.0,67558.0,2,18218.0
80233,187.00,1509.00,5,2,10,10,2,8,6,21,91485.0,72743.0,71946.0,91485.0,58528.0,91485.0,0,0.0
80234,206.00,1693.00,5,2,10,10,2,8,6,21,94469.0,93968.0,80059.0,94469.0,93968.0,94469.0,0,0.0
80235,154.00,1384.00,5,2,10,10,2,8,6,21,72589.0,72528.0,76159.0,72589.0,72589.0,72589.0,2,3570.0
80236,154.00,1384.00,5,2,10,10,2,8,6,21,91226.0,88768.0,90230.0,91226.0,91226.0,91226.0,0,0.0
80237,206.00,1613.00,5,2,10,10,2,8,6,21,117667.0,95744.0,86778.0,117667.0,117166.0,117667.0,0,0.0
80238,206.00,1613.00,5,2,10,10,2,8,6,21,123036.0,78633.0,113933.0,123036.0,122535.0,123036.0,0,0.0
80239,154.00,1391.00,5,2,10,10,2,8,6,21,37323.0,43108.0,40839.0,37323.0,37323.0,37323.0,1,5785.0
80240,206.00,1603.00,5,2,10,10,2,8,6,21,79070.0,68103.0,83398.0,79070.0,78572.0,79070.0,2,4328.0
80241,187.00,1519.00,5,2,10,10,2,8,6,21,77972.0,84022.0,75930.0,77972.0,74789.0,77972.0,1,6050.0
80242,206.00,1681.00,5,2,10,10,2,8,6,21,86234.0,101205.0,86152.0,86234.0,85736.0,86234.0,1,14971.0
80243,154.00,1542.00,5,2,10,10,2,8,6,21,109392.0,108891.0,77833.0,109392.0,109392.0,109392.0,0,0.0
80244,187.00,1519.00,5,2,10,10,2,8,6,21,52416.0,61722.0,57098.0,52416.0,85746.0,52416.0,4,33330.0
80245,187.00,1528.00,5,2,10,10,2,8,6,21,76925.0,76670.0,92882.0,76925.0,70437.0,76925.0,2,15957.0
80246,187.00,1509.00,5,2,10,10,2,8,6,21,80747.0,74890.0,69746.0,80747.0,70715.0,80747.0,0,0.0
80247,216.00,1655.00,5,2,10,10,2,8,6,21,123374.0,102210.0,111592.0,123374.0,122873.0,123374.0,0,0.0
80248,154.00,1391.00,5,2,10,10,2,8,6,21,46876.0,48968.0,50778.0,46876.0,46876.0,46876.0,2,3902.0
80249,154.00,1462.00,5,2,10,10,2,8,6,21,75227.0,74299.0,63268.0,75227.0,75487.0,75227.0,4,260.0
80250,187.00,1509.00,5,2,10,10,2,8,6,21,63038.0,96252.0,67016.0,63038.0,74520.0,63038.0,1,33214.0
80251,187.00,1528.00,5,2,10,10,2,8,6,21,77518.0,110709.0,78208.0,77518.0,95056.0,77518.0,1,33191.0
80252,187.00,1532.00,5,2,10,10,2,8,6,21,58331.0,89582.0,75863.0,58331.0,82690.0,58331.0,1,31251.0
80253,154.00,1391.00,5,2,10,10,2,8,6,21,64220.0,85007.0,65716.0,64220.0,64220.0,64220.0,1,20787.0
80254,187.00,1509.00,4,2,11,10,2,8,6,21,67225.0,52869.0,72451.0,67225.0,70547.0,67225.0,2,5226.0
80255,154.00,1391.00,5,2,10,10,2,8,6,21,69372.0,89209.0,42530.0,69372.0,69372.0,69372.0,1,19837.0
80256,154.00,1542.00,5,2,10,10,2,8,6,21,71928.0,45377.0,83631.0,71928.0,71928.0,71928.0,2,11703.0
80257,154.00,1403.00,5,2,10,10,2,8,6,21,52483.0,60527.0,31630.0,52483.0,52476.0,52483.0,1,8044.0
80258,206.00,1681.00,5,2,10,10,2,8,6,21,93258.0,134327.0,92585.0,93258.0,92759.0,93258.0,1,41069.0
80259,154.00,1394.00,5,2,10,10,2,8,6,21,67807.0,135732.0,75053.0,67807.0,67807.0,67807.0,1,67925.0
80260,206.00,1613.00,5,2,10,10,2,8,6,21,89115.0,39111.0,89005.0,89115.0,88572.0,89115.0,0,0.0
80261,187.00,1404.00,5,1,11,10,2,8,6,21,68327.0,71015.0,67532.0,68327.0,64523.0,68327.0,1,2688.0
80262,187.00,1402.00,4,2,11,10,2,8,6,21,120878.0,149121.0,112361.0,120878.0,109160.0,120878.0,1,28243.0
80263,206.00,1681.00,5,2,10,10,2,8,6,21,105134.0,105616.0,92403.0,105134.0,104636.0,105134.0,1,482.0
80264,154.00,1384.00,5,2,10,10,2,8,6,21,61668.0,55791.0,58379.0,61668.0,61668.0,61668.0,0,0.0
80265,187.00,1509.00,5,2,10,10,2,8,6,21,106405.0,53581.0,105297.0,106405.0,90714.0,106405.0,0,0.0
80266,206.00,1610.00,5,2,10,10,2,8,6,21,63126.0,89941.0,62105.0,63126.0,62628.0,63126.0,1,26815.0
80267,206.00,1603.00,5,2,10,10,2,8,6,21,68913.0,94847.0,63308.0,68913.0,68412.0,68913.0,1,25934.0
80268,216.00,1674.00,5,2,10,10,2,8,6,21,126285.0,96334.0,118027.0,126285.0,125784.0,126285.0,0,0.0
80269,187.00,1519.00,5,2,10,10,2,8,6,21,61004.0,89638.0,60096.0,61004.0,56377.0,61004.0,1,28634.0
80270,206.00,1603.00,5,2,10,10,2,8,6,21,34012.0,33614.0,28159.0,34012.0,33507.0,34012.0,0,0.0
80271,216.00,1674.00,5,2,10,10,2,8,6,21,131959.0,91114.0,110323.0,131959.0,131458.0,131959.0,0,0.0
80272,154.00,1393.00,5,2,10,10,2,8,6,21,32144.0,46020.0,31904.0,32144.0,32144.0,32144.0,1,13876.0
80273,216.00,1655.00,5,2,10,10,2,8,6,21,67813.0,97516.0,58746.0,67813.0,67312.0,67813.0,1,29703.0
80274,216.00,1665.00,5,2,10,10,2,8,6,21,110005.0,73375.0,109661.0,110005.0,109506.0,110005.0,0,0.0
80275,154.00,1560.00,5,2,10,10,2,8,6,21,73373.0,75448.0,81979.0,73373.0,73373.0,73373.0,2,8606.0
80276,187.00,1516.00,5,2,10,10,2,8,6,21,83378.0,82874.0,88369.0,83378.0,88581.0,83378.0,4,5203.0
80277,154.00,1403.00,5,2,10,10,2,8,6,21,40575.0,78966.0,32009.0,40575.0,25657.0,40575.0,1,38391.0
80278,154.00,1391.00,5,2,10,10,2,8,6,21,50081.0,77640.0,38420.0,50081.0,50081.0,50081.0,1,27559.0
80279,187.00,1509.00,5,2,10,10,2,8,6,21,84813.0,46672.0,100342.0,84813.0,76471.0,84813.0,2,15529.0
80280,154.00,1274.00,4,2,11,10,2,8,6,21,59519.0,77999.0,76182.0,59519.0,59519.0,59519.0,1,18480.0
80281,154.00,1391.00,5,2,10,10,2,8,6,21,34689.0,24980.0,50748.0,34689.0,34689.0,34689.0,2,16059.0
80282,206.00,1613.00,5,2,10,10,2,8,6,21,115209.0,78290.0,99975.0,115209.0,114708.0,115209.0,0,0.0
80283,154.00,1474.00,5,2,10,10,2,8,6,21,62497.0,30581.0,67722.0,62497.0,62497.0,62497.0,2,5225.0
80284,154.00,1394.00,5,2,10,10,2,8,6,21,54980.0,86566.0,60918.0,54980.0,54980.0,54980.0,1,31586.0
80285,206.00,1610.00,5,2,10,10,2,8,6,21,60353.0,76876.0,60052.0,60353.0,59857.0,60353.0,1,16523.0
80286,187.00,1516.00,5,2,10,10,2,8,6,21,65385.0,89540.0,86478.0,65375.0,46714.0,65385.0,1,24155.0
80287,206.00,1613.00,5,2,10,10,2,8,6,21,74081.0,91308.0,83736.0,74081.0,73612.0,74081.0,1,17227.0
80288,206.00,1610.00,5,2,10,10,2,8,6,20,49492.0,65410.0,35621.0,49492.0,48990.0,49492.0,1,15918.0
80289,206.00,1492.00,5,1,11,10,2,8,6,21,65314.0,77962.0,73809.0,65320.0,57766.0,65314.0,1,12648.0
80290,187.00,1516.00,5,2,10,10,2,8,6,21,54758.0,101322.0,53113.0,54758.0,45307.0,54758.0,1,46564.0
80291,154.00,1551.00,5,2,10,10,2,8,6,21,59626.0,33691.0,67659.0,59626.0,59626.0,59626.0,2,8033.0
80292,154.00,1384.00,5,2,10,10,2,8,6,21,77230.0,110479.0,85218.0,77230.0,77230.0,77230.0,1,33249.0
80293,206.00,1613.00,5,2,10,10,2,8,6,21,98690.0,70568.0,70106.0,98690.0,98189.0,98690.0,0,0.0
80294,187.00,1676.00,5,2,10,10,2,8,6,21,149332.0,148357.0,128325.0,149357.0,148934.0,149332.0,0,0.0
80295,154.00,1384.00,5,2,10,10,2,8,6,21,65670.0,80391.0,55041.0,65670.0,65670.0,65670.0,1,14721.0
80296,154.00,1384.00,5,2,10,10,2,8,6,21,37795.0,88990.0,74817.0,37795.0,37795.0,37795.0,1,51195.0
80297,154.00,1403.00,5,2,10,10,2,8,6,21,42213.0,55018.0,41229.0,42213.0,40444.0,42213.0,1,12805.0
80298,154.00,1384.00,5,2,10,10,2,8,6,21,89485.0,92757.0,71481.0,89485.0,89485.0,89485.0,1,3272.0
80299,187.00,1519.00,5,2,10,10,2,8,6,21,40928.0,63525.0,28897.0,40928.0,44289.0,40928.0,1,22597.0
80300,154.00,1274.00,4,2,11,10,2,8,6,21,72696.0,84320.0,64964.0,72696.0,72696.0,72696.0,1,11624.0
80301,216.00,1665.00,5,2,10,10,2,8,6,21,127366.0,112026.0,130896.0,127366.0,126865.0,127366.0,2,3530.0
80302,206.00,1693.00,5,2,10,10,2,8,6,21,84792.0,67647.0,84123.0,84792.0,84295.0,84792.0,0,0.0
80303,206.00,1610.00,5,2,10,10,2,8,6,21,55202.0,60961.0,52054.0,55202.0,54701.0,55202.0,1,5759.0
80304,206.00,1603.00,5,2,10,10,2,8,6,21,119782.0,114721.0,82634.0,119782.0,119283.0,119782.0,0,0.0
80305,206.00,1693.00,5,2,10,10,2,8,6,21,99284.0,83984.0,127095.0,99284.0,98784.0,99284.0,2,27811.0
80306,154.00,1388.00,5,2,10,10,2,8,6,21,81869.0,50374.0,76387.0,81869.0,81869.0,81869.0,0,0.0
80307,154.00,1384.00,5,2,10,10,2,8,6,21,57224.0,115138.0,54890.0,57224.0,57224.0,57224.0,1,57914.0
80308,154.00,1542.00,5,2,10,10,2,8,6,21,76178.0,132413.0,68389.0,76178.0,76178.0,76178.0,1,56235.0
80309,206.00,1607.00,5,2,10,10,2,8,6,21,74118.0,78322.0,74086.0,74084.0,73586.0,74118.0,1,4204.0
80310,154.00,1474.00,5,2,10,10,2,8,6,21,76531.0,47818.0,76261.0,76531.0,76531.0,76531.0,0,0.0
80311,206.00,1681.00,5,2,10,10,2,8,6,21,64383.0,63800.0,64017.0,64380.0,63840.0,64383.0,0,0.0
80312,206.00,1606.00,5,2,10,10,2,8,6,21,76096.0,37102.0,82151.0,76070.0,75598.0,76096.0,2,6055.0
80313,154.00,1542.00,5,2,10,10,2,8,6,21,99075.0,59921.0,98469.0,99075.0,99075.0,99075.0,0,0.0
80314,154.00,1384.00,5,2,10,10,2,8,6,21,46829.0,128706.0,55322.0,46829.0,46829.0,46829.0,1,81877.0
80315,154.00,1560.00,5,2,10,10,2,8,6,21,62779.0,73514.0,62670.0,62779.0,62779.0,62779.0,1,10735.0
80316,187.00,1667.00,5,2,10,10,2,8,6,21,80018.0,86041.0,81141.0,80018.0,105343.0,80018.0,4,25325.0
80317,187.00,1676.00,5,2,10,10,2,8,6,21,96827.0,56879.0,127602.0,96827.0,84244.0,96827.0,2,30775.0
80318,187.00,1519.00,5,2,10,10,2,8,6,21,60218.0,107587.0,60190.0,60218.0,58757.0,60218.0,1,47369.0
80319,206.00,1693.00,5,2,10,10,2,8,6,21,71801.0,73855.0,70913.0,71801.0,71301.0,71801.0,1,2054.0
80320,154.00,1551.00,5,2,10,10,2,8,6,21,59075.0,96470.0,57500.0,59075.0,59075.0,59075.0,1,37395.0
80321,154.00,1542.00,5,2,10,10,2,8,6,21,63961.0,71352.0,80338.0,63961.0,63961.0,63961.0,2,16377.0
80322,216.00,1662.00,5,2,10,10,2,8,6,21,131259.0,114411.0,126292.0,131259.0,130758.0,131259.0,0,0.0
80323,154.00,1384.00,5,2,10,10,2,8,6,21,51926.0,57403.0,69147.0,51926.0,51926.0,51926.0,2,17221.0
80324,154.00,1394.00,5,2,10,10,2,8,6,21,43234.0,72145.0,47096.0,43234.0,43234.0,43234.0,1,28911.0
80325,187.00,1523.00,5,2,10,10,2,8,6,21,39193.0,95899.0,37947.0,39193.0,53225.0,39193.0,1,56706.0
80326,154.00,1474.00,5,2,10,10,2,8,6,21,71980.0,39946.0,70964.0,71980.0,71980.0,71980.0,0,0.0
80327,187.00,1516.00,5,2,10,10,2,8,6,21,86579.0,93673.0,80271.0,86579.0,76566.0,86579.0,1,7094.0
80328,216.00,1655.00,5,2,10,10,2,8,6,21,85212.0,84913.0,91472.0,85207.0,84668.0,85212.0,2,6260.0
80329,206.00,1603.00,5,2,10,10,2,8,6,21,95252.0,49106.0,95728.0,95252.0,94751.0,95252.0,2,476.0
80330,187.00,1528.00,5,2,10,10,2,8,6,21,98343.0,70392.0,95721.0,98343.0,74157.0,98343.0,0,0.0
80331,154.00,1551.00,5,2,10,10,2,8,6,21,54077.0,106482.0,60417.0,54077.0,54077.0,54077.0,1,52405.0
80332,154.00,1384.00,5,2,10,10,2,8,6,21,78434.0,106736.0,63794.0,78434.0,78434.0,78434.0,1,28302.0
80333,216.00,1545.00,4,2,11,10,2,8,6,21,114312.0,99832.0,73614.0,114312.0,113770.0,114312.0,0,0.0
80334,187.00,1509.00,5,2,10,10,2,8,6,21,84439.0,83935.0,87328.0,84439.0,74512.0,84439.0,2,2889.0
80335,154.00,1394.00,5,2,10,10,2,8,6,21,20661.0,96519.0,24040.0,20661.0,20661.0,20661.0,1,75858.0
80336,154.00,1384.00,5,2,10,10,2,8,6,21,90821.0,79617.0,75347.0,90821.0,90821.0,90821.0,0,0.0
80337,154.00,1474.00,5,2,10,10,2,8,6,20,52892.0,47605.0,70975.0,52892.0,52892.0,52892.0,2,18083.0
80338,154.00,1474.00,5,2,10,10,2,8,6,21,76690.0,62240.0,84428.0,76690.0,76690.0,76690.0,2,7738.0
80339,216.00,1665.00,5,2,10,10,2,8,6,21,120911.0,115006.0,109061.0,120883.0,120385.0,120911.0,0,0.0
80340,206.00,1603.00,5,2,10,10,2,8,6,21,46508.0,102940.0,41330.0,46508.0,46007.0,46508.0,1,56432.0
80341,154.00,1384.00,5,2,10,10,2,8,6,21,45500.0,104249.0,57443.0,45500.0,45500.0,45500.0,1,58749.0
80342,154.00,1384.00,5,2,10,10,2,8,6,21,52292.0,87179.0,59863.0,52292.0,52292.0,52292.0,1,34887.0
80343,154.00,1551.00,5,2,10,10,2,8,6,21,69511.0,62616.0,59698.0,69511.0,69511.0,69511.0,0,0.0
80344,216.00,1658.00,5,2,10,10,2,8,6,21,99130.0,73365.0,85493.0,99130.0,98661.0,99130.0,0,0.0
80345,154.00,1384.00,5,2,10,10,2,8,6,21,58166.0,78376.0,39455.0,58166.0,58166.0,58166.0,1,20210.0
80346,206.00,1613.00,5,2,10,10,2,8,6,21,76281.0,133105.0,90220.0,76281.0,75736.0,76281.0,1,56824.0
80347,206.00,1603.00,5,2,10,10,2,8,6,21,66727.0,61645.0,84799.0,66727.0,66226.0,66727.0,2,18072.0
80348,216.00,1665.00,5,2,10,10,2,8,6,21,125574.0,124906.0,131004.0,125574.0,125075.0,125574.0,2,5430.0
80349,206.00,1603.00,5,2,10,10,2,8,6,21,90063.0,53767.0,66259.0,90063.0,89562.0,90063.0,0,0.0
80350,216.00,1662.00,5,2,10,10,2,8,6,21,97183.0,37154.0,94578.0,97183.0,96684.0,97183.0,0,0.0
80351,154.00,1542.00,5,2,10,10,2,8,6,21,78693.0,43066.0,84337.0,78693.0,78693.0,78693.0,2,5644.0
80352,206.00,1603.00,5,2,10,10,2,8,6,21,83158.0,72162.0,92268.0,83158.0,82657.0,83158.0,2,9110.0
80353,206.00,1622.00,5,2,10,10,2,8,6,21,63303.0,67975.0,45922.0,63303.0,62806.0,63303.0,1,4672.0
80354,216.00,1662.00,5,2,10,10,2,8,6,21,116766.0,46184.0,101022.0,116766.0,116267.0,116766.0,0,0.0
80355,154.00,1384.00,5,2,10,10,2,8,6,21,96722.0,64333.0,84791.0,96722.0,96722.0,96722.0,0,0.0
80356,187.00,1519.00,5,2,10,10,2,8,6,21,81287.0,102955.0,70445.0,81287.0,64997.0,81287.0,1,21668.0
80357,187.00,1519.00,5,2,10,10,2,8,6,21,53085.0,72172.0,60311.0,53085.0,48463.0,53085.0,1,19087.0
80358,206.00,1622.00,5,2,10,10,2,8,6,21,84952.0,85282.0,81738.0,84952.0,84451.0,84952.0,1,330.0
80359,154.00,1384.00,5,2,10,10,2,8,6,21,29309.0,117734.0,29590.0,29309.0,29309.0,29309.0,1,88425.0
80360,154.00,1560.00,5,2,10,10,2,8,6,21,70717.0,59013.0,54164.0,70717.0,70717.0,70717.0,0,0.0
80361,154.00,1384.00,5,2,10,10,2,8,6,21,42399.0,61589.0,50803.0,42399.0,42399.0,42399.0,1,19190.0
80362,187.00,1509.00,5,2,10,10,2,8,6,21,62543.0,67804.0,58026.0,62543.0,66629.0,62543.0,1,5261.0
80363,154.00,1394.00,5,2,10,10,2,8,6,21,73370.0,72882.0,52484.0,73370.0,73370.0,73370.0,0,0.0
80364,187.00,1509.00,5,2,10,10,2,8,6,21,54324.0,60988.0,68309.0,54324.0,82705.0,54324.0,4,28381.0
80365,187.00,1509.00,5,2,10,10,2,8,6,21,42436.0,96605.0,53811.0,42436.0,70659.0,42436.0,1,54169.0
80366,154.00,1384.00,5,2,10,10,2,8,6,21,54714.0,58297.0,63280.0,54714.0,54714.0,54714.0,2,8566.0
80367,206.00,1681.00,5,2,10,10,2,8,6,21,108172.0,65464.0,107044.0,108172.0,107674.0,108172.0,0,0.0
80368,154.00,1384.00,5,2,10,10,2,8,6,21,73339.0,62535.0,53410.0,73339.0,73339.0,73339.0,0,0.0
80369,216.00,1662.00,5,2,10,10,2,8,6,21,95061.0,94343.0,99545.0,95061.0,94521.0,95061.0,2,4484.0
80370,187.00,1509.00,5,2,10,10,2,8,6,21,91741.0,64241.0,74225.0,91741.0,73748.0,91741.0,0,0.0
80371,187.00,1509.00,5,2,10,10,2,8,6,21,61446.0,61122.0,89922.0,61446.0,85736.0,61446.0,2,28476.0
80372,154.00,1542.00,5,2,10,10,2,8,6,21,55474.0,89066.0,59386.0,55474.0,55474.0,55474.0,1,33592.0
80373,154.00,1384.00,5,2,10,10,2,8,6,21,37113.0,75482.0,48586.0,37113.0,37113.0,37113.0,1,38369.0
80374,154.00,1384.00,5,2,10,10,2,8,6,21,76004.0,88360.0,69188.0,76004.0,76004.0,76004.0,1,12356.0
80375,187.00,1667.00,5,2,10,10,2,8,6,21,101038.0,78221.0,123026.0,101038.0,92454.0,101038.0,2,21988.0
80376,216.00,1655.00,5,2,10,10,2,8,6,21,130910.0,71619.0,118322.0,130910.0,130409.0,130910.0,0,0.0
80377,216.00,1665.00,5,2,10,10,2,8,6,21,130318.0,89325.0,115191.0,130318.0,129820.0,130318.0,0,0.0
80378,216.00,1655.00,5,2,10,10,2,8,6,21,72630.0,69260.0,81476.0,72628.0,72084.0,72630.0,2,8846.0
80379,216.00,1662.00,5,2,10,10,2,8,6,21,62272.0,73043.0,65597.0,62272.0,61771.0,62272.0,1,10771.0
80380,154.00,1434.00,5,1,11,10,2,8,6,21,56911.0,109679.0,55036.0,56911.0,56907.0,56911.0,1,52768.0
80381,187.00,1676.00,5,2,10,10,2,8,6,21,75130.0,59632.0,84901.0,75130.0,67152.0,75130.0,2,9771.0
80382,154.00,1551.00,5,2,10,10,2,8,6,21,67575.0,113182.0,60544.0,67575.0,67575.0,67575.0,1,45607.0
80383,154.00,1403.00,5,2,10,10,2,8,6,21,22923.0,31496.0,58750.0,22923.0,23049.0,22923.0,2,35827.0
80384,206.00,1603.00,5,2,10,10,2,8,6,21,82469.0,106099.0,60884.0,82469.0,81968.0,82469.0,1,23630.0
80385,187.00,1509.00,5,2,10,10,2,8,6,21,98135.0,106582.0,64891.0,98135.0,83520.0,98135.0,1,8447.0
80386,154.00,1403.00,5,2,10,10,2,8,6,21,32728.0,83856.0,25995.0,32728.0,32853.0,32728.0,1,51128.0
80387,187.00,1516.00,5,2,10,10,2,8,6,21,127354.0,136970.0,86859.0,127354.0,88760.0,127354.0,1,9616.0
80388,206.00,1603.00,5,2,10,10,2,8,6,21,123400.0,78464.0,117085.0,123400.0,122899.0,123400.0,0,0.0
80389,206.00,1610.00,5,2,10,10,2,8,6,21,61621.0,32573.0,89516.0,61621.0,61122.0,61621.0,2,27895.0
80390,154.00,1403.00,5,2,10,10,2,8,6,21,55719.0,102474.0,57584.0,55719.0,55845.0,55719.0,1,46755.0
80391,154.00,1384.00,5,2,10,10,2,8,6,21,58602.0,121393.0,57483.0,58602.0,58602.0,58602.0,1,62791.0
80392,206.00,1603.00,5,2,10,10,2,8,6,21,74308.0,38417.0,89458.0,74308.0,73807.0,74308.0,2,15150.0
80393,154.00,1391.00,5,2,10,10,2,8,6,21,70692.0,56696.0,52803.0,70692.0,70692.0,70692.0,0,0.0
80394,206.00,1603.00,5,2,10,10,2,8,6,21,51481.0,48372.0,57845.0,51481.0,50980.0,51481.0,2,6364.0
80395,216.00,1665.00,5,2,10,10,2,8,6,21,102465.0,98550.0,114553.0,102430.0,101964.0,102465.0,2,12088.0
80396,154.00,1391.00,5,2,10,10,2,8,6,21,64545.0,66262.0,67107.0,64545.0,64545.0,64545.0,2,2562.0
80397,187.00,1509.00,5,2,10,10,2,8,6,21,74100.0,88512.0,79234.0,74100.0,62265.0,74100.0,1,14412.0
80398,187.00,1518.00,5,2,10,10,2,8,6,21,111606.0,105117.0,92403.0,111606.0,88629.0,111606.0,0,0.0
80399,216.00,1662.00,5,2,10,10,2,8,6,21,130633.0,124846.0,131987.0,130633.0,130132.0,130633.0,2,1354.0
80400,216.00,1662.00,5,2,10,10,2,8,6,21,108997.0,108310.0,104588.0,108997.0,108460.0,108997.0,0,0.0
80401,187.00,1509.00,5,2,10,10,2,8,6,21,91706.0,107308.0,125652.0,91706.0,91487.0,91706.0,2,33946.0
80402,206.00,1603.00,5,2,10,10,2,8,6,21,134790.0,129189.0,113818.0,134790.0,134292.0,134790.0,0,0.0
80403,187.00,1519.00,5,2,10,10,2,8,6,21,50888.0,76176.0,107557.0,50888.0,41685.0,50888.0,2,56669.0
80404,154.00,1546.00,5,2,10,10,2,8,6,21,104910.0,70419.0,81506.0,104910.0,104910.0,104910.0,0,0.0
80405,206.00,1613.00,5,2,10,10,2,8,6,21,81149.0,47157.0,78819.0,81149.0,80648.0,81149.0,0,0.0
80406,187.00,1509.00,5,2,10,10,2,8,6,21,83740.0,56677.0,76132.0,83740.0,98512.0,83740.0,4,14772.0
80407,216.00,1550.00,5,1,11,10,2,8,6,21,112087.0,118815.0,116766.0,112080.0,111539.0,112087.0,1,6728.0
80408,187.00,1509.00,5,2,10,10,2,8,6,21,52783.0,75431.0,48109.0,52783.0,64588.0,52783.0,1,22648.0
80409,206.00,1616.00,5,2,10,10,2,8,6,21,112993.0,58075.0,96412.0,112993.0,112498.0,112993.0,0,0.0
80410,187.00,1528.00,5,2,10,10,2,8,6,21,58563.0,85251.0,65754.0,58563.0,66795.0,58563.0,1,26688.0
80411,154.00,1403.00,5,2,10,10,2,8,6,21,40316.0,62966.0,60408.0,40316.0,40405.0,40316.0,1,22650.0
80412,216.00,1662.00,5,2,10,10,2,8,6,21,100614.0,78235.0,119243.0,100614.0,100115.0,100614.0,2,18629.0
80413,187.00,1667.00,5,2,10,10,2,8,6,21,68711.0,95040.0,68153.0,68711.0,62714.0,68711.0,1,26329.0
80414,206.00,1610.00,5,2,10,10,2,8,6,21,54709.0,54265.0,63430.0,54709.0,54208.0,54709.0,2,8721.0
80415,206.00,1610.00,5,2,10,10,2,8,6,21,49358.0,54208.0,60816.0,49358.0,48859.0,49358.0,2,11458.0
80416,154.00,1384.00,5,2,10,10,2,8,6,21,106453.0,74308.0,99267.0,106453.0,106453.0,106453.0,0,0.0
80417,187.00,1509.00,5,2,10,10,2,8,6,21,74007.0,91000.0,57071.0,74007.0,73475.0,74007.0,1,16993.0
80418,154.00,1391.00,5,2,10,10,2,8,6,21,41667.0,22227.0,30568.0,41667.0,41667.0,41667.0,0,0.0
80419,206.00,1613.00,5,2,10,10,2,8,6,21,89858.0,96348.0,92486.0,89858.0,89360.0,89858.0,1,6490.0
80420,154.00,1394.00,5,2,10,10,2,8,6,21,92308.0,105655.0,87147.0,92308.0,92308.0,92308.0,1,13347.0
80421,206.00,1610.00,5,2,10,10,2,8,6,21,102681.0,99814.0,82757.0,102681.0,102180.0,102681.0,0,0.0
80422,154.00,1316.00,4,2,11,10,2,8,6,21,66057.0,69866.0,36988.0,66057.0,66057.0,66057.0,1,3809.0
80423,154.00,1462.00,5,2,10,10,2,8,6,21,82943.0,55057.0,62209.0,82943.0,83185.0,82943.0,4,242.0
80424,206.00,1603.00,5,2,10,10,2,8,6,21,67711.0,96803.0,45069.0,67711.0,67212.0,67711.0,1,29092.0
80425,216.00,1655.00,5,2,10,10,2,8,6,21,114686.0,108089.0,80114.0,114686.0,114187.0,114686.0,0,0.0
80426,154.00,1384.00,5,2,10,10,2,8,6,21,66129.0,83457.0,83246.0,66129.0,66129.0,66129.0,1,17328.0
80427,187.00,1509.00,5,2,10,10,2,8,6,21,76769.0,65530.0,82611.0,76769.0,71088.0,76769.0,2,5842.0
80428,206.00,1681.00,5,2,10,10,2,8,6,21,91292.0,45926.0,66232.0,91292.0,90791.0,91292.0,0,0.0
80429,154.00,1462.00,5,2,10,10,2,8,6,21,63853.0,63574.0,63821.0,63853.0,64073.0,63853.0,4,220.0
80430,206.00,1613.00,5,2,10,10,2,8,6,21,80707.0,88424.0,78292.0,80707.0,80206.0,80707.0,1,7717.0
80431,206.00,1613.00,5,2,10,10,2,8,6,21,94241.0,84611.0,117636.0,94241.0,93743.0,94241.0,2,23395.0
80432,216.00,1655.00,5,2,10,10,2,8,6,21,118541.0,61306.0,123746.0,118541.0,118040.0,118541.0,2,5205.0
80433,154.00,1384.00,5,2,10,10,2,8,6,21,91783.0,99465.0,74661.0,91783.0,91783.0,91783.0,1,7682.0
80434,154.00,1384.00,5,2,10,10,2,8,6,21,62568.0,88564.0,70686.0,62568.0,62568.0,62568.0,1,25996.0
80435,154.00,1560.00,5,2,10,10,2,8,6,21,55779.0,92321.0,57395.0,55779.0,55779.0,55779.0,1,36542.0
80436,154.00,1391.00,5,2,10,10,2,8,6,21,40216.0,114022.0,42433.0,40216.0,40216.0,40216.0,1,73806.0
80437,154.00,1384.00,5,2,10,10,2,8,6,21,63610.0,64687.0,63998.0,63610.0,63610.0,63610.0,1,1077.0
80438,187.00,1516.00,5,2,10,10,2,8,6,21,71465.0,59677.0,65226.0,71465.0,73082.0,71465.0,4,1617.0
80439,206.00,1610.00,5,2,10,10,2,8,6,21,80965.0,43076.0,70603.0,80965.0,80466.0,80965.0,0,0.0
80440,206.00,1625.00,5,2,10,10,2,8,6,21,78291.0,92775.0,101428.0,78291.0,77767.0,78291.0,2,23137.0
80441,154.00,1279.00,5,1,11,10,2,8,6,21,45063.0,97243.0,35823.0,45063.0,45063.0,45063.0,1,52180.0
80442,154.00,1350.00,5,1,11,10,2,8,6,21,49851.0,90009.0,54167.0,49851.0,49851.0,49851.0,1,40158.0
80443,216.00,1662.00,5,2,10,10,2,8,6,21,80977.0,33496.0,83273.0,80977.0,80476.0,80977.0,2,2296.0
80444,206.00,1603.00,5,2,10,10,2,8,6,21,95181.0,93090.0,108620.0,95181.0,94683.0,95181.0,2,13439.0
80445,187.00,1509.00,5,2,10,10,2,8,6,21,69203.0,74946.0,63217.0,69203.0,46771.0,69203.0,1,5743.0
80446,187.00,1509.00,5,2,10,10,2,8,6,21,88981.0,27538.0,104035.0,88981.0,81003.0,88981.0,2,15054.0
80447,206.00,1612.00,5,2,10,10,2,8,6,21,85317.0,86437.0,85955.0,85344.0,84823.0,85317.0,1,1120.0
80448,216.00,1545.00,4,2,11,10,2,8,6,21,125836.0,119756.0,115453.0,125829.0,125288.0,125836.0,0,0.0
80449,154.00,1384.00,5,2,10,10,2,8,6,21,75173.0,91402.0,67940.0,75173.0,75173.0,75173.0,1,16229.0
80450,206.00,1603.00,5,2,10,10,2,8,6,21,108354.0,48673.0,119160.0,108354.0,107853.0,108354.0,2,10806.0
80451,187.00,1519.00,5,2,10,10,2,8,6,21,83009.0,107601.0,104282.0,83009.0,83228.0,83009.0,1,24592.0
80452,216.00,1662.00,5,2,10,10,2,8,6,21,127428.0,79009.0,130293.0,127428.0,126930.0,127428.0,2,2865.0
80453,154.00,1545.00,5,2,10,10,2,8,6,21,77097.0,97031.0,94435.0,77097.0,77097.0,77097.0,1,19934.0
80454,154.00,1462.00,5,2,10,10,2,8,6,21,81853.0,75899.0,99057.0,81853.0,82096.0,81853.0,2,17204.0
80455,187.00,1509.00,5,2,10,10,2,8,6,21,101906.0,78843.0,110116.0,101906.0,128786.0,101906.0,4,26880.0
80456,206.00,1613.00,5,2,10,10,2,8,6,21,118233.0,75312.0,117848.0,118233.0,117732.0,118233.0,0,0.0
80457,154.00,1474.00,5,2,10,10,2,8,6,21,55439.0,69947.0,60972.0,55439.0,55439.0,55439.0,1,14508.0
80458,154.00,1384.00,5,2,10,10,2,8,6,21,52208.0,56196.0,47331.0,52208.0,52208.0,52208.0,1,3988.0
80459,154.00,1560.00,5,2,10,10,2,8,6,21,60403.0,85599.0,98172.0,60403.0,60403.0,60403.0,2,37769.0
80460,187.00,1509.00,5,2,10,10,2,8,6,21,70513.0,86950.0,84011.0,70513.0,72025.0,70513.0,1,16437.0
80461,154.00,1384.00,5,2,10,10,2,8,6,21,44778.0,62433.0,40236.0,44778.0,44778.0,44778.0,1,17655.0
80462,154.00,1462.00,5,2,10,10,2,8,6,21,54790.0,133739.0,72079.0,54790.0,54999.0,54790.0,1,78949.0
80463,206.00,1681.00,5,2,10,10,2,8,6,21,132406.0,97678.0,128951.0,132406.0,131907.0,132406.0,0,0.0
80464,154.00,1384.00,5,2,10,10,2,8,6,21,97746.0,72403.0,94655.0,97746.0,97746.0,97746.0,0,0.0
80465,154.00,1388.00,5,2,10,10,2,8,6,21,33682.0,39601.0,28350.0,33682.0,33682.0,33682.0,1,5919.0
80466,216.00,1655.00,5,2,10,10,2,8,6,21,92629.0,92506.0,81640.0,92629.0,92128.0,92629.0,0,0.0
80467,154.00,1394.00,5,2,10,10,2,8,6,21,38173.0,62933.0,53454.0,38173.0,38173.0,38173.0,1,24760.0
80468,154.00,1384.00,5,2,10,10,2,8,6,21,69148.0,40837.0,66133.0,69148.0,69148.0,69148.0,0,0.0
80469,206.00,1603.00,5,2,10,10,2,8,6,21,82730.0,62367.0,104666.0,82730.0,82231.0,82730.0,2,21936.0
80470,154.00,1560.00,5,2,10,10,2,8,6,21,70185.0,75635.0,74356.0,70185.0,70185.0,70185.0,1,5450.0
80471,154.00,1474.00,5,2,10,10,2,8,6,21,95906.0,101464.0,72414.0,95906.0,95906.0,95906.0,1,5558.0
80472,206.00,1603.00,5,2,10,10,2,8,6,21,83126.0,108335.0,94431.0,83126.0,82625.0,83126.0,1,25209.0
80473,187.00,1667.00,5,2,10,10,2,8,6,21,83555.0,83054.0,82578.0,83555.0,69746.0,83555.0,0,0.0
80474,216.00,1655.00,5,2,10,10,2,8,6,21,63860.0,70651.0,97276.0,63860.0,63359.0,63860.0,2,33416.0
80475,154.00,1384.00,5,2,10,10,2,8,6,21,89441.0,121070.0,74804.0,89441.0,89441.0,89441.0,1,31629.0
80476,187.00,1512.00,5,2,10,10,2,8,6,21,114109.0,92037.0,112909.0,114109.0,131897.0,114109.0,4,17788.0
80477,206.00,1622.00,5,2,10,10,2,8,6,21,53992.0,85821.0,72330.0,53992.0,53496.0,53992.0,1,31829.0
80478,154.00,1546.00,5,2,10,10,2,8,6,21,69014.0,76590.0,68877.0,69014.0,69014.0,69014.0,1,7576.0
80479,154.00,1280.00,4,2,11,10,2,8,6,21,53370.0,91189.0,59932.0,53370.0,53370.0,53370.0,1,37819.0
80480,187.00,1516.00,5,2,10,10,2,8,6,21,125633.0,89924.0,127879.0,125633.0,139163.0,125633.0,4,13530.0
80481,154.00,1384.00,5,2,10,10,2,8,6,21,59865.0,79482.0,58557.0,59865.0,59865.0,59865.0,1,19617.0
80482,206.00,1681.00,5,2,10,10,2,8,6,21,105400.0,47626.0,100661.0,105400.0,104899.0,105400.0,0,0.0
80483,187.00,1509.00,5,2,10,10,2,8,6,21,78239.0,77735.0,67277.0,78239.0,81759.0,78239.0,4,3520.0
80484,187.00,1519.00,5,2,10,10,2,8,6,21,98500.0,62385.0,83083.0,98500.0,73479.0,98500.0,0,0.0
80485,206.00,1498.00,5,1,11,10,2,8,6,21,50122.0,52801.0,40395.0,50122.0,32508.0,50122.0,1,2679.0
80486,216.00,1662.00,5,2,10,10,2,8,6,21,113593.0,113101.0,91912.0,113593.0,113092.0,113593.0,0,0.0
80487,206.00,1498.00,5,1,11,10,2,8,6,21,55501.0,87496.0,53167.0,55507.0,54894.0,55501.0,1,31995.0
80488,216.00,1665.00,5,2,10,10,2,8,6,21,88265.0,59450.0,72014.0,88265.0,87767.0,88265.0,0,0.0
80489,187.00,1509.00,5,2,10,10,2,8,6,21,67734.0,95519.0,62833.0,67734.0,76423.0,67734.0,1,27785.0
80490,206.00,1570.00,4,2,11,10,2,8,6,21,80194.0,77971.0,91236.0,80194.0,79646.0,80194.0,2,11042.0
80491,154.00,1542.00,5,2,10,10,2,8,6,21,72928.0,65430.0,96259.0,72928.0,72928.0,72928.0,2,23331.0
80492,206.00,1603.00,5,2,10,10,2,8,6,21,109857.0,84907.0,94443.0,109857.0,109359.0,109857.0,0,0.0
80493,154.00,1384.00,5,2,10,10,2,8,6,21,71332.0,128015.0,72696.0,71332.0,71332.0,71332.0,1,56683.0
80494,154.00,1384.00,5,2,10,10,2,8,6,21,88448.0,55967.0,84070.0,88448.0,88448.0,88448.0,0,0.0
80495,216.00,1665.00,5,2,10,10,2,8,6,21,130096.0,142111.0,116670.0,130096.0,129595.0,130096.0,1,12015.0
80496,187.00,1509.00,5,2,10,10,2,8,6,21,70556.0,67696.0,73198.0,70556.0,83549.0,70556.0,4,12993.0
80497,206.00,1693.00,5,2,10,10,2,8,6,21,97287.0,82508.0,136176.0,97287.0,96786.0,97287.0,2,38889.0
80498,154.00,1546.00,5,2,10,10,2,8,6,21,94115.0,59433.0,61476.0,94115.0,94115.0,94115.0,0,0.0
80499,154.00,1542.00,5,2,10,10,2,8,6,21,97751.0,97250.0,98774.0,97751.0,97751.0,97751.0,2,1023.0
80500,154.00,1551.00,5,2,10,10,2,8,6,21,60488.0,54838.0,65894.0,60488.0,60488.0,60488.0,2,5406.0
80501,154.00,1391.00,5,2,10,10,2,8,6,21,63188.0,85929.0,68645.0,63188.0,63188.0,63188.0,1,22741.0
80502,154.00,1384.00,5,2,10,10,2,8,6,21,52049.0,75639.0,53188.0,52049.0,52049.0,52049.0,1,23590.0
80503,187.00,1528.00,5,2,10,10,2,8,6,21,60338.0,92822.0,68691.0,60338.0,75764.0,60338.0,1,32484.0
80504,187.00,1509.00,5,2,10,10,2,8,6,21,81601.0,95212.0,77272.0,81601.0,82529.0,81601.0,1,13611.0
80505,154.00,1388.00,5,2,10,10,2,8,6,21,84091.0,142262.0,71599.0,84091.0,84091.0,84091.0,1,58171.0
80506,187.00,1667.00,5,2,10,10,2,8,6,21,75902.0,61289.0,76087.0,75902.0,72885.0,75902.0,2,185.0
80507,206.00,1603.00,5,2,10,10,2,8,6,21,118339.0,56381.0,103814.0,118339.0,117841.0,118339.0,0,0.0
80508,154.00,1462.00,5,2,10,10,2,8,6,21,75958.0,57284.0,75285.0,75958.0,76200.0,75958.0,4,242.0
80509,187.00,1509.00,5,2,10,10,2,8,6,21,63468.0,88812.0,66340.0,63468.0,65057.0,63468.0,1,25344.0
80510,154.00,1357.00,5,1,11,10,2,8,6,21,64120.0,71264.0,64027.0,64120.0,64120.0,64120.0,1,7144.0
80511,187.00,1519.00,5,2,10,10,2,8,6,21,43105.0,47072.0,59742.0,43105.0,25232.0,43105.0,2,16637.0
80512,187.00,1519.00,5,2,10,10,2,8,6,21,75177.0,63979.0,43493.0,75177.0,89164.0,75177.0,4,13987.0
80513,216.00,1665.00,5,2,10,10,2,8,6,21,74714.0,83985.0,96665.0,74714.0,74213.0,74714.0,2,21951.0
80514,206.00,1693.00,5,2,10,10,2,8,6,21,88736.0,49655.0,98438.0,88736.0,88239.0,88736.0,2,9702.0
80515,154.00,1394.00,5,2,10,10,2,8,6,21,66271.0,94374.0,70281.0,66271.0,66271.0,66271.0,1,28103.0
80516,206.00,1603.00,5,2,10,10,2,8,6,21,88100.0,61282.0,75907.0,88100.0,87601.0,88100.0,0,0.0
80517,154.00,1388.00,5,2,10,10,2,8,6,21,54835.0,99476.0,91017.0,54835.0,54835.0,54835.0,1,44641.0
80518,216.00,1655.00,5,2,10,10,2,8,6,21,143564.0,83310.0,138260.0,143564.0,143065.0,143564.0,0,0.0
80519,216.00,1662.00,5,2,10,10,2,8,6,21,121997.0,57899.0,114764.0,121997.0,121496.0,121997.0,0,0.0
80520,206.00,1610.00,5,2,10,10,2,8,6,21,68748.0,56415.0,95544.0,68748.0,68249.0,68748.0,2,26796.0
80521,216.00,1662.00,5,2,10,10,2,8,6,21,87511.0,58872.0,74109.0,87511.0,87010.0,87511.0,0,0.0
80522,154.00,1403.00,5,2,10,10,2,8,6,21,33514.0,86929.0,31239.0,33514.0,33507.0,33514.0,1,53415.0
80523,154.00,1394.00,5,2,10,10,2,8,6,21,37422.0,81983.0,50852.0,37422.0,37422.0,37422.0,1,44561.0
80524,154.00,1273.00,5,1,11,10,2,8,6,21,62818.0,54389.0,79735.0,62818.0,62818.0,62818.0,2,16917.0
80525,187.00,1516.00,5,2,10,10,2,8,6,21,89513.0,82109.0,91323.0,89513.0,80139.0,89513.0,2,1810.0
80526,154.00,1384.00,5,2,10,10,2,8,6,21,58912.0,96095.0,44777.0,58912.0,58912.0,58912.0,1,37183.0
80527,216.00,1655.00,5,2,10,10,2,8,6,21,97105.0,76280.0,113652.0,97105.0,96604.0,97105.0,2,16547.0
80528,206.00,1610.00,5,2,10,10,2,8,6,21,39544.0,34944.0,60150.0,39544.0,39045.0,39544.0,2,20606.0
80529,216.00,1655.00,5,2,10,10,2,8,6,21,123127.0,122711.0,135881.0,123127.0,122629.0,123127.0,2,12754.0
80530,154.00,1542.00,5,2,10,10,2,8,6,21,71335.0,61710.0,60476.0,71335.0,71335.0,71335.0,0,0.0
80531,154.00,1560.00,5,2,10,10,2,8,6,21,76055.0,55720.0,60305.0,76055.0,76055.0,76055.0,0,0.0
80532,187.00,1509.00,5,2,10,10,2,8,6,21,44810.0,80129.0,44589.0,44810.0,77888.0,44810.0,1,35319.0
80533,187.00,1519.00,5,2,10,10,2,8,6,21,33812.0,21068.0,28522.0,33812.0,38182.0,33812.0,4,4370.0
80534,154.00,1394.00,5,2,10,10,2,8,6,21,36214.0,59554.0,55120.0,36214.0,36214.0,36214.0,1,23340.0
80535,216.00,1662.00,5,2,10,10,2,8,6,21,95865.0,68706.0,124447.0,95865.0,95364.0,95865.0,2,28582.0
80536,154.00,1394.00,5,2,10,10,2,8,6,21,29981.0,103648.0,67165.0,29981.0,29981.0,29981.0,1,73667.0
80537,154.00,1384.00,5,2,10,10,2,8,6,21,69363.0,88483.0,77119.0,69363.0,69363.0,69363.0,1,19120.0
80538,206.00,1577.00,4,2,11,10,2,8,6,21,114423.0,110644.0,107306.0,114423.0,113880.0,114423.0,0,0.0
80539,187.00,1516.00,5,2,10,10,2,8,6,21,85373.0,84869.0,51854.0,85373.0,91048.0,85373.0,4,5675.0
80540,206.00,1603.00,5,2,10,10,2,8,6,21,93173.0,121325.0,97352.0,93173.0,92672.0,93173.0,1,28152.0
80541,154.00,1384.00,5,2,10,10,2,8,6,21,57167.0,57028.0,64258.0,57167.0,57167.0,57167.0,2,7091.0
80542,154.00,1462.00,5,2,10,10,2,8,6,21,90995.0,67356.0,90093.0,90995.0,91235.0,90995.0,4,240.0
80543,154.00,1462.00,5,2,10,10,2,8,6,21,78169.0,106805.0,77334.0,78169.0,78413.0,78169.0,1,28636.0
80544,187.00,1509.00,5,2,10,10,2,8,6,21,47679.0,62438.0,49478.0,47679.0,39612.0,47679.0,1,14759.0
80545,206.00,1613.00,5,2,10,10,2,8,6,21,90083.0,78859.0,96854.0,90083.0,89582.0,90083.0,2,6771.0
80546,187.00,1670.00,5,2,10,10,2,8,6,21,70307.0,61828.0,69719.0,70307.0,69968.0,70307.0,0,0.0
80547,154.00,1551.00,5,2,10,10,2,8,6,21,76817.0,50157.0,61247.0,76817.0,76817.0,76817.0,0,0.0
80548,187.00,1509.00,5,2,10,10,2,8,6,21,47648.0,44608.0,78156.0,47648.0,47847.0,47648.0,2,30508.0
80549,216.00,1662.00,5,2,10,10,2,8,6,21,135194.0,96825.0,128905.0,135194.0,134695.0,135194.0,0,0.0
80550,216.00,1655.00,5,2,10,10,2,8,6,21,98274.0,106176.0,112296.0,98274.0,97773.0,98274.0,2,14022.0
80551,187.00,1553.00,4,2,11,10,2,8,6,21,96622.0,89060.0,95942.0,96622.0,108395.0,96622.0,4,11773.0
80552,206.00,1681.00,5,2,10,10,2,8,6,21,112655.0,66303.0,143103.0,112655.0,112157.0,112655.0,2,30448.0
80553,187.00,1509.00,5,2,10,10,2,8,6,21,87850.0,123643.0,90952.0,87850.0,62251.0,87850.0,1,35793.0
80554,187.00,1509.00,5,2,10,10,2,8,6,21,110727.0,70393.0,98741.0,110727.0,96256.0,110727.0,0,0.0
80555,154.00,1394.00,5,2,10,10,2,8,6,21,53692.0,96672.0,36079.0,53692.0,53692.0,53692.0,1,42980.0
80556,154.00,1462.00,5,2,10,10,2,8,6,21,83939.0,64645.0,82562.0,83939.0,83931.0,83939.0,0,0.0
80557,187.00,1676.00,5,2,10,10,2,8,6,21,147324.0,117745.0,141102.0,147324.0,95538.0,147324.0,0,0.0
80558,187.00,1516.00,5,2,10,10,2,8,6,21,122510.0,98699.0,120285.0,122510.0,117388.0,122510.0,0,0.0
80559,206.00,1603.00,5,2,10,10,2,8,6,21,116047.0,126611.0,95942.0,116047.0,115549.0,116047.0,1,10564.0
80560,154.00,1391.00,5,2,10,10,2,8,6,21,66280.0,132155.0,64922.0,66280.0,66280.0,66280.0,1,65875.0
80561,154.00,1542.00,5,2,10,10,2,8,6,21,74893.0,84125.0,64858.0,74893.0,74893.0,74893.0,1,9232.0
80562,206.00,1603.00,5,2,10,10,2,8,6,21,65163.0,64659.0,55641.0,65163.0,64659.0,65163.0,0,0.0
80563,187.00,1516.00,5,2,10,10,2,8,6,21,104252.0,100071.0,134455.0,104252.0,135796.0,104252.0,4,31544.0
80564,216.00,1655.00,5,2,10,10,2,8,6,21,87654.0,118039.0,81187.0,87654.0,87155.0,87654.0,1,30385.0
80565,206.00,1603.00,5,2,10,10,2,8,6,21,93279.0,85102.0,107358.0,93279.0,92781.0,93279.0,2,14079.0
80566,206.00,1603.00,5,2,10,10,2,8,6,21,58325.0,67431.0,96882.0,58325.0,57824.0,58325.0,2,38557.0
80567,154.00,1403.00,5,2,10,10,2,8,6,21,44637.0,34704.0,34115.0,44637.0,44630.0,44637.0,0,0.0
80568,206.00,1613.00,5,2,10,10,2,8,6,21,117723.0,69042.0,106656.0,117723.0,117222.0,117723.0,0,0.0
80569,187.00,1509.00,5,2,10,10,2,8,6,21,81352.0,109300.0,93344.0,81352.0,75991.0,81352.0,1,27948.0
80570,187.00,1528.00,5,2,10,10,2,8,6,21,105559.0,65922.0,98817.0,105559.0,60935.0,105559.0,0,0.0
80571,187.00,1676.00,5,2,10,10,2,8,6,21,92814.0,58152.0,135250.0,92814.0,113868.0,92814.0,2,42436.0
80572,187.00,1509.00,5,2,10,10,2,8,6,21,84051.0,83548.0,80058.0,84051.0,90808.0,84051.0,4,6757.0
80573,187.00,1516.00,5,2,10,10,2,8,6,21,91475.0,71294.0,74755.0,91475.0,87846.0,91475.0,0,0.0
80574,216.00,1655.00,5,2,10,10,2,8,6,21,125027.0,103577.0,104237.0,125027.0,124526.0,125027.0,0,0.0
80575,154.00,1546.00,5,2,10,10,2,8,6,21,56382.0,73852.0,55979.0,56382.0,56382.0,56382.0,1,17470.0
80576,206.00,1622.00,5,2,10,10,2,8,6,21,79989.0,90996.0,72780.0,79989.0,79493.0,79989.0,1,11007.0
80577,154.00,1391.00,5,2,10,10,2,8,6,21,38466.0,78812.0,71113.0,38466.0,38466.0,38466.0,1,40346.0
80578,216.00,1662.00,5,2,10,10,2,8,6,21,93152.0,48278.0,89892.0,93152.0,92651.0,93152.0,0,0.0
80579,187.00,1528.00,5,2,10,10,2,8,6,21,47232.0,33943.0,53722.0,47232.0,36478.0,47232.0,2,6490.0
80580,154.00,1384.00,5,2,10,10,2,8,6,21,74077.0,129500.0,73205.0,74077.0,74077.0,74077.0,1,55423.0
80581,206.00,1626.00,5,2,10,10,2,8,6,21,84753.0,121627.0,87257.0,84789.0,84259.0,84753.0,1,36874.0
80582,154.00,1551.00,5,2,10,10,2,8,6,21,69077.0,62352.0,85834.0,69077.0,69077.0,69077.0,2,16757.0
80583,187.00,1509.00,5,2,10,10,2,8,6,21,115132.0,114807.0,92554.0,115132.0,110638.0,115132.0,0,0.0
80584,206.00,1603.00,5,2,10,10,2,8,6,21,59084.0,69862.0,47688.0,59084.0,58583.0,59084.0,1,10778.0
80585,154.00,1391.00,5,2,10,10,2,8,6,21,44516.0,65189.0,37819.0,44516.0,44516.0,44516.0,1,20673.0
80586,187.00,1509.00,5,2,10,10,2,8,6,21,71618.0,105018.0,49998.0,71618.0,98086.0,71618.0,1,33400.0
80587,216.00,1655.00,5,2,10,10,2,8,6,21,80467.0,69158.0,74321.0,80467.0,79966.0,80467.0,0,0.0
80588,206.00,1603.00,5,2,10,10,2,8,6,21,86140.0,111954.0,91153.0,86140.0,85639.0,86140.0,1,25814.0
80589,154.00,1474.00,5,2,10,10,2,8,6,21,82921.0,81218.0,69291.0,82921.0,82921.0,82921.0,0,0.0
80590,154.00,1391.00,5,2,10,10,2,8,6,21,49750.0,84456.0,61997.0,49750.0,49750.0,49750.0,1,34706.0
80591,206.00,1390.00,4,1,12,10,2,8,6,21,109318.0,130811.0,105509.0,109318.0,109318.0,109318.0,1,21493.0
80592,206.00,1613.00,5,2,10,10,2,8,6,21,71644.0,71199.0,102736.0,71644.0,71143.0,71644.0,2,31092.0
80593,216.00,1662.00,5,2,10,10,2,8,6,21,128913.0,114845.0,113619.0,128913.0,128412.0,128913.0,0,0.0
80594,206.00,1603.00,5,2,10,10,2,8,6,21,102071.0,85420.0,94826.0,102071.0,101573.0,102071.0,0,0.0
80595,187.00,1516.00,5,2,10,10,2,8,6,21,69668.0,74392.0,68282.0,69668.0,57193.0,69668.0,1,4724.0
80596,206.00,1613.00,5,2,10,10,2,8,6,21,107560.0,75387.0,102316.0,107560.0,107059.0,107560.0,0,0.0
80597,216.00,1655.00,5,2,10,10,2,8,6,21,80235.0,107282.0,88256.0,80235.0,79737.0,80235.0,1,27047.0
80598,187.00,1509.00,5,2,10,10,2,8,6,21,89591.0,111317.0,76088.0,89591.0,103545.0,89591.0,1,21726.0
80599,154.00,1542.00,5,2,10,10,2,8,6,21,53547.0,38151.0,62942.0,53547.0,53547.0,53547.0,2,9395.0
80600,154.00,1465.00,5,2,10,10,2,8,6,21,77439.0,67892.0,92437.0,77439.0,77857.0,77439.0,2,14998.0
80601,154.00,1403.00,5,2,10,10,2,8,6,21,74073.0,51376.0,27646.0,74073.0,74121.0,74073.0,0,0.0
80602,206.00,1613.00,5,2,10,10,2,8,6,21,121150.0,88974.0,96409.0,121150.0,120652.0,121150.0,0,0.0
80603,187.00,1509.00,5,2,10,10,2,8,6,21,69039.0,74215.0,76293.0,69039.0,61272.0,69039.0,2,7254.0
80604,187.00,1509.00,5,2,10,10,2,8,6,21,57800.0,80886.0,67527.0,57800.0,54643.0,57800.0,1,23086.0
80605,187.00,1516.00,5,2,10,10,2,8,6,21,91499.0,109787.0,92190.0,91499.0,97438.0,91499.0,1,18288.0
80606,154.00,1542.00,5,2,10,10,2,8,6,21,100123.0,58041.0,91584.0,100123.0,100123.0,100123.0,0,0.0
80607,206.00,1610.00,5,2,10,10,2,8,6,21,42144.0,64457.0,36252.0,42144.0,41643.0,42144.0,1,22313.0
80608,187.00,1667.00,5,2,10,10,2,8,6,21,119734.0,104877.0,102744.0,119734.0,110861.0,119734.0,0,0.0
80609,206.00,1622.00,5,2,10,10,2,8,6,21,88873.0,46284.0,41643.0,88873.0,88373.0,88873.0,0,0.0
80610,154.00,1384.00,5,2,10,10,2,8,6,21,42572.0,49207.0,46176.0,42572.0,42572.0,42572.0,1,6635.0
80611,206.00,1693.00,5,2,10,10,2,8,6,21,101715.0,58772.0,78870.0,101715.0,101214.0,101715.0,0,0.0
80612,206.00,1603.00,5,2,10,10,2,8,6,21,115714.0,114151.0,127371.0,115714.0,115216.0,115714.0,2,11657.0
80613,154.00,1394.00,5,2,10,10,2,8,6,21,64368.0,41793.0,50622.0,64368.0,64368.0,64368.0,0,0.0
80614,187.00,1519.00,5,2,10,10,2,8,6,21,34591.0,57970.0,59341.0,34591.0,46188.0,34591.0,2,24750.0
80615,154.00,1542.00,5,2,10,10,2,8,6,21,80902.0,94600.0,56993.0,80902.0,80902.0,80902.0,1,13698.0
80616,187.00,1509.00,5,2,10,10,2,8,6,21,71738.0,108520.0,63089.0,71738.0,91543.0,71738.0,1,36782.0
80617,187.00,1519.00,5,2,10,10,2,8,6,21,88530.0,61616.0,95294.0,88530.0,94965.0,88530.0,2,6764.0
80618,206.00,1603.00,5,2,10,10,2,8,6,21,132988.0,132030.0,114959.0,132988.0,132487.0,132988.0,0,0.0
80619,187.00,1519.00,5,2,10,10,2,8,6,21,89910.0,83197.0,65811.0,89910.0,50531.0,89910.0,0,0.0
80620,187.00,1509.00,5,2,10,10,2,8,6,21,93809.0,139015.0,64755.0,93809.0,60784.0,93809.0,1,45206.0
80621,206.00,1622.00,5,2,10,10,2,8,6,21,43286.0,37742.0,55074.0,43286.0,42790.0,43286.0,2,11788.0
80622,154.00,1542.00,5,2,10,10,2,8,6,21,111117.0,95585.0,83093.0,111117.0,111117.0,111117.0,0,0.0
80623,154.00,1384.00,5,2,10,10,2,8,6,21,51121.0,128585.0,52878.0,51121.0,51121.0,51121.0,1,77464.0
80624,187.00,1516.00,5,2,10,10,2,8,6,21,61335.0,70921.0,50756.0,61335.0,69011.0,61335.0,1,9586.0
80625,206.00,1693.00,5,2,10,10,2,8,6,21,88061.0,55624.0,85624.0,88086.0,87563.0,88061.0,0,0.0
80626,206.00,1693.00,5,2,10,10,2,8,6,21,118936.0,39212.0,107142.0,118936.0,118440.0,118936.0,0,0.0
80627,206.00,1606.00,5,2,10,10,2,8,6,21,127593.0,50448.0,112057.0,127624.0,127097.0,127593.0,0,0.0
80628,206.00,1622.00,5,2,10,10,2,8,6,21,71637.0,61301.0,66234.0,71637.0,71136.0,71637.0,0,0.0
80629,154.00,1274.00,4,2,11,10,2,8,6,21,60606.0,85626.0,49537.0,60606.0,60606.0,60606.0,1,25020.0
80630,154.00,1384.00,5,2,10,10,2,8,6,21,29111.0,64326.0,56602.0,29111.0,29111.0,29111.0,1,35215.0
80631,216.00,1662.00,5,2,10,10,2,8,6,21,96672.0,61675.0,92034.0,96672.0,96173.0,96672.0,0,0.0
80632,216.00,1655.00,5,2,10,10,2,8,6,21,125990.0,52274.0,120269.0,125990.0,125489.0,125990.0,0,0.0
80633,187.00,1676.00,5,2,10,10,2,8,6,21,111149.0,100773.0,88429.0,111149.0,85068.0,111149.0,0,0.0
80634,187.00,1509.00,5,2,10,10,2,8,6,21,67821.0,75425.0,70058.0,67821.0,59406.0,67821.0,1,7604.0
80635,216.00,1655.00,5,2,10,10,2,8,6,21,65335.0,47668.0,65056.0,65335.0,64834.0,65335.0,0,0.0
80636,216.00,1658.00,5,2,10,10,2,8,6,21,73316.0,56048.0,71365.0,73280.0,72816.0,73316.0,0,0.0
80637,154.00,1542.00,5,2,10,10,2,8,6,21,82494.0,60165.0,76404.0,82494.0,82494.0,82494.0,0,0.0
80638,154.00,1384.00,5,2,10,10,2,8,6,21,71105.0,72024.0,58452.0,71105.0,71105.0,71105.0,1,919.0
80639,154.00,1391.00,5,2,10,10,2,8,6,21,25059.0,38470.0,31756.0,25059.0,25059.0,25059.0,1,13411.0
80640,206.00,1603.00,5,2,10,10,2,8,6,21,98514.0,93964.0,124567.0,98514.0,98016.0,98514.0,2,26053.0
80641,187.00,1509.00,4,2,11,10,2,8,6,21,73532.0,80179.0,65659.0,73532.0,86571.0,73532.0,4,13039.0
80642,206.00,1693.00,5,2,10,10,2,8,6,21,76353.0,75910.0,112107.0,76353.0,75853.0,76353.0,2,35754.0
80643,187.00,1509.00,5,2,10,10,2,8,6,21,62431.0,89730.0,61822.0,62431.0,64654.0,62431.0,1,27299.0
80644,187.00,1509.00,5,2,10,10,2,8,6,21,87281.0,66974.0,114451.0,87281.0,122367.0,87281.0,4,35086.0
80645,154.00,1391.00,5,2,10,10,2,8,6,21,69568.0,83776.0,79963.0,69568.0,69568.0,69568.0,1,14208.0
80646,154.00,1391.00,5,2,10,10,2,8,6,21,43663.0,109711.0,60046.0,43663.0,43663.0,43663.0,1,66048.0
80647,154.00,1462.00,5,2,10,10,2,8,6,21,98456.0,98180.0,96270.0,98456.0,98678.0,98456.0,4,222.0
80648,216.00,1655.00,5,2,10,10,2,8,6,21,94212.0,111520.0,96093.0,94212.0,93713.0,94212.0,1,17308.0
80649,216.00,1662.00,5,2,10,10,2,8,6,21,84765.0,37601.0,75097.0,84765.0,84266.0,84765.0,0,0.0
80650,154.00,1384.00,5,2,10,10,2,8,6,21,75164.0,59155.0,74288.0,75164.0,75164.0,75164.0,0,0.0
80651,216.00,1662.00,5,2,10,10,2,8,6,21,106039.0,41353.0,117446.0,106039.0,105540.0,106039.0,2,11407.0
80652,206.00,1603.00,5,2,10,10,2,8,6,21,99942.0,107016.0,64965.0,99942.0,99443.0,99942.0,1,7074.0
80653,216.00,1662.00,5,2,10,10,2,8,6,21,130150.0,91205.0,122617.0,130150.0,129651.0,130150.0,0,0.0
80654,187.00,1509.00,5,2,10,10,2,8,6,21,56155.0,45193.0,77537.0,56155.0,76998.0,56155.0,2,21382.0
80655,206.00,1613.00,5,2,10,10,2,8,6,21,89180.0,24229.0,66516.0,89180.0,88679.0,89180.0,0,0.0
80656,216.00,1665.00,5,2,10,10,2,8,6,21,134511.0,77407.0,139320.0,134511.0,134010.0,134511.0,2,4809.0
80657,187.00,1519.00,5,2,10,10,2,8,6,21,39497.0,55690.0,52119.0,39497.0,42352.0,39497.0,1,16193.0
80658,206.00,1499.00,4,2,11,10,2,8,6,21,82950.0,80046.0,97589.0,82954.0,82574.0,82950.0,2,14639.0
80659,187.00,1399.00,4,2,11,10,2,8,6,21,78657.0,87092.0,80616.0,78657.0,78657.0,78657.0,1,8435.0
80660,187.00,1509.00,5,2,10,10,2,8,6,21,43032.0,83503.0,69983.0,43032.0,75599.0,43032.0,1,40471.0
80661,216.00,1669.00,5,2,10,10,2,8,6,21,135737.0,130545.0,134296.0,135698.0,135236.0,135737.0,0,0.0
80662,206.00,1610.00,5,2,10,10,2,8,6,21,119845.0,131119.0,107949.0,119845.0,119344.0,119845.0,1,11274.0
80663,154.00,1551.00,5,2,10,10,2,8,6,21,55844.0,62630.0,65444.0,55844.0,55844.0,55844.0,2,9600.0
80664,187.00,1509.00,5,2,10,10,2,8,6,21,75231.0,88707.0,77311.0,75231.0,77707.0,75231.0,1,13476.0
80665,154.00,1384.00,5,2,10,10,2,8,6,21,53557.0,92560.0,51519.0,53557.0,53557.0,53557.0,1,39003.0
80666,216.00,1665.00,5,2,10,10,2,8,6,21,123149.0,107759.0,105258.0,123149.0,122648.0,123149.0,0,0.0
80667,206.00,1613.00,5,2,10,10,2,8,6,21,93919.0,71727.0,104967.0,93919.0,93418.0,93919.0,2,11048.0
80668,154.00,1384.00,5,2,10,10,2,8,6,21,64241.0,54346.0,54536.0,64241.0,64241.0,64241.0,0,0.0
80669,154.00,1384.00,5,2,10,10,2,8,6,21,87273.0,128297.0,81882.0,87273.0,87273.0,87273.0,1,41024.0
80670,216.00,1655.00,5,2,10,10,2,8,6,21,103768.0,116799.0,80818.0,103760.0,103223.0,103768.0,1,13031.0
80671,154.00,1394.00,5,2,10,10,2,8,6,21,68056.0,68140.0,49628.0,68056.0,68056.0,68056.0,1,84.0
80672,154.00,1387.00,5,2,10,10,2,8,6,21,60755.0,58927.0,39627.0,60755.0,60755.0,60755.0,0,0.0
80673,206.00,1622.00,5,2,10,10,2,8,6,21,71211.0,72780.0,88310.0,71211.0,70715.0,71211.0,2,17099.0
80674,154.00,1273.00,5,1,11,10,2,8,6,21,67869.0,67850.0,66784.0,67869.0,67869.0,67869.0,0,0.0
80675,216.00,1655.00,5,2,10,10,2,8,6,21,121239.0,49235.0,119170.0,121239.0,120744.0,121239.0,0,0.0
80676,187.00,1519.00,5,2,10,10,2,8,6,21,59891.0,104766.0,76882.0,59891.0,70323.0,59891.0,1,44875.0
80677,154.00,1391.00,5,2,10,10,2,8,6,21,52176.0,65372.0,66240.0,52176.0,52176.0,52176.0,2,14064.0
80678,206.00,1613.00,5,2,10,10,2,8,6,21,76819.0,69037.0,63397.0,76819.0,76321.0,76819.0,0,0.0
80679,154.00,1391.00,5,2,10,10,2,8,6,21,79348.0,99015.0,68660.0,79348.0,79348.0,79348.0,1,19667.0
80680,187.00,1509.00,5,2,10,10,2,8,6,21,107411.0,86824.0,90485.0,107411.0,96023.0,107411.0,0,0.0
80681,187.00,1509.00,5,2,10,10,2,8,6,21,84632.0,76043.0,82424.0,84632.0,82408.0,84632.0,0,0.0
80682,154.00,1542.00,5,2,10,10,2,8,6,21,109194.0,67477.0,88813.0,109194.0,109194.0,109194.0,0,0.0
80683,187.00,1509.00,5,2,10,10,2,8,6,21,80545.0,78760.0,91061.0,80545.0,102218.0,80545.0,4,21673.0
80684,206.00,1681.00,5,2,10,10,2,8,6,21,97571.0,59005.0,66007.0,97571.0,97070.0,97571.0,0,0.0
80685,154.00,1351.00,4,2,11,10,2,8,6,21,97790.0,130268.0,96648.0,97790.0,97790.0,97790.0,1,32478.0
80686,154.00,1384.00,5,2,10,10,2,8,6,21,73300.0,56002.0,98669.0,73300.0,73300.0,73300.0,2,25369.0
80687,154.00,1462.00,5,2,10,10,2,8,6,21,77178.0,55225.0,65326.0,77178.0,77399.0,77178.0,4,221.0
80688,206.00,1603.00,5,2,10,10,2,8,6,21,117855.0,101811.0,111019.0,117855.0,117354.0,117855.0,0,0.0
80689,154.00,1462.00,5,2,10,10,2,8,6,21,70172.0,97002.0,69406.0,70172.0,70388.0,70172.0,1,26830.0
80690,154.00,1391.00,5,2,10,10,2,8,6,21,60924.0,65642.0,59514.0,60924.0,60924.0,60924.0,1,4718.0
80691,216.00,1655.00,5,2,10,10,2,8,6,21,121246.0,95851.0,106278.0,121246.0,120747.0,121246.0,0,0.0
80692,154.00,1542.00,5,2,10,10,2,8,6,21,105080.0,68837.0,95982.0,105080.0,105080.0,105080.0,0,0.0
80693,154.00,1384.00,5,2,10,10,2,8,6,21,66994.0,87784.0,68250.0,66994.0,66994.0,66994.0,1,20790.0
80694,206.00,1493.00,4,2,11,10,2,8,6,21,103494.0,75079.0,103827.0,103494.0,103039.0,103494.0,2,333.0
80695,187.00,1509.00,5,2,10,10,2,8,6,21,91336.0,68378.0,77278.0,91336.0,76531.0,91336.0,0,0.0
80696,206.00,1603.00,5,2,10,10,2,8,6,21,79939.0,73675.0,64335.0,79939.0,79441.0,79939.0,0,0.0
80697,216.00,1655.00,5,2,10,10,2,8,6,21,78584.0,57986.0,82592.0,78584.0,78085.0,78584.0,2,4008.0
80698,187.00,1509.00,5,2,10,10,2,8,6,21,80257.0,94616.0,70608.0,80257.0,47698.0,80257.0,1,14359.0
80699,187.00,1412.00,4,2,11,10,2,8,6,21,90932.0,121933.0,83137.0,90932.0,65572.0,90932.0,1,31001.0
80700,154.00,1384.00,5,2,10,10,2,8,6,21,94795.0,57998.0,74128.0,94795.0,94795.0,94795.0,0,0.0
80701,216.00,1674.00,5,2,10,10,2,8,6,20,84297.0,43150.0,114170.0,84297.0,83796.0,84297.0,2,29873.0
80702,154.00,1382.00,5,2,10,10,2,8,6,21,85960.0,58660.0,115000.0,85960.0,85960.0,85960.0,2,29040.0
80703,187.00,1516.00,5,2,10,10,2,8,6,21,91387.0,98540.0,90963.0,91387.0,77421.0,91387.0,1,7153.0
80704,154.00,1384.00,5,2,10,10,2,8,6,21,72379.0,81978.0,76623.0,72379.0,72379.0,72379.0,1,9599.0
80705,154.00,1384.00,5,2,10,10,2,8,6,21,38767.0,56764.0,20837.0,38767.0,38767.0,38767.0,1,17997.0
80706,154.00,1391.00,5,2,10,10,2,8,6,21,63503.0,43506.0,67115.0,63503.0,63503.0,63503.0,2,3612.0
80707,206.00,1681.00,5,2,10,10,2,8,6,21,66097.0,43031.0,65758.0,66097.0,65599.0,66097.0,0,0.0
80708,206.00,1693.00,5,2,10,10,2,8,6,21,89387.0,103669.0,88293.0,89387.0,88886.0,89387.0,1,14282.0
80709,206.00,1603.00,5,2,10,10,2,8,6,21,79050.0,78248.0,73744.0,79050.0,78549.0,79050.0,0,0.0
80710,216.00,1662.00,5,2,10,10,2,8,6,21,106940.0,45774.0,104408.0,106940.0,106441.0,106940.0,0,0.0
80711,154.00,1462.00,5,2,10,10,2,8,6,21,101945.0,65889.0,100323.0,101945.0,102166.0,101945.0,4,221.0
80712,187.00,1441.00,4,2,11,10,2,8,6,21,102332.0,102041.0,83450.0,102332.0,89853.0,102332.0,0,0.0
80713,216.00,1655.00,5,2,10,10,2,8,6,21,75902.0,41525.0,75450.0,75902.0,75355.0,75902.0,0,0.0
80714,154.00,1384.00,5,2,10,10,2,8,6,21,36749.0,38333.0,57140.0,36749.0,36749.0,36749.0,2,20391.0
80715,154.00,1462.00,5,2,10,10,2,8,6,21,112945.0,56750.0,93085.0,112945.0,113162.0,112945.0,4,217.0
80716,154.00,1391.00,5,2,10,10,2,8,6,21,29845.0,72307.0,52016.0,29845.0,29845.0,29845.0,1,42462.0
80717,216.00,1665.00,5,2,10,10,2,8,6,21,95621.0,95162.0,81391.0,95621.0,95120.0,95621.0,0,0.0
80718,216.00,1662.00,5,2,10,10,2,8,6,21,140689.0,102738.0,127033.0,140689.0,140188.0,140689.0,0,0.0
80719,154.00,1542.00,5,2,10,10,2,8,6,21,89851.0,52124.0,71254.0,89851.0,89851.0,89851.0,0,0.0
80720,154.00,1384.00,5,2,10,10,2,8,6,21,76556.0,60618.0,61384.0,76556.0,76556.0,76556.0,0,0.0
80721,187.00,1509.00,5,2,10,10,2,8,6,21,108251.0,128313.0,93352.0,108251.0,101623.0,108251.0,1,20062.0
80722,206.00,1603.00,5,2,10,10,2,8,6,21,91589.0,85614.0,89934.0,91589.0,91090.0,91589.0,0,0.0
80723,216.00,1674.00,5,2,10,10,2,8,6,21,108475.0,119433.0,109193.0,108475.0,107974.0,108475.0,1,10958.0
80724,187.00,1519.00,5,2,10,10,2,8,6,21,61849.0,101981.0,90456.0,61849.0,79624.0,61849.0,1,40132.0
80725,216.00,1665.00,5,2,10,10,2,8,6,21,95645.0,55387.0,96383.0,95645.0,95146.0,95645.0,2,738.0
80726,187.00,1509.00,5,2,10,10,2,8,6,21,55906.0,82681.0,55337.0,55906.0,53571.0,55906.0,1,26775.0
80727,216.00,1662.00,5,2,10,10,2,8,6,21,119572.0,114407.0,96646.0,119572.0,119071.0,119572.0,0,0.0
80728,187.00,1404.00,5,1,11,10,2,8,6,21,86915.0,72573.0,87696.0,86915.0,108159.0,86915.0,4,21244.0
80729,216.00,1665.00,5,2,10,10,2,8,6,21,135776.0,99161.0,119157.0,135776.0,135277.0,135776.0,0,0.0
80730,216.00,1655.00,5,2,10,10,2,8,6,21,128805.0,128439.0,115225.0,128805.0,128306.0,128805.0,0,0.0
80731,187.00,1519.00,5,2,10,10,2,8,6,21,80109.0,124988.0,68243.0,80109.0,73473.0,80109.0,1,44879.0
80732,187.00,1509.00,5,2,10,10,2,8,6,21,49862.0,77090.0,53667.0,49862.0,37825.0,49862.0,1,27228.0
80733,187.00,1519.00,4,2,11,10,2,8,6,21,68713.0,96643.0,44656.0,68713.0,64054.0,68713.0,1,27930.0
80734,187.00,1516.00,5,2,10,10,2,8,6,21,91683.0,90129.0,100445.0,91683.0,89443.0,91683.0,2,8762.0
80735,187.00,1516.00,5,2,10,10,2,8,6,21,83431.0,80378.0,78184.0,83431.0,95271.0,83431.0,4,11840.0
80736,187.00,1509.00,5,2,10,10,2,8,6,21,92856.0,95766.0,105762.0,92856.0,93823.0,92856.0,2,12906.0
80737,154.00,1384.00,5,2,10,10,2,8,6,21,49796.0,103841.0,69317.0,49796.0,49796.0,49796.0,1,54045.0
80738,154.00,1384.00,5,2,10,10,2,8,6,21,71378.0,81795.0,80324.0,71378.0,71378.0,71378.0,1,10417.0
80739,154.00,1551.00,5,2,10,10,2,8,6,21,65421.0,75861.0,54120.0,65421.0,65421.0,65421.0,1,10440.0
80740,154.00,1384.00,5,2,10,10,2,8,6,21,60511.0,117762.0,56978.0,60511.0,60511.0,60511.0,1,57251.0
80741,187.00,1516.00,5,2,10,10,2,8,6,21,78744.0,93981.0,79968.0,78744.0,76142.0,78744.0,1,15237.0
80742,154.00,1384.00,5,2,10,10,2,8,6,21,50708.0,64418.0,40586.0,50708.0,50708.0,50708.0,1,13710.0
80743,206.00,1613.00,5,2,10,10,2,8,6,21,88966.0,61922.0,68009.0,88966.0,88468.0,88966.0,0,0.0
80744,154.00,1384.00,5,2,10,10,2,8,6,21,90147.0,85176.0,90896.0,90147.0,90147.0,90147.0,2,749.0
80745,206.00,1613.00,5,2,10,10,2,8,6,21,94269.0,123329.0,77892.0,94269.0,93771.0,94269.0,1,29060.0
80746,206.00,1610.00,5,2,10,10,2,8,6,21,78204.0,66019.0,74757.0,78204.0,77705.0,78204.0,0,0.0
80747,206.00,1681.00,5,2,10,10,2,8,6,21,91508.0,86274.0,99969.0,91508.0,91009.0,91508.0,2,8461.0
80748,206.00,1613.00,5,2,10,10,2,8,6,21,83498.0,57874.0,105594.0,83498.0,82997.0,83498.0,2,22096.0
80749,187.00,1509.00,5,2,10,10,2,8,6,21,88520.0,113138.0,97752.0,88520.0,82073.0,88520.0,1,24618.0
80750,187.00,1516.00,5,2,10,10,2,8,6,21,74021.0,65736.0,83926.0,74021.0,82872.0,74021.0,2,9905.0
80751,154.00,1384.00,5,2,10,10,2,8,6,21,43369.0,50252.0,75677.0,43369.0,43369.0,43369.0,2,32308.0
80752,206.00,1603.00,4,2,11,10,2,8,6,21,84756.0,77423.0,76211.0,84756.0,84242.0,84756.0,0,0.0
80753,154.00,1384.00,5,2,10,10,2,8,6,21,59190.0,84601.0,73513.0,59190.0,59190.0,59190.0,1,25411.0
80754,206.00,1613.00,5,2,10,10,2,8,6,21,50131.0,104125.0,71589.0,50131.0,49630.0,50131.0,1,53994.0
80755,154.00,1464.00,5,2,10,10,2,8,6,21,109225.0,84320.0,83871.0,109225.0,109472.0,109225.0,4,247.0
80756,154.00,1388.00,5,2,10,10,2,8,6,21,70446.0,47274.0,69712.0,70446.0,70446.0,70446.0,0,0.0
80757,187.00,1667.00,5,2,10,10,2,8,6,21,79061.0,78560.0,79805.0,79061.0,86221.0,79061.0,4,7160.0
80758,216.00,1665.00,5,2,10,10,2,8,6,21,118260.0,116886.0,112040.0,118260.0,117759.0,118260.0,0,0.0
80759,187.00,1676.00,5,2,10,10,2,8,6,21,90367.0,105564.0,92214.0,90367.0,74481.0,90367.0,1,15197.0
80760,216.00,1665.00,5,2,10,10,2,8,6,21,91331.0,61244.0,93062.0,91331.0,90832.0,91331.0,2,1731.0
80761,187.00,1509.00,5,2,10,10,2,8,6,21,84566.0,65910.0,63567.0,84566.0,84536.0,84566.0,0,0.0
80762,206.00,1610.00,5,2,10,10,2,8,6,21,51586.0,70366.0,28221.0,51586.0,51135.0,51586.0,1,18780.0
80763,187.00,1516.00,5,2,10,10,2,8,6,21,124159.0,65087.0,101768.0,124159.0,114040.0,124159.0,0,0.0
80764,206.00,1603.00,5,2,10,10,2,8,6,21,30235.0,69332.0,37195.0,30235.0,29737.0,30235.0,1,39097.0
80765,216.00,1550.00,5,1,11,10,2,8,6,21,136065.0,127533.0,124757.0,136065.0,135520.0,136065.0,0,0.0
80766,216.00,1665.00,5,2,10,10,2,8,6,21,117161.0,97757.0,118846.0,117161.0,116663.0,117161.0,2,1685.0
80767,154.00,1394.00,5,2,10,10,2,8,6,21,67794.0,64139.0,54896.0,67794.0,67794.0,67794.0,0,0.0
80768,206.00,1610.00,5,2,10,10,2,8,6,21,97565.0,120951.0,86312.0,97565.0,97064.0,97565.0,1,23386.0
80769,154.00,1384.00,5,2,10,10,2,8,6,21,44406.0,67326.0,57756.0,44406.0,44406.0,44406.0,1,22920.0
80770,154.00,1394.00,5,2,10,10,2,8,6,21,63771.0,46071.0,53730.0,63771.0,63771.0,63771.0,0,0.0
80771,154.00,1403.00,5,2,10,10,2,8,6,21,47043.0,74525.0,47379.0,47043.0,35329.0,47043.0,1,27482.0
80772,206.00,1603.00,5,2,10,10,2,8,6,21,87812.0,109788.0,74546.0,87812.0,87314.0,87812.0,1,21976.0
80773,216.00,1655.00,5,2,10,10,2,8,6,21,85608.0,83870.0,75165.0,85608.0,85109.0,85608.0,0,0.0
80774,216.00,1665.00,5,2,10,10,2,8,6,21,82295.0,61257.0,109900.0,82295.0,81797.0,82295.0,2,27605.0
80775,154.00,1391.00,5,2,10,10,2,8,6,21,76189.0,49224.0,70708.0,76189.0,76189.0,76189.0,0,0.0
80776,154.00,1542.00,5,2,10,10,2,8,6,21,92111.0,126545.0,90246.0,92111.0,92111.0,92111.0,1,34434.0
80777,154.00,1542.00,5,2,10,10,2,8,6,21,75466.0,121786.0,89470.0,75466.0,75466.0,75466.0,1,46320.0
80778,154.00,1384.00,5,2,10,10,2,8,6,21,45236.0,34829.0,54088.0,45236.0,45236.0,45236.0,2,8852.0
80779,154.00,1384.00,5,2,10,10,2,8,6,21,61765.0,107442.0,67063.0,61765.0,61765.0,61765.0,1,45677.0
80780,154.00,1551.00,5,2,10,10,2,8,6,21,69163.0,68706.0,77839.0,69163.0,69163.0,69163.0,2,8676.0
80781,187.00,1399.00,4,2,11,10,2,8,6,21,110310.0,115832.0,74167.0,110310.0,110310.0,110310.0,1,5522.0
80782,206.00,1610.00,5,2,10,10,2,8,6,21,81651.0,92187.0,74082.0,81651.0,81152.0,81651.0,1,10536.0
80783,154.00,1542.00,5,2,10,10,2,8,6,21,73555.0,36724.0,74575.0,73555.0,73555.0,73555.0,2,1020.0
80784,187.00,1667.00,5,2,10,10,2,8,6,21,61909.0,75016.0,60979.0,61909.0,61203.0,61909.0,1,13107.0
80785,154.00,1391.00,5,2,10,10,2,8,6,21,79035.0,93801.0,77380.0,79035.0,79035.0,79035.0,1,14766.0
80786,154.00,1384.00,5,2,10,10,2,8,6,21,40144.0,61058.0,39059.0,40144.0,40144.0,40144.0,1,20914.0
80787,187.00,1519.00,5,2,10,10,2,8,6,21,84184.0,81919.0,93910.0,84184.0,72366.0,84184.0,2,9726.0
80788,187.00,1516.00,5,2,10,10,2,8,6,21,119048.0,99107.0,117787.0,119048.0,108313.0,119048.0,0,0.0
80789,154.00,1384.00,5,2,10,10,2,8,6,21,89739.0,87625.0,74920.0,89739.0,89739.0,89739.0,0,0.0
80790,154.00,1542.00,5,2,10,10,2,8,6,21,59780.0,38716.0,69936.0,59780.0,59780.0,59780.0,2,10156.0
80791,206.00,1603.00,5,2,10,10,2,8,6,21,102753.0,106205.0,55564.0,102753.0,102252.0,102753.0,1,3452.0
80792,206.00,1622.00,5,2,10,10,2,8,6,21,80174.0,39379.0,80081.0,80174.0,79677.0,80174.0,0,0.0
80793,154.00,1560.00,5,2,10,10,2,8,6,21,82778.0,83470.0,65560.0,82778.0,82778.0,82778.0,1,692.0
80794,154.00,1394.00,5,2,10,10,2,8,6,21,67825.0,63540.0,67720.0,67825.0,67825.0,67825.0,0,0.0
80795,206.00,1617.00,5,2,10,10,2,8,6,21,100655.0,116617.0,85602.0,100655.0,100157.0,100655.0,1,15962.0
80796,206.00,1603.00,5,2,10,10,2,8,6,21,68751.0,77110.0,70740.0,68751.0,68252.0,68751.0,1,8359.0
80797,154.00,1384.00,5,2,10,10,2,8,6,21,45437.0,106773.0,54639.0,45437.0,45437.0,45437.0,1,61336.0
80798,154.00,1563.00,5,2,10,10,2,8,6,21,65583.0,91075.0,88299.0,65583.0,65614.0,65583.0,1,25492.0
80799,206.00,1603.00,5,2,10,10,2,8,6,21,124778.0,66435.0,109124.0,124778.0,124277.0,124778.0,0,0.0
80800,216.00,1655.00,5,2,10,10,2,8,6,21,96867.0,68554.0,89681.0,96867.0,96366.0,96867.0,0,0.0
80801,154.00,1394.00,5,2,10,10,2,8,6,21,37244.0,90963.0,42157.0,37244.0,37244.0,37244.0,1,53719.0
80802,154.00,1384.00,5,2,10,10,2,8,6,21,77408.0,75880.0,65721.0,77408.0,77408.0,77408.0,0,0.0
80803,154.00,1394.00,5,2,10,10,2,8,6,21,49738.0,50404.0,65684.0,49738.0,49738.0,49738.0,2,15946.0
80804,187.00,1509.00,5,2,10,10,2,8,6,21,86996.0,77912.0,105701.0,86996.0,85761.0,86996.0,2,18705.0
80805,187.00,1516.00,5,2,10,10,2,8,6,21,117202.0,111698.0,114453.0,117202.0,94510.0,117202.0,0,0.0
80806,216.00,1550.00,5,1,11,10,2,8,6,21,74907.0,66094.0,91746.0,74907.0,74360.0,74907.0,2,16839.0
80807,154.00,1560.00,5,2,10,10,2,8,6,21,68042.0,58509.0,63874.0,68042.0,68042.0,68042.0,0,0.0
80808,206.00,1603.00,5,2,10,10,2,8,6,21,105796.0,90690.0,80230.0,105796.0,105298.0,105796.0,0,0.0
80809,154.00,1394.00,5,2,10,10,2,8,6,21,83936.0,97869.0,74773.0,83936.0,83936.0,83936.0,1,13933.0
80810,154.00,1462.00,5,2,10,10,2,8,6,21,70079.0,65095.0,60020.0,70079.0,70302.0,70079.0,4,223.0
80811,216.00,1662.00,5,2,10,10,2,8,6,21,93734.0,65635.0,96800.0,93734.0,93235.0,93734.0,2,3066.0
80812,154.00,1462.00,5,2,10,10,2,8,6,21,126168.0,67593.0,124171.0,126168.0,126411.0,126168.0,4,243.0
80813,154.00,1551.00,5,2,10,10,2,8,6,21,68910.0,87211.0,71339.0,68910.0,68910.0,68910.0,1,18301.0
80814,187.00,1667.00,5,2,10,10,2,8,6,21,106596.0,123564.0,120137.0,106596.0,91102.0,106596.0,1,16968.0
80815,216.00,1551.00,4,2,11,10,2,8,6,21,113118.0,83610.0,75773.0,113118.0,112570.0,113118.0,0,0.0
80816,154.00,1462.00,5,2,10,10,2,8,6,21,63049.0,80916.0,53901.0,63049.0,63263.0,63049.0,1,17867.0
80817,206.00,1610.00,5,2,10,10,2,8,6,21,60326.0,47131.0,79660.0,60326.0,59825.0,60326.0,2,19334.0
80818,206.00,1681.00,5,2,10,10,2,8,6,21,90479.0,90221.0,74316.0,90479.0,89941.0,90479.0,0,0.0
80819,206.00,1610.00,5,2,10,10,2,8,6,21,93212.0,71086.0,100389.0,93212.0,92711.0,93212.0,2,7177.0
80820,154.00,1277.00,4,2,11,10,2,8,6,21,51276.0,45085.0,47982.0,51276.0,51276.0,51276.0,0,0.0
80821,154.00,1394.00,5,2,10,10,2,8,6,21,21940.0,85255.0,62081.0,21940.0,21940.0,21940.0,1,63315.0
80822,154.00,1391.00,5,2,10,10,2,8,6,21,72916.0,84944.0,74600.0,72916.0,72916.0,72916.0,1,12028.0
80823,187.00,1398.00,5,1,11,10,2,8,6,21,74767.0,79177.0,69412.0,74767.0,74767.0,74767.0,1,4410.0
80824,187.00,1667.00,5,2,10,10,2,8,6,21,97252.0,93599.0,84165.0,97252.0,116561.0,97252.0,4,19309.0
80825,154.00,1384.00,5,2,10,10,2,8,6,21,70901.0,84747.0,55428.0,70901.0,70901.0,70901.0,1,13846.0
80826,206.00,1610.00,5,2,10,10,2,8,6,21,86223.0,57174.0,93361.0,86223.0,85724.0,86223.0,2,7138.0
80827,187.00,1509.00,5,2,10,10,2,8,6,21,60875.0,28822.0,65952.0,60875.0,51889.0,60875.0,2,5077.0
80828,206.00,1610.00,5,2,10,10,2,8,6,21,94254.0,79077.0,110005.0,94254.0,93756.0,94254.0,2,15751.0
80829,154.00,1560.00,5,2,10,10,2,8,6,21,60804.0,58549.0,53683.0,60804.0,60804.0,60804.0,0,0.0
80830,216.00,1655.00,5,2,10,10,2,8,6,21,57758.0,61028.0,94593.0,57758.0,57257.0,57758.0,2,36835.0
80831,154.00,1384.00,5,2,10,10,2,8,6,21,54406.0,47148.0,49403.0,54406.0,54406.0,54406.0,0,0.0
80832,154.00,1279.00,5,1,11,10,2,8,6,21,46286.0,60399.0,75035.0,46286.0,46286.0,46286.0,2,28749.0
80833,154.00,1384.00,5,2,10,10,2,8,6,21,64979.0,65346.0,68530.0,64979.0,64979.0,64979.0,2,3551.0
80834,154.00,1391.00,5,2,10,10,2,8,6,21,42641.0,126645.0,64161.0,42641.0,42641.0,42641.0,1,84004.0
80835,206.00,1603.00,5,2,10,10,2,8,6,21,112820.0,135727.0,63123.0,112820.0,112325.0,112820.0,1,22907.0
80836,206.00,1603.00,5,2,10,10,2,8,6,21,94467.0,81570.0,99459.0,94467.0,93966.0,94467.0,2,4992.0
80837,154.00,1394.00,5,2,10,10,2,8,6,21,56678.0,60718.0,61125.0,56678.0,56678.0,56678.0,2,4447.0
80838,216.00,1655.00,5,2,10,10,2,8,6,21,90020.0,89516.0,110418.0,90020.0,89519.0,90020.0,2,20398.0
80839,206.00,1610.00,5,2,10,10,2,8,6,21,67261.0,116181.0,80097.0,67261.0,66760.0,67261.0,1,48920.0
80840,187.00,1509.00,5,2,10,10,2,8,6,21,73624.0,88177.0,82696.0,73624.0,116627.0,73624.0,4,43003.0
80841,216.00,1655.00,5,2,10,10,2,8,6,21,93730.0,93226.0,57979.0,93730.0,93232.0,93730.0,0,0.0
80842,187.00,1676.00,5,2,10,10,2,8,6,21,108184.0,70263.0,106916.0,108184.0,100026.0,108184.0,0,0.0
80843,206.00,1681.00,5,2,10,10,2,8,6,21,78312.0,30625.0,91375.0,78312.0,77811.0,78312.0,2,13063.0
80844,216.00,1655.00,5,2,10,10,2,8,6,21,81103.0,95223.0,79748.0,81103.0,80602.0,81103.0,1,14120.0
80845,187.00,1509.00,5,2,10,10,2,8,6,21,91938.0,91409.0,115631.0,91938.0,98303.0,91938.0,2,23693.0
80846,154.00,1542.00,5,2,10,10,2,8,6,21,64547.0,85417.0,61100.0,64547.0,64547.0,64547.0,1,20870.0
80847,187.00,1667.00,5,2,10,10,2,8,6,21,93054.0,89202.0,92214.0,93054.0,119030.0,93054.0,4,25976.0
80848,216.00,1655.00,5,2,10,10,2,8,6,21,127427.0,96332.0,123619.0,127427.0,126926.0,127427.0,0,0.0
80849,206.00,1610.00,5,2,10,10,2,8,6,21,55781.0,33780.0,56844.0,55781.0,55280.0,55781.0,2,1063.0
80850,187.00,1509.00,5,2,10,10,2,8,6,21,54214.0,99702.0,72886.0,54214.0,95967.0,54214.0,1,45488.0
80851,206.00,1681.00,5,2,10,10,2,8,6,21,104366.0,116866.0,104404.0,104366.0,103868.0,104366.0,1,12500.0
80852,187.00,1509.00,5,2,10,10,2,8,6,21,66114.0,84513.0,60649.0,66114.0,58467.0,66114.0,1,18399.0
80853,154.00,1384.00,5,2,10,10,2,8,6,21,82189.0,73581.0,69488.0,82189.0,82189.0,82189.0,0,0.0
80854,216.00,1655.00,5,2,10,10,2,8,6,21,108813.0,81762.0,113128.0,108813.0,108312.0,108813.0,2,4315.0
80855,154.00,1560.00,5,2,10,10,2,8,6,21,60868.0,78318.0,56193.0,60868.0,60868.0,60868.0,1,17450.0
80856,187.00,1516.00,5,2,10,10,2,8,6,21,40197.0,71903.0,42327.0,40197.0,43487.0,40197.0,1,31706.0
80857,216.00,1655.00,5,2,10,10,2,8,6,21,118231.0,117766.0,106110.0,118231.0,117730.0,118231.0,0,0.0
80858,216.00,1662.00,5,2,10,10,2,8,6,21,98992.0,101499.0,102017.0,98992.0,98493.0,98992.0,2,3025.0
80859,187.00,1516.00,5,2,10,10,2,8,6,21,91686.0,67640.0,98049.0,91686.0,107346.0,91686.0,4,15660.0
80860,206.00,1603.00,5,2,10,10,2,8,6,21,41076.0,68795.0,47534.0,41076.0,40575.0,41076.0,1,27719.0
80861,216.00,1655.00,5,2,10,10,2,8,6,21,112475.0,63290.0,110754.0,112475.0,111974.0,112475.0,0,0.0
80862,206.00,1681.00,5,2,10,10,2,8,6,21,83474.0,61423.0,82945.0,83474.0,82973.0,83474.0,0,0.0
80863,154.00,1384.00,5,2,10,10,2,8,6,21,70773.0,44771.0,65621.0,70773.0,70773.0,70773.0,0,0.0
80864,187.00,1516.00,5,2,10,10,2,8,6,21,134059.0,68245.0,110276.0,134059.0,116203.0,134059.0,0,0.0
80865,154.00,1560.00,5,2,10,10,2,8,6,21,56869.0,60958.0,65652.0,56869.0,56869.0,56869.0,2,8783.0
80866,154.00,1391.00,5,2,10,10,2,8,6,21,59388.0,93187.0,59841.0,59388.0,59388.0,59388.0,1,33799.0
80867,206.00,1603.00,5,2,10,10,2,8,6,21,87538.0,80018.0,89408.0,87538.0,87037.0,87538.0,2,1870.0
80868,187.00,1528.00,5,2,10,10,2,8,6,21,86308.0,72444.0,74453.0,86308.0,89936.0,86308.0,4,3628.0
80869,206.00,1603.00,5,2,10,10,2,8,6,21,77448.0,87846.0,52522.0,77448.0,76950.0,77448.0,1,10398.0
80870,187.00,1509.00,5,2,10,10,2,8,6,21,63908.0,80229.0,86948.0,63908.0,91561.0,63908.0,4,27653.0
80871,154.00,1551.00,5,2,10,10,2,8,6,21,60365.0,49576.0,61625.0,60365.0,60365.0,60365.0,2,1260.0
80872,187.00,1398.00,5,1,11,10,2,8,6,21,122113.0,114396.0,114791.0,122113.0,122113.0,122113.0,0,0.0
80873,154.00,1384.00,5,2,10,10,2,8,6,21,83041.0,81841.0,77163.0,83041.0,83041.0,83041.0,0,0.0
80874,206.00,1603.00,5,2,10,10,2,8,6,21,72941.0,77784.0,72733.0,72941.0,72440.0,72941.0,1,4843.0
80875,187.00,1516.00,5,2,10,10,2,8,6,21,85085.0,48030.0,104665.0,85085.0,106055.0,85085.0,4,20970.0
80876,187.00,1404.00,5,1,11,10,2,8,6,21,63139.0,107329.0,67843.0,63139.0,48683.0,63139.0,1,44190.0
80877,206.00,1603.00,5,2,10,10,2,8,6,21,108809.0,116176.0,95601.0,108809.0,108308.0,108809.0,1,7367.0
80878,216.00,1655.00,5,2,10,10,2,8,6,21,121779.0,65596.0,107113.0,121779.0,121278.0,121779.0,0,0.0
80879,216.00,1662.00,5,2,10,10,2,8,6,21,125008.0,69801.0,117427.0,125008.0,124509.0,125008.0,0,0.0
80880,154.00,1542.00,5,2,10,10,2,8,6,21,66682.0,65513.0,69014.0,66682.0,66682.0,66682.0,2,2332.0
80881,206.00,1603.00,5,2,10,10,2,8,6,21,97047.0,74348.0,111886.0,97047.0,96548.0,97047.0,2,14839.0
80882,216.00,1655.00,5,2,10,10,2,8,6,21,85161.0,131788.0,84418.0,85161.0,84617.0,85161.0,1,46627.0
80883,154.00,1384.00,5,2,10,10,2,8,6,21,69146.0,88699.0,64247.0,69146.0,69146.0,69146.0,1,19553.0
80884,154.00,1391.00,5,2,10,10,2,8,6,21,89040.0,81832.0,61139.0,89040.0,89040.0,89040.0,0,0.0
80885,154.00,1394.00,5,2,10,10,2,8,6,21,31256.0,83295.0,22997.0,31256.0,31256.0,31256.0,1,52039.0
80886,154.00,1384.00,5,2,10,10,2,8,6,21,76420.0,94933.0,79194.0,76420.0,76420.0,76420.0,1,18513.0
80887,154.00,1391.00,5,2,10,10,2,8,6,21,52704.0,61645.0,51899.0,52704.0,52704.0,52704.0,1,8941.0
80888,206.00,1681.00,5,2,10,10,2,8,6,21,124037.0,106261.0,123263.0,124037.0,123536.0,124037.0,0,0.0
80889,187.00,1516.00,5,2,10,10,2,8,6,21,111835.0,45794.0,112231.0,111835.0,115193.0,111835.0,4,3358.0
80890,206.00,1693.00,5,2,10,10,2,8,6,21,146656.0,128583.0,140873.0,146656.0,146160.0,146656.0,0,0.0
80891,154.00,1384.00,5,2,10,10,2,8,6,21,75205.0,79230.0,87292.0,75205.0,75205.0,75205.0,2,12087.0
80892,154.00,1384.00,5,2,10,10,2,8,6,21,93183.0,94372.0,87441.0,93183.0,93183.0,93183.0,1,1189.0
80893,154.00,1394.00,5,2,10,10,2,8,6,21,73296.0,80807.0,53305.0,73296.0,73296.0,73296.0,1,7511.0
80894,216.00,1665.00,5,2,10,10,2,8,6,21,107351.0,84712.0,70813.0,107351.0,106853.0,107351.0,0,0.0
80895,206.00,1498.00,5,1,11,10,2,8,6,21,63809.0,58802.0,67449.0,63815.0,58427.0,63809.0,2,3640.0
80896,154.00,1394.00,5,2,10,10,2,8,6,21,31449.0,81475.0,56128.0,31449.0,31449.0,31449.0,1,50026.0
80897,187.00,1516.00,5,2,10,10,2,8,6,21,85655.0,113688.0,88681.0,85655.0,73219.0,85655.0,1,28033.0
80898,187.00,1513.00,5,2,10,10,2,8,6,21,30745.0,63620.0,40159.0,30745.0,35253.0,30745.0,1,32875.0
80899,187.00,1516.00,5,2,10,10,2,8,6,21,104891.0,96545.0,102079.0,104891.0,104610.0,104891.0,0,0.0
80900,154.00,1384.00,5,2,10,10,2,8,6,21,31885.0,41122.0,40835.0,31885.0,31885.0,31885.0,1,9237.0
80901,216.00,1674.00,5,2,10,10,2,8,6,21,140129.0,123392.0,123810.0,140129.0,139635.0,140129.0,0,0.0
80902,216.00,1655.00,5,2,10,10,2,8,6,21,103459.0,92751.0,98815.0,103459.0,102958.0,103459.0,0,0.0
80903,216.00,1662.00,5,2,10,10,2,8,6,21,97172.0,104358.0,101007.0,97172.0,96673.0,97172.0,1,7186.0
80904,187.00,1399.00,4,2,11,10,2,8,6,21,68734.0,104210.0,55087.0,68734.0,68734.0,68734.0,1,35476.0
80905,154.00,1462.00,5,2,10,10,2,8,6,21,55313.0,87459.0,71951.0,55313.0,55519.0,55313.0,1,32146.0
80906,154.00,1551.00,5,2,10,10,2,8,6,21,76726.0,53732.0,76914.0,76726.0,76726.0,76726.0,2,188.0
80907,187.00,1509.00,5,2,10,10,2,8,6,21,89579.0,87896.0,91546.0,89579.0,85315.0,89579.0,2,1967.0
80908,206.00,1613.00,5,2,10,10,2,8,6,21,106609.0,94391.0,124089.0,106609.0,106110.0,106609.0,2,17480.0
80909,187.00,1667.00,5,2,10,10,2,8,6,21,84248.0,55830.0,102643.0,84248.0,85076.0,84248.0,2,18395.0
80910,216.00,1587.00,4,2,11,10,2,8,6,21,95748.0,94347.0,123546.0,95748.0,95262.0,95748.0,2,27798.0
80911,154.00,1398.00,5,2,10,10,2,8,6,21,72610.0,36906.0,67290.0,72610.0,72610.0,72610.0,0,0.0
80912,154.00,1391.00,5,2,10,10,2,8,6,21,69226.0,75177.0,45519.0,69226.0,69226.0,69226.0,1,5951.0
80913,216.00,1674.00,5,2,10,10,2,8,6,21,104011.0,105365.0,111182.0,104011.0,103511.0,104011.0,2,7171.0
80914,154.00,1462.00,5,2,10,10,2,8,6,21,72657.0,56446.0,84219.0,72657.0,72904.0,72657.0,2,11562.0
80915,187.00,1509.00,5,2,10,10,2,8,6,21,88162.0,70956.0,89005.0,88162.0,82778.0,88162.0,2,843.0
80916,154.00,1462.00,5,2,10,10,2,8,6,21,74007.0,67932.0,73334.0,74007.0,74261.0,74007.0,4,254.0
80917,154.00,1391.00,5,2,10,10,2,8,6,21,88324.0,84924.0,65922.0,88324.0,88324.0,88324.0,0,0.0
80918,206.00,1613.00,5,2,10,10,2,8,6,21,104101.0,61057.0,86834.0,104101.0,103600.0,104101.0,0,0.0
80919,154.00,1443.00,5,1,11,10,2,8,6,21,47608.0,76200.0,50114.0,47608.0,47604.0,47608.0,1,28592.0
80920,154.00,1384.00,5,2,10,10,2,8,6,21,89765.0,64552.0,71230.0,89765.0,89765.0,89765.0,0,0.0
80921,206.00,1610.00,5,2,10,10,2,8,6,21,82645.0,44471.0,69368.0,82645.0,82146.0,82645.0,0,0.0
80922,187.00,1509.00,5,2,10,10,2,8,6,21,102123.0,60589.0,107316.0,102123.0,111993.0,102123.0,4,9870.0
80923,154.00,1358.00,4,2,11,10,2,8,6,21,58934.0,63624.0,63009.0,58934.0,58934.0,58934.0,1,4690.0
80924,154.00,1384.00,5,2,10,10,2,8,6,21,71875.0,59112.0,60112.0,71875.0,71875.0,71875.0,0,0.0
80925,154.00,1394.00,5,2,10,10,2,8,6,21,48908.0,51230.0,44813.0,48908.0,48908.0,48908.0,1,2322.0
80926,154.00,1462.00,5,2,10,10,2,8,6,21,74203.0,79552.0,70003.0,74203.0,74421.0,74203.0,1,5349.0
80927,216.00,1655.00,5,2,10,10,2,8,6,21,85772.0,123459.0,83245.0,85772.0,85271.0,85772.0,1,37687.0
80928,154.00,1560.00,5,2,10,10,2,8,6,21,58703.0,61657.0,89791.0,58703.0,58703.0,58703.0,2,31088.0
80929,206.00,1603.00,5,2,10,10,2,8,6,21,103188.0,73810.0,99779.0,103188.0,102687.0,103188.0,0,0.0
80930,154.00,1384.00,5,2,10,10,2,8,6,21,76845.0,84161.0,73893.0,76845.0,76845.0,76845.0,1,7316.0
80931,154.00,1464.00,5,2,10,10,2,8,6,21,89153.0,109250.0,66747.0,89153.0,89371.0,89153.0,1,20097.0
80932,187.00,1667.00,5,2,10,10,2,8,6,21,88531.0,127200.0,87330.0,88531.0,134744.0,88531.0,4,46213.0
80933,154.00,1384.00,5,2,10,10,2,8,6,21,69991.0,101757.0,67880.0,69991.0,69991.0,69991.0,1,31766.0
80934,206.00,1681.00,5,2,10,10,2,8,6,21,151382.0,150869.0,144004.0,151382.0,150884.0,151382.0,0,0.0
80935,187.00,1509.00,5,2,10,10,2,8,6,21,66372.0,86718.0,38751.0,66372.0,62224.0,66372.0,1,20346.0
80936,206.00,1603.00,5,2,10,10,2,8,6,21,71441.0,44789.0,82311.0,71441.0,70940.0,71441.0,2,10870.0
80937,216.00,1665.00,5,2,10,10,2,8,6,21,90294.0,86551.0,104314.0,90294.0,89796.0,90294.0,2,14020.0
80938,187.00,1667.00,5,2,10,10,2,8,6,21,100766.0,67898.0,99912.0,100766.0,113003.0,100766.0,4,12237.0
80939,154.00,1474.00,5,2,10,10,2,8,6,21,62633.0,89182.0,59195.0,62633.0,62633.0,62633.0,1,26549.0
80940,154.00,1384.00,5,2,10,10,2,8,6,21,61968.0,84991.0,68938.0,61968.0,61968.0,61968.0,1,23023.0
80941,154.00,1403.00,5,2,10,10,2,8,6,21,62688.0,81975.0,22909.0,62688.0,62681.0,62688.0,1,19287.0
80942,154.00,1391.00,5,2,10,10,2,8,6,21,73242.0,73653.0,69680.0,73242.0,73242.0,73242.0,1,411.0
80943,187.00,1676.00,5,2,10,10,2,8,6,21,77100.0,101266.0,75479.0,77100.0,77090.0,77100.0,1,24166.0
80944,216.00,1655.00,5,2,10,10,2,8,6,21,105141.0,108672.0,117514.0,105141.0,104643.0,105141.0,2,12373.0
80945,187.00,1509.00,5,2,10,10,2,8,6,21,55589.0,65338.0,81251.0,55589.0,62430.0,55589.0,2,25662.0
80946,154.00,1384.00,5,2,10,10,2,8,6,21,68041.0,50902.0,62952.0,68041.0,68041.0,68041.0,0,0.0
80947,154.00,1474.00,5,2,10,10,2,8,6,21,68490.0,70930.0,58040.0,68490.0,68490.0,68490.0,1,2440.0
80948,154.00,1465.00,5,2,10,10,2,8,6,21,67088.0,88593.0,70531.0,67088.0,102800.0,67088.0,4,35712.0
80949,206.00,1603.00,5,2,10,10,2,8,6,21,102823.0,82711.0,86059.0,102823.0,102322.0,102823.0,0,0.0
80950,187.00,1399.00,4,2,11,10,2,8,6,21,79468.0,121344.0,74993.0,79468.0,79468.0,79468.0,1,41876.0
80951,187.00,1528.00,5,2,10,10,2,8,6,21,88974.0,82333.0,103607.0,88974.0,87238.0,88974.0,2,14633.0
80952,154.00,1384.00,5,2,10,10,2,8,6,21,51190.0,67592.0,54348.0,51190.0,51190.0,51190.0,1,16402.0
80953,154.00,1462.00,5,2,10,10,2,8,6,21,64139.0,70214.0,83724.0,64139.0,64363.0,64139.0,2,19585.0
80954,187.00,1519.00,5,2,10,10,2,8,6,21,88530.0,93608.0,83510.0,88530.0,75331.0,88530.0,1,5078.0
80955,187.00,1512.00,5,2,10,10,2,8,6,21,57691.0,46453.0,37883.0,57691.0,38489.0,57691.0,0,0.0
80956,216.00,1664.00,5,2,10,10,2,8,6,21,111433.0,106542.0,113921.0,111403.0,110908.0,111433.0,2,2488.0
80957,154.00,1474.00,5,2,10,10,2,8,6,21,65758.0,83874.0,63212.0,65758.0,65758.0,65758.0,1,18116.0
80958,154.00,1462.00,5,2,10,10,2,8,6,21,64195.0,63106.0,63177.0,64195.0,64187.0,64195.0,0,0.0
80959,206.00,1603.00,5,2,10,10,2,8,6,21,96468.0,60700.0,107791.0,96468.0,95967.0,96468.0,2,11323.0
80960,206.00,1603.00,5,2,10,10,2,8,6,21,44170.0,67536.0,61934.0,44170.0,43669.0,44170.0,1,23366.0
80961,206.00,1681.00,5,2,10,10,2,8,6,21,73268.0,78814.0,66740.0,73277.0,72732.0,73268.0,1,5546.0
80962,187.00,1516.00,5,2,10,10,2,8,6,21,87512.0,80584.0,83248.0,87512.0,91205.0,87512.0,4,3693.0
80963,216.00,1674.00,5,2,10,10,2,8,6,21,136737.0,70143.0,137742.0,136737.0,136240.0,136737.0,2,1005.0
80964,216.00,1665.00,5,2,10,10,2,8,6,21,118835.0,123067.0,84472.0,118835.0,118337.0,118835.0,1,4232.0
80965,206.00,1603.00,5,2,10,10,2,8,6,21,44200.0,58749.0,33708.0,44200.0,43701.0,44200.0,1,14549.0
80966,206.00,1697.00,5,2,10,10,2,8,6,21,140605.0,67320.0,136299.0,140634.0,140107.0,140605.0,0,0.0
80967,187.00,1509.00,5,2,10,10,2,8,6,21,64407.0,65799.0,64577.0,64407.0,61148.0,64407.0,1,1392.0
80968,206.00,1693.00,5,2,10,10,2,8,6,21,91465.0,58690.0,92068.0,91465.0,90968.0,91465.0,2,603.0
80969,154.00,1542.00,5,2,10,10,2,8,6,21,68186.0,62127.0,72234.0,68186.0,68186.0,68186.0,2,4048.0
80970,154.00,1384.00,5,2,10,10,2,8,6,21,75704.0,82291.0,73189.0,75704.0,75704.0,75704.0,1,6587.0
80971,154.00,1384.00,5,2,10,10,2,8,6,21,61232.0,75762.0,59533.0,61232.0,61232.0,61232.0,1,14530.0
80972,206.00,1603.00,5,2,10,10,2,8,6,21,86113.0,142488.0,90885.0,86113.0,85614.0,86113.0,1,56375.0
80973,154.00,1394.00,5,2,10,10,2,8,6,21,55628.0,91798.0,34307.0,55628.0,55628.0,55628.0,1,36170.0
80974,206.00,1622.00,5,2,10,10,2,8,6,21,56949.0,107478.0,56369.0,56949.0,56448.0,56949.0,1,50529.0
80975,206.00,1613.00,5,2,10,10,2,8,6,21,85979.0,109325.0,70110.0,85979.0,85478.0,85979.0,1,23346.0
80976,187.00,1399.00,4,2,11,10,2,8,6,21,39858.0,55132.0,74789.0,39858.0,39858.0,39858.0,2,34931.0
80977,154.00,1391.00,5,2,10,10,2,8,6,21,75542.0,34955.0,85689.0,75542.0,75542.0,75542.0,2,10147.0
80978,154.00,1462.00,5,2,10,10,2,8,6,21,83299.0,84977.0,69427.0,83299.0,83561.0,83299.0,1,1678.0
80979,154.00,1462.00,5,2,10,10,2,8,6,21,70000.0,59314.0,73971.0,70000.0,70254.0,70000.0,2,3971.0
80980,206.00,1613.00,5,2,10,10,2,8,6,21,95874.0,37574.0,95313.0,95874.0,95373.0,95874.0,0,0.0
80981,206.00,1603.00,5,2,10,10,2,8,6,21,104778.0,102569.0,109460.0,104778.0,104277.0,104778.0,2,4682.0
80982,216.00,1655.00,5,2,10,10,2,8,6,21,71384.0,58086.0,86879.0,71384.0,70885.0,71384.0,2,15495.0
80983,187.00,1516.00,5,2,10,10,2,8,6,21,78131.0,66628.0,82182.0,78131.0,90391.0,78131.0,4,12260.0
80984,154.00,1551.00,5,2,10,10,2,8,6,21,106692.0,70834.0,56907.0,106692.0,106692.0,106692.0,0,0.0
80985,206.00,1613.00,5,2,10,10,2,8,6,21,95296.0,92350.0,99591.0,95296.0,94798.0,95296.0,2,4295.0
80986,154.00,1542.00,5,2,10,10,2,8,6,21,88566.0,113552.0,66881.0,88566.0,88566.0,88566.0,1,24986.0
80987,206.00,1613.00,4,2,11,10,2,8,6,21,99095.0,93416.0,96245.0,99092.0,98822.0,99095.0,0,0.0
80988,154.00,1384.00,5,2,10,10,2,8,6,21,74113.0,74396.0,69262.0,74113.0,74113.0,74113.0,1,283.0
80989,154.00,1324.00,4,2,11,10,2,8,6,21,51012.0,61722.0,50814.0,51012.0,51012.0,51012.0,1,10710.0
80990,154.00,1391.00,5,2,10,10,2,8,6,21,40920.0,61644.0,52126.0,40920.0,40920.0,40920.0,1,20724.0
80991,216.00,1662.00,5,2,10,10,2,8,6,21,113328.0,75976.0,113937.0,113328.0,112827.0,113328.0,2,609.0
80992,216.00,1655.00,5,2,10,10,2,8,6,21,87170.0,116484.0,65999.0,87170.0,86672.0,87170.0,1,29314.0
80993,154.00,1394.00,5,2,10,10,2,8,6,21,41584.0,97297.0,45954.0,41584.0,41584.0,41584.0,1,55713.0
80994,216.00,1665.00,5,2,10,10,2,8,6,21,99674.0,87068.0,90489.0,99674.0,99173.0,99674.0,0,0.0
80995,187.00,1519.00,5,2,10,10,2,8,6,21,82005.0,63986.0,66857.0,82005.0,87754.0,82005.0,4,5749.0
80996,206.00,1498.00,5,1,11,10,2,8,6,21,87200.0,67295.0,68430.0,87200.0,67232.0,87200.0,0,0.0
80997,206.00,1610.00,5,2,10,10,2,8,6,21,76408.0,56032.0,90780.0,76408.0,75909.0,76408.0,2,14372.0
80998,206.00,1681.00,5,2,10,10,2,8,6,21,90396.0,128612.0,105403.0,90396.0,89895.0,90396.0,1,38216.0
80999,187.00,1676.00,5,2,10,10,2,8,6,21,126062.0,125994.0,142191.0,126062.0,102286.0,126062.0,2,16129.0
81000,187.00,1509.00,5,2,10,10,2,8,6,21,47197.0,46693.0,64529.0,47197.0,58051.0,47197.0,2,17332.0
81001,154.00,1391.00,5,2,10,10,2,8,6,21,71965.0,84116.0,70657.0,71965.0,71965.0,71965.0,1,12151.0
81002,154.00,1403.00,5,2,10,10,2,8,6,21,39167.0,128636.0,49855.0,39167.0,39227.0,39167.0,1,89469.0
81003,154.00,1316.00,4,2,11,10,2,8,6,21,34858.0,47387.0,64111.0,34858.0,34858.0,34858.0,2,29253.0
81004,154.00,1394.00,5,2,10,10,2,8,6,21,49129.0,80197.0,41169.0,49129.0,49129.0,49129.0,1,31068.0
81005,206.00,1681.00,5,2,10,10,2,8,6,21,82089.0,68635.0,62679.0,82089.0,81590.0,82089.0,0,0.0
81006,206.00,1499.00,4,2,11,10,2,8,6,21,106835.0,107050.0,93452.0,106826.0,106258.0,106835.0,1,215.0
81007,154.00,1462.00,5,2,10,10,2,8,6,21,116452.0,146254.0,115273.0,116452.0,116693.0,116452.0,1,29802.0
81008,154.00,1397.00,5,2,10,10,2,8,6,21,64659.0,42021.0,61100.0,64659.0,64659.0,64659.0,0,0.0
81009,206.00,1613.00,5,2,10,10,2,8,6,21,64910.0,109120.0,78792.0,64910.0,64412.0,64910.0,1,44210.0
81010,187.00,1509.00,5,2,10,10,2,8,6,21,36662.0,84182.0,39978.0,36662.0,35962.0,36662.0,1,47520.0
81011,154.00,1273.00,5,1,11,10,2,8,6,21,52051.0,76271.0,55064.0,52051.0,52051.0,52051.0,1,24220.0
81012,206.00,1613.00,5,2,10,10,2,8,6,21,96769.0,41322.0,68208.0,96769.0,96271.0,96769.0,0,0.0
81013,216.00,1655.00,5,2,10,10,2,8,6,21,87024.0,112593.0,70577.0,87024.0,86526.0,87024.0,1,25569.0
81014,206.00,1681.00,5,2,10,10,2,8,6,21,93218.0,91226.0,125300.0,93218.0,92720.0,93218.0,2,32082.0
81015,154.00,1391.00,5,2,10,10,2,8,6,21,65213.0,23517.0,70989.0,65213.0,65213.0,65213.0,2,5776.0
81016,187.00,1509.00,5,2,10,10,2,8,6,21,82934.0,126716.0,54634.0,82934.0,81177.0,82934.0,1,43782.0
81017,187.00,1528.00,5,2,10,10,2,8,6,21,57479.0,70719.0,57335.0,57479.0,69300.0,57479.0,1,13240.0
81018,154.00,1394.00,5,2,10,10,2,8,6,21,78551.0,107363.0,51093.0,78551.0,78551.0,78551.0,1,28812.0
81019,154.00,1542.00,5,2,10,10,2,8,6,21,67596.0,50232.0,57984.0,67596.0,67596.0,67596.0,0,0.0
81020,154.00,1474.00,5,2,10,10,2,8,6,21,74410.0,91576.0,73780.0,74410.0,74410.0,74410.0,1,17166.0
81021,206.00,1603.00,5,2,10,10,2,8,6,21,77032.0,73144.0,80555.0,77032.0,76533.0,77032.0,2,3523.0
81022,206.00,1603.00,5,2,10,10,2,8,6,21,96796.0,109584.0,108561.0,96796.0,96295.0,96796.0,1,12788.0
81023,154.00,1551.00,5,2,10,10,2,8,6,21,65676.0,21964.0,75418.0,65676.0,65676.0,65676.0,2,9742.0
81024,154.00,1542.00,5,2,10,10,2,8,6,21,76679.0,63984.0,83778.0,76679.0,76679.0,76679.0,2,7099.0
81025,154.00,1384.00,5,2,10,10,2,8,6,21,77605.0,103474.0,72393.0,77605.0,77605.0,77605.0,1,25869.0
81026,206.00,1681.00,5,2,10,10,2,8,6,21,100772.0,87482.0,118722.0,100772.0,100274.0,100772.0,2,17950.0
81027,206.00,1603.00,5,2,10,10,2,8,6,21,106651.0,97400.0,94079.0,106651.0,106153.0,106651.0,0,0.0
81028,154.00,1394.00,5,2,10,10,2,8,6,21,33979.0,72411.0,33393.0,33979.0,33979.0,33979.0,1,38432.0
81029,206.00,1693.00,5,2,10,10,2,8,6,21,83510.0,67287.0,81570.0,83510.0,83010.0,83510.0,0,0.0
81030,154.00,1384.00,5,2,10,10,2,8,6,21,52466.0,69730.0,48201.0,52466.0,52466.0,52466.0,1,17264.0
81031,154.00,1462.00,5,2,10,10,2,8,6,21,75316.0,79331.0,56747.0,75316.0,75533.0,75316.0,1,4015.0
81032,187.00,1509.00,5,2,10,10,2,8,6,21,115949.0,129887.0,92603.0,115949.0,95968.0,115949.0,1,13938.0
81033,154.00,1551.00,5,2,10,10,2,8,6,21,69346.0,78770.0,65454.0,69346.0,69346.0,69346.0,1,9424.0
81034,154.00,1551.00,5,2,10,10,2,8,6,21,64476.0,63843.0,80160.0,64476.0,64476.0,64476.0,2,15684.0
81035,154.00,1462.00,5,2,10,10,2,8,6,21,60037.0,94429.0,76413.0,60037.0,60029.0,60037.0,1,34392.0
81036,206.00,1613.00,5,2,10,10,2,8,6,21,59539.0,55676.0,59868.0,59539.0,59041.0,59539.0,2,329.0
81037,216.00,1662.00,5,2,10,10,2,8,6,21,110671.0,110821.0,110052.0,110671.0,110170.0,110671.0,1,150.0
81038,206.00,1693.00,5,2,10,10,2,8,6,21,115325.0,52461.0,114039.0,115325.0,114829.0,115325.0,0,0.0
81039,216.00,1665.00,5,2,10,10,2,8,6,21,111417.0,116573.0,78673.0,111417.0,110919.0,111417.0,1,5156.0
81040,187.00,1516.00,5,2,10,10,2,8,6,21,123569.0,110430.0,88734.0,123569.0,105839.0,123569.0,0,0.0
81041,187.00,1509.00,5,2,10,10,2,8,6,21,33487.0,55216.0,31635.0,33487.0,34275.0,33487.0,1,21729.0
81042,154.00,1542.00,5,2,10,10,2,8,6,21,58371.0,97846.0,68462.0,58371.0,58371.0,58371.0,1,39475.0
81043,216.00,1655.00,5,2,10,10,2,8,6,21,63713.0,102285.0,68143.0,63713.0,63215.0,63713.0,1,38572.0
81044,154.00,1477.00,5,2,10,10,2,8,6,21,78093.0,80513.0,73731.0,78093.0,78093.0,78093.0,1,2420.0
81045,187.00,1516.00,5,2,10,10,2,8,6,21,134883.0,87966.0,87752.0,134883.0,86482.0,134883.0,0,0.0
81046,216.00,1655.00,5,2,10,10,2,8,6,21,81834.0,120497.0,68269.0,81834.0,81336.0,81834.0,1,38663.0
81047,154.00,1384.00,5,2,10,10,2,8,6,21,57849.0,67337.0,50976.0,57849.0,57849.0,57849.0,1,9488.0
81048,206.00,1622.00,5,2,10,10,2,8,6,21,102507.0,103469.0,100092.0,102522.0,101975.0,102507.0,1,962.0
81049,187.00,1516.00,5,2,10,10,2,8,6,21,89349.0,101352.0,81955.0,89349.0,93098.0,89349.0,1,12003.0
81050,154.00,1391.00,5,2,10,10,2,8,6,21,46651.0,92403.0,57110.0,46651.0,46651.0,46651.0,1,45752.0
81051,216.00,1655.00,5,2,10,10,2,8,6,21,113703.0,52942.0,118869.0,113703.0,113202.0,113703.0,2,5166.0
81052,154.00,1391.00,5,2,10,10,2,8,6,21,23483.0,101241.0,24021.0,23483.0,23483.0,23483.0,1,77758.0
81053,187.00,1519.00,5,2,10,10,2,8,6,21,66705.0,92614.0,62981.0,66705.0,52905.0,66705.0,1,25909.0
81054,206.00,1614.00,4,2,11,10,2,8,6,21,73068.0,89886.0,100319.0,73070.0,72526.0,73068.0,2,27251.0
81055,187.00,1509.00,5,2,10,10,2,8,6,21,65022.0,46645.0,77831.0,65022.0,80260.0,65022.0,4,15238.0
81056,154.00,1384.00,5,2,10,10,2,8,6,21,84276.0,107896.0,90225.0,84276.0,84276.0,84276.0,1,23620.0
81057,154.00,1274.00,4,2,11,10,2,8,6,21,68800.0,69488.0,100050.0,68800.0,68800.0,68800.0,2,31250.0
81058,154.00,1427.00,5,1,11,10,2,8,6,21,51647.0,126463.0,54447.0,51647.0,51867.0,51647.0,1,74816.0
81059,154.00,1384.00,5,2,10,10,2,8,6,21,77437.0,67166.0,67665.0,77437.0,77437.0,77437.0,0,0.0
81060,187.00,1509.00,5,2,10,10,2,8,6,21,62285.0,100212.0,65826.0,62285.0,94538.0,62285.0,1,37927.0
81061,187.00,1516.00,5,2,10,10,2,8,6,21,100265.0,103102.0,97548.0,100265.0,105620.0,100265.0,4,5355.0
81062,187.00,1509.00,5,2,10,10,2,8,6,21,61447.0,96719.0,89419.0,61447.0,86668.0,61447.0,1,35272.0
81063,154.00,1560.00,5,2,10,10,2,8,6,21,63666.0,83110.0,60933.0,63666.0,63666.0,63666.0,1,19444.0
81064,206.00,1622.00,5,2,10,10,2,8,6,21,76933.0,52250.0,91098.0,76933.0,76432.0,76933.0,2,14165.0
81065,216.00,1655.00,5,2,10,10,2,8,6,21,96409.0,85232.0,96351.0,96409.0,95908.0,96409.0,0,0.0
81066,216.00,1655.00,5,2,10,10,2,8,6,21,125159.0,115532.0,116168.0,125159.0,124658.0,125159.0,0,0.0
81067,154.00,1384.00,5,2,10,10,2,8,6,21,55525.0,95447.0,31302.0,55525.0,55525.0,55525.0,1,39922.0
81068,206.00,1681.00,5,2,10,10,2,8,6,21,87706.0,87554.0,99870.0,87706.0,87207.0,87706.0,2,12164.0
81069,216.00,1655.00,5,2,10,10,2,8,6,21,125912.0,51436.0,124140.0,125912.0,125411.0,125912.0,0,0.0
81070,206.00,1613.00,5,2,10,10,2,8,6,21,85182.0,60398.0,84060.0,85182.0,84684.0,85182.0,0,0.0
81071,154.00,1542.00,5,2,10,10,2,8,6,21,81234.0,115548.0,74880.0,81234.0,81234.0,81234.0,1,34314.0
81072,206.00,1603.00,5,2,10,10,2,8,6,21,88082.0,71237.0,98601.0,88082.0,87581.0,88082.0,2,10519.0
81073,154.00,1542.00,5,2,10,10,2,8,6,21,89876.0,89375.0,100063.0,89876.0,89876.0,89876.0,2,10187.0
81074,154.00,1384.00,5,2,10,10,2,8,6,21,60913.0,59928.0,66798.0,60913.0,60913.0,60913.0,2,5885.0
81075,154.00,1462.00,5,2,10,10,2,8,6,21,76237.0,115659.0,76427.0,76237.0,76478.0,76237.0,1,39422.0
81076,187.00,1509.00,5,2,10,10,2,8,6,21,100759.0,94656.0,103513.0,100759.0,89634.0,100759.0,2,2754.0
81077,154.00,1384.00,4,2,11,10,2,8,6,21,65882.0,58244.0,79785.0,65882.0,65882.0,65882.0,2,13903.0
81078,154.00,1406.00,5,2,10,10,2,8,6,21,37508.0,101391.0,53187.0,37508.0,37496.0,37508.0,1,63883.0
81079,206.00,1613.00,5,2,10,10,2,8,6,21,92749.0,64915.0,105029.0,92773.0,92209.0,92749.0,2,12280.0
81080,216.00,1655.00,5,2,10,10,2,8,6,21,141451.0,114476.0,122282.0,141451.0,140950.0,141451.0,0,0.0
81081,154.00,1384.00,5,2,10,10,2,8,6,21,101065.0,79056.0,93830.0,101065.0,101065.0,101065.0,0,0.0
81082,206.00,1613.00,5,2,10,10,2,8,6,21,107025.0,105454.0,108609.0,107025.0,106527.0,107025.0,2,1584.0
81083,187.00,1670.00,5,2,10,10,2,8,6,21,123917.0,104661.0,103429.0,123917.0,117208.0,123917.0,0,0.0
81084,154.00,1388.00,5,2,10,10,2,8,6,21,46659.0,64561.0,33887.0,46659.0,46659.0,46659.0,1,17902.0
81085,154.00,1542.00,5,2,10,10,2,8,6,21,72645.0,87565.0,99132.0,72645.0,72645.0,72645.0,2,26487.0
81086,216.00,1545.00,4,2,11,10,2,8,6,21,88891.0,52172.0,88266.0,88891.0,88354.0,88891.0,0,0.0
81087,216.00,1665.00,5,2,10,10,2,8,6,21,147174.0,53866.0,87424.0,147174.0,146673.0,147174.0,0,0.0
81088,154.00,1384.00,5,2,10,10,2,8,6,21,79035.0,53312.0,76099.0,79035.0,79035.0,79035.0,0,0.0
81089,154.00,1542.00,5,2,10,10,2,8,6,21,65846.0,109651.0,52585.0,65846.0,65846.0,65846.0,1,43805.0
81090,154.00,1280.00,4,2,11,10,2,8,6,21,31437.0,60339.0,36276.0,31437.0,31437.0,31437.0,1,28902.0
81091,216.00,1655.00,5,2,10,10,2,8,6,21,131763.0,93831.0,120450.0,131763.0,131262.0,131763.0,0,0.0
81092,154.00,1394.00,5,2,10,10,2,8,6,21,63591.0,124180.0,88625.0,63591.0,63591.0,63591.0,1,60589.0
81093,154.00,1394.00,5,2,10,10,2,8,6,21,46493.0,68357.0,76562.0,46493.0,46493.0,46493.0,2,30069.0
81094,216.00,1655.00,5,2,10,10,2,8,6,21,80768.0,69251.0,74427.0,80768.0,80267.0,80768.0,0,0.0
81095,154.00,1384.00,5,2,10,10,2,8,6,21,62419.0,93786.0,59347.0,62419.0,62419.0,62419.0,1,31367.0
81096,187.00,1509.00,5,2,10,10,2,8,6,21,98706.0,69926.0,94688.0,98706.0,100467.0,98706.0,4,1761.0
81097,216.00,1655.00,5,2,10,10,2,8,6,21,111942.0,105768.0,100557.0,111942.0,111444.0,111942.0,0,0.0
81098,216.00,1662.00,5,2,10,10,2,8,6,21,118213.0,68893.0,121681.0,118213.0,117714.0,118213.0,2,3468.0
81099,154.00,1384.00,5,2,10,10,2,8,6,21,62060.0,46999.0,46204.0,62060.0,62060.0,62060.0,0,0.0
81100,187.00,1509.00,5,2,10,10,2,8,6,21,118183.0,83926.0,122816.0,118183.0,124223.0,118183.0,4,6040.0
81101,187.00,1509.00,5,2,10,10,2,8,6,21,45226.0,79168.0,31094.0,45226.0,57771.0,45226.0,1,33942.0
81102,154.00,1394.00,5,2,10,10,2,8,6,21,55020.0,79327.0,45130.0,55020.0,55020.0,55020.0,1,24307.0
81103,187.00,1676.00,5,2,10,10,2,8,6,21,145179.0,102049.0,115185.0,145179.0,132321.0,145179.0,0,0.0
81104,216.00,1662.00,5,2,10,10,2,8,6,21,76713.0,82011.0,80625.0,76713.0,76215.0,76713.0,1,5298.0
81105,216.00,1655.00,5,2,10,10,2,8,6,21,113330.0,112827.0,107456.0,113330.0,112829.0,113330.0,0,0.0
81106,154.00,1384.00,5,2,10,10,2,8,6,21,43798.0,97485.0,31819.0,43798.0,43798.0,43798.0,1,53687.0
81107,206.00,1613.00,5,2,10,10,2,8,6,21,105733.0,81091.0,72595.0,105733.0,105232.0,105733.0,0,0.0
81108,187.00,1509.00,5,2,10,10,2,8,6,21,73930.0,83566.0,74663.0,73930.0,89091.0,73930.0,4,15161.0
81109,206.00,1613.00,5,2,10,10,2,8,6,21,78577.0,82676.0,80676.0,78577.0,78076.0,78577.0,1,4099.0
81110,187.00,1509.00,5,2,10,10,2,8,6,21,125944.0,86320.0,99179.0,125944.0,108440.0,125944.0,0,0.0
81111,187.00,1676.00,5,2,10,10,2,8,6,21,88554.0,90343.0,106383.0,88554.0,68295.0,88554.0,2,17829.0
81112,216.00,1655.00,5,2,10,10,2,8,6,21,117576.0,93877.0,110101.0,117576.0,117078.0,117576.0,0,0.0
81113,216.00,1665.00,5,2,10,10,2,8,6,21,88196.0,87988.0,92516.0,88196.0,87695.0,88196.0,2,4320.0
81114,206.00,1613.00,5,2,10,10,2,8,6,21,62755.0,59645.0,61945.0,62755.0,62256.0,62755.0,0,0.0
81115,154.00,1462.00,5,2,10,10,2,8,6,21,109073.0,106191.0,96779.0,109073.0,109295.0,109073.0,4,222.0
81116,154.00,1384.00,5,2,10,10,2,8,6,21,50757.0,58706.0,60973.0,50757.0,50757.0,50757.0,2,10216.0
81117,154.00,1394.00,5,2,10,10,2,8,6,21,50777.0,84892.0,46699.0,50777.0,50777.0,50777.0,1,34115.0
81118,154.00,1394.00,5,2,10,10,2,8,6,21,77235.0,84421.0,65438.0,77235.0,77235.0,77235.0,1,7186.0
81119,154.00,1384.00,5,2,10,10,2,8,6,21,72809.0,64691.0,85343.0,72809.0,72809.0,72809.0,2,12534.0
81120,154.00,1384.00,5,2,10,10,2,8,6,21,60458.0,75089.0,77857.0,60458.0,60458.0,60458.0,2,17399.0
81121,154.00,1474.00,5,2,10,10,2,8,6,21,64603.0,64952.0,79091.0,64603.0,64603.0,64603.0,2,14488.0
81122,154.00,1403.00,5,2,10,10,2,8,6,21,23417.0,34600.0,50665.0,23417.0,23410.0,23417.0,2,27248.0
81123,206.00,1610.00,5,2,10,10,2,8,6,21,73744.0,77332.0,75006.0,73744.0,73243.0,73744.0,1,3588.0
81124,206.00,1603.00,5,2,10,10,2,8,6,21,61665.0,107633.0,66348.0,61665.0,61167.0,61665.0,1,45968.0
81125,206.00,1693.00,5,2,10,10,2,8,6,21,101451.0,75888.0,122919.0,101451.0,100950.0,101451.0,2,21468.0
81126,216.00,1674.00,5,2,10,10,2,8,6,21,124030.0,44576.0,88642.0,124030.0,123529.0,124030.0,0,0.0
81127,206.00,1603.00,5,2,10,10,2,8,6,21,130977.0,128352.0,115248.0,130977.0,130478.0,130977.0,0,0.0
81128,154.00,1384.00,5,2,10,10,2,8,6,21,60895.0,103362.0,66832.0,60895.0,60895.0,60895.0,1,42467.0
81129,206.00,1569.00,5,1,11,10,2,8,6,21,63545.0,89354.0,72736.0,63543.0,62998.0,63545.0,1,25809.0
81130,187.00,1509.00,5,2,10,10,2,8,6,21,89201.0,73425.0,85222.0,89201.0,71253.0,89201.0,0,0.0
81131,206.00,1603.00,5,2,10,10,2,8,6,21,102837.0,78894.0,96282.0,102837.0,102336.0,102837.0,0,0.0
81132,206.00,1693.00,5,2,10,10,2,8,6,21,132592.0,77770.0,130860.0,132592.0,132096.0,132592.0,0,0.0
81133,187.00,1509.00,5,2,10,10,2,8,6,21,74733.0,45435.0,70621.0,74733.0,95382.0,74733.0,4,20649.0
81134,206.00,1613.00,5,2,10,10,2,8,6,21,95702.0,75055.0,61849.0,95702.0,95203.0,95702.0,0,0.0
81135,154.00,1384.00,5,2,10,10,2,8,6,21,68852.0,139023.0,70503.0,68852.0,68852.0,68852.0,1,70171.0
81136,206.00,1603.00,5,2,10,10,2,8,6,21,57868.0,73130.0,84643.0,57868.0,57369.0,57868.0,2,26775.0
81137,154.00,1551.00,5,2,10,10,2,8,6,21,63277.0,77153.0,72916.0,63277.0,63277.0,63277.0,1,13876.0
81138,187.00,1509.00,5,2,10,10,2,8,6,21,103520.0,62797.0,103960.0,103520.0,112563.0,103520.0,4,9043.0
81139,154.00,1465.00,5,2,10,10,2,8,6,21,95156.0,61501.0,77578.0,95156.0,77830.0,95156.0,0,0.0
81140,154.00,1394.00,5,2,10,10,2,8,6,21,27699.0,42601.0,39780.0,27699.0,27699.0,27699.0,1,14902.0
81141,154.00,1551.00,5,2,10,10,2,8,6,21,80888.0,127600.0,89678.0,80888.0,80888.0,80888.0,1,46712.0
81142,154.00,1384.00,5,2,10,10,2,8,6,21,73201.0,44713.0,56802.0,73201.0,73201.0,73201.0,0,0.0
81143,154.00,1394.00,5,2,10,10,2,8,6,21,36363.0,114182.0,57630.0,36363.0,36363.0,36363.0,1,77819.0
81144,206.00,1610.00,5,2,10,10,2,8,6,21,92350.0,65613.0,88818.0,92350.0,91851.0,92350.0,0,0.0
81145,154.00,1474.00,5,2,10,10,2,8,6,21,62181.0,100444.0,66325.0,62181.0,62181.0,62181.0,1,38263.0
81146,206.00,1613.00,5,2,10,10,2,8,6,21,73510.0,68611.0,77801.0,73510.0,73009.0,73510.0,2,4291.0
81147,216.00,1653.00,5,2,10,10,2,8,6,21,84949.0,113884.0,81964.0,84949.0,84448.0,84949.0,1,28935.0
81148,154.00,1384.00,5,2,10,10,2,8,6,21,38514.0,98460.0,36286.0,38514.0,38514.0,38514.0,1,59946.0
81149,187.00,1509.00,5,2,10,10,2,8,6,21,57280.0,47698.0,50109.0,57280.0,55852.0,57280.0,0,0.0
81150,206.00,1601.00,5,2,10,10,2,8,6,21,93392.0,71947.0,79869.0,93354.0,92893.0,93392.0,0,0.0
81151,206.00,1681.00,5,2,10,10,2,8,6,21,69005.0,57234.0,98454.0,69005.0,68504.0,69005.0,2,29449.0
81152,187.00,1509.00,5,2,10,10,2,8,6,21,101256.0,112769.0,84428.0,101256.0,82480.0,101256.0,1,11513.0
81153,216.00,1665.00,5,2,10,10,2,8,6,21,89168.0,71468.0,74574.0,89168.0,88670.0,89168.0,0,0.0
81154,154.00,1394.00,5,2,10,10,2,8,6,21,35582.0,64347.0,50575.0,35582.0,35582.0,35582.0,1,28765.0
81155,206.00,1693.00,5,2,10,10,2,8,6,21,102432.0,72555.0,87596.0,102432.0,101931.0,102432.0,0,0.0
81156,154.00,1384.00,5,2,10,10,2,8,6,21,92850.0,63577.0,92884.0,92850.0,92850.0,92850.0,0,0.0
81157,154.00,1384.00,4,2,11,10,2,8,6,21,42353.0,41017.0,44961.0,42353.0,42353.0,42353.0,2,2608.0
81158,206.00,1613.00,5,2,10,10,2,8,6,21,75995.0,39243.0,74487.0,75995.0,75497.0,75995.0,0,0.0
81159,154.00,1391.00,5,2,10,10,2,8,6,21,34284.0,60700.0,31767.0,34284.0,34284.0,34284.0,1,26416.0
81160,154.00,1542.00,5,2,10,10,2,8,6,21,63388.0,68131.0,54190.0,63388.0,63388.0,63388.0,1,4743.0
81161,187.00,1509.00,5,2,10,10,2,8,6,21,103300.0,92681.0,108086.0,103300.0,116262.0,103300.0,4,12962.0
81162,216.00,1664.00,5,2,10,10,2,8,6,21,140939.0,73233.0,119778.0,140939.0,140460.0,140939.0,0,0.0
81163,187.00,1516.00,5,2,10,10,2,8,6,21,114014.0,144356.0,79004.0,114014.0,93848.0,114014.0,1,30342.0
81164,154.00,1462.00,5,2,10,10,2,8,6,21,93032.0,77851.0,97027.0,93032.0,93272.0,93032.0,2,3995.0
81165,187.00,1516.00,5,2,10,10,2,8,6,21,80314.0,34817.0,60961.0,80314.0,76718.0,80314.0,0,0.0
81166,206.00,1610.00,5,2,10,10,2,8,6,21,78879.0,98935.0,72840.0,78879.0,78378.0,78879.0,1,20056.0
81167,154.00,1560.00,5,2,10,10,2,8,6,21,76739.0,58589.0,93675.0,76739.0,76739.0,76739.0,2,16936.0
81168,187.00,1516.00,5,2,10,10,2,8,6,21,119821.0,97506.0,123881.0,119821.0,101199.0,119821.0,2,4060.0
81169,154.00,1384.00,5,2,10,10,2,8,6,21,68878.0,42625.0,66937.0,68878.0,68878.0,68878.0,0,0.0
81170,154.00,1462.00,5,2,10,10,2,8,6,21,85587.0,83194.0,85767.0,85587.0,85842.0,85587.0,4,255.0
81171,187.00,1516.00,5,2,10,10,2,8,6,21,92638.0,92172.0,79059.0,92638.0,83618.0,92638.0,0,0.0
81172,187.00,1676.00,5,2,10,10,2,8,6,21,115210.0,81840.0,113361.0,115210.0,114300.0,115210.0,0,0.0
81173,187.00,1405.00,4,2,11,10,2,8,6,21,59120.0,109487.0,72772.0,59120.0,79326.0,59120.0,1,50367.0
81174,187.00,1522.00,5,2,10,10,2,8,6,21,84164.0,96488.0,43357.0,84164.0,99555.0,84164.0,4,15391.0
81175,206.00,1610.00,5,2,10,10,2,8,6,21,67710.0,107974.0,73560.0,67710.0,67211.0,67710.0,1,40264.0
81176,216.00,1662.00,5,2,10,10,2,8,6,21,116670.0,43276.0,117515.0,116670.0,116169.0,116670.0,2,845.0
81177,206.00,1603.00,5,2,10,10,2,8,6,21,66387.0,61936.0,84763.0,66387.0,65920.0,66387.0,2,18376.0
81178,216.00,1662.00,5,2,10,10,2,8,6,21,110755.0,74776.0,119071.0,110755.0,110211.0,110755.0,2,8316.0
81179,206.00,1603.00,5,2,10,10,2,8,6,21,82287.0,85043.0,100058.0,82287.0,81788.0,82287.0,2,17771.0
81180,154.00,1542.00,5,2,10,10,2,8,6,21,90123.0,99682.0,63545.0,90123.0,90123.0,90123.0,1,9559.0
81181,187.00,1509.00,5,2,10,10,2,8,6,21,80686.0,128113.0,89017.0,80686.0,73434.0,80686.0,1,47427.0
81182,154.00,1384.00,5,2,10,10,2,8,6,21,76897.0,78586.0,74031.0,76897.0,76897.0,76897.0,1,1689.0
81183,154.00,1464.00,5,2,10,10,2,8,6,21,86831.0,126136.0,127373.0,86831.0,86823.0,86831.0,2,40542.0
81184,154.00,1462.00,5,2,10,10,2,8,6,21,59767.0,56247.0,57460.0,59767.0,59760.0,59767.0,0,0.0
81185,154.00,1464.00,5,2,10,10,2,8,6,21,92417.0,63475.0,96067.0,92417.0,92676.0,92417.0,2,3650.0
81186,216.00,1662.00,5,2,10,10,2,8,6,21,64451.0,79975.0,122987.0,64451.0,63953.0,64451.0,2,58536.0
81187,154.00,1273.00,5,1,11,10,2,8,6,21,67897.0,75501.0,72114.0,67897.0,67897.0,67897.0,1,7604.0
81188,187.00,1680.00,5,2,10,10,2,8,6,21,118784.0,77765.0,115754.0,118784.0,91772.0,118784.0,0,0.0
81189,206.00,1610.00,5,2,10,10,2,8,6,21,56780.0,53152.0,69008.0,56780.0,56281.0,56780.0,2,12228.0
81190,154.00,1560.00,5,2,10,10,2,8,6,21,79691.0,58938.0,71457.0,79691.0,79691.0,79691.0,0,0.0
81191,216.00,1655.00,5,2,10,10,2,8,6,21,106762.0,69473.0,93954.0,106762.0,106261.0,106762.0,0,0.0
81192,206.00,1603.00,5,2,10,10,2,8,6,21,113473.0,94011.0,94923.0,113473.0,112974.0,113473.0,0,0.0
81193,154.00,1560.00,5,2,10,10,2,8,6,21,59379.0,58831.0,63164.0,59379.0,59379.0,59379.0,2,3785.0
81194,154.00,1560.00,5,2,10,10,2,8,6,21,57732.0,96158.0,65423.0,57732.0,57732.0,57732.0,1,38426.0
81195,216.00,1665.00,5,2,10,10,2,8,6,21,84948.0,126719.0,75287.0,84948.0,84447.0,84948.0,1,41771.0
81196,154.00,1394.00,5,2,10,10,2,8,6,21,82454.0,32574.0,43606.0,82454.0,82454.0,82454.0,0,0.0
81197,154.00,1384.00,5,2,10,10,2,8,6,21,68081.0,100596.0,66650.0,68081.0,68081.0,68081.0,1,32515.0
81198,154.00,1461.00,5,2,10,10,2,8,6,21,69374.0,80518.0,72381.0,69374.0,69627.0,69374.0,1,11144.0
81199,216.00,1665.00,5,2,10,10,2,8,6,21,103218.0,91535.0,108529.0,103218.0,102720.0,103218.0,2,5311.0
81200,154.00,1560.00,5,2,10,10,2,8,6,21,89287.0,73977.0,66084.0,89287.0,89287.0,89287.0,0,0.0
81201,206.00,1603.00,5,2,10,10,2,8,6,21,79067.0,99080.0,42238.0,79067.0,78569.0,79067.0,1,20013.0
81202,216.00,1655.00,5,2,10,10,2,8,6,21,86671.0,85997.0,70951.0,86671.0,86170.0,86671.0,0,0.0
81203,187.00,1509.00,5,2,10,10,2,8,6,21,89520.0,112282.0,96953.0,89520.0,87862.0,89520.0,1,22762.0
81204,206.00,1603.00,5,2,10,10,2,8,6,21,122138.0,88774.0,94463.0,122138.0,121637.0,122138.0,0,0.0
81205,216.00,1665.00,5,2,10,10,2,8,6,21,119108.0,72614.0,105430.0,119108.0,118607.0,119108.0,0,0.0
81206,206.00,1603.00,5,2,10,10,2,8,6,21,67675.0,111430.0,52862.0,67675.0,67174.0,67675.0,1,43755.0
81207,216.00,1655.00,5,2,10,10,2,8,6,21,115059.0,114555.0,91947.0,115059.0,114560.0,115059.0,0,0.0
81208,154.00,1384.00,5,2,10,10,2,8,6,20,39295.0,60601.0,38254.0,39295.0,39295.0,39295.0,1,21306.0
81209,187.00,1509.00,5,2,10,10,2,8,6,21,67365.0,90299.0,62376.0,67365.0,54213.0,67365.0,1,22934.0
81210,206.00,1610.00,5,2,10,10,2,8,6,21,96701.0,60470.0,77482.0,96701.0,96203.0,96701.0,0,0.0
81211,187.00,1519.00,5,2,10,10,2,8,6,21,51739.0,39583.0,63752.0,51739.0,52554.0,51739.0,2,12013.0
81212,187.00,1509.00,5,2,10,10,2,8,6,21,52101.0,55792.0,40413.0,52101.0,53960.0,52101.0,1,3691.0
81213,154.00,1384.00,5,2,10,10,2,8,6,21,74664.0,94291.0,72436.0,74664.0,74664.0,74664.0,1,19627.0
81214,187.00,1667.00,5,2,10,10,2,8,6,21,82750.0,81537.0,81256.0,82750.0,76902.0,82750.0,0,0.0
81215,187.00,1528.00,5,2,10,10,2,8,6,21,87347.0,64450.0,82652.0,87347.0,81212.0,87347.0,0,0.0
81216,187.00,1509.00,5,2,10,10,2,8,6,21,63026.0,38921.0,85399.0,63026.0,77435.0,63026.0,2,22373.0
81217,154.00,1394.00,5,2,10,10,2,8,6,21,35626.0,58481.0,19668.0,35626.0,35626.0,35626.0,1,22855.0
81218,154.00,1403.00,5,2,10,10,2,8,6,21,46318.0,76344.0,39952.0,46318.0,46311.0,46318.0,1,30026.0
81219,154.00,1542.00,5,2,10,10,2,8,6,21,89955.0,70762.0,63478.0,89955.0,89955.0,89955.0,0,0.0
81220,154.00,1384.00,5,2,10,10,2,8,6,21,38249.0,112729.0,37159.0,38249.0,38249.0,38249.0,1,74480.0
81221,206.00,1613.00,5,2,10,10,2,8,6,21,121634.0,129061.0,123380.0,121634.0,121136.0,121634.0,1,7427.0
81222,206.00,1613.00,5,2,10,10,2,8,6,21,75854.0,75353.0,73436.0,75854.0,75353.0,75854.0,0,0.0
81223,154.00,1391.00,5,2,10,10,2,8,6,21,77690.0,73250.0,83638.0,77690.0,77690.0,77690.0,2,5948.0
81224,206.00,1610.00,5,2,10,10,2,8,6,21,52103.0,78364.0,63197.0,52103.0,51602.0,52103.0,1,26261.0
81225,216.00,1665.00,5,2,10,10,2,8,6,21,105328.0,91381.0,103289.0,105328.0,104830.0,105328.0,0,0.0
81226,154.00,1391.00,5,2,10,10,2,8,6,21,73251.0,103226.0,62917.0,73251.0,73251.0,73251.0,1,29975.0
81227,206.00,1603.00,5,2,10,10,2,8,6,21,116767.0,116221.0,104518.0,116767.0,116266.0,116767.0,0,0.0
81228,206.00,1506.00,4,2,11,10,2,8,6,21,53852.0,48451.0,78187.0,53852.0,53588.0,53852.0,2,24335.0
81229,206.00,1603.00,5,2,10,10,2,8,6,21,81056.0,80496.0,80975.0,81056.0,80620.0,81056.0,0,0.0
81230,154.00,1474.00,5,2,10,10,2,8,6,21,78871.0,106185.0,59556.0,78871.0,78871.0,78871.0,1,27314.0
81231,206.00,1603.00,5,2,10,10,2,8,6,21,92404.0,87911.0,91626.0,92404.0,91905.0,92404.0,0,0.0
81232,154.00,1551.00,5,2,10,10,2,8,6,21,64730.0,102063.0,74407.0,64730.0,64730.0,64730.0,1,37333.0
81233,206.00,1603.00,5,2,10,10,2,8,6,21,39920.0,47694.0,61090.0,39920.0,39419.0,39920.0,2,21170.0
81234,206.00,1603.00,5,2,10,10,2,8,6,21,56254.0,51744.0,55796.0,56254.0,55711.0,56254.0,0,0.0
81235,187.00,1522.00,5,2,10,10,2,8,6,21,46514.0,60325.0,67112.0,46514.0,34413.0,46514.0,2,20598.0
81236,187.00,1516.00,5,2,10,10,2,8,6,21,98507.0,82672.0,107452.0,98507.0,120354.0,98507.0,4,21847.0
81237,187.00,1509.00,5,2,10,10,2,8,6,21,74277.0,95849.0,83925.0,74277.0,81096.0,74277.0,1,21572.0
81238,154.00,1384.00,5,2,10,10,2,8,6,21,41486.0,68141.0,50186.0,41486.0,41486.0,41486.0,1,26655.0
81239,154.00,1287.00,4,2,11,10,2,8,6,21,52169.0,48214.0,33868.0,52169.0,52169.0,52169.0,0,0.0
81240,154.00,1384.00,5,2,10,10,2,8,6,21,77529.0,79072.0,50744.0,77529.0,77529.0,77529.0,1,1543.0
81241,154.00,1474.00,5,2,10,10,2,8,6,21,58623.0,57393.0,79545.0,58623.0,58623.0,58623.0,2,20922.0
81242,187.00,1509.00,5,2,10,10,2,8,6,21,55002.0,78980.0,41528.0,55002.0,50327.0,55002.0,1,23978.0
81243,154.00,1403.00,5,2,10,10,2,8,6,21,31364.0,55143.0,43134.0,31364.0,28361.0,31364.0,1,23779.0
81244,206.00,1681.00,5,2,10,10,2,8,6,21,129578.0,129155.0,127051.0,129578.0,129077.0,129578.0,0,0.0
81245,216.00,1674.00,5,2,10,10,2,8,6,21,122021.0,87430.0,140231.0,122021.0,121521.0,122021.0,2,18210.0
81246,187.00,1602.00,4,2,11,10,2,8,6,21,63533.0,74177.0,62683.0,63533.0,69608.0,63533.0,1,10644.0
81247,187.00,1509.00,5,2,10,10,2,8,6,21,79525.0,70643.0,78937.0,79525.0,78559.0,79525.0,0,0.0
81248,206.00,1603.00,5,2,10,10,2,8,6,21,109302.0,137889.0,73418.0,109302.0,108801.0,109302.0,1,28587.0
81249,154.00,1542.00,5,2,10,10,2,8,6,21,106781.0,82957.0,100006.0,106781.0,106781.0,106781.0,0,0.0
81250,206.00,1603.00,5,2,10,10,2,8,6,21,66163.0,80398.0,64334.0,66163.0,65664.0,66163.0,1,14235.0
81251,154.00,1384.00,5,2,10,10,2,8,6,21,41778.0,82374.0,48280.0,41778.0,41778.0,41778.0,1,40596.0
81252,206.00,1613.00,5,2,10,10,2,8,6,21,127760.0,61287.0,95486.0,127760.0,127262.0,127760.0,0,0.0
81253,154.00,1560.00,5,2,10,10,2,8,6,21,68691.0,51888.0,74187.0,68691.0,68691.0,68691.0,2,5496.0
81254,216.00,1665.00,5,2,10,10,2,8,6,21,81973.0,25721.0,105170.0,81973.0,81472.0,81973.0,2,23197.0
81255,154.00,1542.00,5,2,10,10,2,8,6,21,70817.0,72435.0,96317.0,70817.0,70817.0,70817.0,2,25500.0
81256,187.00,1516.00,5,2,10,10,2,8,6,21,74452.0,86792.0,69697.0,74452.0,79424.0,74452.0,1,12340.0
81257,206.00,1603.00,5,2,10,10,2,8,6,21,101525.0,100851.0,106071.0,101525.0,101024.0,101525.0,2,4546.0
81258,206.00,1613.00,5,2,10,10,2,8,6,21,114242.0,113645.0,113877.0,114242.0,113743.0,114242.0,0,0.0
81259,216.00,1658.00,5,2,10,10,2,8,6,21,113717.0,72469.0,98393.0,113681.0,113217.0,113717.0,0,0.0
81260,187.00,1667.00,5,2,10,10,2,8,6,21,112477.0,62640.0,107923.0,112477.0,113409.0,112477.0,4,932.0
81261,187.00,1667.00,5,2,10,10,2,8,6,21,75819.0,114041.0,112667.0,75819.0,67474.0,75819.0,1,38222.0
81262,206.00,1603.00,5,2,10,10,2,8,6,21,105546.0,81918.0,99554.0,105546.0,105045.0,105546.0,0,0.0
81263,154.00,1384.00,5,2,10,10,2,8,6,21,98996.0,65609.0,84904.0,98996.0,98996.0,98996.0,0,0.0
81264,187.00,1676.00,5,2,10,10,2,8,6,21,80063.0,55926.0,117709.0,80063.0,73686.0,80063.0,2,37646.0
81265,187.00,1667.00,5,2,10,10,2,8,6,21,96800.0,91630.0,92647.0,96800.0,96530.0,96800.0,0,0.0
81266,206.00,1613.00,5,2,10,10,2,8,6,21,67139.0,102348.0,96815.0,67139.0,66638.0,67139.0,1,35209.0
81267,187.00,1676.00,5,2,10,10,2,8,6,21,101739.0,60703.0,120787.0,101739.0,109243.0,101739.0,2,19048.0
81268,154.00,1388.00,5,2,10,10,2,8,6,21,65412.0,90843.0,65186.0,65412.0,65412.0,65412.0,1,25431.0
81269,187.00,1519.00,5,2,10,10,2,8,6,21,80087.0,117227.0,80438.0,80087.0,71234.0,80087.0,1,37140.0
81270,187.00,1519.00,5,2,10,10,2,8,6,21,45570.0,91627.0,67200.0,45570.0,83625.0,45570.0,1,46057.0
81271,216.00,1662.00,5,2,10,10,2,8,6,21,112738.0,56430.0,98835.0,112738.0,112239.0,112738.0,0,0.0
81272,187.00,1509.00,5,2,10,10,2,8,6,21,95408.0,57708.0,105653.0,95408.0,104685.0,95408.0,2,10245.0
81273,187.00,1516.00,5,2,10,10,2,8,6,21,99587.0,82994.0,109848.0,99587.0,73769.0,99587.0,2,10261.0
81274,154.00,1391.00,5,2,10,10,2,8,6,21,44150.0,85799.0,47167.0,44150.0,44150.0,44150.0,1,41649.0
81275,154.00,1462.00,5,2,10,10,2,8,6,21,91225.0,115053.0,97847.0,91225.0,91217.0,91225.0,1,23828.0
81276,216.00,1655.00,5,2,10,10,2,8,6,21,125089.0,82275.0,112220.0,125089.0,124594.0,125089.0,0,0.0
81277,216.00,1655.00,5,2,10,10,2,8,6,21,68007.0,71890.0,70162.0,68007.0,67466.0,68007.0,1,3883.0
81278,206.00,1613.00,5,2,10,10,2,8,6,21,104628.0,107196.0,111519.0,104628.0,104130.0,104628.0,2,6891.0
81279,206.00,1610.00,5,2,10,10,2,8,6,21,109717.0,109775.0,107676.0,109717.0,109184.0,109717.0,1,58.0
81280,206.00,1610.00,5,2,10,10,2,8,6,21,79328.0,121665.0,59311.0,79328.0,78829.0,79328.0,1,42337.0
81281,154.00,1397.00,5,2,10,10,2,8,6,21,36833.0,65286.0,78561.0,36833.0,36833.0,36833.0,2,41728.0
81282,216.00,1665.00,5,2,10,10,2,8,6,21,108989.0,46658.0,98540.0,108989.0,108491.0,108989.0,0,0.0
81283,216.00,1655.00,5,2,10,10,2,8,6,21,109846.0,88354.0,111070.0,109846.0,109345.0,109846.0,2,1224.0
81284,206.00,1603.00,5,2,10,10,2,8,6,21,78310.0,119806.0,78149.0,78310.0,77809.0,78310.0,1,41496.0
81285,154.00,1384.00,5,2,10,10,2,8,6,20,77916.0,75543.0,67148.0,77916.0,77916.0,77916.0,0,0.0
81286,187.00,1509.00,5,2,10,10,2,8,6,21,43719.0,90337.0,53301.0,43719.0,31367.0,43719.0,1,46618.0
81287,187.00,1509.00,5,2,10,10,2,8,6,21,80991.0,51325.0,71047.0,80991.0,87656.0,80991.0,4,6665.0
81288,206.00,1603.00,5,2,10,10,2,8,6,21,143494.0,79676.0,108707.0,143494.0,142996.0,143494.0,0,0.0
81289,154.00,1391.00,5,2,10,10,2,8,6,21,64138.0,49611.0,56957.0,64138.0,64138.0,64138.0,0,0.0
81290,154.00,1542.00,5,2,10,10,2,8,6,21,57825.0,71921.0,52757.0,57825.0,57825.0,57825.0,1,14096.0
81291,206.00,1613.00,5,2,10,10,2,8,6,21,68325.0,76535.0,49263.0,68325.0,67827.0,68325.0,1,8210.0
81292,206.00,1613.00,5,2,10,10,2,8,6,21,85283.0,117250.0,84155.0,85283.0,84785.0,85283.0,1,31967.0
81293,154.00,1384.00,5,2,10,10,2,8,6,21,61289.0,83105.0,79873.0,61289.0,61289.0,61289.0,1,21816.0
81294,154.00,1394.00,5,2,10,10,2,8,6,21,42262.0,30759.0,43032.0,42262.0,42262.0,42262.0,2,770.0
81295,206.00,1681.00,5,2,10,10,2,8,6,21,91429.0,35062.0,64835.0,91429.0,90931.0,91429.0,0,0.0
81296,154.00,1387.00,5,2,10,10,2,8,6,21,107561.0,88308.0,71041.0,107561.0,107561.0,107561.0,0,0.0
81297,154.00,1394.00,5,2,10,10,2,8,6,21,35511.0,38548.0,39685.0,35511.0,35511.0,35511.0,2,4174.0
81298,206.00,1693.00,5,2,10,10,2,8,6,21,149764.0,140900.0,110790.0,149764.0,149268.0,149764.0,0,0.0
81299,216.00,1674.00,5,2,10,10,2,8,6,21,110513.0,110006.0,120234.0,110513.0,110012.0,110513.0,2,9721.0
81300,154.00,1560.00,5,2,10,10,2,8,6,21,62981.0,80141.0,105951.0,62981.0,62981.0,62981.0,2,42970.0
81301,187.00,1509.00,5,2,10,10,2,8,6,21,88339.0,43905.0,94275.0,88339.0,92175.0,88339.0,2,5936.0
81302,206.00,1613.00,5,2,10,10,2,8,6,21,70004.0,76867.0,73678.0,70004.0,69506.0,70004.0,1,6863.0
81303,154.00,1542.00,5,2,10,10,2,8,6,21,107715.0,71682.0,93733.0,107715.0,107715.0,107715.0,0,0.0
81304,216.00,1655.00,5,2,10,10,2,8,6,21,110477.0,55362.0,119922.0,110477.0,109979.0,110477.0,2,9445.0
81305,206.00,1603.00,5,2,10,10,2,8,6,21,68918.0,75827.0,86573.0,68918.0,68420.0,68918.0,2,17655.0
81306,187.00,1509.00,5,2,10,10,2,8,6,21,73942.0,112097.0,82664.0,73942.0,92442.0,73942.0,1,38155.0
81307,187.00,1509.00,5,2,10,10,2,8,6,21,95628.0,152355.0,74218.0,95628.0,82895.0,95628.0,1,56727.0
81308,187.00,1528.00,5,2,10,10,2,8,6,21,73119.0,78703.0,81837.0,73119.0,78405.0,73119.0,2,8718.0
81309,154.00,1551.00,5,2,10,10,2,8,6,21,75270.0,32151.0,53409.0,75270.0,75270.0,75270.0,0,0.0
81310,154.00,1384.00,5,2,10,10,2,8,6,21,102165.0,47322.0,95946.0,102165.0,102165.0,102165.0,0,0.0
81311,154.00,1394.00,5,2,10,10,2,8,6,21,48353.0,77313.0,57085.0,48353.0,48353.0,48353.0,1,28960.0
81312,154.00,1384.00,5,2,10,10,2,8,6,21,67869.0,59785.0,68016.0,67869.0,67869.0,67869.0,2,147.0
81313,154.00,1391.00,5,2,10,10,2,8,6,21,19919.0,67670.0,47778.0,19919.0,19919.0,19919.0,1,47751.0
81314,154.00,1462.00,5,2,10,10,2,8,6,21,75265.0,41892.0,74614.0,75265.0,75526.0,75265.0,4,261.0
81315,206.00,1603.00,5,2,10,10,2,8,6,21,58637.0,67748.0,68998.0,58637.0,58136.0,58637.0,2,10361.0
81316,187.00,1528.00,5,2,10,10,2,8,6,21,76124.0,60554.0,71410.0,76124.0,63924.0,76124.0,0,0.0
81317,206.00,1603.00,5,2,10,10,2,8,6,21,80453.0,74238.0,82895.0,80453.0,79954.0,80453.0,2,2442.0
81318,154.00,1474.00,5,2,10,10,2,8,6,21,65589.0,72537.0,59987.0,65589.0,65589.0,65589.0,1,6948.0
81319,187.00,1516.00,5,2,10,10,2,8,6,21,91914.0,74002.0,64591.0,91914.0,85530.0,91914.0,0,0.0
81320,206.00,1603.00,5,2,10,10,2,8,6,21,70861.0,88438.0,90177.0,70861.0,70360.0,70861.0,2,19316.0
81321,187.00,1509.00,5,2,10,10,2,8,6,21,72144.0,107296.0,76925.0,72144.0,86722.0,72144.0,1,35152.0
81322,206.00,1603.00,5,2,10,10,2,8,6,21,76893.0,75318.0,95884.0,76893.0,76392.0,76893.0,2,18991.0
81323,154.00,1384.00,5,2,10,10,2,8,6,21,68343.0,102304.0,65898.0,68343.0,68343.0,68343.0,1,33961.0
81324,206.00,1613.00,5,2,10,10,2,8,6,21,85915.0,91156.0,104448.0,85915.0,85416.0,85915.0,2,18533.0
81325,206.00,1603.00,5,2,10,10,2,8,6,21,65631.0,26652.0,74183.0,65631.0,65130.0,65631.0,2,8552.0
81326,154.00,1560.00,5,2,10,10,2,8,6,21,62655.0,68030.0,56490.0,62655.0,62655.0,62655.0,1,5375.0
81327,187.00,1512.00,5,2,10,10,2,8,6,21,105239.0,78786.0,112560.0,105239.0,90634.0,105239.0,2,7321.0
81328,154.00,1394.00,5,2,10,10,2,8,6,21,54513.0,52027.0,60659.0,54513.0,54513.0,54513.0,2,6146.0
81329,154.00,1394.00,5,2,10,10,2,8,6,21,58265.0,56433.0,52274.0,58265.0,58265.0,58265.0,0,0.0
81330,154.00,1391.00,5,2,10,10,2,8,6,21,19731.0,68055.0,19052.0,19731.0,19731.0,19731.0,1,48324.0
81331,216.00,1665.00,5,2,10,10,2,8,6,21,122829.0,92111.0,115275.0,122829.0,122331.0,122829.0,0,0.0
81332,206.00,1610.00,5,2,10,10,2,8,6,21,52593.0,121133.0,36857.0,52593.0,52092.0,52593.0,1,68540.0
81333,187.00,1509.00,5,2,10,10,2,8,6,21,73360.0,134563.0,59760.0,73360.0,46934.0,73360.0,1,61203.0
81334,154.00,1384.00,5,2,10,10,2,8,6,21,93506.0,59819.0,80588.0,93506.0,93506.0,93506.0,0,0.0
81335,206.00,1681.00,5,2,10,10,2,8,6,21,107548.0,66191.0,101515.0,107548.0,107047.0,107548.0,0,0.0
81336,206.00,1693.00,5,2,10,10,2,8,6,21,86638.0,100861.0,87192.0,86638.0,86142.0,86638.0,1,14223.0
81337,154.00,1384.00,5,2,10,10,2,8,6,21,31934.0,28452.0,41132.0,31934.0,31934.0,31934.0,2,9198.0
81338,206.00,1626.00,5,2,10,10,2,8,6,21,103127.0,66180.0,67161.0,103127.0,102629.0,103127.0,0,0.0
81339,206.00,1613.00,5,2,10,10,2,8,6,21,62850.0,108816.0,87299.0,62850.0,62349.0,62850.0,1,45966.0
81340,187.00,1516.00,5,2,10,10,2,8,6,21,88512.0,75097.0,79295.0,88512.0,81649.0,88512.0,0,0.0
81341,154.00,1391.00,5,2,10,10,2,8,6,21,23371.0,38108.0,40406.0,23371.0,23371.0,23371.0,2,17035.0
81342,206.00,1610.00,5,2,10,10,2,8,6,21,62320.0,61560.0,63235.0,62320.0,61822.0,62320.0,2,915.0
81343,154.00,1391.00,5,2,10,10,2,8,6,21,41085.0,51907.0,39657.0,41085.0,41085.0,41085.0,1,10822.0
81344,154.00,1394.00,5,2,10,10,2,8,6,21,64126.0,115116.0,60294.0,64126.0,64126.0,64126.0,1,50990.0
81345,154.00,1384.00,5,2,10,10,2,8,6,21,94060.0,84588.0,94127.0,94060.0,94060.0,94060.0,2,67.0
81346,154.00,1384.00,5,2,10,10,2,8,6,21,54464.0,124350.0,68029.0,54464.0,54464.0,54464.0,1,69886.0
81347,206.00,1610.00,5,2,10,10,2,8,6,21,34304.0,49064.0,33499.0,34304.0,33803.0,34304.0,1,14760.0
81348,154.00,1462.00,5,2,10,10,2,8,6,21,84350.0,78082.0,67612.0,84350.0,84604.0,84350.0,4,254.0
81349,154.00,1384.00,5,2,10,10,2,8,6,21,60508.0,75807.0,41851.0,60508.0,60508.0,60508.0,1,15299.0
81350,154.00,1387.00,5,2,10,10,2,8,6,21,91415.0,68741.0,87402.0,91415.0,91415.0,91415.0,0,0.0
81351,154.00,1384.00,5,2,10,10,2,8,6,21,51517.0,113912.0,54176.0,51517.0,51517.0,51517.0,1,62395.0
81352,206.00,1613.00,5,2,10,10,2,8,6,21,64755.0,78805.0,62597.0,64755.0,64257.0,64755.0,1,14050.0
81353,187.00,1398.00,5,1,11,10,2,8,6,21,116877.0,69155.0,119823.0,116877.0,116877.0,116877.0,2,2946.0
81354,216.00,1655.00,5,2,10,10,2,8,6,21,76928.0,90590.0,74624.0,76928.0,76427.0,76928.0,1,13662.0
81355,206.00,1613.00,5,2,10,10,2,8,6,21,103464.0,77481.0,111019.0,103464.0,102963.0,103464.0,2,7555.0
81356,154.00,1384.00,5,2,10,10,2,8,6,21,102081.0,57280.0,104169.0,102081.0,102081.0,102081.0,2,2088.0
81357,187.00,1509.00,5,2,10,10,2,8,6,21,66402.0,63535.0,80187.0,66402.0,92086.0,66402.0,4,25684.0
81358,206.00,1693.00,5,2,10,10,2,8,6,21,78389.0,68173.0,91080.0,78389.0,77889.0,78389.0,2,12691.0
81359,154.00,1384.00,5,2,10,10,2,8,6,21,53267.0,62006.0,38840.0,53267.0,53267.0,53267.0,1,8739.0
81360,154.00,1551.00,5,2,10,10,2,8,6,21,76839.0,113967.0,61515.0,76839.0,76839.0,76839.0,1,37128.0
81361,187.00,1667.00,5,2,10,10,2,8,6,21,79291.0,100098.0,78268.0,79291.0,76475.0,79291.0,1,20807.0
81362,206.00,1610.00,5,2,10,10,2,8,6,21,85664.0,104406.0,67803.0,85664.0,85163.0,85664.0,1,18742.0
81363,187.00,1676.00,5,2,10,10,2,8,6,21,106206.0,67629.0,72059.0,106206.0,101800.0,106206.0,0,0.0
81364,154.00,1384.00,5,2,10,10,2,8,6,21,61136.0,84453.0,58422.0,61136.0,61136.0,61136.0,1,23317.0
81365,154.00,1542.00,5,2,10,10,2,8,6,21,85014.0,50369.0,63746.0,85014.0,85014.0,85014.0,0,0.0
81366,154.00,1391.00,5,2,10,10,2,8,6,21,69741.0,76575.0,73613.0,69741.0,69741.0,69741.0,1,6834.0
81367,187.00,1676.00,5,2,10,10,2,8,6,21,126569.0,69311.0,105979.0,126569.0,136956.0,126569.0,4,10387.0
81368,206.00,1603.00,5,2,10,10,2,8,6,21,124532.0,86586.0,121705.0,124532.0,124034.0,124532.0,0,0.0
81369,154.00,1384.00,5,2,10,10,2,8,6,21,76134.0,34577.0,80383.0,76134.0,76134.0,76134.0,2,4249.0
81370,154.00,1394.00,5,2,10,10,2,8,6,21,42664.0,85010.0,63453.0,42664.0,42664.0,42664.0,1,42346.0
81371,154.00,1384.00,5,2,10,10,2,8,6,21,99194.0,117322.0,78051.0,99194.0,99194.0,99194.0,1,18128.0
81372,216.00,1655.00,5,2,10,10,2,8,6,21,152579.0,108532.0,131436.0,152579.0,152080.0,152579.0,0,0.0
81373,216.00,1662.00,5,2,10,10,2,8,6,21,99014.0,98510.0,83777.0,99014.0,98515.0,99014.0,0,0.0
81374,216.00,1655.00,5,2,10,10,2,8,6,21,91701.0,72593.0,90677.0,91701.0,91200.0,91701.0,0,0.0
81375,187.00,1509.00,5,2,10,10,2,8,6,21,81149.0,81703.0,77828.0,81149.0,80560.0,81149.0,1,554.0
81376,187.00,1667.00,5,2,10,10,2,8,6,21,74616.0,32488.0,74072.0,74616.0,87639.0,74616.0,4,13023.0
81377,154.00,1384.00,5,2,10,10,2,8,6,21,73048.0,57869.0,70473.0,73048.0,73048.0,73048.0,0,0.0
81378,154.00,1384.00,5,2,10,10,2,8,6,21,48347.0,127275.0,52990.0,48347.0,48347.0,48347.0,1,78928.0
81379,187.00,1509.00,5,2,10,10,2,8,6,21,106684.0,102282.0,100581.0,106684.0,88818.0,106684.0,0,0.0
81380,154.00,1462.00,5,2,10,10,2,8,6,21,63130.0,91532.0,76221.0,63130.0,63376.0,63130.0,1,28402.0
81381,187.00,1509.00,5,2,10,10,2,8,6,21,41992.0,60731.0,49583.0,41992.0,28411.0,41992.0,1,18739.0
81382,154.00,1474.00,5,2,10,10,2,8,6,21,63336.0,34314.0,51872.0,63336.0,63336.0,63336.0,0,0.0
81383,216.00,1669.00,5,2,10,10,2,8,6,21,128413.0,123117.0,120587.0,128385.0,127887.0,128413.0,0,0.0
81384,154.00,1474.00,5,2,10,10,2,8,6,21,68287.0,49715.0,60960.0,68287.0,68287.0,68287.0,0,0.0
81385,154.00,1560.00,5,2,10,10,2,8,6,21,76769.0,73907.0,70161.0,76769.0,76769.0,76769.0,0,0.0
81386,187.00,1528.00,5,2,10,10,2,8,6,20,43083.0,68194.0,68654.0,43083.0,51628.0,43083.0,2,25571.0
81387,154.00,1394.00,5,2,10,10,2,8,6,21,49531.0,53009.0,47694.0,49531.0,49531.0,49531.0,1,3478.0
81388,187.00,1519.00,5,2,10,10,2,8,6,21,34750.0,64229.0,36001.0,34750.0,47158.0,34750.0,1,29479.0
81389,154.00,1382.00,5,2,10,10,2,8,6,21,77286.0,80024.0,61889.0,77286.0,77286.0,77286.0,1,2738.0
81390,187.00,1509.00,5,2,10,10,2,8,6,21,104289.0,91278.0,100155.0,104289.0,91805.0,104289.0,0,0.0
81391,154.00,1391.00,5,2,10,10,2,8,6,21,59662.0,125264.0,82532.0,59662.0,59662.0,59662.0,1,65602.0
81392,154.00,1384.00,5,2,10,10,2,8,6,21,96083.0,74458.0,99202.0,96083.0,96083.0,96083.0,2,3119.0
81393,216.00,1655.00,5,2,10,10,2,8,6,21,106535.0,106073.0,107495.0,106535.0,106034.0,106535.0,2,960.0
81394,187.00,1516.00,5,2,10,10,2,8,6,21,114334.0,60433.0,89143.0,114334.0,115054.0,114334.0,4,720.0
81395,154.00,1283.00,4,2,11,10,2,8,6,21,52627.0,92891.0,60415.0,52627.0,52627.0,52627.0,1,40264.0
81396,216.00,1665.00,5,2,10,10,2,8,6,21,131762.0,121842.0,128040.0,131762.0,131264.0,131762.0,0,0.0
81397,154.00,1391.00,5,2,10,10,2,8,6,21,89647.0,73773.0,63777.0,89647.0,89647.0,89647.0,0,0.0
81398,154.00,1394.00,5,2,10,10,2,8,6,21,25413.0,63816.0,31736.0,25413.0,25413.0,25413.0,1,38403.0
81399,154.00,1403.00,5,2,10,10,2,8,6,21,39538.0,127262.0,50395.0,39538.0,51532.0,39538.0,1,87724.0
81400,206.00,1681.00,5,2,10,10,2,8,6,21,99336.0,107833.0,99066.0,99336.0,98837.0,99336.0,1,8497.0
81401,154.00,1474.00,5,2,10,10,2,8,6,21,71822.0,60157.0,53698.0,71822.0,71822.0,71822.0,0,0.0
81402,154.00,1384.00,5,2,10,10,2,8,6,21,101359.0,109782.0,87071.0,101359.0,101359.0,101359.0,1,8423.0
81403,154.00,1384.00,5,2,10,10,2,8,6,21,23128.0,56819.0,22646.0,23128.0,23128.0,23128.0,1,33691.0
81404,206.00,1613.00,5,2,10,10,2,8,6,21,90662.0,74466.0,94593.0,90662.0,90161.0,90662.0,2,3931.0
81405,206.00,1681.00,5,2,10,10,2,8,6,21,112669.0,79114.0,111663.0,112636.0,112138.0,112669.0,0,0.0
81406,206.00,1613.00,5,2,10,10,2,8,6,21,91678.0,52348.0,69783.0,91678.0,91135.0,91678.0,0,0.0
81407,154.00,1384.00,5,2,10,10,2,8,6,21,65299.0,149200.0,68824.0,65299.0,65299.0,65299.0,1,83901.0
81408,216.00,1655.00,5,2,10,10,2,8,6,21,74752.0,85633.0,77712.0,74752.0,74253.0,74752.0,1,10881.0
81409,187.00,1509.00,5,2,10,10,2,8,6,21,90063.0,126775.0,79576.0,90063.0,88021.0,90063.0,1,36712.0
81410,206.00,1610.00,5,2,10,10,2,8,6,21,80437.0,85095.0,94451.0,80437.0,79936.0,80437.0,2,14014.0
81411,206.00,1603.00,5,2,10,10,2,8,6,21,88680.0,112487.0,82148.0,88680.0,88179.0,88680.0,1,23807.0
81412,187.00,1405.00,4,2,11,10,2,8,6,21,71560.0,71636.0,109818.0,71560.0,81809.0,71560.0,2,38258.0
81413,154.00,1541.00,5,2,10,10,2,8,6,21,124017.0,73585.0,61906.0,124017.0,124017.0,124017.0,0,0.0
81414,187.00,1519.00,5,2,10,10,2,8,6,21,37106.0,51787.0,87793.0,37106.0,37454.0,37106.0,2,50687.0
81415,154.00,1384.00,5,2,10,10,2,8,6,21,71075.0,105530.0,91222.0,71075.0,71075.0,71075.0,1,34455.0
81416,154.00,1394.00,5,2,10,10,2,8,6,21,40730.0,80924.0,79759.0,40730.0,40730.0,40730.0,1,40194.0
81417,187.00,1516.00,5,2,10,10,2,8,6,21,73259.0,46116.0,73857.0,73259.0,91938.0,73259.0,4,18679.0
81418,154.00,1354.00,5,1,11,10,2,8,6,21,83070.0,55438.0,76838.0,83070.0,83070.0,83070.0,0,0.0
81419,216.00,1662.00,5,2,10,10,2,8,6,21,73768.0,61928.0,92146.0,73768.0,73267.0,73768.0,2,18378.0
81420,216.00,1655.00,5,2,10,10,2,8,6,21,104447.0,83955.0,105393.0,104447.0,103946.0,104447.0,2,946.0
81421,154.00,1474.00,5,2,10,10,2,8,6,21,64297.0,69858.0,72612.0,64297.0,64297.0,64297.0,2,8315.0
81422,187.00,1516.00,5,2,10,10,2,8,6,21,97574.0,73673.0,93995.0,97574.0,122405.0,97574.0,4,24831.0
81423,206.00,1616.00,5,2,10,10,2,8,6,21,115139.0,63234.0,90699.0,115139.0,114595.0,115139.0,0,0.0
81424,206.00,1570.00,4,2,11,10,2,8,6,21,109108.0,76789.0,84898.0,109108.0,108571.0,109108.0,0,0.0
81425,187.00,1528.00,5,2,10,10,2,8,6,21,52040.0,73506.0,97246.0,52040.0,66671.0,52040.0,2,45206.0
81426,187.00,1528.00,5,2,10,10,2,8,6,21,65046.0,98904.0,42935.0,65046.0,65332.0,65046.0,1,33858.0
81427,154.00,1394.00,5,2,10,10,2,8,6,21,24492.0,37612.0,22684.0,24492.0,24492.0,24492.0,1,13120.0
81428,154.00,1474.00,5,2,10,10,2,8,6,21,65584.0,80248.0,78965.0,65584.0,65584.0,65584.0,1,14664.0
81429,216.00,1655.00,5,2,10,10,2,8,6,21,125649.0,63844.0,117037.0,125649.0,125148.0,125649.0,0,0.0
81430,187.00,1509.00,5,2,10,10,2,8,6,21,46598.0,86946.0,45707.0,46598.0,58219.0,46598.0,1,40348.0
81431,154.00,1542.00,5,2,10,10,2,8,6,21,69575.0,76567.0,72863.0,69575.0,69575.0,69575.0,1,6992.0
81432,206.00,1613.00,5,2,10,10,2,8,6,21,103073.0,61396.0,80924.0,103073.0,102572.0,103073.0,0,0.0
81433,206.00,1610.00,5,2,10,10,2,8,6,21,59637.0,103336.0,56179.0,59637.0,59138.0,59637.0,1,43699.0
81434,154.00,1394.00,5,2,10,10,2,8,6,21,21995.0,52157.0,42236.0,21995.0,21995.0,21995.0,1,30162.0
81435,216.00,1674.00,5,2,10,10,2,8,6,21,111318.0,59374.0,104322.0,111318.0,110822.0,111318.0,0,0.0
81436,206.00,1603.00,5,2,10,10,2,8,6,21,111161.0,71083.0,97160.0,111161.0,110663.0,111161.0,0,0.0
81437,154.00,1564.00,5,2,10,10,2,8,6,21,65654.0,49011.0,83783.0,65654.0,65654.0,65654.0,2,18129.0
81438,154.00,1390.00,5,2,10,10,2,8,6,21,49369.0,105178.0,79279.0,49369.0,49369.0,49369.0,1,55809.0
81439,154.00,1351.00,4,2,11,10,2,8,6,21,92615.0,94830.0,72671.0,92615.0,92615.0,92615.0,1,2215.0
81440,154.00,1391.00,5,2,10,10,2,8,6,21,76877.0,52039.0,55514.0,76877.0,76877.0,76877.0,0,0.0
81441,187.00,1667.00,5,2,10,10,2,8,6,21,76730.0,64815.0,73769.0,76730.0,86326.0,76730.0,4,9596.0
81442,154.00,1394.00,5,2,10,10,2,8,6,21,33439.0,80548.0,33404.0,33439.0,33439.0,33439.0,1,47109.0
81443,154.00,1462.00,5,2,10,10,2,8,6,21,63223.0,44397.0,52271.0,63223.0,63470.0,63223.0,4,247.0
81444,154.00,1394.00,5,2,10,10,2,8,6,21,31714.0,42770.0,58206.0,31714.0,31714.0,31714.0,2,26492.0
81445,154.00,1384.00,5,2,10,10,2,8,6,21,33259.0,100099.0,35259.0,33259.0,33259.0,33259.0,1,66840.0
81446,187.00,1509.00,5,2,10,10,2,8,6,21,63467.0,78915.0,62846.0,63467.0,58014.0,63467.0,1,15448.0
81447,154.00,1542.00,5,2,10,10,2,8,6,21,88923.0,67824.0,89951.0,88923.0,88923.0,88923.0,2,1028.0
81448,154.00,1384.00,5,2,10,10,2,8,6,21,31862.0,88536.0,34556.0,31862.0,31862.0,31862.0,1,56674.0
81449,187.00,1516.00,5,2,10,10,2,8,6,21,109422.0,31449.0,81838.0,109422.0,77638.0,109422.0,0,0.0
81450,154.00,1474.00,5,2,10,10,2,8,6,21,59334.0,86803.0,67620.0,59334.0,59334.0,59334.0,1,27469.0
81451,206.00,1603.00,5,2,10,10,2,8,6,21,70891.0,93984.0,57771.0,70891.0,70390.0,70891.0,1,23093.0
81452,154.00,1435.00,4,2,11,10,2,8,6,21,78249.0,86295.0,63278.0,78249.0,78398.0,78249.0,1,8046.0
81453,154.00,1542.00,5,2,10,10,2,8,6,21,80554.0,98967.0,72960.0,80554.0,80554.0,80554.0,1,18413.0
81454,206.00,1570.00,4,2,11,10,2,8,6,21,76107.0,66951.0,101080.0,76107.0,75559.0,76107.0,2,24973.0
81455,187.00,1509.00,5,2,10,10,2,8,6,21,89355.0,69721.0,89084.0,89355.0,100688.0,89355.0,4,11333.0
81456,154.00,1462.00,5,2,10,10,2,8,6,21,103284.0,81604.0,121851.0,103284.0,103499.0,103284.0,2,18567.0
81457,154.00,1394.00,5,2,10,10,2,8,6,21,62748.0,70587.0,71954.0,62748.0,62748.0,62748.0,2,9206.0
81458,154.00,1394.00,5,2,10,10,2,8,6,21,26527.0,40051.0,36429.0,26527.0,26527.0,26527.0,1,13524.0
81459,216.00,1674.00,5,2,10,10,2,8,6,21,79934.0,38742.0,95599.0,79934.0,79386.0,79934.0,2,15665.0
81460,216.00,1665.00,5,2,10,10,2,8,6,21,100469.0,51041.0,95500.0,100469.0,99971.0,100469.0,0,0.0
81461,154.00,1394.00,5,2,10,10,2,8,6,21,69489.0,90473.0,36684.0,69489.0,69489.0,69489.0,1,20984.0
81462,187.00,1667.00,5,2,10,10,2,8,6,21,77471.0,77012.0,99689.0,77471.0,79301.0,77471.0,2,22218.0
81463,206.00,1603.00,5,2,10,10,2,8,6,21,65863.0,105615.0,63565.0,65863.0,65364.0,65863.0,1,39752.0
81464,154.00,1560.00,5,2,10,10,2,8,6,21,77281.0,111227.0,79627.0,77281.0,77281.0,77281.0,1,33946.0
81465,154.00,1324.00,4,2,11,10,2,8,6,21,45621.0,48296.0,44244.0,45621.0,45621.0,45621.0,1,2675.0
81466,154.00,1318.00,4,2,11,10,2,8,6,21,40475.0,102464.0,87680.0,40475.0,40475.0,40475.0,1,61989.0
81467,154.00,1462.00,5,2,10,10,2,8,6,21,63212.0,54792.0,54615.0,63212.0,63460.0,63212.0,4,248.0
81468,154.00,1384.00,5,2,10,10,2,8,6,21,78696.0,82754.0,78126.0,78696.0,78696.0,78696.0,1,4058.0
81469,216.00,1662.00,5,2,10,10,2,8,6,21,113354.0,104244.0,105033.0,113354.0,112853.0,113354.0,0,0.0
81470,216.00,1674.00,5,2,10,10,2,8,6,21,113144.0,61089.0,94761.0,113144.0,112647.0,113144.0,0,0.0
81471,154.00,1384.00,5,2,10,10,2,8,6,21,54320.0,78365.0,60981.0,54320.0,54320.0,54320.0,1,24045.0
81472,154.00,1384.00,5,2,10,10,2,8,6,21,99951.0,104972.0,93651.0,99951.0,99951.0,99951.0,1,5021.0
81473,187.00,1509.00,5,2,10,10,2,8,6,21,41649.0,55202.0,45862.0,41649.0,55296.0,41649.0,4,13647.0
81474,154.00,1462.00,5,2,10,10,2,8,6,21,68582.0,68308.0,68279.0,68582.0,68807.0,68582.0,4,225.0
81475,206.00,1603.00,5,2,10,10,2,8,6,21,71955.0,102037.0,92077.0,71955.0,71454.0,71955.0,1,30082.0
81476,206.00,1622.00,5,2,10,10,2,8,6,21,76559.0,77309.0,85552.0,76559.0,76062.0,76559.0,2,8993.0
81477,216.00,1655.00,5,2,10,10,2,8,6,21,130467.0,78955.0,113113.0,130467.0,129966.0,130467.0,0,0.0
81478,206.00,1610.00,5,2,10,10,2,8,6,21,85429.0,84925.0,72448.0,85429.0,84930.0,85429.0,0,0.0
81479,154.00,1560.00,5,2,10,10,2,8,6,21,71841.0,68920.0,68551.0,71841.0,71841.0,71841.0,0,0.0
81480,187.00,1667.00,5,2,10,10,2,8,6,21,74403.0,82731.0,74653.0,74403.0,81395.0,74403.0,1,8328.0
81481,187.00,1528.00,5,2,10,10,2,8,6,21,81278.0,73039.0,78808.0,81278.0,74740.0,81278.0,0,0.0
81482,187.00,1509.00,5,2,10,10,2,8,6,21,66973.0,99885.0,74110.0,66973.0,53099.0,66973.0,1,32912.0
81483,187.00,1516.00,5,2,10,10,2,8,6,21,110087.0,139895.0,126576.0,110087.0,114821.0,110087.0,1,29808.0
81484,206.00,1603.00,5,2,10,10,2,8,6,21,99763.0,73147.0,81331.0,99763.0,99262.0,99763.0,0,0.0
81485,206.00,1603.00,5,2,10,10,2,8,6,21,82970.0,63866.0,90714.0,82970.0,82469.0,82970.0,2,7744.0
81486,206.00,1613.00,5,2,10,10,2,8,6,21,100100.0,115577.0,99744.0,100100.0,99602.0,100100.0,1,15477.0
81487,206.00,1693.00,5,2,10,10,2,8,6,21,78135.0,85769.0,105619.0,78135.0,77675.0,78135.0,2,27484.0
81488,154.00,1283.00,4,2,11,10,2,8,6,21,36821.0,64778.0,30793.0,36821.0,36821.0,36821.0,1,27957.0
81489,206.00,1613.00,5,2,10,10,2,8,6,21,84298.0,90653.0,113386.0,84298.0,83800.0,84298.0,2,29088.0
81490,154.00,1391.00,4,2,11,10,2,8,6,21,76321.0,63038.0,53294.0,76321.0,76321.0,76321.0,0,0.0
81491,206.00,1693.00,5,2,10,10,2,8,6,21,108761.0,89653.0,110517.0,108761.0,108265.0,108761.0,2,1756.0
81492,206.00,1613.00,5,2,10,10,2,8,6,21,108390.0,85623.0,108535.0,108390.0,107889.0,108390.0,2,145.0
81493,206.00,1693.00,5,2,10,10,2,8,6,21,111732.0,71462.0,111115.0,111732.0,111232.0,111732.0,0,0.0
81494,154.00,1479.00,4,2,11,10,2,8,6,21,65306.0,120080.0,54540.0,65306.0,65306.0,65306.0,1,54774.0
81495,206.00,1603.00,5,2,10,10,2,8,6,21,70538.0,86382.0,90282.0,70538.0,69989.0,70538.0,2,19744.0
81496,187.00,1667.00,4,2,11,10,2,8,6,21,85726.0,83494.0,105198.0,85725.0,91024.0,85726.0,2,19472.0
81497,206.00,1610.00,5,2,10,10,2,8,6,21,49327.0,45432.0,45586.0,49327.0,48826.0,49327.0,0,0.0
81498,154.00,1464.00,5,2,10,10,2,8,6,21,83708.0,67182.0,99920.0,83708.0,83966.0,83708.0,2,16212.0
81499,187.00,1509.00,5,2,10,10,2,8,6,21,71420.0,84456.0,89418.0,71420.0,77014.0,71420.0,2,17998.0
81500,206.00,1693.00,5,2,10,10,2,8,6,21,128202.0,51975.0,85564.0,128202.0,127702.0,128202.0,0,0.0
81501,187.00,1667.00,5,2,10,10,2,8,6,21,79955.0,73230.0,79960.0,79955.0,101678.0,79955.0,4,21723.0
81502,187.00,1509.00,5,2,10,10,2,8,6,21,84913.0,124105.0,83295.0,84913.0,74683.0,84913.0,1,39192.0
81503,154.00,1474.00,5,2,10,10,2,8,6,21,60780.0,68958.0,58532.0,60780.0,60780.0,60780.0,1,8178.0
81504,154.00,1384.00,5,2,10,10,2,8,6,21,37781.0,92875.0,36654.0,37781.0,37781.0,37781.0,1,55094.0
81505,154.00,1384.00,5,2,10,10,2,8,6,21,77457.0,54904.0,71116.0,77457.0,77457.0,77457.0,0,0.0
81506,206.00,1603.00,5,2,10,10,2,8,6,21,107019.0,131084.0,109662.0,107019.0,106518.0,107019.0,1,24065.0
81507,216.00,1655.00,5,2,10,10,2,8,6,21,93926.0,106747.0,100233.0,93926.0,93427.0,93926.0,1,12821.0
81508,216.00,1550.00,5,1,11,10,2,8,6,21,124892.0,111568.0,91754.0,124892.0,124356.0,124892.0,0,0.0
81509,216.00,1655.00,5,2,10,10,2,8,6,21,92278.0,37013.0,97110.0,92278.0,91779.0,92278.0,2,4832.0
81510,216.00,1674.00,5,2,10,10,2,8,6,21,111928.0,73182.0,92668.0,111928.0,111428.0,111928.0,0,0.0
81511,206.00,1603.00,5,2,10,10,2,8,6,21,70971.0,114377.0,58137.0,70971.0,70470.0,70971.0,1,43406.0
81512,206.00,1603.00,5,2,10,10,2,8,6,21,82658.0,65761.0,74437.0,82658.0,82159.0,82658.0,0,0.0
81513,216.00,1665.00,5,2,10,10,2,8,6,21,95697.0,80402.0,85978.0,95697.0,95199.0,95697.0,0,0.0
81514,187.00,1509.00,5,2,10,10,2,8,6,21,74610.0,79586.0,77203.0,74610.0,95080.0,74610.0,4,20470.0
81515,154.00,1394.00,5,2,10,10,2,8,6,20,38945.0,46681.0,60967.0,38945.0,38945.0,38945.0,2,22022.0
81516,206.00,1681.00,5,2,10,10,2,8,6,21,77666.0,47937.0,111827.0,77666.0,77167.0,77666.0,2,34161.0
81517,154.00,1462.00,5,2,10,10,2,8,6,21,90286.0,26249.0,84650.0,90286.0,90503.0,90286.0,4,217.0
81518,206.00,1620.00,5,2,10,10,2,8,6,21,69440.0,89199.0,55914.0,69440.0,68904.0,69440.0,1,19759.0
81519,154.00,1542.00,5,2,10,10,2,8,6,21,80809.0,108650.0,74693.0,80809.0,80809.0,80809.0,1,27841.0
81520,154.00,1462.00,5,2,10,10,2,8,6,21,68633.0,78168.0,58226.0,68633.0,68850.0,68633.0,1,9535.0
81521,206.00,1603.00,5,2,10,10,2,8,6,21,115284.0,80570.0,108547.0,115284.0,114783.0,115284.0,0,0.0
81522,187.00,1509.00,5,2,10,10,2,8,6,21,62376.0,94951.0,73908.0,62376.0,86935.0,62376.0,1,32575.0
81523,206.00,1681.00,5,2,10,10,2,8,6,21,90509.0,67286.0,90081.0,90509.0,90008.0,90509.0,0,0.0
81524,154.00,1394.00,5,2,10,10,2,8,6,21,50807.0,57135.0,50435.0,50807.0,50807.0,50807.0,1,6328.0
81525,154.00,1384.00,5,2,10,10,2,8,6,21,39688.0,78408.0,36414.0,39688.0,39688.0,39688.0,1,38720.0
81526,154.00,1542.00,5,2,10,10,2,8,6,21,63764.0,61991.0,62882.0,63764.0,63764.0,63764.0,0,0.0
81527,187.00,1509.00,5,2,10,10,2,8,6,21,64472.0,74768.0,42173.0,64472.0,52804.0,64472.0,1,10296.0
81528,206.00,1613.00,5,2,10,10,2,8,6,21,40361.0,36136.0,47403.0,40361.0,39863.0,40361.0,2,7042.0
81529,206.00,1693.00,5,2,10,10,2,8,6,21,129265.0,93938.0,125431.0,129265.0,128769.0,129265.0,0,0.0
81530,206.00,1610.00,5,2,10,10,2,8,6,21,58554.0,94066.0,90263.0,58554.0,58055.0,58554.0,1,35512.0
81531,154.00,1542.00,5,2,10,10,2,8,6,21,82352.0,82395.0,97083.0,82352.0,82352.0,82352.0,2,14731.0
81532,216.00,1674.00,5,2,10,10,2,8,6,21,117808.0,93819.0,129800.0,117808.0,117311.0,117808.0,2,11992.0
81533,154.00,1384.00,5,2,10,10,2,8,6,21,39446.0,36815.0,46580.0,39446.0,39446.0,39446.0,2,7134.0
81534,187.00,1509.00,5,2,10,10,2,8,6,21,72961.0,53202.0,107476.0,72961.0,116936.0,72961.0,4,43975.0
81535,216.00,1550.00,5,1,11,10,2,8,6,21,103291.0,73524.0,112276.0,103295.0,102748.0,103291.0,2,8985.0
81536,187.00,1676.00,5,2,10,10,2,8,6,21,96778.0,111605.0,93852.0,96778.0,113736.0,96778.0,4,16958.0
81537,154.00,1462.00,5,2,10,10,2,8,6,21,64054.0,61367.0,63371.0,64054.0,64304.0,64054.0,4,250.0
81538,187.00,1667.00,5,2,10,10,2,8,6,21,94662.0,91423.0,80246.0,94687.0,87742.0,94662.0,0,0.0
81539,206.00,1613.00,5,2,10,10,2,8,6,21,131526.0,100616.0,125067.0,131526.0,131027.0,131526.0,0,0.0
81540,216.00,1662.00,5,2,10,10,2,8,6,21,124917.0,67493.0,107894.0,124917.0,124419.0,124917.0,0,0.0
81541,216.00,1665.00,5,2,10,10,2,8,6,21,132599.0,137277.0,137510.0,132599.0,132101.0,132599.0,2,4911.0
81542,206.00,1603.00,5,2,10,10,2,8,6,21,69925.0,53118.0,67560.0,69925.0,69427.0,69925.0,0,0.0
81543,216.00,1674.00,5,2,10,10,2,8,6,21,123718.0,123098.0,115835.0,123718.0,123217.0,123718.0,0,0.0
81544,187.00,1676.00,5,2,10,10,2,8,6,21,136727.0,103145.0,102716.0,136727.0,121238.0,136727.0,0,0.0
81545,206.00,1613.00,5,2,10,10,2,8,6,21,128162.0,114981.0,113134.0,128162.0,127663.0,128162.0,0,0.0
81546,154.00,1384.00,5,2,10,10,2,8,6,21,64877.0,68211.0,60549.0,64877.0,64877.0,64877.0,1,3334.0
81547,154.00,1542.00,5,2,10,10,2,8,6,21,100548.0,82062.0,80895.0,100548.0,100548.0,100548.0,0,0.0
81548,154.00,1391.00,5,2,10,10,2,8,6,21,55649.0,74734.0,42045.0,55649.0,55649.0,55649.0,1,19085.0
81549,187.00,1509.00,5,2,10,10,2,8,6,21,104248.0,108044.0,103100.0,104248.0,115172.0,104248.0,4,10924.0
81550,187.00,1509.00,5,2,10,10,2,8,6,21,89034.0,51338.0,116775.0,89034.0,90915.0,89034.0,2,27741.0
81551,187.00,1519.00,5,2,10,10,2,8,6,21,39562.0,96155.0,83451.0,39562.0,68169.0,39562.0,1,56593.0
81552,154.00,1387.00,5,2,10,10,2,8,6,21,74179.0,92640.0,87247.0,74179.0,74179.0,74179.0,1,18461.0
81553,187.00,1509.00,5,2,10,10,2,8,6,21,88278.0,67689.0,85025.0,88278.0,93818.0,88278.0,4,5540.0
81554,216.00,1662.00,5,2,10,10,2,8,6,21,102423.0,92549.0,92703.0,102423.0,101922.0,102423.0,0,0.0
81555,187.00,1509.00,5,2,10,10,2,8,6,21,49494.0,74161.0,67238.0,49494.0,60684.0,49494.0,1,24667.0
81556,216.00,1655.00,5,2,10,10,2,8,6,21,118865.0,115575.0,113606.0,118865.0,118364.0,118865.0,0,0.0
81557,216.00,1655.00,5,2,10,10,2,8,6,21,106676.0,106172.0,102896.0,106676.0,106175.0,106676.0,0,0.0
81558,187.00,1667.00,5,2,10,10,2,8,6,21,112544.0,40176.0,86693.0,112544.0,98667.0,112544.0,0,0.0
81559,154.00,1391.00,5,2,10,10,2,8,6,21,29363.0,72931.0,29585.0,29363.0,29363.0,29363.0,1,43568.0
81560,216.00,1662.00,4,2,11,10,2,8,6,21,106550.0,81724.0,88181.0,106550.0,106011.0,106550.0,0,0.0
81561,216.00,1665.00,5,2,10,10,2,8,6,21,100891.0,81482.0,103867.0,100891.0,100390.0,100891.0,2,2976.0
81562,154.00,1384.00,5,2,10,10,2,8,6,21,75669.0,97331.0,71800.0,75669.0,75669.0,75669.0,1,21662.0
81563,154.00,1403.00,5,2,10,10,2,8,6,21,39994.0,68556.0,54956.0,39994.0,40242.0,39994.0,1,28562.0
81564,187.00,1516.00,5,2,10,10,2,8,6,21,42296.0,69594.0,34295.0,42296.0,53819.0,42296.0,1,27298.0
81565,154.00,1462.00,5,2,10,10,2,8,6,21,88521.0,70863.0,89813.0,88521.0,88742.0,88521.0,2,1292.0
81566,154.00,1403.00,5,2,10,10,2,8,6,21,49870.0,98709.0,24368.0,49870.0,49863.0,49870.0,1,48839.0
81567,206.00,1603.00,5,2,10,10,2,8,6,21,57682.0,61756.0,73853.0,57682.0,57183.0,57682.0,2,16171.0
81568,216.00,1655.00,5,2,10,10,2,8,6,21,126705.0,104913.0,103558.0,126705.0,126204.0,126705.0,0,0.0
81569,154.00,1542.00,5,2,10,10,2,8,6,21,71891.0,47493.0,53743.0,71891.0,71891.0,71891.0,0,0.0
81570,206.00,1606.00,5,2,10,10,2,8,6,21,69164.0,74939.0,84231.0,69190.0,68666.0,69164.0,2,15067.0
81571,216.00,1655.00,5,2,10,10,2,8,6,21,115378.0,71812.0,106487.0,115378.0,114877.0,115378.0,0,0.0
81572,154.00,1394.00,5,2,10,10,2,8,6,21,52131.0,42440.0,26193.0,52131.0,52131.0,52131.0,0,0.0
81573,154.00,1542.00,5,2,10,10,2,8,6,21,75958.0,131921.0,58536.0,75958.0,75958.0,75958.0,1,55963.0
81574,154.00,1384.00,5,2,10,10,2,8,6,21,79591.0,99374.0,74753.0,79591.0,79591.0,79591.0,1,19783.0
81575,154.00,1391.00,5,2,10,10,2,8,6,21,43834.0,40219.0,39343.0,43834.0,43834.0,43834.0,0,0.0
81576,154.00,1391.00,5,2,10,10,2,8,6,21,55687.0,42720.0,43757.0,55687.0,55687.0,55687.0,0,0.0
81577,154.00,1462.00,5,2,10,10,2,8,6,21,77467.0,111241.0,106296.0,77467.0,77687.0,77467.0,1,33774.0
81578,187.00,1519.00,5,2,10,10,2,8,6,21,43086.0,80421.0,88510.0,43086.0,37697.0,43086.0,2,45424.0
81579,154.00,1462.00,5,2,10,10,2,8,6,21,79422.0,67450.0,74214.0,79422.0,79645.0,79422.0,4,223.0
81580,187.00,1509.00,5,2,10,10,2,8,6,21,37208.0,93099.0,37011.0,37208.0,36368.0,37208.0,1,55891.0
81581,187.00,1509.00,5,2,10,10,2,8,6,21,50519.0,107080.0,41902.0,50519.0,50274.0,50519.0,1,56561.0
81582,216.00,1655.00,5,2,10,10,2,8,6,21,101156.0,88719.0,92388.0,101156.0,100655.0,101156.0,0,0.0
81583,206.00,1693.00,5,2,10,10,2,8,6,21,86363.0,89640.0,86324.0,86363.0,85862.0,86363.0,1,3277.0
81584,206.00,1603.00,5,2,10,10,2,8,6,21,83496.0,83047.0,69431.0,83496.0,82997.0,83496.0,0,0.0
81585,187.00,1516.00,5,2,10,10,2,8,6,21,66205.0,69350.0,47856.0,66205.0,55567.0,66205.0,1,3145.0
81586,216.00,1655.00,5,2,10,10,2,8,6,21,94192.0,68422.0,82454.0,94192.0,93693.0,94192.0,0,0.0
81587,206.00,1610.00,5,2,10,10,2,8,6,21,67736.0,45293.0,83113.0,67736.0,67235.0,67736.0,2,15377.0
81588,154.00,1384.00,5,2,10,10,2,8,6,21,52672.0,63527.0,52092.0,52672.0,52672.0,52672.0,1,10855.0
81589,206.00,1493.00,4,2,11,10,2,8,6,21,101975.0,68439.0,65919.0,101984.0,101602.0,101975.0,0,0.0
81590,216.00,1674.00,5,2,10,10,2,8,6,21,154018.0,57803.0,147657.0,154018.0,153522.0,154018.0,0,0.0
81591,154.00,1394.00,5,2,10,10,2,8,6,21,78324.0,59067.0,84850.0,78324.0,78324.0,78324.0,2,6526.0
81592,154.00,1274.00,4,2,11,10,2,8,6,21,50424.0,67077.0,61394.0,50424.0,50424.0,50424.0,1,16653.0
81593,216.00,1544.00,5,1,11,10,2,8,6,21,110859.0,105692.0,114093.0,110861.0,110389.0,110859.0,2,3234.0
81594,187.00,1519.00,5,2,10,10,2,8,6,21,55026.0,75229.0,62408.0,55026.0,66357.0,55026.0,1,20203.0
81595,154.00,1394.00,5,2,10,10,2,8,6,21,37518.0,79451.0,22742.0,37518.0,37518.0,37518.0,1,41933.0
81596,154.00,1560.00,5,2,10,10,2,8,6,21,62968.0,106720.0,63147.0,62968.0,62968.0,62968.0,1,43752.0
81597,206.00,1693.00,5,2,10,10,2,8,6,21,149548.0,126584.0,125264.0,149548.0,149051.0,149548.0,0,0.0
81598,206.00,1610.00,5,2,10,10,2,8,6,21,83481.0,78245.0,67731.0,83481.0,82982.0,83481.0,0,0.0
81599,154.00,1388.00,5,2,10,10,2,8,6,21,44207.0,71455.0,62516.0,44207.0,44207.0,44207.0,1,27248.0
81600,154.00,1403.00,5,2,10,10,2,8,6,21,37317.0,80027.0,27845.0,37317.0,37310.0,37317.0,1,42710.0
81601,206.00,1603.00,5,2,10,10,2,8,6,21,34920.0,65814.0,48502.0,34920.0,34416.0,34920.0,1,30894.0
81602,187.00,1516.00,5,2,10,10,2,8,6,21,100718.0,74672.0,97344.0,100718.0,123781.0,100718.0,4,23063.0
81603,187.00,1679.00,5,2,10,10,2,8,6,21,154922.0,109455.0,147237.0,154922.0,122630.0,154922.0,0,0.0
81604,154.00,1462.00,5,2,10,10,2,8,6,21,76233.0,71748.0,95358.0,76233.0,76452.0,76233.0,2,19125.0
81605,216.00,1655.00,5,2,10,10,2,8,6,21,136448.0,120331.0,128144.0,136448.0,135947.0,136448.0,0,0.0
81606,187.00,1528.00,5,2,10,10,2,8,6,21,71677.0,51921.0,50284.0,71677.0,85442.0,71677.0,4,13765.0
81607,206.00,1603.00,5,2,10,10,2,8,6,21,78850.0,59790.0,76518.0,78850.0,78352.0,78850.0,0,0.0
81608,206.00,1603.00,5,2,10,10,2,8,6,21,92168.0,126676.0,90852.0,92168.0,91670.0,92168.0,1,34508.0
81609,216.00,1665.00,5,2,10,10,2,8,6,21,126131.0,78072.0,90299.0,126131.0,125630.0,126131.0,0,0.0
81610,187.00,1516.00,5,2,10,10,2,8,6,21,109159.0,81123.0,104397.0,109159.0,108795.0,109159.0,0,0.0
81611,154.00,1542.00,5,2,10,10,2,8,6,21,74068.0,42687.0,77681.0,74068.0,74068.0,74068.0,2,3613.0
81612,154.00,1542.00,5,2,10,10,2,8,6,21,54120.0,58649.0,55619.0,54120.0,54120.0,54120.0,1,4529.0
81613,154.00,1474.00,5,2,10,10,2,8,6,21,62383.0,141406.0,71488.0,62383.0,62383.0,62383.0,1,79023.0
81614,216.00,1655.00,5,2,10,10,2,8,6,21,94602.0,67002.0,77141.0,94602.0,94104.0,94602.0,0,0.0
81615,206.00,1693.00,5,2,10,10,2,8,6,21,114819.0,67695.0,117221.0,114819.0,114318.0,114819.0,2,2402.0
81616,206.00,1603.00,5,2,10,10,2,8,6,21,63698.0,96437.0,61216.0,63698.0,63199.0,63698.0,1,32739.0
81617,187.00,1509.00,5,2,10,10,2,8,6,21,74560.0,68547.0,77866.0,74560.0,84923.0,74560.0,4,10363.0
81618,206.00,1610.00,5,2,10,10,2,8,6,21,97744.0,64180.0,78606.0,97744.0,97245.0,97744.0,0,0.0
81619,187.00,1509.00,5,2,10,10,2,8,6,21,80357.0,74197.0,96446.0,80357.0,85123.0,80357.0,2,16089.0
81620,187.00,1516.00,5,2,10,10,2,8,6,21,84012.0,69558.0,73324.0,84012.0,74287.0,84012.0,0,0.0
81621,206.00,1693.00,5,2,10,10,2,8,6,21,134542.0,118716.0,135322.0,134542.0,134045.0,134542.0,2,780.0
81622,154.00,1384.00,5,2,10,10,2,8,6,21,58920.0,49764.0,55369.0,58920.0,58920.0,58920.0,0,0.0
81623,154.00,1542.00,5,2,10,10,2,8,6,21,86497.0,68792.0,80172.0,86497.0,86497.0,86497.0,0,0.0
81624,206.00,1603.00,5,2,10,10,2,8,6,21,81816.0,101712.0,91952.0,81816.0,81318.0,81816.0,1,19896.0
81625,216.00,1674.00,5,2,10,10,2,8,6,21,101360.0,80827.0,106441.0,101360.0,100859.0,101360.0,2,5081.0
81626,187.00,1516.00,5,2,10,10,2,8,6,21,83332.0,48290.0,95474.0,83332.0,75797.0,83332.0,2,12142.0
81627,154.00,1391.00,5,2,10,10,2,8,6,21,50537.0,74962.0,58799.0,50537.0,50537.0,50537.0,1,24425.0
81628,154.00,1394.00,5,2,10,10,2,8,6,21,45929.0,78547.0,67117.0,45929.0,45929.0,45929.0,1,32618.0
81629,187.00,1509.00,5,2,10,10,2,8,6,21,108618.0,84734.0,94336.0,108618.0,92733.0,108618.0,0,0.0
81630,206.00,1610.00,5,2,10,10,2,8,6,21,79806.0,106574.0,95309.0,79806.0,79308.0,79806.0,1,26768.0
81631,206.00,1681.00,5,2,10,10,2,8,6,21,70784.0,96485.0,70576.0,70784.0,70286.0,70784.0,1,25701.0
81632,154.00,1462.00,5,2,10,10,2,8,6,21,76559.0,75879.0,62423.0,76559.0,76777.0,76559.0,4,218.0
81633,154.00,1542.00,5,2,10,10,2,8,6,21,100190.0,64301.0,99298.0,100190.0,100190.0,100190.0,0,0.0
81634,206.00,1610.00,5,2,10,10,2,8,6,21,58332.0,78392.0,52595.0,58332.0,57834.0,58332.0,1,20060.0
81635,154.00,1391.00,5,2,10,10,2,8,6,21,28753.0,61145.0,37854.0,28753.0,28753.0,28753.0,1,32392.0
81636,187.00,1509.00,5,2,10,10,2,8,6,21,85469.0,72141.0,70074.0,85469.0,48817.0,85469.0,0,0.0
81637,187.00,1516.00,5,2,10,10,2,8,6,21,70740.0,51841.0,58365.0,70740.0,65287.0,70740.0,0,0.0
81638,154.00,1551.00,5,2,10,10,2,8,6,21,57624.0,52172.0,54869.0,57624.0,57624.0,57624.0,0,0.0
81639,206.00,1696.00,5,2,10,10,2,8,6,21,142512.0,136912.0,140528.0,142483.0,141938.0,142512.0,0,0.0
81640,154.00,1391.00,5,2,10,10,2,8,6,21,61925.0,74085.0,34691.0,61925.0,61925.0,61925.0,1,12160.0
81641,216.00,1655.00,5,2,10,10,2,8,6,21,111964.0,60279.0,108059.0,111964.0,111463.0,111964.0,0,0.0
81642,187.00,1528.00,5,2,10,10,2,8,6,21,82861.0,50580.0,101076.0,82861.0,81986.0,82861.0,2,18215.0
81643,154.00,1384.00,5,2,10,10,2,8,6,21,93054.0,46105.0,91315.0,93054.0,93054.0,93054.0,0,0.0
81644,216.00,1655.00,5,2,10,10,2,8,6,21,107566.0,58208.0,73582.0,107566.0,107068.0,107566.0,0,0.0
81645,154.00,1403.00,5,2,10,10,2,8,6,21,42793.0,70851.0,30536.0,42793.0,42924.0,42793.0,1,28058.0
81646,154.00,1395.00,4,2,11,10,2,8,6,21,102476.0,94164.0,70335.0,102476.0,102476.0,102476.0,0,0.0
81647,187.00,1667.00,5,2,10,10,2,8,6,21,82299.0,70696.0,82295.0,82299.0,64789.0,82299.0,0,0.0
81648,206.00,1681.00,5,2,10,10,2,8,6,21,72639.0,70628.0,81435.0,72639.0,72140.0,72639.0,2,8796.0
81649,154.00,1462.00,5,2,10,10,2,8,6,21,52816.0,54121.0,52447.0,52816.0,53022.0,52816.0,1,1305.0
81650,154.00,1391.00,5,2,10,10,2,8,6,21,42477.0,99576.0,58832.0,42477.0,42477.0,42477.0,1,57099.0
81651,154.00,1474.00,5,2,10,10,2,8,6,21,74004.0,73282.0,68508.0,74004.0,74004.0,74004.0,0,0.0
81652,154.00,1403.00,5,2,10,10,2,8,6,21,41209.0,76339.0,43109.0,41209.0,58973.0,41209.0,1,35130.0
81653,187.00,1516.00,5,2,10,10,2,8,6,21,95847.0,75537.0,71664.0,95847.0,72066.0,95847.0,0,0.0
81654,154.00,1384.00,5,2,10,10,2,8,6,21,97151.0,61692.0,88768.0,97151.0,97151.0,97151.0,0,0.0
81655,187.00,1519.00,5,2,10,10,2,8,6,21,57366.0,44670.0,97514.0,57366.0,60970.0,57366.0,2,40148.0
81656,154.00,1542.00,5,2,10,10,2,8,6,21,99998.0,95362.0,67677.0,99998.0,99998.0,99998.0,0,0.0
81657,187.00,1509.00,5,2,10,10,2,8,6,21,97692.0,149595.0,74681.0,97692.0,73973.0,97692.0,1,51903.0
81658,206.00,1603.00,5,2,10,10,2,8,6,21,113389.0,119209.0,107349.0,113389.0,112891.0,113389.0,1,5820.0
81659,187.00,1667.00,5,2,10,10,2,8,6,21,133505.0,55803.0,132175.0,133505.0,110773.0,133505.0,0,0.0
81660,154.00,1384.00,5,2,10,10,2,8,6,21,77144.0,68149.0,70344.0,77144.0,77144.0,77144.0,0,0.0
81661,206.00,1576.00,5,1,11,10,2,8,6,21,125732.0,93026.0,82157.0,125732.0,125193.0,125732.0,0,0.0
81662,206.00,1606.00,5,2,10,10,2,8,6,21,100595.0,89273.0,118947.0,100595.0,100099.0,100595.0,2,18352.0
81663,154.00,1560.00,5,2,10,10,2,8,6,21,63769.0,70248.0,64035.0,63769.0,63769.0,63769.0,1,6479.0
81664,206.00,1603.00,5,2,10,10,2,8,6,21,66132.0,72467.0,67252.0,66132.0,65633.0,66132.0,1,6335.0
81665,187.00,1528.00,5,2,10,10,2,8,6,21,89583.0,68624.0,49694.0,89583.0,64415.0,89583.0,0,0.0
81666,154.00,1394.00,5,2,10,10,2,8,6,21,23886.0,90659.0,33669.0,23886.0,23886.0,23886.0,1,66773.0
81667,154.00,1542.00,5,2,10,10,2,8,6,21,68454.0,92331.0,101967.0,68454.0,68454.0,68454.0,2,33513.0
81668,206.00,1610.00,5,2,10,10,2,8,6,21,68986.0,20814.0,78134.0,68986.0,68487.0,68986.0,2,9148.0
81669,206.00,1603.00,5,2,10,10,2,8,6,21,111625.0,59260.0,107633.0,111625.0,111127.0,111625.0,0,0.0
81670,216.00,1665.00,5,2,10,10,2,8,6,21,118151.0,117702.0,94743.0,118151.0,117653.0,118151.0,0,0.0
81671,216.00,1665.00,5,2,10,10,2,8,6,21,72180.0,72013.0,96909.0,72188.0,71643.0,72180.0,2,24729.0
81672,216.00,1655.00,5,2,10,10,2,8,6,21,134235.0,93708.0,126167.0,134235.0,133736.0,134235.0,0,0.0
81673,154.00,1394.00,5,2,10,10,2,8,6,21,71967.0,77922.0,29009.0,71967.0,71967.0,71967.0,1,5955.0
81674,154.00,1384.00,5,2,10,10,2,8,6,21,78010.0,63324.0,73478.0,78010.0,78010.0,78010.0,0,0.0
81675,206.00,1610.00,5,2,10,10,2,8,6,21,57851.0,57621.0,71513.0,57851.0,57350.0,57851.0,2,13662.0
81676,187.00,1509.00,5,2,10,10,2,8,6,21,74471.0,48276.0,73502.0,74471.0,83577.0,74471.0,4,9106.0
81677,216.00,1655.00,5,2,10,10,2,8,6,21,99570.0,87618.0,111493.0,99570.0,99072.0,99570.0,2,11923.0
81678,154.00,1384.00,5,2,10,10,2,8,6,21,60165.0,123017.0,58161.0,60165.0,60165.0,60165.0,1,62852.0
81679,154.00,1384.00,5,2,10,10,2,8,6,21,92382.0,53055.0,84755.0,92382.0,92382.0,92382.0,0,0.0
81680,216.00,1655.00,5,2,10,10,2,8,6,21,83519.0,57538.0,79572.0,83519.0,83018.0,83519.0,0,0.0
81681,206.00,1693.00,5,2,10,10,2,8,6,21,107672.0,63201.0,88591.0,107672.0,107171.0,107672.0,0,0.0
81682,206.00,1603.00,5,2,10,10,2,8,6,21,94609.0,37488.0,71380.0,94609.0,94111.0,94609.0,0,0.0
81683,154.00,1551.00,5,2,10,10,2,8,6,21,55956.0,103830.0,90163.0,55956.0,55956.0,55956.0,1,47874.0
81684,206.00,1622.00,5,2,10,10,2,8,6,21,57382.0,86707.0,55803.0,57382.0,56881.0,57382.0,1,29325.0
81685,154.00,1384.00,5,2,10,10,2,8,6,21,57675.0,97556.0,63653.0,57675.0,57675.0,57675.0,1,39881.0
81686,206.00,1613.00,5,2,10,10,2,8,6,21,108227.0,60901.0,59940.0,108227.0,107726.0,108227.0,0,0.0
81687,154.00,1474.00,5,2,10,10,2,8,6,21,53582.0,116595.0,62010.0,53582.0,53582.0,53582.0,1,63013.0
81688,187.00,1509.00,5,2,10,10,2,8,6,21,85814.0,120256.0,75367.0,85814.0,72895.0,85814.0,1,34442.0
81689,206.00,1622.00,5,2,10,10,2,8,6,21,41462.0,36705.0,65268.0,41462.0,40962.0,41462.0,2,23806.0
81690,154.00,1388.00,5,2,10,10,2,8,6,21,72337.0,76383.0,96894.0,72337.0,72337.0,72337.0,2,24557.0
81691,154.00,1384.00,5,2,10,10,2,8,6,21,40750.0,64709.0,45008.0,40750.0,40750.0,40750.0,1,23959.0
81692,216.00,1665.00,5,2,10,10,2,8,6,21,74352.0,56123.0,89420.0,74352.0,73853.0,74352.0,2,15068.0
81693,187.00,1509.00,5,2,10,10,2,8,6,21,60591.0,104784.0,68389.0,60591.0,59307.0,60591.0,1,44193.0
81694,216.00,1551.00,4,2,11,10,2,8,6,21,72631.0,78783.0,91377.0,72631.0,72085.0,72631.0,2,18746.0
81695,154.00,1474.00,5,2,10,10,2,8,6,21,74832.0,77972.0,58669.0,74832.0,74832.0,74832.0,1,3140.0
81696,154.00,1394.00,5,2,10,10,2,8,6,21,57280.0,82185.0,64101.0,57280.0,57280.0,57280.0,1,24905.0
81697,206.00,1610.00,5,2,10,10,2,8,6,21,33208.0,55083.0,28186.0,33208.0,32709.0,33208.0,1,21875.0
81698,154.00,1384.00,5,2,10,10,2,8,6,21,85378.0,102550.0,80239.0,85378.0,85378.0,85378.0,1,17172.0
81699,216.00,1662.00,5,2,10,10,2,8,6,21,121612.0,80356.0,135146.0,121612.0,121113.0,121612.0,2,13534.0
81700,187.00,1509.00,5,2,10,10,2,8,6,21,76637.0,86433.0,84227.0,76637.0,93052.0,76637.0,4,16415.0
81701,154.00,1542.00,5,2,10,10,2,8,6,21,76023.0,148934.0,67376.0,76023.0,76023.0,76023.0,1,72911.0
81702,216.00,1662.00,5,2,10,10,2,8,6,21,101807.0,104814.0,126193.0,101807.0,101306.0,101807.0,2,24386.0
81703,187.00,1553.00,4,2,11,10,2,8,6,21,76329.0,75515.0,75505.0,76329.0,115786.0,76329.0,4,39457.0
81704,154.00,1384.00,5,2,10,10,2,8,6,21,39165.0,51044.0,45433.0,39165.0,39165.0,39165.0,1,11879.0
81705,187.00,1516.00,5,2,10,10,2,8,6,21,110023.0,85005.0,117971.0,110023.0,93907.0,110023.0,2,7948.0
81706,154.00,1403.00,5,2,10,10,2,8,6,21,63448.0,85538.0,50790.0,63448.0,40226.0,63448.0,1,22090.0
81707,154.00,1560.00,5,2,10,10,2,8,6,21,73849.0,91155.0,55891.0,73849.0,73849.0,73849.0,1,17306.0
81708,216.00,1662.00,5,2,10,10,2,8,6,21,125813.0,103484.0,121003.0,125813.0,125312.0,125813.0,0,0.0
81709,154.00,1394.00,5,2,10,10,2,8,6,21,78308.0,73120.0,67612.0,78308.0,78308.0,78308.0,0,0.0
81710,206.00,1607.00,5,2,10,10,2,8,6,21,53803.0,88553.0,80111.0,53771.0,53305.0,53803.0,1,34750.0
81711,154.00,1384.00,5,2,10,10,2,8,6,21,43083.0,108259.0,47666.0,43083.0,43083.0,43083.0,1,65176.0
81712,206.00,1617.00,5,2,10,10,2,8,6,21,119986.0,42162.0,84421.0,119986.0,119486.0,119986.0,0,0.0
81713,216.00,1665.00,5,2,10,10,2,8,6,21,91905.0,105567.0,89959.0,91905.0,91404.0,91905.0,1,13662.0
81714,154.00,1462.00,5,2,10,10,2,8,6,21,84656.0,49584.0,84787.0,84656.0,84649.0,84656.0,2,131.0
81715,187.00,1519.00,5,2,10,10,2,8,6,21,62028.0,76029.0,81141.0,62028.0,61762.0,62028.0,2,19113.0
81716,216.00,1665.00,5,2,10,10,2,8,6,21,127198.0,95632.0,128578.0,127198.0,126703.0,127198.0,2,1380.0
81717,154.00,1384.00,5,2,10,10,2,8,6,21,56123.0,105914.0,34818.0,56123.0,56123.0,56123.0,1,49791.0
81718,154.00,1384.00,5,2,10,10,2,8,6,21,85463.0,41279.0,73383.0,85463.0,85463.0,85463.0,0,0.0
81719,206.00,1613.00,5,2,10,10,2,8,6,21,117379.0,65783.0,107431.0,117379.0,116878.0,117379.0,0,0.0
81720,206.00,1603.00,5,2,10,10,2,8,6,21,50728.0,84273.0,37192.0,50728.0,50229.0,50728.0,1,33545.0
81721,154.00,1462.00,5,2,10,10,2,8,6,21,94732.0,31926.0,56808.0,94732.0,94949.0,94732.0,4,217.0
81722,154.00,1551.00,5,2,10,10,2,8,6,21,81654.0,62492.0,53460.0,81654.0,81654.0,81654.0,0,0.0
81723,206.00,1603.00,5,2,10,10,2,8,6,21,112170.0,59454.0,80077.0,112170.0,111669.0,112170.0,0,0.0
81724,187.00,1516.00,5,2,10,10,2,8,6,21,94010.0,83783.0,93284.0,94010.0,91037.0,94010.0,0,0.0
81725,154.00,1384.00,5,2,10,10,2,8,6,21,71173.0,38582.0,58441.0,71173.0,71173.0,71173.0,0,0.0
81726,216.00,1662.00,5,2,10,10,2,8,6,21,92224.0,82522.0,80667.0,92224.0,91725.0,92224.0,0,0.0
81727,206.00,1622.00,5,2,10,10,2,8,6,21,96475.0,112802.0,94868.0,96475.0,95974.0,96475.0,1,16327.0
81728,206.00,1603.00,5,2,10,10,2,8,6,21,99381.0,122883.0,79282.0,99381.0,98880.0,99381.0,1,23502.0
81729,154.00,1403.00,5,2,10,10,2,8,6,21,60537.0,77657.0,43842.0,60537.0,60530.0,60537.0,1,17120.0
81730,154.00,1394.00,5,2,10,10,2,8,6,21,61565.0,79945.0,55079.0,61565.0,61565.0,61565.0,1,18380.0
81731,154.00,1384.00,5,2,10,10,2,8,6,21,31517.0,39174.0,29190.0,31517.0,31517.0,31517.0,1,7657.0
81732,154.00,1394.00,5,2,10,10,2,8,6,20,31090.0,64539.0,72820.0,31090.0,31090.0,31090.0,2,41730.0
81733,216.00,1662.00,5,2,10,10,2,8,6,21,103957.0,105906.0,103814.0,103957.0,103458.0,103957.0,1,1949.0
81734,216.00,1655.00,5,2,10,10,2,8,6,21,85509.0,77043.0,98660.0,85509.0,85011.0,85509.0,2,13151.0
81735,154.00,1384.00,5,2,10,10,2,8,6,21,60270.0,103927.0,67909.0,60270.0,60270.0,60270.0,1,43657.0
81736,216.00,1662.00,5,2,10,10,2,8,6,21,91475.0,111343.0,90111.0,91475.0,90930.0,91475.0,1,19868.0
81737,154.00,1391.00,5,2,10,10,2,8,6,21,73911.0,81359.0,48755.0,73911.0,73911.0,73911.0,1,7448.0
81738,216.00,1662.00,5,2,10,10,2,8,6,21,91242.0,74238.0,97653.0,91242.0,90741.0,91242.0,2,6411.0
81739,206.00,1603.00,5,2,10,10,2,8,6,21,112063.0,55388.0,109868.0,112114.0,111628.0,112063.0,3,51.0
81740,206.00,1548.00,4,2,11,10,2,8,6,21,80614.0,95320.0,74474.0,80614.0,80123.0,80614.0,1,14706.0
81741,154.00,1391.00,5,2,10,10,2,8,6,21,57688.0,76514.0,42756.0,57688.0,57688.0,57688.0,1,18826.0
81742,187.00,1516.00,5,2,10,10,2,8,6,21,101492.0,92876.0,82342.0,101492.0,86106.0,101492.0,0,0.0
81743,206.00,1681.00,5,2,10,10,2,8,6,21,85747.0,92766.0,101007.0,85747.0,85246.0,85747.0,2,15260.0
81744,154.00,1384.00,5,2,10,10,2,8,6,21,77901.0,94885.0,95703.0,77901.0,77901.0,77901.0,2,17802.0
81745,216.00,1655.00,5,2,10,10,2,8,6,21,100575.0,95650.0,96543.0,100575.0,100077.0,100575.0,0,0.0
81746,216.00,1655.00,5,2,10,10,2,8,6,21,79567.0,62819.0,92637.0,79567.0,79068.0,79567.0,2,13070.0
81747,154.00,1384.00,5,2,10,10,2,8,6,21,64736.0,27111.0,83491.0,64736.0,64736.0,64736.0,2,18755.0
81748,216.00,1665.00,5,2,10,10,2,8,6,21,124319.0,106177.0,105552.0,124319.0,123821.0,124319.0,0,0.0
81749,187.00,1519.00,5,2,10,10,2,8,6,21,53346.0,91360.0,68856.0,53346.0,33599.0,53346.0,1,38014.0
81750,154.00,1394.00,5,2,10,10,2,8,6,21,58379.0,81778.0,57234.0,58379.0,58379.0,58379.0,1,23399.0
81751,154.00,1462.00,5,2,10,10,2,8,6,21,87674.0,105845.0,80897.0,87674.0,87921.0,87674.0,1,18171.0
81752,154.00,1394.00,5,2,10,10,2,8,6,21,64021.0,42722.0,51655.0,64021.0,64021.0,64021.0,0,0.0
81753,216.00,1665.00,5,2,10,10,2,8,6,21,103656.0,75014.0,106235.0,103656.0,103155.0,103656.0,2,2579.0
81754,154.00,1384.00,5,2,10,10,2,8,6,21,54376.0,76965.0,58590.0,54376.0,54376.0,54376.0,1,22589.0
81755,206.00,1603.00,5,2,10,10,2,8,6,21,100956.0,92118.0,98301.0,100956.0,100455.0,100956.0,0,0.0
81756,206.00,1622.00,5,2,10,10,2,8,6,21,74068.0,93643.0,69298.0,74068.0,73533.0,74068.0,1,19575.0
81757,206.00,1498.00,5,1,11,10,2,8,6,21,65226.0,78767.0,67308.0,65226.0,54812.0,65226.0,1,13541.0
81758,154.00,1384.00,5,2,10,10,2,8,6,21,70116.0,99542.0,52609.0,70116.0,70116.0,70116.0,1,29426.0
81759,154.00,1384.00,5,2,10,10,2,8,6,21,95735.0,85370.0,74644.0,95735.0,95735.0,95735.0,0,0.0
81760,216.00,1665.00,5,2,10,10,2,8,6,21,113026.0,80194.0,77759.0,113026.0,112525.0,113026.0,0,0.0
81761,187.00,1411.00,5,1,11,10,2,8,6,21,54076.0,52656.0,89218.0,54076.0,57440.0,54076.0,2,35142.0
81762,206.00,1603.00,5,2,10,10,2,8,6,21,53695.0,53371.0,80275.0,53695.0,53197.0,53695.0,2,26580.0
81763,187.00,1509.00,5,2,10,10,2,8,6,21,72036.0,105461.0,49747.0,72036.0,54147.0,72036.0,1,33425.0
81764,206.00,1684.00,5,2,10,10,2,8,6,21,113060.0,79090.0,113227.0,113097.0,112566.0,113060.0,2,167.0
81765,154.00,1462.00,5,2,10,10,2,8,6,21,68400.0,75500.0,58383.0,68400.0,68616.0,68400.0,1,7100.0
81766,206.00,1609.00,5,2,10,10,2,8,6,21,72853.0,85948.0,64537.0,72894.0,72393.0,72853.0,1,13095.0
81767,154.00,1542.00,5,2,10,10,2,8,6,21,104892.0,97536.0,75822.0,104892.0,104892.0,104892.0,0,0.0
81768,187.00,1667.00,5,2,10,10,2,8,6,21,74252.0,89943.0,74589.0,74252.0,73913.0,74252.0,1,15691.0
81769,206.00,1681.00,5,2,10,10,2,8,6,21,110457.0,72662.0,109455.0,110457.0,109956.0,110457.0,0,0.0
81770,187.00,1516.00,5,2,10,10,2,8,6,21,98291.0,70292.0,84449.0,98291.0,70679.0,98291.0,0,0.0
81771,206.00,1613.00,5,2,10,10,2,8,6,21,110914.0,124334.0,68119.0,110914.0,110417.0,110914.0,1,13420.0
81772,154.00,1384.00,5,2,10,10,2,8,6,21,70415.0,68063.0,70552.0,70415.0,70415.0,70415.0,2,137.0
81773,187.00,1528.00,5,2,10,10,2,8,6,21,51197.0,71784.0,62049.0,51197.0,83664.0,51197.0,4,32467.0
81774,187.00,1509.00,5,2,10,10,2,8,6,21,52328.0,91728.0,57189.0,52328.0,41502.0,52328.0,1,39400.0
81775,154.00,1462.00,5,2,10,10,2,8,6,21,74115.0,67944.0,72953.0,74115.0,74108.0,74115.0,0,0.0
81776,154.00,1464.00,5,2,10,10,2,8,6,21,135452.0,83811.0,77961.0,135452.0,135660.0,135452.0,4,208.0
81777,187.00,1509.00,5,2,10,10,2,8,6,21,55241.0,73490.0,60921.0,55241.0,41801.0,55241.0,1,18249.0
81778,216.00,1674.00,5,2,10,10,2,8,6,21,119203.0,118717.0,110450.0,119203.0,118702.0,119203.0,0,0.0
81779,154.00,1384.00,5,2,10,10,2,8,6,21,45553.0,65479.0,53248.0,45553.0,45553.0,45553.0,1,19926.0
81780,187.00,1516.00,5,2,10,10,2,8,6,21,77198.0,122569.0,73337.0,77198.0,58914.0,77198.0,1,45371.0
81781,187.00,1513.00,5,2,10,10,2,8,6,21,109204.0,123062.0,97187.0,109204.0,119999.0,109204.0,1,13858.0
81782,206.00,1603.00,5,2,10,10,2,8,6,21,83975.0,60692.0,88998.0,83975.0,83476.0,83975.0,2,5023.0
81783,206.00,1610.00,5,2,10,10,2,8,6,20,93101.0,88602.0,97915.0,93101.0,92602.0,93101.0,2,4814.0
81784,154.00,1542.00,5,2,10,10,2,8,6,21,63263.0,70217.0,62734.0,63263.0,63263.0,63263.0,1,6954.0
81785,187.00,1516.00,5,2,10,10,2,8,6,21,96521.0,83425.0,103396.0,96521.0,101191.0,96521.0,2,6875.0
81786,154.00,1384.00,5,2,10,10,2,8,6,21,22813.0,71167.0,34460.0,22813.0,22813.0,22813.0,1,48354.0
81787,154.00,1560.00,5,2,10,10,2,8,6,21,58172.0,47333.0,59820.0,58172.0,58172.0,58172.0,2,1648.0
81788,216.00,1665.00,5,2,10,10,2,8,6,21,130296.0,74065.0,115590.0,130296.0,129798.0,130296.0,0,0.0
81789,154.00,1384.00,5,2,10,10,2,8,6,21,71306.0,68070.0,68921.0,71306.0,71306.0,71306.0,0,0.0
81790,216.00,1655.00,5,2,10,10,2,8,6,20,95907.0,69784.0,98318.0,95907.0,95406.0,95907.0,2,2411.0
81791,216.00,1655.00,5,2,10,10,2,8,6,21,93461.0,74591.0,86204.0,93461.0,92963.0,93461.0,0,0.0
81792,216.00,1674.00,5,2,10,10,2,8,6,21,150010.0,73257.0,114755.0,150010.0,149514.0,150010.0,0,0.0
81793,154.00,1403.00,5,2,10,10,2,8,6,21,37738.0,117198.0,33952.0,37738.0,58103.0,37738.0,1,79460.0
81794,154.00,1384.00,5,2,10,10,2,8,6,21,38912.0,41284.0,47943.0,38912.0,38912.0,38912.0,2,9031.0
81795,154.00,1384.00,5,2,10,10,2,8,6,21,55433.0,125436.0,51320.0,55433.0,55433.0,55433.0,1,70003.0
81796,154.00,1384.00,5,2,10,10,2,8,6,21,76464.0,97298.0,79206.0,76464.0,76464.0,76464.0,1,20834.0
81797,154.00,1551.00,5,2,10,10,2,8,6,21,63790.0,108312.0,54780.0,63790.0,63790.0,63790.0,1,44522.0
81798,187.00,1519.00,5,2,10,10,2,8,6,21,46126.0,86109.0,26131.0,46126.0,47293.0,46126.0,1,39983.0
81799,154.00,1394.00,5,2,10,10,2,8,6,21,37427.0,57035.0,53401.0,37427.0,37427.0,37427.0,1,19608.0
81800,206.00,1610.00,5,2,10,10,2,8,6,21,65799.0,23186.0,86925.0,65799.0,65298.0,65799.0,2,21126.0
81801,216.00,1655.00,5,2,10,10,2,8,6,21,119927.0,64026.0,100850.0,119927.0,119429.0,119927.0,0,0.0
81802,154.00,1397.00,5,2,10,10,2,8,6,21,79374.0,111793.0,77008.0,79374.0,79374.0,79374.0,1,32419.0
81803,206.00,1603.00,5,2,10,10,2,8,6,21,98586.0,101469.0,96339.0,98586.0,98085.0,98586.0,1,2883.0
81804,154.00,1384.00,5,2,10,10,2,8,6,21,100639.0,113947.0,93802.0,100639.0,100639.0,100639.0,1,13308.0
81805,154.00,1384.00,5,2,10,10,2,8,6,21,90494.0,42892.0,73849.0,90494.0,90494.0,90494.0,0,0.0
81806,206.00,1603.00,5,2,10,10,2,8,6,21,69920.0,86697.0,85763.0,69920.0,69422.0,69920.0,1,16777.0
81807,216.00,1655.00,5,2,10,10,2,8,6,21,128739.0,102431.0,104432.0,128739.0,128241.0,128739.0,0,0.0
81808,187.00,1516.00,5,2,10,10,2,8,6,21,126626.0,57169.0,100679.0,126626.0,110129.0,126626.0,0,0.0
81809,154.00,1384.00,5,2,10,10,2,8,6,21,70188.0,57577.0,61237.0,70188.0,70188.0,70188.0,0,0.0
81810,154.00,1394.00,5,2,10,10,2,8,6,21,41124.0,98415.0,38224.0,41124.0,41124.0,41124.0,1,57291.0
81811,216.00,1655.00,5,2,10,10,2,8,6,21,93202.0,52477.0,111018.0,93202.0,92704.0,93202.0,2,17816.0
81812,206.00,1603.00,5,2,10,10,2,8,6,21,88283.0,80304.0,76593.0,88283.0,87788.0,88283.0,0,0.0
81813,206.00,1681.00,5,2,10,10,2,8,6,21,90505.0,88384.0,102760.0,90505.0,90004.0,90505.0,2,12255.0
81814,206.00,1610.00,5,2,10,10,2,8,6,21,55495.0,37225.0,84940.0,55495.0,54994.0,55495.0,2,29445.0
81815,206.00,1603.00,5,2,10,10,2,8,6,21,59711.0,79881.0,80375.0,59711.0,59213.0,59711.0,2,20664.0
81816,206.00,1610.00,5,2,10,10,2,8,6,21,73733.0,25873.0,82459.0,73733.0,73232.0,73733.0,2,8726.0
81817,216.00,1662.00,5,2,10,10,2,8,6,21,115178.0,86392.0,113826.0,115178.0,114631.0,115178.0,0,0.0
81818,206.00,1606.00,5,2,10,10,2,8,6,21,112231.0,79084.0,111771.0,112196.0,111730.0,112231.0,0,0.0
81819,216.00,1655.00,5,2,10,10,2,8,6,21,129070.0,66306.0,120334.0,129070.0,128571.0,129070.0,0,0.0
81820,216.00,1655.00,5,2,10,10,2,8,6,21,66066.0,69451.0,59538.0,66066.0,65523.0,66066.0,1,3385.0
81821,154.00,1394.00,5,2,10,10,2,8,6,21,63141.0,78598.0,65748.0,63141.0,63141.0,63141.0,1,15457.0
81822,216.00,1655.00,5,2,10,10,2,8,6,21,106334.0,105830.0,90291.0,106334.0,105835.0,106334.0,0,0.0
81823,154.00,1384.00,5,2,10,10,2,8,6,21,92916.0,117436.0,83636.0,92916.0,92916.0,92916.0,1,24520.0
81824,216.00,1655.00,5,2,10,10,2,8,6,21,97704.0,120972.0,96837.0,97704.0,97203.0,97704.0,1,23268.0
81825,206.00,1681.00,4,2,11,10,2,8,6,21,78563.0,48242.0,78679.0,78563.0,78022.0,78563.0,2,116.0
81826,187.00,1509.00,5,2,10,10,2,8,6,21,42141.0,79566.0,39535.0,42141.0,61101.0,42141.0,1,37425.0
81827,187.00,1519.00,5,2,10,10,2,8,6,21,48384.0,76115.0,73251.0,48384.0,49667.0,48384.0,1,27731.0
81828,187.00,1509.00,5,2,10,10,2,8,6,21,60574.0,97107.0,60107.0,60574.0,66414.0,60574.0,1,36533.0
81829,154.00,1394.00,5,2,10,10,2,8,6,21,38588.0,35681.0,66707.0,38588.0,38588.0,38588.0,2,28119.0
81830,154.00,1560.00,5,2,10,10,2,8,6,21,59129.0,71368.0,57410.0,59129.0,59129.0,59129.0,1,12239.0
81831,187.00,1516.00,5,2,10,10,2,8,6,21,69687.0,89330.0,55238.0,69687.0,36852.0,69687.0,1,19643.0
81832,154.00,1384.00,5,2,10,10,2,8,6,21,47685.0,46631.0,66065.0,47685.0,47685.0,47685.0,2,18380.0
81833,154.00,1384.00,5,2,10,10,2,8,6,21,53910.0,84039.0,52603.0,53910.0,53910.0,53910.0,1,30129.0
81834,206.00,1617.00,5,2,10,10,2,8,6,21,94186.0,59988.0,91815.0,94186.0,93685.0,94186.0,0,0.0
81835,187.00,1667.00,5,2,10,10,2,8,6,21,72495.0,61795.0,72623.0,72495.0,89343.0,72495.0,4,16848.0
81836,206.00,1610.00,5,2,10,10,2,8,6,21,98146.0,105901.0,97952.0,98146.0,97645.0,98146.0,1,7755.0
81837,187.00,1509.00,5,2,10,10,2,8,6,21,44054.0,28384.0,72034.0,44054.0,69933.0,44054.0,2,27980.0
81838,154.00,1384.00,5,2,10,10,2,8,6,21,63809.0,82148.0,65677.0,63809.0,63809.0,63809.0,1,18339.0
81839,206.00,1603.00,5,2,10,10,2,8,6,21,117146.0,94039.0,104455.0,117146.0,116645.0,117146.0,0,0.0
81840,187.00,1516.00,5,2,10,10,2,8,6,21,100787.0,121729.0,77786.0,100787.0,114484.0,100787.0,1,20942.0
81841,154.00,1391.00,5,2,10,10,2,8,6,21,54742.0,65938.0,42822.0,54742.0,54742.0,54742.0,1,11196.0
81842,154.00,1462.00,5,2,10,10,2,8,6,21,107217.0,79666.0,107899.0,107217.0,107440.0,107217.0,2,682.0
81843,206.00,1681.00,5,2,10,10,2,8,6,21,117388.0,96258.0,115281.0,117388.0,116889.0,117388.0,0,0.0
81844,154.00,1391.00,5,2,10,10,2,8,6,21,69495.0,72461.0,67256.0,69495.0,69495.0,69495.0,1,2966.0
81845,154.00,1384.00,5,2,10,10,2,8,6,21,61527.0,77830.0,74883.0,61527.0,61527.0,61527.0,1,16303.0
81846,154.00,1384.00,5,2,10,10,2,8,6,21,86319.0,87899.0,85020.0,86319.0,86319.0,86319.0,1,1580.0
81847,187.00,1676.00,5,2,10,10,2,8,6,21,98354.0,117035.0,116713.0,98354.0,95431.0,98354.0,1,18681.0
81848,187.00,1509.00,5,2,10,10,2,8,6,21,91505.0,54985.0,82666.0,91505.0,80061.0,91505.0,0,0.0
81849,154.00,1443.00,5,1,11,10,2,8,6,21,51779.0,73063.0,62250.0,51779.0,51780.0,51779.0,1,21284.0
81850,187.00,1509.00,5,2,10,10,2,8,6,21,103069.0,78470.0,89888.0,103069.0,75871.0,103069.0,0,0.0
81851,206.00,1603.00,5,2,10,10,2,8,6,21,51796.0,39620.0,67751.0,51796.0,51297.0,51796.0,2,15955.0
81852,154.00,1273.00,5,1,11,10,2,8,6,21,69357.0,71504.0,68965.0,69357.0,69357.0,69357.0,1,2147.0
81853,206.00,1603.00,5,2,10,10,2,8,6,21,56353.0,69293.0,53082.0,56353.0,55852.0,56353.0,1,12940.0
81854,206.00,1603.00,5,2,10,10,2,8,6,21,53050.0,63460.0,58700.0,53050.0,52549.0,53050.0,1,10410.0
81855,187.00,1516.00,5,2,10,10,2,8,6,21,54926.0,54423.0,53535.0,54926.0,63163.0,54926.0,4,8237.0
81856,154.00,1384.00,5,2,10,10,2,8,6,21,98117.0,95395.0,75591.0,98117.0,98117.0,98117.0,0,0.0
81857,187.00,1509.00,5,2,10,10,2,8,6,21,112314.0,69861.0,118540.0,112314.0,93064.0,112314.0,2,6226.0
81858,206.00,1610.00,5,2,10,10,2,8,6,21,58347.0,98464.0,58307.0,58347.0,57848.0,58347.0,1,40117.0
81859,216.00,1662.00,5,2,10,10,2,8,6,21,72298.0,52536.0,93408.0,72298.0,71797.0,72298.0,2,21110.0
81860,187.00,1667.00,5,2,10,10,2,8,6,21,119503.0,119129.0,137100.0,119503.0,98395.0,119503.0,2,17597.0
81861,216.00,1655.00,5,2,10,10,2,8,6,21,90873.0,137968.0,85324.0,90873.0,90374.0,90873.0,1,47095.0
81862,216.00,1665.00,5,2,10,10,2,8,6,21,115420.0,113274.0,128387.0,115420.0,114919.0,115420.0,2,12967.0
81863,216.00,1655.00,5,2,10,10,2,8,6,21,114967.0,103202.0,101156.0,114967.0,114466.0,114967.0,0,0.0
81864,154.00,1384.00,5,2,10,10,2,8,6,21,69175.0,81029.0,79863.0,69175.0,69175.0,69175.0,1,11854.0
81865,206.00,1610.00,5,2,10,10,2,8,6,21,55991.0,65610.0,29260.0,55991.0,55490.0,55991.0,1,9619.0
81866,187.00,1509.00,5,2,10,10,2,8,6,21,89187.0,88683.0,65552.0,89187.0,67999.0,89187.0,0,0.0
81867,154.00,1384.00,5,2,10,10,2,8,6,21,84913.0,65522.0,76236.0,84913.0,84913.0,84913.0,0,0.0
81868,206.00,1681.00,5,2,10,10,2,8,6,21,83013.0,92227.0,81972.0,83013.0,82514.0,83013.0,1,9214.0
81869,216.00,1662.00,5,2,10,10,2,8,6,21,103601.0,89439.0,110064.0,103601.0,103102.0,103601.0,2,6463.0
81870,154.00,1384.00,5,2,10,10,2,8,6,21,77671.0,87947.0,76147.0,77671.0,77671.0,77671.0,1,10276.0
81871,206.00,1622.00,5,2,10,10,2,8,6,21,90100.0,91472.0,103150.0,90100.0,89603.0,90100.0,2,13050.0
81872,187.00,1667.00,5,2,10,10,2,8,6,21,99047.0,95385.0,98259.0,99047.0,91481.0,99047.0,0,0.0
81873,154.00,1394.00,5,2,10,10,2,8,6,21,76997.0,66088.0,67850.0,76997.0,76997.0,76997.0,0,0.0
81874,216.00,1674.00,5,2,10,10,2,8,6,21,122887.0,65247.0,136167.0,122887.0,122390.0,122887.0,2,13280.0
81875,154.00,1462.00,5,2,10,10,2,8,6,21,64990.0,79115.0,61370.0,64990.0,65235.0,64990.0,1,14125.0
81876,216.00,1655.00,5,2,10,10,2,8,6,21,86938.0,74300.0,64122.0,86938.0,86437.0,86938.0,0,0.0
81877,154.00,1542.00,5,2,10,10,2,8,6,21,77439.0,88934.0,83418.0,77439.0,77439.0,77439.0,1,11495.0
81878,154.00,1435.00,4,2,11,10,2,8,6,21,62173.0,53402.0,60333.0,62173.0,62348.0,62173.0,4,175.0
81879,187.00,1516.00,5,2,10,10,2,8,6,21,99188.0,98684.0,91899.0,99188.0,89004.0,99188.0,0,0.0
81880,206.00,1603.00,5,2,10,10,2,8,6,21,75885.0,87954.0,78327.0,75885.0,75384.0,75885.0,1,12069.0
81881,154.00,1391.00,5,2,10,10,2,8,6,21,55529.0,65174.0,50883.0,55529.0,55529.0,55529.0,1,9645.0
81882,187.00,1509.00,5,2,10,10,2,8,6,21,79403.0,100036.0,57381.0,79403.0,64240.0,79403.0,1,20633.0
81883,154.00,1384.00,5,2,10,10,2,8,6,21,31503.0,84409.0,27095.0,31503.0,31503.0,31503.0,1,52906.0
81884,154.00,1391.00,5,2,10,10,2,8,6,21,66481.0,81790.0,69493.0,66481.0,66481.0,66481.0,1,15309.0
81885,187.00,1528.00,5,2,10,10,2,8,6,21,45112.0,81375.0,52209.0,45112.0,65339.0,45112.0,1,36263.0
81886,154.00,1358.00,4,2,11,10,2,8,6,21,60708.0,74549.0,66825.0,60708.0,60708.0,60708.0,1,13841.0
81887,187.00,1509.00,5,2,10,10,2,8,6,21,46345.0,60219.0,44594.0,46345.0,58138.0,46345.0,1,13874.0
81888,154.00,1384.00,5,2,10,10,2,8,6,21,82302.0,56613.0,72807.0,82302.0,82302.0,82302.0,0,0.0
81889,216.00,1655.00,5,2,10,10,2,8,6,21,130675.0,118053.0,120723.0,130675.0,130174.0,130675.0,0,0.0
81890,154.00,1394.00,5,2,10,10,2,8,6,21,69094.0,101288.0,36619.0,69094.0,69094.0,69094.0,1,32194.0
81891,154.00,1279.00,5,1,11,10,2,8,6,21,54646.0,41780.0,61805.0,54646.0,54646.0,54646.0,2,7159.0
81892,187.00,1516.00,5,2,10,10,2,8,6,21,71126.0,99629.0,93918.0,71126.0,83392.0,71126.0,1,28503.0
81893,206.00,1603.00,5,2,10,10,2,8,6,21,93750.0,72371.0,90941.0,93750.0,93249.0,93750.0,0,0.0
81894,206.00,1603.00,5,2,10,10,2,8,6,21,101927.0,112934.0,102932.0,101927.0,101421.0,101927.0,1,11007.0
81895,154.00,1462.00,5,2,10,10,2,8,6,21,102786.0,100701.0,122479.0,102786.0,103018.0,102786.0,2,19693.0
81896,154.00,1560.00,5,2,10,10,2,8,6,21,70746.0,81190.0,65037.0,70746.0,70746.0,70746.0,1,10444.0
81897,154.00,1462.00,5,2,10,10,2,8,6,21,53755.0,34586.0,60155.0,53755.0,54002.0,53755.0,2,6400.0
81898,206.00,1603.00,5,2,10,10,2,8,6,21,64738.0,64234.0,54821.0,64738.0,64237.0,64738.0,0,0.0
81899,154.00,1542.00,5,2,10,10,2,8,6,21,73421.0,53362.0,67299.0,73421.0,73421.0,73421.0,0,0.0
81900,187.00,1509.00,5,2,10,10,2,8,6,21,93527.0,97425.0,75323.0,93531.0,69983.0,93527.0,1,3898.0
81901,154.00,1388.00,5,2,10,10,2,8,6,21,71822.0,72721.0,82799.0,71822.0,71822.0,71822.0,2,10977.0
81902,154.00,1560.00,5,2,10,10,2,8,6,21,70306.0,68993.0,71559.0,70306.0,70306.0,70306.0,2,1253.0
81903,154.00,1391.00,5,2,10,10,2,8,6,21,35511.0,72846.0,46247.0,35511.0,35511.0,35511.0,1,37335.0
81904,187.00,1398.00,5,1,11,10,2,8,6,21,52783.0,78791.0,53035.0,52783.0,52783.0,52783.0,1,26008.0
81905,216.00,1655.00,5,2,10,10,2,8,6,21,107098.0,107543.0,96234.0,107098.0,106599.0,107098.0,1,445.0
81906,206.00,1603.00,5,2,10,10,2,8,6,21,105481.0,71184.0,106044.0,105481.0,104983.0,105481.0,2,563.0
81907,206.00,1613.00,5,2,10,10,2,8,6,21,57756.0,116882.0,82677.0,57756.0,57255.0,57756.0,1,59126.0
81908,187.00,1509.00,5,2,10,10,2,8,6,21,49755.0,78035.0,65898.0,49755.0,75670.0,49755.0,1,28280.0
81909,206.00,1693.00,5,2,10,10,2,8,6,21,109351.0,64269.0,87696.0,109351.0,108850.0,109351.0,0,0.0
81910,187.00,1528.00,5,2,10,10,2,8,6,21,52245.0,131924.0,68982.0,52245.0,61704.0,52245.0,1,79679.0
81911,187.00,1676.00,5,2,10,10,2,8,6,21,124651.0,43754.0,109877.0,124651.0,129057.0,124651.0,4,4406.0
81912,216.00,1600.00,4,2,11,10,2,8,6,21,133047.0,102201.0,124437.0,133047.0,132506.0,133047.0,0,0.0
81913,154.00,1384.00,5,2,10,10,2,8,6,21,81456.0,84487.0,95144.0,81456.0,81456.0,81456.0,2,13688.0
81914,154.00,1384.00,5,2,10,10,2,8,6,21,49802.0,56709.0,57585.0,49802.0,49802.0,49802.0,2,7783.0
81915,206.00,1610.00,5,2,10,10,2,8,6,21,75118.0,89620.0,97203.0,75118.0,74619.0,75118.0,2,22085.0
81916,154.00,1403.00,5,2,10,10,2,8,6,21,47809.0,75931.0,35758.0,47809.0,47802.0,47809.0,1,28122.0
81917,154.00,1384.00,5,2,10,10,2,8,6,21,89725.0,82520.0,86775.0,89725.0,89725.0,89725.0,0,0.0
81918,154.00,1384.00,5,2,10,10,2,8,6,21,51727.0,68125.0,47468.0,51727.0,51727.0,51727.0,1,16398.0
81919,154.00,1384.00,5,2,10,10,2,8,6,21,48274.0,74288.0,48643.0,48274.0,48274.0,48274.0,1,26014.0
81920,206.00,1610.00,5,2,10,10,2,8,6,21,75569.0,74347.0,71263.0,75569.0,75070.0,75569.0,0,0.0
81921,206.00,1613.00,5,2,10,10,2,8,6,20,92359.0,115433.0,117659.0,92359.0,91858.0,92359.0,2,25300.0
81922,187.00,1676.00,5,2,10,10,2,8,6,21,132430.0,52994.0,129177.0,132430.0,105738.0,132430.0,0,0.0
81923,216.00,1662.00,5,2,10,10,2,8,6,21,111312.0,68878.0,118453.0,111349.0,110818.0,111312.0,2,7141.0
81924,187.00,1509.00,5,2,10,10,2,8,6,21,100094.0,107628.0,84763.0,100094.0,79200.0,100094.0,1,7534.0
81925,154.00,1542.00,5,2,10,10,2,8,6,21,58136.0,77978.0,58685.0,58136.0,58136.0,58136.0,1,19842.0
81926,154.00,1273.00,5,1,11,10,2,8,6,21,76541.0,91975.0,87059.0,76541.0,76541.0,76541.0,1,15434.0
81927,216.00,1662.00,5,2,10,10,2,8,6,21,127215.0,125933.0,101883.0,127215.0,126716.0,127215.0,0,0.0
81928,187.00,1509.00,5,2,10,10,2,8,6,21,81744.0,81240.0,77786.0,81744.0,48715.0,81744.0,0,0.0
81929,206.00,1603.00,5,2,10,10,2,8,6,21,69091.0,94185.0,66531.0,69091.0,68590.0,69091.0,1,25094.0
81930,216.00,1662.00,5,2,10,10,2,8,6,21,81876.0,73319.0,90443.0,81876.0,81375.0,81876.0,2,8567.0
81931,216.00,1655.00,5,2,10,10,2,8,6,21,97732.0,87329.0,106812.0,97732.0,97231.0,97732.0,2,9080.0
81932,216.00,1662.00,5,2,10,10,2,8,6,21,98807.0,87059.0,102763.0,98807.0,98308.0,98807.0,2,3956.0
81933,216.00,1544.00,5,1,11,10,2,8,6,21,76670.0,70046.0,76858.0,76670.0,76196.0,76670.0,2,188.0
81934,154.00,1394.00,5,2,10,10,2,8,6,21,48185.0,74114.0,56487.0,48185.0,48185.0,48185.0,1,25929.0
81935,187.00,1676.00,5,2,10,10,2,8,6,21,97531.0,62742.0,93606.0,97531.0,93853.0,97531.0,0,0.0
81936,216.00,1659.00,5,2,10,10,2,8,6,21,98324.0,93972.0,94573.0,98324.0,97795.0,98324.0,0,0.0
81937,154.00,1551.00,5,2,10,10,2,8,6,21,74317.0,104250.0,74018.0,74317.0,74317.0,74317.0,1,29933.0
81938,187.00,1676.00,5,2,10,10,2,8,6,21,89543.0,99514.0,90624.0,89543.0,89141.0,89543.0,1,9971.0
81939,154.00,1542.00,5,2,10,10,2,8,6,21,62098.0,99160.0,78627.0,62098.0,62098.0,62098.0,1,37062.0
81940,187.00,1509.00,5,2,10,10,2,8,6,21,53192.0,55756.0,37490.0,53192.0,54214.0,53192.0,1,2564.0
81941,187.00,1513.00,5,2,10,10,2,8,6,20,95902.0,75808.0,75680.0,95902.0,77745.0,95902.0,0,0.0
81942,206.00,1603.00,5,2,10,10,2,8,6,21,116653.0,87999.0,106738.0,116653.0,116152.0,116653.0,0,0.0
81943,187.00,1509.00,5,2,10,10,2,8,6,21,115706.0,115235.0,96738.0,115706.0,92536.0,115706.0,0,0.0
81944,187.00,1509.00,5,2,10,10,2,8,6,21,79166.0,100032.0,106592.0,79166.0,82777.0,79166.0,2,27426.0
81945,154.00,1384.00,5,2,10,10,2,8,6,21,44847.0,82222.0,60257.0,44847.0,44847.0,44847.0,1,37375.0
81946,216.00,1665.00,5,2,10,10,2,8,6,21,85695.0,94556.0,83332.0,85695.0,85194.0,85695.0,1,8861.0
81947,154.00,1542.00,5,2,10,10,2,8,6,21,60719.0,79274.0,71538.0,60719.0,60719.0,60719.0,1,18555.0
81948,187.00,1405.00,4,2,11,10,2,8,6,21,70942.0,70480.0,55428.0,70942.0,90804.0,70942.0,4,19862.0
81949,154.00,1394.00,5,2,10,10,2,8,6,21,56359.0,31596.0,58832.0,56359.0,56359.0,56359.0,2,2473.0
81950,154.00,1384.00,5,2,10,10,2,8,6,21,79698.0,58235.0,68300.0,79698.0,79698.0,79698.0,0,0.0
81951,187.00,1405.00,4,2,11,10,2,8,6,21,36513.0,35719.0,62035.0,36513.0,42415.0,36513.0,2,25522.0
81952,154.00,1462.00,5,2,10,10,2,8,6,21,57685.0,70599.0,55885.0,57685.0,57907.0,57685.0,1,12914.0
81953,154.00,1384.00,5,2,10,10,2,8,6,21,78903.0,77562.0,74953.0,78903.0,78903.0,78903.0,0,0.0
81954,187.00,1667.00,5,2,10,10,2,8,6,21,80448.0,94133.0,80994.0,80448.0,97675.0,80448.0,4,17227.0
81955,216.00,1662.00,5,2,10,10,2,8,6,21,124767.0,86172.0,121213.0,124767.0,124272.0,124767.0,0,0.0
81956,187.00,1509.00,5,2,10,10,2,8,6,21,62457.0,126206.0,50718.0,62457.0,53601.0,62457.0,1,63749.0
81957,206.00,1603.00,5,2,10,10,2,8,6,21,36205.0,85322.0,61191.0,36205.0,35703.0,36205.0,1,49117.0
81958,206.00,1610.00,5,2,10,10,2,8,6,21,48091.0,52995.0,49902.0,48091.0,47592.0,48091.0,1,4904.0
81959,216.00,1655.00,5,2,10,10,2,8,6,21,113856.0,96874.0,114313.0,113856.0,113357.0,113856.0,2,457.0
81960,206.00,1622.00,5,2,10,10,2,8,6,21,114968.0,115391.0,80217.0,114968.0,114471.0,114968.0,1,423.0
81961,154.00,1542.00,5,2,10,10,2,8,6,21,53242.0,118495.0,54780.0,53242.0,53242.0,53242.0,1,65253.0
81962,206.00,1603.00,5,2,10,10,2,8,6,21,62681.0,56303.0,48275.0,62681.0,62180.0,62681.0,0,0.0
81963,187.00,1528.00,5,2,10,10,2,8,6,21,61567.0,61326.0,88942.0,61567.0,56422.0,61567.0,2,27375.0
81964,154.00,1462.00,5,2,10,10,2,8,6,21,58023.0,41938.0,57795.0,58023.0,58275.0,58023.0,4,252.0
81965,206.00,1681.00,5,2,10,10,2,8,6,21,101857.0,107771.0,91143.0,101857.0,101358.0,101857.0,1,5914.0
81966,216.00,1548.00,4,2,11,10,2,8,6,21,70623.0,93553.0,59278.0,70592.0,70050.0,70623.0,1,22930.0
81967,216.00,1665.00,5,2,10,10,2,8,6,21,108052.0,96590.0,83881.0,108052.0,107551.0,108052.0,0,0.0
81968,154.00,1384.00,5,2,10,10,2,8,6,21,72909.0,92341.0,75782.0,72909.0,72909.0,72909.0,1,19432.0
81969,154.00,1384.00,5,2,10,10,2,8,6,21,41092.0,74712.0,34456.0,41092.0,41092.0,41092.0,1,33620.0
81970,206.00,1681.00,5,2,10,10,2,8,6,21,77840.0,27113.0,77278.0,77840.0,77339.0,77840.0,0,0.0
81971,206.00,1613.00,5,2,10,10,2,8,6,21,67457.0,90172.0,101669.0,67457.0,66959.0,67457.0,2,34212.0
81972,206.00,1603.00,5,2,10,10,2,8,6,21,70965.0,126512.0,84995.0,70965.0,70466.0,70965.0,1,55547.0
81973,206.00,1681.00,5,2,10,10,2,8,6,21,77681.0,90012.0,76828.0,77681.0,77183.0,77681.0,1,12331.0
81974,154.00,1384.00,5,2,10,10,2,8,6,21,70217.0,122410.0,61954.0,70217.0,70217.0,70217.0,1,52193.0
81975,154.00,1474.00,5,2,10,10,2,8,6,21,70995.0,88985.0,69163.0,70995.0,70995.0,70995.0,1,17990.0
81976,216.00,1662.00,5,2,10,10,2,8,6,21,128714.0,112790.0,126229.0,128714.0,128169.0,128714.0,0,0.0
81977,154.00,1551.00,5,2,10,10,2,8,6,21,81029.0,51212.0,64579.0,81029.0,81029.0,81029.0,0,0.0
81978,187.00,1509.00,5,2,10,10,2,8,6,21,77010.0,44262.0,69978.0,77010.0,72943.0,77010.0,0,0.0
81979,206.00,1603.00,5,2,10,10,2,8,6,21,104872.0,82571.0,99445.0,104872.0,104373.0,104872.0,0,0.0
81980,154.00,1391.00,5,2,10,10,2,8,6,21,78473.0,58272.0,78192.0,78473.0,78473.0,78473.0,0,0.0
81981,154.00,1542.00,5,2,10,10,2,8,6,21,74018.0,91469.0,72239.0,74018.0,74018.0,74018.0,1,17451.0
81982,154.00,1384.00,5,2,10,10,2,8,6,21,64971.0,87398.0,63254.0,64971.0,64971.0,64971.0,1,22427.0
81983,154.00,1403.00,5,2,10,10,2,8,6,21,22810.0,62304.0,32583.0,22810.0,38072.0,22810.0,1,39494.0
81984,187.00,1509.00,5,2,10,10,2,8,6,21,61194.0,80238.0,48930.0,61194.0,58547.0,61194.0,1,19044.0
81985,187.00,1528.00,5,2,10,10,2,8,6,21,110178.0,63856.0,88335.0,110178.0,114173.0,110178.0,4,3995.0
81986,154.00,1474.00,5,2,10,10,2,8,6,21,89965.0,65716.0,52841.0,89965.0,89965.0,89965.0,0,0.0
81987,154.00,1394.00,5,2,10,10,2,8,6,21,39319.0,83047.0,39847.0,39319.0,39319.0,39319.0,1,43728.0
81988,154.00,1560.00,5,2,10,10,2,8,6,21,74434.0,99070.0,70038.0,74434.0,74434.0,74434.0,1,24636.0
81989,154.00,1474.00,5,2,10,10,2,8,6,20,73502.0,62647.0,64231.0,73502.0,73502.0,73502.0,0,0.0
81990,216.00,1655.00,5,2,10,10,2,8,6,21,110695.0,77562.0,83568.0,110695.0,110196.0,110695.0,0,0.0
81991,154.00,1394.00,5,2,10,10,2,8,6,21,39040.0,58005.0,56198.0,39040.0,39040.0,39040.0,1,18965.0
81992,206.00,1622.00,5,2,10,10,2,8,6,21,77930.0,102900.0,77850.0,77930.0,77429.0,77930.0,1,24970.0
81993,187.00,1519.00,5,2,10,10,2,8,6,21,95661.0,94475.0,76428.0,95661.0,52766.0,95661.0,0,0.0
81994,187.00,1509.00,5,2,10,10,2,8,6,21,65845.0,64056.0,61395.0,65845.0,65454.0,65845.0,0,0.0
81995,187.00,1528.00,5,2,10,10,2,8,6,21,65626.0,31978.0,64159.0,65626.0,40595.0,65626.0,0,0.0
81996,154.00,1542.00,5,2,10,10,2,8,6,21,62840.0,64505.0,70017.0,62840.0,62840.0,62840.0,2,7177.0
81997,187.00,1519.00,5,2,10,10,2,8,6,21,36383.0,77193.0,30115.0,36383.0,75076.0,36383.0,1,40810.0
81998,187.00,1516.00,5,2,10,10,2,8,6,21,41080.0,60907.0,48856.0,41080.0,56677.0,41080.0,1,19827.0
81999,206.00,1610.00,5,2,10,10,2,8,6,21,68010.0,84229.0,85580.0,68010.0,67512.0,68010.0,2,17570.0
82000,206.00,1681.00,5,2,10,10,2,8,6,21,70091.0,47519.0,69112.0,70091.0,69552.0,70091.0,0,0.0
82001,187.00,1509.00,5,2,10,10,2,8,6,21,61713.0,58360.0,51241.0,61713.0,75596.0,61713.0,4,13883.0
82002,154.00,1384.00,5,2,10,10,2,8,6,21,69490.0,61764.0,75228.0,69490.0,69490.0,69490.0,2,5738.0
82003,216.00,1655.00,5,2,10,10,2,8,6,21,91388.0,101888.0,83182.0,91388.0,90887.0,91388.0,1,10500.0
82004,206.00,1603.00,5,2,10,10,2,8,6,21,72533.0,80332.0,58130.0,72533.0,72034.0,72533.0,1,7799.0
82005,154.00,1394.00,5,2,10,10,2,8,6,21,81572.0,29288.0,66907.0,81572.0,81572.0,81572.0,0,0.0
82006,206.00,1603.00,5,2,10,10,2,8,6,21,55537.0,129384.0,43583.0,55537.0,55041.0,55537.0,1,73847.0
82007,187.00,1509.00,5,2,10,10,2,8,6,21,53382.0,94181.0,77941.0,53382.0,86474.0,53382.0,1,40799.0
82008,216.00,1655.00,5,2,10,10,2,8,6,21,106985.0,76174.0,99342.0,106985.0,106441.0,106985.0,0,0.0
82009,206.00,1610.00,5,2,10,10,2,8,6,21,34911.0,55641.0,42208.0,34911.0,34410.0,34911.0,1,20730.0
82010,154.00,1394.00,5,2,10,10,2,8,6,21,103071.0,52604.0,60183.0,103071.0,103071.0,103071.0,0,0.0
82011,154.00,1384.00,5,2,10,10,2,8,6,21,94462.0,89523.0,77409.0,94462.0,94462.0,94462.0,0,0.0
82012,154.00,1391.00,5,2,10,10,2,8,6,21,65044.0,75915.0,51079.0,65044.0,65044.0,65044.0,1,10871.0
82013,154.00,1390.00,5,2,10,10,2,8,6,21,78391.0,81069.0,75277.0,78391.0,78391.0,78391.0,1,2678.0
82014,187.00,1509.00,5,2,10,10,2,8,6,21,110349.0,73528.0,108401.0,110349.0,115949.0,110349.0,4,5600.0
82015,154.00,1394.00,5,2,10,10,2,8,6,21,68657.0,67479.0,36436.0,68657.0,68657.0,68657.0,0,0.0
82016,206.00,1603.00,5,2,10,10,2,8,6,21,45682.0,79055.0,46926.0,45682.0,45181.0,45682.0,1,33373.0
82017,206.00,1603.00,5,2,10,10,2,8,6,21,73933.0,120907.0,74686.0,73933.0,73432.0,73933.0,1,46974.0
82018,216.00,1662.00,5,2,10,10,2,8,6,21,96253.0,59940.0,92884.0,96253.0,95754.0,96253.0,0,0.0
82019,187.00,1667.00,5,2,10,10,2,8,6,21,139948.0,72363.0,135182.0,139948.0,120717.0,139948.0,0,0.0
82020,187.00,1676.00,5,2,10,10,2,8,6,21,82509.0,89046.0,97486.0,82509.0,75428.0,82509.0,2,14977.0
82021,187.00,1509.00,5,2,10,10,2,8,6,21,101995.0,101906.0,85526.0,101995.0,76106.0,101995.0,0,0.0
82022,206.00,1681.00,5,2,10,10,2,8,6,21,102170.0,74609.0,103048.0,102170.0,101669.0,102170.0,2,878.0
82023,154.00,1462.00,5,2,10,10,2,8,6,21,60575.0,83527.0,59894.0,60575.0,60567.0,60575.0,1,22952.0
82024,206.00,1681.00,5,2,10,10,2,8,6,21,72552.0,58648.0,72106.0,72552.0,72053.0,72552.0,0,0.0
82025,187.00,1509.00,5,2,10,10,2,8,6,21,112510.0,95555.0,112142.0,112510.0,112862.0,112510.0,4,352.0
82026,154.00,1384.00,5,2,10,10,2,8,6,21,92300.0,41391.0,82073.0,92300.0,92300.0,92300.0,0,0.0
82027,154.00,1384.00,5,2,10,10,2,8,6,21,40875.0,80358.0,31729.0,40875.0,40875.0,40875.0,1,39483.0
82028,187.00,1519.00,5,2,10,10,2,8,6,21,59548.0,88118.0,54717.0,59548.0,97480.0,59548.0,4,37932.0
82029,154.00,1394.00,5,2,10,10,2,8,6,21,70593.0,37294.0,52037.0,70593.0,70593.0,70593.0,0,0.0
82030,154.00,1542.00,5,2,10,10,2,8,6,21,63215.0,82548.0,67604.0,63215.0,63215.0,63215.0,1,19333.0
82031,187.00,1513.00,5,2,10,10,2,8,6,21,33673.0,85770.0,62881.0,33673.0,30157.0,33673.0,1,52097.0
82032,154.00,1474.00,5,2,10,10,2,8,6,21,58350.0,58923.0,55104.0,58350.0,58350.0,58350.0,1,573.0
82033,154.00,1542.00,5,2,10,10,2,8,6,21,63829.0,63124.0,74017.0,63829.0,63829.0,63829.0,2,10188.0
82034,216.00,1662.00,5,2,10,10,2,8,6,21,134950.0,95211.0,118367.0,134950.0,134449.0,134950.0,0,0.0
82035,206.00,1610.00,5,2,10,10,2,8,6,21,90276.0,67434.0,78290.0,90276.0,89775.0,90276.0,0,0.0
82036,154.00,1384.00,5,2,10,10,2,8,6,21,43075.0,71733.0,64473.0,43075.0,43075.0,43075.0,1,28658.0
82037,206.00,1622.00,5,2,10,10,2,8,6,21,41706.0,27947.0,40889.0,41706.0,41206.0,41706.0,0,0.0
82038,216.00,1662.00,5,2,10,10,2,8,6,21,139155.0,78081.0,126322.0,139155.0,138654.0,139155.0,0,0.0
82039,206.00,1612.00,5,2,10,10,2,8,6,21,92622.0,26890.0,76686.0,92602.0,92126.0,92622.0,0,0.0
82040,154.00,1542.00,5,2,10,10,2,8,6,21,106970.0,62704.0,68979.0,106970.0,106970.0,106970.0,0,0.0
82041,216.00,1655.00,5,2,10,10,2,8,6,21,122119.0,108547.0,122687.0,122119.0,121618.0,122119.0,2,568.0
82042,187.00,1509.00,5,2,10,10,2,8,6,21,101098.0,83280.0,109698.0,101098.0,93972.0,101098.0,2,8600.0
82043,154.00,1542.00,5,2,10,10,2,8,6,21,77225.0,74629.0,92198.0,77225.0,77225.0,77225.0,2,14973.0
82044,187.00,1509.00,5,2,10,10,2,8,6,21,48306.0,92729.0,74859.0,48306.0,74941.0,48306.0,1,44423.0
82045,187.00,1667.00,5,2,10,10,2,8,6,21,112617.0,70667.0,111271.0,112617.0,130232.0,112617.0,4,17615.0
82046,206.00,1613.00,5,2,10,10,2,8,6,21,84947.0,114711.0,83295.0,84947.0,84449.0,84947.0,1,29764.0
82047,154.00,1542.00,5,2,10,10,2,8,6,21,57591.0,64806.0,82265.0,57591.0,57591.0,57591.0,2,24674.0
82048,187.00,1528.00,5,2,10,10,2,8,6,21,58424.0,57923.0,87192.0,58424.0,67411.0,58424.0,2,28768.0
82049,206.00,1603.00,5,2,10,10,2,8,6,21,67795.0,37040.0,74311.0,67795.0,67294.0,67795.0,2,6516.0
82050,154.00,1394.00,5,2,10,10,2,8,6,21,56293.0,113906.0,39503.0,56293.0,56293.0,56293.0,1,57613.0
82051,187.00,1399.00,4,2,11,10,2,8,6,21,115316.0,84861.0,95484.0,115316.0,115316.0,115316.0,0,0.0
82052,206.00,1613.00,5,2,10,10,2,8,6,21,90664.0,96183.0,108462.0,90664.0,90163.0,90664.0,2,17798.0
82053,154.00,1542.00,5,2,10,10,2,8,6,21,74124.0,76770.0,58389.0,74124.0,74124.0,74124.0,1,2646.0
82054,187.00,1516.00,5,2,10,10,2,8,6,21,107859.0,24595.0,113969.0,107859.0,129012.0,107859.0,4,21153.0
82055,206.00,1603.00,5,2,10,10,2,8,6,21,68882.0,63287.0,86137.0,68882.0,68381.0,68882.0,2,17255.0
82056,216.00,1655.00,5,2,10,10,2,8,6,21,145989.0,145473.0,124505.0,145989.0,145490.0,145989.0,0,0.0
82057,154.00,1391.00,5,2,10,10,2,8,6,21,56030.0,144096.0,36745.0,56030.0,56030.0,56030.0,1,88066.0
82058,187.00,1398.00,5,1,11,10,2,8,6,21,51566.0,104563.0,33928.0,51566.0,51566.0,51566.0,1,52997.0
82059,206.00,1613.00,5,2,10,10,2,8,6,21,110375.0,114634.0,95703.0,110375.0,109877.0,110375.0,1,4259.0
82060,187.00,1516.00,5,2,10,10,2,8,6,21,52844.0,83832.0,65670.0,52844.0,70076.0,52844.0,1,30988.0
82061,216.00,1655.00,5,2,10,10,2,8,6,21,119953.0,117919.0,108362.0,119953.0,119452.0,119953.0,0,0.0
82062,154.00,1384.00,5,2,10,10,2,8,6,21,79516.0,40239.0,82990.0,79516.0,79516.0,79516.0,2,3474.0
82063,187.00,1405.00,4,2,11,10,2,8,6,21,78468.0,121268.0,90095.0,78468.0,67060.0,78468.0,1,42800.0
82064,154.00,1384.00,5,2,10,10,2,8,6,21,79409.0,77462.0,69418.0,79409.0,79409.0,79409.0,0,0.0
82065,154.00,1474.00,5,2,10,10,2,8,6,21,62560.0,63772.0,53921.0,62560.0,62560.0,62560.0,1,1212.0
82066,206.00,1613.00,5,2,10,10,2,8,6,21,65611.0,70294.0,65662.0,65611.0,65112.0,65611.0,1,4683.0
82067,154.00,1384.00,5,2,10,10,2,8,6,21,80834.0,63741.0,76915.0,80834.0,80834.0,80834.0,0,0.0
82068,206.00,1693.00,5,2,10,10,2,8,6,21,133288.0,55217.0,111094.0,133288.0,132792.0,133288.0,0,0.0
82069,154.00,1277.00,5,1,11,10,2,8,6,21,84224.0,72197.0,112632.0,84224.0,84224.0,84224.0,2,28408.0
82070,187.00,1509.00,5,2,10,10,2,8,6,21,79808.0,116436.0,78468.0,79808.0,98009.0,79808.0,1,36628.0
82071,216.00,1655.00,5,2,10,10,2,8,6,21,104133.0,113192.0,86732.0,104133.0,103632.0,104133.0,1,9059.0
82072,206.00,1610.00,5,2,10,10,2,8,6,21,63978.0,81806.0,55003.0,63978.0,63481.0,63978.0,1,17828.0
82073,216.00,1655.00,5,2,10,10,2,8,6,21,79737.0,95739.0,81000.0,79737.0,79238.0,79737.0,1,16002.0
82074,206.00,1603.00,5,2,10,10,2,8,6,21,80917.0,79485.0,74789.0,80917.0,80418.0,80917.0,0,0.0
82075,154.00,1384.00,5,2,10,10,2,8,6,21,76807.0,65119.0,74133.0,76807.0,76807.0,76807.0,0,0.0
82076,187.00,1509.00,5,2,10,10,2,8,6,21,41703.0,27763.0,40029.0,41703.0,40557.0,41703.0,0,0.0
82077,216.00,1665.00,5,2,10,10,2,8,6,21,122920.0,42419.0,116584.0,122920.0,122419.0,122920.0,0,0.0
82078,187.00,1509.00,5,2,10,10,2,8,6,21,91049.0,96866.0,88790.0,91049.0,106877.0,91049.0,4,15828.0
82079,187.00,1519.00,5,2,10,10,2,8,6,21,95072.0,107778.0,90888.0,95072.0,116412.0,95072.0,4,21340.0
82080,154.00,1384.00,5,2,10,10,2,8,6,21,48474.0,76817.0,44895.0,48474.0,48474.0,48474.0,1,28343.0
82081,154.00,1474.00,5,2,10,10,2,8,6,21,87583.0,41452.0,112212.0,87583.0,87583.0,87583.0,2,24629.0
82082,154.00,1391.00,5,2,10,10,2,8,6,21,50394.0,83045.0,78803.0,50394.0,50394.0,50394.0,1,32651.0
82083,187.00,1404.00,5,1,11,10,2,8,6,21,40769.0,58857.0,61769.0,40769.0,60178.0,40769.0,2,21000.0
82084,154.00,1542.00,5,2,10,10,2,8,6,21,88009.0,106591.0,96972.0,88009.0,88009.0,88009.0,1,18582.0
82085,154.00,1394.00,5,2,10,10,2,8,6,21,71716.0,33538.0,61918.0,71716.0,71716.0,71716.0,0,0.0
82086,216.00,1655.00,5,2,10,10,2,8,6,21,105031.0,70378.0,113780.0,105031.0,104533.0,105031.0,2,8749.0
82087,154.00,1394.00,5,2,10,10,2,8,6,21,32533.0,86049.0,34302.0,32533.0,32533.0,32533.0,1,53516.0
82088,206.00,1622.00,5,2,10,10,2,8,6,21,69346.0,42475.0,84124.0,69346.0,68845.0,69346.0,2,14778.0
82089,206.00,1603.00,5,2,10,10,2,8,6,21,83810.0,98047.0,75918.0,83810.0,83309.0,83810.0,1,14237.0
82090,206.00,1613.00,5,2,10,10,2,8,6,21,59476.0,71031.0,96606.0,59476.0,58975.0,59476.0,2,37130.0
82091,216.00,1665.00,5,2,10,10,2,8,6,21,95858.0,46836.0,100022.0,95858.0,95360.0,95858.0,2,4164.0
82092,154.00,1279.00,5,1,11,10,2,8,6,21,60961.0,72478.0,54606.0,60961.0,60961.0,60961.0,1,11517.0
82093,154.00,1391.00,5,2,10,10,2,8,6,21,59387.0,62572.0,63062.0,59387.0,59387.0,59387.0,2,3675.0
82094,154.00,1387.00,5,2,10,10,2,8,6,21,49590.0,27565.0,41653.0,49590.0,49590.0,49590.0,0,0.0
82095,154.00,1551.00,5,2,10,10,2,8,6,21,60554.0,71831.0,54758.0,60554.0,60554.0,60554.0,1,11277.0
82096,154.00,1384.00,5,2,10,10,2,8,6,21,70391.0,55693.0,59979.0,70391.0,70391.0,70391.0,0,0.0
82097,216.00,1674.00,5,2,10,10,2,8,6,21,133277.0,115734.0,113410.0,133277.0,132776.0,133277.0,0,0.0
82098,154.00,1274.00,4,2,11,10,2,8,6,21,27176.0,65242.0,44066.0,27176.0,27176.0,27176.0,1,38066.0
82099,206.00,1603.00,5,2,10,10,2,8,6,21,103329.0,114127.0,103972.0,103329.0,102831.0,103329.0,1,10798.0
82100,216.00,1655.00,5,2,10,10,2,8,6,21,131094.0,74264.0,126246.0,131094.0,130599.0,131094.0,0,0.0
82101,187.00,1509.00,5,2,10,10,2,8,6,21,62033.0,83368.0,53132.0,62033.0,84738.0,62033.0,4,22705.0
82102,154.00,1551.00,5,2,10,10,2,8,6,21,62377.0,42365.0,67675.0,62377.0,62377.0,62377.0,2,5298.0
82103,154.00,1403.00,5,2,10,10,2,8,6,21,41808.0,80608.0,28952.0,41808.0,41932.0,41808.0,1,38800.0
82104,206.00,1693.00,5,2,10,10,2,8,6,21,121579.0,143934.0,139883.0,121579.0,121078.0,121579.0,1,22355.0
82105,187.00,1528.00,5,2,10,10,2,8,6,21,41201.0,75206.0,103602.0,41201.0,49472.0,41201.0,2,62401.0
82106,154.00,1551.00,5,2,10,10,2,8,6,21,69884.0,62121.0,77826.0,69884.0,69884.0,69884.0,2,7942.0
82107,154.00,1394.00,5,2,10,10,2,8,6,21,40242.0,126472.0,27135.0,40242.0,40242.0,40242.0,1,86230.0
82108,206.00,1610.00,5,2,10,10,2,8,6,21,74160.0,115741.0,67232.0,74160.0,73662.0,74160.0,1,41581.0
82109,216.00,1662.00,4,2,11,10,2,8,6,21,109957.0,91313.0,103251.0,109957.0,109419.0,109957.0,0,0.0
82110,206.00,1603.00,5,2,10,10,2,8,6,21,78684.0,37849.0,70851.0,78684.0,78134.0,78684.0,0,0.0
82111,154.00,1394.00,5,2,10,10,2,8,6,21,21620.0,83813.0,47718.0,21620.0,21620.0,21620.0,1,62193.0
82112,154.00,1551.00,5,2,10,10,2,8,6,21,76215.0,59022.0,76578.0,76215.0,76215.0,76215.0,2,363.0
82113,206.00,1492.00,5,1,11,10,2,8,6,21,99162.0,81901.0,91860.0,99141.0,94438.0,99162.0,0,0.0
82114,216.00,1658.00,5,2,10,10,2,8,6,21,86336.0,78837.0,96794.0,86336.0,85767.0,86336.0,2,10458.0
82115,154.00,1391.00,5,2,10,10,2,8,6,21,62403.0,111244.0,69687.0,62403.0,62403.0,62403.0,1,48841.0
82116,154.00,1384.00,5,2,10,10,2,8,6,21,54301.0,25962.0,53622.0,54301.0,54301.0,54301.0,0,0.0
82117,154.00,1474.00,5,2,10,10,2,8,6,21,63100.0,65701.0,62696.0,63100.0,63100.0,63100.0,1,2601.0
82118,206.00,1603.00,5,2,10,10,2,8,6,21,58524.0,52276.0,75560.0,58524.0,58023.0,58524.0,2,17036.0
82119,154.00,1560.00,5,2,10,10,2,8,6,21,71185.0,104465.0,54823.0,71185.0,71185.0,71185.0,1,33280.0
82120,216.00,1662.00,5,2,10,10,2,8,6,21,127447.0,79059.0,143210.0,127447.0,126946.0,127447.0,2,15763.0
82121,187.00,1516.00,5,2,10,10,2,8,6,21,111523.0,142640.0,109040.0,111523.0,75906.0,111523.0,1,31117.0
82122,154.00,1394.00,5,2,10,10,2,8,6,21,63497.0,58945.0,53009.0,63497.0,63497.0,63497.0,0,0.0
82123,154.00,1384.00,5,2,10,10,2,8,6,21,76137.0,74538.0,72434.0,76137.0,76137.0,76137.0,0,0.0
82124,206.00,1610.00,5,2,10,10,2,8,6,21,97120.0,96766.0,83849.0,97120.0,96622.0,97120.0,0,0.0
82125,206.00,1613.00,5,2,10,10,2,8,6,21,99143.0,97030.0,97389.0,99143.0,98642.0,99143.0,0,0.0
82126,154.00,1384.00,5,2,10,10,2,8,6,21,66697.0,61074.0,56690.0,66697.0,66697.0,66697.0,0,0.0
82127,154.00,1560.00,5,2,10,10,2,8,6,21,67305.0,87582.0,64739.0,67305.0,67305.0,67305.0,1,20277.0
82128,187.00,1519.00,5,2,10,10,2,8,6,21,101775.0,119512.0,109104.0,101775.0,59372.0,101775.0,1,17737.0
82129,154.00,1384.00,5,2,10,10,2,8,6,21,58934.0,94088.0,59281.0,58934.0,58934.0,58934.0,1,35154.0
82130,154.00,1391.00,5,2,10,10,2,8,6,21,32889.0,45972.0,34111.0,32889.0,32889.0,32889.0,1,13083.0
82131,154.00,1384.00,5,2,10,10,2,8,6,21,25476.0,74661.0,21771.0,25476.0,25476.0,25476.0,1,49185.0
82132,216.00,1655.00,5,2,10,10,2,8,6,21,100683.0,149416.0,97032.0,100683.0,100185.0,100683.0,1,48733.0
82133,216.00,1655.00,5,2,10,10,2,8,6,21,84430.0,64642.0,89751.0,84430.0,83929.0,84430.0,2,5321.0
82134,206.00,1569.00,5,1,11,10,2,8,6,21,121662.0,61690.0,91794.0,121662.0,121264.0,121662.0,0,0.0
82135,187.00,1676.00,5,2,10,10,2,8,6,21,78047.0,103919.0,76508.0,78047.0,99274.0,78047.0,1,25872.0
82136,154.00,1394.00,5,2,10,10,2,8,6,21,39380.0,34363.0,54619.0,39380.0,39380.0,39380.0,2,15239.0
82137,154.00,1551.00,5,2,10,10,2,8,6,21,50266.0,85968.0,55350.0,50266.0,50266.0,50266.0,1,35702.0
82138,154.00,1384.00,5,2,10,10,2,8,6,21,62518.0,61459.0,72213.0,62518.0,62518.0,62518.0,2,9695.0
82139,154.00,1394.00,4,2,11,10,2,8,6,21,40477.0,52164.0,70203.0,40477.0,40477.0,40477.0,2,29726.0
82140,154.00,1391.00,5,2,10,10,2,8,6,21,77279.0,46162.0,75771.0,77279.0,77279.0,77279.0,0,0.0
82141,154.00,1391.00,5,2,10,10,2,8,6,21,29698.0,52011.0,21431.0,29698.0,29698.0,29698.0,1,22313.0
82142,154.00,1462.00,5,2,10,10,2,8,6,21,81435.0,43529.0,82664.0,81435.0,81679.0,81435.0,2,1229.0
82143,187.00,1516.00,5,2,10,10,2,8,6,21,120639.0,103251.0,108925.0,120639.0,101775.0,120639.0,0,0.0
82144,206.00,1493.00,4,2,11,10,2,8,6,21,82999.0,81015.0,63826.0,82999.0,82695.0,82999.0,0,0.0
82145,154.00,1384.00,5,2,10,10,2,8,6,21,68258.0,61845.0,57947.0,68258.0,68258.0,68258.0,0,0.0
82146,154.00,1384.00,5,2,10,10,2,8,6,21,79090.0,65573.0,60258.0,79090.0,79090.0,79090.0,0,0.0
82147,154.00,1542.00,5,2,10,10,2,8,6,21,93659.0,90115.0,124911.0,93659.0,93659.0,93659.0,2,31252.0
82148,206.00,1603.00,5,2,10,10,2,8,6,21,104262.0,79697.0,82948.0,104262.0,103763.0,104262.0,0,0.0
82149,206.00,1603.00,5,2,10,10,2,8,6,21,86041.0,102463.0,85978.0,86041.0,85543.0,86041.0,1,16422.0
82150,206.00,1603.00,5,2,10,10,2,8,6,21,85420.0,84159.0,86892.0,85420.0,84921.0,85420.0,2,1472.0
82151,206.00,1603.00,5,2,10,10,2,8,6,21,85128.0,71532.0,81189.0,85128.0,84627.0,85128.0,0,0.0
82152,206.00,1603.00,5,2,10,10,2,8,6,21,73694.0,43299.0,115459.0,73694.0,73196.0,73694.0,2,41765.0
82153,154.00,1542.00,5,2,10,10,2,8,6,21,78490.0,56891.0,64931.0,78490.0,78490.0,78490.0,0,0.0
82154,154.00,1384.00,5,2,10,10,2,8,6,21,62684.0,82190.0,62459.0,62684.0,62684.0,62684.0,1,19506.0
82155,187.00,1667.00,5,2,10,10,2,8,6,21,98382.0,72130.0,98170.0,98382.0,101845.0,98382.0,4,3463.0
82156,206.00,1498.00,5,1,11,10,2,8,6,21,113085.0,83251.0,87357.0,113085.0,112518.0,113085.0,0,0.0
82157,154.00,1384.00,5,2,10,10,2,8,6,21,88440.0,60437.0,83347.0,88440.0,88440.0,88440.0,0,0.0
82158,187.00,1516.00,5,2,10,10,2,8,6,21,97448.0,44364.0,91264.0,97448.0,114212.0,97448.0,4,16764.0
82159,154.00,1394.00,5,2,10,10,2,8,6,21,28035.0,75323.0,63206.0,28035.0,28035.0,28035.0,1,47288.0
82160,206.00,1603.00,5,2,10,10,2,8,6,21,109948.0,106020.0,92489.0,109948.0,109449.0,109948.0,0,0.0
82161,154.00,1542.00,5,2,10,10,2,8,6,21,101689.0,75721.0,86356.0,101689.0,101689.0,101689.0,0,0.0
82162,154.00,1273.00,5,1,11,10,2,8,6,21,90959.0,82460.0,87961.0,90959.0,90959.0,90959.0,0,0.0
82163,187.00,1667.00,5,2,10,10,2,8,6,21,68084.0,104695.0,100037.0,68084.0,66047.0,68084.0,1,36611.0
82164,216.00,1655.00,5,2,10,10,2,8,6,21,119237.0,90603.0,106628.0,119237.0,118736.0,119237.0,0,0.0
82165,206.00,1613.00,5,2,10,10,2,8,6,21,90568.0,79493.0,112207.0,90568.0,90067.0,90568.0,2,21639.0
82166,206.00,1626.00,5,2,10,10,2,8,6,21,105002.0,77515.0,78403.0,104970.0,104505.0,105002.0,0,0.0
82167,187.00,1509.00,5,2,10,10,2,8,6,21,89937.0,121039.0,71600.0,89937.0,73739.0,89937.0,1,31102.0
82168,187.00,1667.00,5,2,10,10,2,8,6,21,76475.0,76699.0,75753.0,76475.0,97497.0,76475.0,4,21022.0
82169,216.00,1665.00,5,2,10,10,2,8,6,21,134212.0,134375.0,117303.0,134212.0,133711.0,134212.0,1,163.0
82170,154.00,1384.00,5,2,10,10,2,8,6,21,59864.0,74146.0,55642.0,59864.0,59864.0,59864.0,1,14282.0
82171,187.00,1509.00,5,2,10,10,2,8,6,21,63905.0,40824.0,64224.0,63905.0,45584.0,63905.0,2,319.0
82172,187.00,1518.00,5,2,10,10,2,8,6,21,120022.0,114809.0,110144.0,120022.0,123123.0,120022.0,4,3101.0
82173,154.00,1462.00,5,2,10,10,2,8,6,21,74158.0,56521.0,61378.0,74158.0,74379.0,74158.0,4,221.0
82174,216.00,1674.00,5,2,10,10,2,8,6,21,128482.0,82544.0,107955.0,128482.0,127986.0,128482.0,0,0.0
82175,206.00,1492.00,5,1,11,10,2,8,6,21,108016.0,102682.0,106646.0,108016.0,117384.0,108016.0,4,9368.0
82176,154.00,1384.00,5,2,10,10,2,8,6,21,77250.0,82404.0,70058.0,77250.0,77250.0,77250.0,1,5154.0
82177,216.00,1655.00,5,2,10,10,2,8,6,21,79445.0,58631.0,78653.0,79445.0,78907.0,79445.0,0,0.0
82178,206.00,1603.00,5,2,10,10,2,8,6,21,105938.0,89412.0,103066.0,105938.0,105437.0,105938.0,0,0.0
82179,206.00,1610.00,5,2,10,10,2,8,6,21,59221.0,100991.0,34779.0,59221.0,58722.0,59221.0,1,41770.0
82180,187.00,1667.00,5,2,10,10,2,8,6,21,109080.0,108579.0,73446.0,109080.0,121996.0,109080.0,4,12916.0
82181,154.00,1384.00,5,2,10,10,2,8,6,21,89708.0,108701.0,60080.0,89708.0,89708.0,89708.0,1,18993.0
82182,154.00,1384.00,5,2,10,10,2,8,6,21,47102.0,107158.0,53908.0,47102.0,47102.0,47102.0,1,60056.0
82183,154.00,1394.00,5,2,10,10,2,8,6,21,43654.0,71267.0,32382.0,43654.0,43654.0,43654.0,1,27613.0
82184,206.00,1613.00,5,2,10,10,2,8,6,21,106124.0,75087.0,81884.0,106124.0,105626.0,106124.0,0,0.0
82185,154.00,1394.00,5,2,10,10,2,8,6,21,43563.0,120468.0,70708.0,43563.0,43563.0,43563.0,1,76905.0
82186,216.00,1665.00,5,2,10,10,2,8,6,21,82522.0,74090.0,103480.0,82522.0,82023.0,82522.0,2,20958.0
82187,187.00,1552.00,5,1,11,10,2,8,6,21,100582.0,79582.0,98844.0,100582.0,81725.0,100582.0,0,0.0
82188,206.00,1622.00,5,2,10,10,2,8,6,21,80529.0,76721.0,80163.0,80529.0,80028.0,80529.0,0,0.0
82189,206.00,1603.00,5,2,10,10,2,8,6,21,58230.0,72759.0,59181.0,58230.0,57731.0,58230.0,1,14529.0
82190,154.00,1384.00,5,2,10,10,2,8,6,21,39835.0,78704.0,43746.0,39835.0,39835.0,39835.0,1,38869.0
82191,206.00,1603.00,5,2,10,10,2,8,6,21,27913.0,65438.0,39065.0,27913.0,27410.0,27913.0,1,37525.0
82192,206.00,1610.00,5,2,10,10,2,8,6,21,27050.0,28643.0,41709.0,27050.0,26547.0,27050.0,2,14659.0
82193,154.00,1388.00,5,2,10,10,2,8,6,21,61431.0,44366.0,75954.0,61431.0,61431.0,61431.0,2,14523.0
82194,216.00,1665.00,5,2,10,10,2,8,6,21,127699.0,89150.0,112447.0,127699.0,127201.0,127699.0,0,0.0
82195,154.00,1394.00,5,2,10,10,2,8,6,20,49348.0,74235.0,39288.0,49348.0,49348.0,49348.0,1,24887.0
82196,206.00,1603.00,5,2,10,10,2,8,6,21,118834.0,130162.0,114322.0,118834.0,118333.0,118834.0,1,11328.0
82197,187.00,1516.00,5,2,10,10,2,8,6,21,111810.0,113948.0,114254.0,111810.0,118046.0,111810.0,4,6236.0
82198,154.00,1280.00,4,2,11,10,2,8,6,21,78125.0,69543.0,57630.0,78125.0,78125.0,78125.0,0,0.0
82199,206.00,1622.00,5,2,10,10,2,8,6,21,60509.0,69362.0,59373.0,60509.0,60008.0,60509.0,1,8853.0
82200,206.00,1613.00,5,2,10,10,2,8,6,21,100550.0,105991.0,86518.0,100550.0,100049.0,100550.0,1,5441.0
82201,206.00,1613.00,5,2,10,10,2,8,6,21,104844.0,57918.0,96379.0,104844.0,104343.0,104844.0,0,0.0
82202,187.00,1509.00,5,2,10,10,2,8,6,21,94718.0,87812.0,117404.0,94718.0,123025.0,94718.0,4,28307.0
82203,187.00,1509.00,5,2,10,10,2,8,6,21,74613.0,94592.0,65318.0,74613.0,70241.0,74613.0,1,19979.0
82204,154.00,1394.00,5,2,10,10,2,8,6,21,84735.0,50135.0,50710.0,84735.0,84735.0,84735.0,0,0.0
82205,206.00,1693.00,5,2,10,10,2,8,6,21,74540.0,88217.0,100377.0,74540.0,74040.0,74540.0,2,25837.0
82206,206.00,1610.00,5,2,10,10,2,8,6,21,28046.0,42870.0,42369.0,28046.0,27541.0,28046.0,1,14824.0
82207,216.00,1665.00,5,2,10,10,2,8,6,21,99906.0,71900.0,100722.0,99906.0,99408.0,99906.0,2,816.0
82208,206.00,1681.00,5,2,10,10,2,8,6,21,142342.0,100040.0,117017.0,142342.0,141843.0,142342.0,0,0.0
82209,187.00,1516.00,5,2,10,10,2,8,6,21,68665.0,49078.0,69328.0,68665.0,71494.0,68665.0,4,2829.0
82210,216.00,1665.00,5,2,10,10,2,8,6,21,87761.0,30741.0,71981.0,87761.0,87232.0,87761.0,0,0.0
82211,187.00,1509.00,5,2,10,10,2,8,6,21,98358.0,71612.0,95054.0,98358.0,87251.0,98358.0,0,0.0
82212,154.00,1462.00,5,2,10,10,2,8,6,21,102023.0,111763.0,99625.0,102023.0,102244.0,102023.0,1,9740.0
82213,206.00,1603.00,5,2,10,10,2,8,6,21,111234.0,88364.0,89265.0,111234.0,110735.0,111234.0,0,0.0
82214,154.00,1462.00,5,2,10,10,2,8,6,21,94627.0,95593.0,93496.0,94627.0,94872.0,94627.0,1,966.0
82215,206.00,1603.00,5,2,10,10,2,8,6,21,110927.0,60185.0,116329.0,110927.0,110429.0,110927.0,2,5402.0
82216,206.00,1622.00,5,2,10,10,2,8,6,21,117926.0,102291.0,111088.0,117926.0,117430.0,117926.0,0,0.0
82217,154.00,1384.00,5,2,10,10,2,8,6,21,81564.0,108613.0,73582.0,81564.0,81564.0,81564.0,1,27049.0
82218,206.00,1493.00,4,2,11,10,2,8,6,21,66966.0,68484.0,63365.0,66970.0,66662.0,66966.0,1,1518.0
82219,154.00,1394.00,5,2,10,10,2,8,6,21,40492.0,47635.0,57181.0,40492.0,40492.0,40492.0,2,16689.0
82220,187.00,1509.00,5,2,10,10,2,8,6,21,104714.0,104210.0,102729.0,104714.0,92956.0,104714.0,0,0.0
82221,154.00,1394.00,5,2,10,10,2,8,6,21,74654.0,68350.0,68632.0,74654.0,74654.0,74654.0,0,0.0
82222,206.00,1693.00,5,2,10,10,2,8,6,21,99193.0,73565.0,84872.0,99193.0,98696.0,99193.0,0,0.0
82223,154.00,1462.00,5,2,10,10,2,8,6,21,103065.0,76282.0,102212.0,103065.0,103293.0,103065.0,4,228.0
82224,206.00,1603.00,5,2,10,10,2,8,6,21,70018.0,93169.0,61403.0,70018.0,69517.0,70018.0,1,23151.0
82225,154.00,1391.00,5,2,10,10,2,8,6,21,43804.0,110355.0,74996.0,43804.0,43804.0,43804.0,1,66551.0
82226,154.00,1542.00,5,2,10,10,2,8,6,21,65450.0,116896.0,76774.0,65450.0,65450.0,65450.0,1,51446.0
82227,187.00,1516.00,5,2,10,10,2,8,6,21,130122.0,115717.0,103171.0,130122.0,101575.0,130122.0,0,0.0
82228,187.00,1516.00,5,2,10,10,2,8,6,21,82560.0,36232.0,99855.0,82560.0,83908.0,82560.0,2,17295.0
82229,154.00,1384.00,5,2,10,10,2,8,6,21,80275.0,60152.0,69344.0,80275.0,80275.0,80275.0,0,0.0
82230,154.00,1462.00,5,2,10,10,2,8,6,21,77423.0,70904.0,77076.0,77423.0,77637.0,77423.0,4,214.0
82231,187.00,1509.00,5,2,10,10,2,8,6,21,63345.0,53114.0,63544.0,63345.0,79184.0,63345.0,4,15839.0
82232,154.00,1560.00,5,2,10,10,2,8,6,21,73542.0,68250.0,63120.0,73542.0,73542.0,73542.0,0,0.0
82233,154.00,1384.00,5,2,10,10,2,8,6,21,84918.0,99586.0,104351.0,84918.0,84918.0,84918.0,2,19433.0
82234,216.00,1655.00,5,2,10,10,2,8,6,21,118679.0,83923.0,113588.0,118679.0,118178.0,118679.0,0,0.0
82235,187.00,1559.00,5,1,11,10,2,8,6,21,73826.0,45205.0,92028.0,73834.0,70452.0,73826.0,2,18202.0
82236,187.00,1528.00,5,2,10,10,2,8,6,21,95845.0,112466.0,103475.0,95845.0,93536.0,95845.0,1,16621.0
82237,187.00,1405.00,4,2,11,10,2,8,6,21,71324.0,108853.0,57373.0,71324.0,73938.0,71324.0,1,37529.0
82238,154.00,1391.00,5,2,10,10,2,8,6,21,55859.0,85243.0,49788.0,55859.0,55859.0,55859.0,1,29384.0
82239,216.00,1674.00,5,2,10,10,2,8,6,21,113234.0,123971.0,129876.0,113234.0,112733.0,113234.0,2,16642.0
82240,154.00,1384.00,5,2,10,10,2,8,6,21,87931.0,70833.0,75401.0,87931.0,87931.0,87931.0,0,0.0
82241,154.00,1391.00,5,2,10,10,2,8,6,21,55294.0,64609.0,54778.0,55294.0,55294.0,55294.0,1,9315.0
82242,216.00,1655.00,5,2,10,10,2,8,6,21,112199.0,84267.0,116835.0,112199.0,111698.0,112199.0,2,4636.0
82243,154.00,1273.00,5,1,11,10,2,8,6,21,67804.0,59328.0,72835.0,67804.0,67804.0,67804.0,2,5031.0
82244,154.00,1462.00,5,2,10,10,2,8,6,21,82004.0,92311.0,104109.0,82004.0,82249.0,82004.0,2,22105.0
82245,216.00,1665.00,5,2,10,10,2,8,6,21,118465.0,107178.0,94377.0,118465.0,117967.0,118465.0,0,0.0
82246,154.00,1384.00,5,2,10,10,2,8,6,21,63985.0,87109.0,59392.0,63985.0,63985.0,63985.0,1,23124.0
82247,206.00,1610.00,5,2,10,10,2,8,6,21,49327.0,27491.0,51044.0,49327.0,48828.0,49327.0,2,1717.0
82248,187.00,1509.00,5,2,10,10,2,8,6,21,75283.0,87782.0,59185.0,75283.0,71381.0,75283.0,1,12499.0
82249,154.00,1410.00,4,2,11,10,2,8,6,21,60489.0,72694.0,67681.0,60489.0,60610.0,60489.0,1,12205.0
82250,187.00,1509.00,5,2,10,10,2,8,6,21,74617.0,77301.0,63574.0,74617.0,81089.0,74617.0,4,6472.0
82251,187.00,1509.00,5,2,10,10,2,8,6,21,80760.0,104255.0,65085.0,80760.0,69427.0,80760.0,1,23495.0
82252,206.00,1613.00,5,2,10,10,2,8,6,21,95959.0,70282.0,111411.0,95959.0,95461.0,95959.0,2,15452.0
82253,216.00,1674.00,5,2,10,10,2,8,6,21,120955.0,120484.0,114017.0,120955.0,120454.0,120955.0,0,0.0
82254,154.00,1391.00,5,2,10,10,2,8,6,21,36015.0,37224.0,36726.0,36015.0,36015.0,36015.0,1,1209.0
82255,206.00,1603.00,5,2,10,10,2,8,6,21,54676.0,55460.0,73875.0,54495.0,53977.0,54676.0,2,19199.0
82256,216.00,1665.00,5,2,10,10,2,8,6,21,112073.0,104181.0,122734.0,112073.0,111575.0,112073.0,2,10661.0
82257,187.00,1516.00,5,2,10,10,2,8,6,21,116100.0,73180.0,102571.0,116100.0,110533.0,116100.0,0,0.0
82258,206.00,1613.00,5,2,10,10,2,8,6,21,123664.0,99771.0,122325.0,123664.0,123166.0,123664.0,0,0.0
82259,206.00,1603.00,5,2,10,10,2,8,6,21,92096.0,91592.0,89325.0,92096.0,91595.0,92096.0,0,0.0
82260,187.00,1509.00,5,2,10,10,2,8,6,21,69942.0,72706.0,73404.0,69942.0,69066.0,69942.0,2,3462.0
82261,206.00,1499.00,4,2,11,10,2,8,6,21,74850.0,73759.0,101337.0,74845.0,74413.0,74850.0,2,26487.0
82262,216.00,1665.00,5,2,10,10,2,8,6,21,95007.0,74268.0,109312.0,95007.0,94506.0,95007.0,2,14305.0
82263,187.00,1509.00,5,2,10,10,2,8,6,21,50698.0,122777.0,33993.0,50698.0,34523.0,50698.0,1,72079.0
82264,154.00,1542.00,5,2,10,10,2,8,6,21,63580.0,83346.0,62437.0,63580.0,63580.0,63580.0,1,19766.0
82265,187.00,1676.00,5,2,10,10,2,8,6,21,89855.0,89798.0,108804.0,89855.0,71094.0,89855.0,2,18949.0
82266,216.00,1655.00,5,2,10,10,2,8,6,21,72906.0,22527.0,74090.0,72906.0,72408.0,72906.0,2,1184.0
82267,154.00,1384.00,5,2,10,10,2,8,6,21,96122.0,102768.0,92223.0,96122.0,96122.0,96122.0,1,6646.0
82268,154.00,1542.00,5,2,10,10,2,8,6,21,58553.0,66437.0,62011.0,58553.0,58553.0,58553.0,1,7884.0
82269,206.00,1681.00,5,2,10,10,2,8,6,21,116179.0,62182.0,101104.0,116179.0,115635.0,116179.0,0,0.0
82270,187.00,1509.00,5,2,10,10,2,8,6,21,100168.0,67500.0,106593.0,100168.0,126616.0,100168.0,4,26448.0
82271,154.00,1384.00,5,2,10,10,2,8,6,21,87317.0,54400.0,79607.0,87317.0,87317.0,87317.0,0,0.0
82272,216.00,1655.00,5,2,10,10,2,8,6,21,133211.0,52039.0,118891.0,133211.0,132710.0,133211.0,0,0.0
82273,154.00,1551.00,5,2,10,10,2,8,6,21,61547.0,73473.0,54791.0,61547.0,61547.0,61547.0,1,11926.0
82274,154.00,1384.00,5,2,10,10,2,8,6,21,76323.0,77445.0,79047.0,76323.0,76323.0,76323.0,2,2724.0
82275,206.00,1613.00,5,2,10,10,2,8,6,21,56181.0,76043.0,96561.0,56181.0,55680.0,56181.0,2,40380.0
82276,216.00,1551.00,4,2,11,10,2,8,6,21,124188.0,96889.0,129187.0,124156.0,123616.0,124188.0,2,4999.0
82277,216.00,1655.00,5,2,10,10,2,8,6,21,89875.0,100208.0,98874.0,89875.0,89374.0,89875.0,1,10333.0
82278,216.00,1665.00,5,2,10,10,2,8,6,21,126123.0,65409.0,105529.0,126123.0,125621.0,126123.0,0,0.0
82279,154.00,1394.00,5,2,10,10,2,8,6,21,49359.0,73456.0,50255.0,49359.0,49359.0,49359.0,1,24097.0
82280,187.00,1528.00,5,2,10,10,2,8,6,21,74010.0,64725.0,52389.0,74010.0,67934.0,74010.0,0,0.0
82281,154.00,1403.00,5,2,10,10,2,8,6,21,43307.0,30103.0,41894.0,43307.0,43300.0,43307.0,0,0.0
82282,154.00,1542.00,5,2,10,10,2,8,6,21,79259.0,78691.0,88901.0,79259.0,79259.0,79259.0,2,9642.0
82283,154.00,1542.00,5,2,10,10,2,8,6,21,84612.0,88687.0,93126.0,84612.0,84612.0,84612.0,2,8514.0
82284,187.00,1667.00,5,2,10,10,2,8,6,21,114320.0,59242.0,89149.0,114320.0,77974.0,114320.0,0,0.0
82285,154.00,1542.00,5,2,10,10,2,8,6,21,59412.0,59069.0,59003.0,59412.0,59412.0,59412.0,0,0.0
82286,216.00,1655.00,5,2,10,10,2,8,6,21,92480.0,104390.0,71233.0,92480.0,91979.0,92480.0,1,11910.0
82287,216.00,1655.00,5,2,10,10,2,8,6,21,105632.0,92131.0,93474.0,105632.0,105133.0,105632.0,0,0.0
82288,187.00,1516.00,5,2,10,10,2,8,6,21,65403.0,65100.0,77696.0,65403.0,87557.0,65403.0,4,22154.0
82289,216.00,1655.00,5,2,10,10,2,8,6,21,134687.0,92172.0,103323.0,134687.0,134186.0,134687.0,0,0.0
82290,154.00,1560.00,5,2,10,10,2,8,6,21,65876.0,105112.0,69467.0,65876.0,65876.0,65876.0,1,39236.0
82291,187.00,1667.00,5,2,10,10,2,8,6,21,74974.0,68530.0,75092.0,74974.0,61847.0,74974.0,2,118.0
82292,216.00,1662.00,5,2,10,10,2,8,6,21,103574.0,62730.0,99547.0,103574.0,103075.0,103574.0,0,0.0
82293,154.00,1391.00,5,2,10,10,2,8,6,21,46482.0,41543.0,55203.0,46482.0,46482.0,46482.0,2,8721.0
82294,206.00,1603.00,5,2,10,10,2,8,6,21,84214.0,70054.0,71254.0,84214.0,83713.0,84214.0,0,0.0
82295,216.00,1655.00,5,2,10,10,2,8,6,21,141006.0,98415.0,140314.0,141006.0,140505.0,141006.0,0,0.0
82296,206.00,1613.00,5,2,10,10,2,8,6,21,94800.0,71995.0,86939.0,94800.0,94299.0,94800.0,0,0.0
82297,206.00,1603.00,5,2,10,10,2,8,6,21,94815.0,72466.0,67693.0,94815.0,94314.0,94815.0,0,0.0
82298,206.00,1613.00,5,2,10,10,2,8,6,21,82809.0,59486.0,71744.0,82809.0,82310.0,82809.0,0,0.0
82299,187.00,1667.00,5,2,10,10,2,8,6,21,73866.0,71949.0,74404.0,73866.0,98838.0,73866.0,4,24972.0
82300,187.00,1509.00,5,2,10,10,2,8,6,21,105967.0,119320.0,92788.0,105967.0,105998.0,105967.0,1,13353.0
82301,154.00,1403.00,5,2,10,10,2,8,6,21,50726.0,27810.0,80602.0,50726.0,50719.0,50726.0,2,29876.0
82302,154.00,1394.00,5,2,10,10,2,8,6,21,28364.0,56522.0,42935.0,28364.0,28364.0,28364.0,1,28158.0
82303,154.00,1478.00,5,2,10,10,2,8,6,21,54545.0,120332.0,77226.0,54545.0,54545.0,54545.0,1,65787.0
82304,154.00,1394.00,5,2,10,10,2,8,6,21,43360.0,64153.0,51260.0,43360.0,43360.0,43360.0,1,20793.0
82305,187.00,1509.00,5,2,10,10,2,8,6,21,87633.0,87129.0,109831.0,87633.0,106811.0,87633.0,2,22198.0
82306,206.00,1613.00,5,2,10,10,2,8,6,21,94262.0,75176.0,116044.0,94262.0,93761.0,94262.0,2,21782.0
82307,154.00,1384.00,5,2,10,10,2,8,6,21,57106.0,74052.0,34588.0,57106.0,57106.0,57106.0,1,16946.0
82308,206.00,1622.00,5,2,10,10,2,8,6,21,69386.0,56648.0,64566.0,69386.0,68885.0,69386.0,0,0.0
82309,187.00,1509.00,5,2,10,10,2,8,6,21,95248.0,80282.0,101528.0,95248.0,69985.0,95248.0,2,6280.0
82310,154.00,1384.00,5,2,10,10,2,8,6,21,34058.0,67869.0,46771.0,34058.0,34058.0,34058.0,1,33811.0
82311,187.00,1509.00,5,2,10,10,2,8,6,21,82385.0,65846.0,87748.0,82385.0,87918.0,82385.0,4,5533.0
82312,154.00,1403.00,5,2,10,10,2,8,6,21,34249.0,71627.0,38935.0,34249.0,34242.0,34249.0,1,37378.0
82313,187.00,1516.00,5,2,10,10,2,8,6,21,78633.0,87826.0,78694.0,78633.0,102460.0,78633.0,4,23827.0
82314,206.00,1681.00,5,2,10,10,2,8,6,21,74038.0,88205.0,81308.0,74038.0,73539.0,74038.0,1,14167.0
82315,187.00,1528.00,5,2,10,10,2,8,6,21,74379.0,48090.0,48498.0,74379.0,96443.0,74379.0,4,22064.0
82316,154.00,1394.00,5,2,10,10,2,8,6,21,58989.0,73712.0,39255.0,58989.0,58989.0,58989.0,1,14723.0
82317,206.00,1603.00,5,2,10,10,2,8,6,21,60552.0,28979.0,51768.0,60552.0,60054.0,60552.0,0,0.0
82318,187.00,1509.00,5,2,10,10,2,8,6,21,44864.0,35196.0,56000.0,44864.0,54710.0,44864.0,2,11136.0
82319,154.00,1394.00,5,2,10,10,2,8,6,21,65084.0,89336.0,33599.0,65084.0,65084.0,65084.0,1,24252.0
82320,154.00,1384.00,5,2,10,10,2,8,6,21,51127.0,49663.0,44655.0,51127.0,51127.0,51127.0,0,0.0
82321,154.00,1394.00,5,2,10,10,2,8,6,21,59037.0,62661.0,54674.0,59037.0,59037.0,59037.0,1,3624.0
82322,206.00,1499.00,4,2,11,10,2,8,6,21,95854.0,57846.0,83863.0,95861.0,95419.0,95854.0,0,0.0
82323,154.00,1391.00,5,2,10,10,2,8,6,21,53169.0,93866.0,42655.0,53169.0,53169.0,53169.0,1,40697.0
82324,216.00,1674.00,5,2,10,10,2,8,6,21,136571.0,37514.0,122935.0,136571.0,136070.0,136571.0,0,0.0
82325,187.00,1509.00,5,2,10,10,2,8,6,21,92791.0,104281.0,73881.0,92791.0,71491.0,92791.0,1,11490.0
82326,216.00,1655.00,5,2,10,10,2,8,6,21,96710.0,96307.0,81502.0,96710.0,96209.0,96710.0,0,0.0
82327,187.00,1667.00,5,2,10,10,2,8,6,21,100400.0,127191.0,81565.0,100400.0,100101.0,100400.0,1,26791.0
82328,216.00,1665.00,5,2,10,10,2,8,6,21,125114.0,92782.0,103567.0,125114.0,124613.0,125114.0,0,0.0
82329,154.00,1391.00,5,2,10,10,2,8,6,21,55148.0,82785.0,66486.0,55148.0,55148.0,55148.0,1,27637.0
82330,206.00,1603.00,5,2,10,10,2,8,6,21,83225.0,85638.0,87702.0,83225.0,82724.0,83225.0,2,4477.0
82331,206.00,1693.00,5,2,10,10,2,8,6,21,121679.0,66667.0,85549.0,121679.0,121182.0,121679.0,0,0.0
82332,187.00,1528.00,5,2,10,10,2,8,6,21,108084.0,72665.0,85052.0,108084.0,89623.0,108084.0,0,0.0
82333,154.00,1394.00,5,2,10,10,2,8,6,21,17969.0,17484.0,36715.0,17969.0,17969.0,17969.0,2,18746.0
82334,216.00,1665.00,5,2,10,10,2,8,6,21,128812.0,96163.0,107461.0,128812.0,128314.0,128812.0,0,0.0
82335,216.00,1665.00,5,2,10,10,2,8,6,21,158286.0,120515.0,143397.0,158248.0,157786.0,158286.0,0,0.0
82336,206.00,1610.00,5,2,10,10,2,8,6,21,53002.0,64430.0,73116.0,53002.0,52503.0,53002.0,2,20114.0
82337,154.00,1384.00,5,2,10,10,2,8,6,21,69147.0,62058.0,59397.0,69147.0,69147.0,69147.0,0,0.0
82338,187.00,1676.00,5,2,10,10,2,8,6,21,140621.0,71974.0,95927.0,140621.0,128296.0,140621.0,0,0.0
82339,154.00,1462.00,5,2,10,10,2,8,6,21,62253.0,99239.0,60289.0,62253.0,62477.0,62253.0,1,36986.0
82340,154.00,1384.00,5,2,10,10,2,8,6,21,71948.0,85443.0,72363.0,71948.0,71948.0,71948.0,1,13495.0
82341,216.00,1655.00,5,2,10,10,2,8,6,21,100906.0,71362.0,94338.0,100906.0,100408.0,100906.0,0,0.0
82342,154.00,1462.00,5,2,10,10,2,8,6,21,115392.0,94964.0,102108.0,115392.0,115641.0,115392.0,4,249.0
82343,206.00,1622.00,5,2,10,10,2,8,6,21,101763.0,67170.0,93972.0,101763.0,101266.0,101763.0,0,0.0
82344,154.00,1403.00,5,2,10,10,2,8,6,21,34752.0,71498.0,55627.0,34752.0,34745.0,34752.0,1,36746.0
82345,154.00,1551.00,5,2,10,10,2,8,6,21,58347.0,91352.0,63304.0,58347.0,58347.0,58347.0,1,33005.0
82346,206.00,1603.00,5,2,10,10,2,8,6,21,109920.0,123185.0,91302.0,109920.0,109422.0,109920.0,1,13265.0
82347,187.00,1528.00,5,2,10,10,2,8,6,21,49870.0,49536.0,72312.0,49870.0,68058.0,49870.0,2,22442.0
82348,187.00,1509.00,5,2,10,10,2,8,6,21,88345.0,56967.0,101506.0,88345.0,71774.0,88345.0,2,13161.0
82349,216.00,1655.00,5,2,10,10,2,8,6,21,68034.0,36051.0,65933.0,68034.0,67533.0,68034.0,0,0.0
82350,154.00,1542.00,5,2,10,10,2,8,6,21,62415.0,62429.0,63407.0,62415.0,62415.0,62415.0,2,992.0
82351,187.00,1509.00,5,2,10,10,2,8,6,21,43340.0,59792.0,35331.0,43340.0,27980.0,43340.0,1,16452.0
82352,187.00,1516.00,5,2,10,10,2,8,6,21,128124.0,91092.0,109510.0,128124.0,92630.0,128124.0,0,0.0
82353,206.00,1613.00,5,2,10,10,2,8,6,21,114622.0,114332.0,93369.0,114622.0,114124.0,114622.0,0,0.0
82354,154.00,1391.00,5,2,10,10,2,8,6,21,73889.0,62564.0,56172.0,73889.0,73889.0,73889.0,0,0.0
82355,187.00,1676.00,5,2,10,10,2,8,6,21,78848.0,76952.0,76142.0,78848.0,68749.0,78848.0,0,0.0
82356,154.00,1384.00,5,2,10,10,2,8,6,21,81459.0,119861.0,61921.0,81459.0,81459.0,81459.0,1,38402.0
82357,187.00,1509.00,5,2,10,10,2,8,6,21,59975.0,142381.0,32835.0,59975.0,53425.0,59975.0,1,82406.0
82358,206.00,1681.00,5,2,10,10,2,8,6,21,71077.0,102040.0,101391.0,71077.0,70536.0,71077.0,1,30963.0
82359,154.00,1273.00,5,1,11,10,2,8,6,21,76590.0,90223.0,70345.0,76590.0,76590.0,76590.0,1,13633.0
82360,154.00,1560.00,5,2,10,10,2,8,6,21,63246.0,126001.0,56538.0,63246.0,63246.0,63246.0,1,62755.0
82361,216.00,1662.00,5,2,10,10,2,8,6,21,128801.0,86113.0,114173.0,128801.0,128302.0,128801.0,0,0.0
82362,206.00,1613.00,5,2,10,10,2,8,6,21,84861.0,43422.0,102474.0,84861.0,84362.0,84861.0,2,17613.0
82363,206.00,1681.00,5,2,10,10,2,8,6,21,71080.0,100258.0,70251.0,71080.0,70579.0,71080.0,1,29178.0
82364,154.00,1403.00,5,2,10,10,2,8,6,21,55361.0,68070.0,29235.0,55361.0,55354.0,55361.0,1,12709.0
82365,206.00,1613.00,5,2,10,10,2,8,6,21,99428.0,66949.0,107154.0,99428.0,98930.0,99428.0,2,7726.0
82366,187.00,1528.00,5,2,10,10,2,8,6,21,75558.0,55983.0,64468.0,75562.0,61661.0,75558.0,0,0.0
82367,154.00,1384.00,5,2,10,10,2,8,6,21,57222.0,53052.0,57773.0,57222.0,57222.0,57222.0,2,551.0
82368,216.00,1665.00,5,2,10,10,2,8,6,21,87998.0,87552.0,112640.0,87998.0,87499.0,87998.0,2,24642.0
82369,187.00,1552.00,5,1,11,10,2,8,6,20,56309.0,62636.0,54979.0,56309.0,72900.0,56309.0,4,16591.0
82370,154.00,1545.00,5,2,10,10,2,8,6,21,78896.0,69438.0,65837.0,78896.0,78896.0,78896.0,0,0.0
82371,206.00,1613.00,5,2,10,10,2,8,6,21,54341.0,55078.0,53214.0,54341.0,53843.0,54341.0,1,737.0
82372,206.00,1622.00,5,2,10,10,2,8,6,21,113247.0,112652.0,97831.0,113247.0,112746.0,113247.0,0,0.0
82373,154.00,1384.00,5,2,10,10,2,8,6,21,105303.0,111582.0,76408.0,105303.0,105303.0,105303.0,1,6279.0
82374,216.00,1655.00,5,2,10,10,2,8,6,21,109748.0,97845.0,121120.0,109748.0,109249.0,109748.0,2,11372.0
82375,154.00,1462.00,5,2,10,10,2,8,6,21,78481.0,46544.0,62272.0,78481.0,78699.0,78481.0,4,218.0
82376,187.00,1667.00,5,2,10,10,2,8,6,21,100299.0,80770.0,85999.0,100299.0,68414.0,100299.0,0,0.0
82377,154.00,1462.00,5,2,10,10,2,8,6,21,63396.0,108158.0,74126.0,63396.0,63635.0,63396.0,1,44762.0
82378,187.00,1509.00,5,2,10,10,2,8,6,21,95511.0,56853.0,84163.0,95511.0,70519.0,95511.0,0,0.0
82379,187.00,1667.00,5,2,10,10,2,8,6,21,66624.0,80046.0,67205.0,66624.0,66223.0,66624.0,1,13422.0
82380,216.00,1655.00,5,2,10,10,2,8,6,21,91316.0,118514.0,81396.0,91316.0,90815.0,91316.0,1,27198.0
82381,154.00,1391.00,5,2,10,10,2,8,6,21,48878.0,61616.0,54397.0,48878.0,48878.0,48878.0,1,12738.0
82382,154.00,1394.00,5,2,10,10,2,8,6,21,58047.0,67757.0,66619.0,58047.0,58047.0,58047.0,1,9710.0
82383,154.00,1474.00,5,2,10,10,2,8,6,21,55819.0,57787.0,68868.0,55819.0,55819.0,55819.0,2,13049.0
82384,216.00,1665.00,5,2,10,10,2,8,6,21,111538.0,80429.0,128993.0,111538.0,111040.0,111538.0,2,17455.0
82385,154.00,1391.00,5,2,10,10,2,8,6,21,83222.0,90867.0,74521.0,83222.0,83222.0,83222.0,1,7645.0
82386,216.00,1662.00,5,2,10,10,2,8,6,21,118163.0,86011.0,110287.0,118163.0,117664.0,118163.0,0,0.0
82387,216.00,1662.00,5,2,10,10,2,8,6,21,103797.0,84448.0,114921.0,103797.0,103300.0,103797.0,2,11124.0
82388,187.00,1509.00,5,2,10,10,2,8,6,21,87429.0,71303.0,99236.0,87429.0,73925.0,87429.0,2,11807.0
82389,187.00,1516.00,5,2,10,10,2,8,6,21,123422.0,75407.0,121219.0,123422.0,130934.0,123422.0,4,7512.0
82390,187.00,1519.00,5,2,10,10,2,8,6,21,60644.0,55829.0,61517.0,60644.0,59883.0,60644.0,2,873.0
82391,154.00,1384.00,5,2,10,10,2,8,6,21,54482.0,60454.0,38344.0,54482.0,54482.0,54482.0,1,5972.0
82392,154.00,1280.00,4,2,11,10,2,8,6,21,56080.0,47033.0,48514.0,56080.0,56080.0,56080.0,0,0.0
82393,216.00,1662.00,5,2,10,10,2,8,6,21,92090.0,99845.0,116046.0,92090.0,91589.0,92090.0,2,23956.0
82394,206.00,1612.00,5,2,10,10,2,8,6,21,88731.0,80746.0,81133.0,88731.0,88270.0,88731.0,0,0.0
82395,154.00,1551.00,5,2,10,10,2,8,6,21,52643.0,62571.0,54531.0,52643.0,52643.0,52643.0,1,9928.0
82396,206.00,1603.00,5,2,10,10,2,8,6,21,106984.0,39521.0,101629.0,106984.0,106486.0,106984.0,0,0.0
82397,216.00,1662.00,5,2,10,10,2,8,6,21,127677.0,122190.0,118869.0,127677.0,127178.0,127677.0,0,0.0
82398,154.00,1384.00,5,2,10,10,2,8,6,21,44996.0,89328.0,46364.0,44996.0,44996.0,44996.0,1,44332.0
82399,187.00,1667.00,5,2,10,10,2,8,6,21,138355.0,87373.0,96039.0,138355.0,124400.0,138355.0,0,0.0
82400,154.00,1474.00,5,2,10,10,2,8,6,21,56167.0,114316.0,56345.0,56167.0,56167.0,56167.0,1,58149.0
82401,187.00,1676.00,5,2,10,10,2,8,6,21,123681.0,84021.0,103438.0,123681.0,148911.0,123681.0,4,25230.0
82402,216.00,1674.00,5,2,10,10,2,8,6,21,129091.0,90320.0,109894.0,129091.0,128590.0,129091.0,0,0.0
82403,154.00,1384.00,5,2,10,10,2,8,6,21,36826.0,51407.0,40879.0,36826.0,36826.0,36826.0,1,14581.0
82404,187.00,1509.00,5,2,10,10,2,8,6,21,43669.0,45740.0,53061.0,43669.0,39533.0,43669.0,2,9392.0
82405,154.00,1560.00,5,2,10,10,2,8,6,21,86092.0,87169.0,74508.0,86092.0,86092.0,86092.0,1,1077.0
82406,187.00,1516.00,5,2,10,10,2,8,6,21,51238.0,100201.0,49866.0,51238.0,68445.0,51238.0,1,48963.0
82407,154.00,1351.00,4,2,11,10,2,8,6,21,109029.0,107415.0,95347.0,109029.0,109029.0,109029.0,0,0.0
82408,206.00,1681.00,5,2,10,10,2,8,6,21,153329.0,61775.0,145915.0,153329.0,152834.0,153329.0,0,0.0
82409,206.00,1622.00,5,2,10,10,2,8,6,21,62204.0,58142.0,82283.0,62204.0,61707.0,62204.0,2,20079.0
82410,187.00,1509.00,4,2,11,10,2,8,6,21,84064.0,66471.0,76770.0,84064.0,81466.0,84064.0,0,0.0
82411,216.00,1662.00,5,2,10,10,2,8,6,21,120049.0,77067.0,113351.0,120049.0,119550.0,120049.0,0,0.0
82412,154.00,1384.00,5,2,10,10,2,8,6,21,59703.0,74284.0,53398.0,59703.0,59703.0,59703.0,1,14581.0
82413,154.00,1462.00,5,2,10,10,2,8,6,21,104777.0,88134.0,101818.0,104777.0,105012.0,104777.0,4,235.0
82414,187.00,1667.00,5,2,10,10,2,8,6,21,84114.0,83613.0,87602.0,84114.0,114677.0,84114.0,4,30563.0
82415,154.00,1391.00,5,2,10,10,2,8,6,21,69300.0,92406.0,69433.0,69300.0,69300.0,69300.0,1,23106.0
82416,216.00,1674.00,5,2,10,10,2,8,6,21,127436.0,127601.0,104020.0,127436.0,126935.0,127436.0,1,165.0
82417,187.00,1509.00,5,2,10,10,2,8,6,21,95791.0,124536.0,84668.0,95791.0,96108.0,95791.0,1,28745.0
82418,216.00,1662.00,5,2,10,10,2,8,6,21,67406.0,47519.0,115029.0,67406.0,66905.0,67406.0,2,47623.0
82419,206.00,1622.00,5,2,10,10,2,8,6,21,65954.0,75988.0,78661.0,65954.0,65453.0,65954.0,2,12707.0
82420,216.00,1655.00,5,2,10,10,2,8,6,21,105618.0,78050.0,97528.0,105618.0,105117.0,105618.0,0,0.0
82421,187.00,1509.00,5,2,10,10,2,8,6,21,45836.0,84157.0,52758.0,45836.0,41608.0,45836.0,1,38321.0
82422,154.00,1384.00,5,2,10,10,2,8,6,21,65923.0,89604.0,66368.0,65923.0,65923.0,65923.0,1,23681.0
82423,187.00,1519.00,5,2,10,10,2,8,6,21,56179.0,66798.0,96597.0,56179.0,64181.0,56179.0,2,40418.0
82424,154.00,1542.00,5,2,10,10,2,8,6,21,70095.0,53826.0,53679.0,70095.0,70095.0,70095.0,0,0.0
82425,206.00,1603.00,5,2,10,10,2,8,6,21,110722.0,123534.0,66067.0,110722.0,110224.0,110722.0,1,12812.0
82426,154.00,1384.00,5,2,10,10,2,8,6,21,34474.0,65056.0,35792.0,34474.0,34474.0,34474.0,1,30582.0
82427,154.00,1394.00,5,2,10,10,2,8,6,21,62089.0,78368.0,69253.0,62089.0,62089.0,62089.0,1,16279.0
82428,206.00,1603.00,5,2,10,10,2,8,6,21,123179.0,103053.0,123804.0,123179.0,122681.0,123179.0,2,625.0
82429,206.00,1613.00,5,2,10,10,2,8,6,21,92119.0,112824.0,71682.0,92119.0,91618.0,92119.0,1,20705.0
82430,154.00,1384.00,5,2,10,10,2,8,6,21,65310.0,117793.0,74687.0,65310.0,65310.0,65310.0,1,52483.0
82431,206.00,1603.00,5,2,10,10,2,8,6,21,54040.0,86964.0,53597.0,54040.0,53539.0,54040.0,1,32924.0
82432,154.00,1387.00,5,2,10,10,2,8,6,21,87803.0,123964.0,73927.0,87803.0,87803.0,87803.0,1,36161.0
82433,154.00,1384.00,5,2,10,10,2,8,6,21,33998.0,44201.0,41702.0,33998.0,33998.0,33998.0,1,10203.0
82434,187.00,1509.00,5,2,10,10,2,8,6,21,84367.0,76602.0,106223.0,84367.0,85558.0,84367.0,2,21856.0
82435,154.00,1398.00,5,2,10,10,2,8,6,21,46767.0,64803.0,43590.0,46767.0,46767.0,46767.0,1,18036.0
82436,206.00,1622.00,5,2,10,10,2,8,6,21,89696.0,101669.0,76506.0,89696.0,89195.0,89696.0,1,11973.0
82437,187.00,1680.00,5,2,10,10,2,8,6,21,94767.0,66809.0,107330.0,94767.0,87972.0,94767.0,2,12563.0
82438,154.00,1542.00,5,2,10,10,2,8,6,21,59861.0,52298.0,61807.0,59861.0,59861.0,59861.0,2,1946.0
82439,154.00,1391.00,5,2,10,10,2,8,6,21,72181.0,62692.0,64930.0,72181.0,72181.0,72181.0,0,0.0
82440,206.00,1439.00,4,1,12,10,2,8,6,17,90969.0,97501.0,77463.0,90969.0,88771.0,90969.0,1,6532.0
82441,206.00,1603.00,5,2,10,10,2,8,6,21,86496.0,132290.0,72530.0,86496.0,85995.0,86496.0,1,45794.0
82442,206.00,1603.00,5,2,10,10,2,8,6,21,89088.0,66089.0,108668.0,89088.0,88590.0,89088.0,2,19580.0
82443,187.00,1667.00,5,2,10,10,2,8,6,21,103854.0,78669.0,126235.0,103854.0,83247.0,103854.0,2,22381.0
82444,206.00,1693.00,5,2,10,10,2,8,6,21,107077.0,95546.0,90173.0,107077.0,106580.0,107077.0,0,0.0
82445,154.00,1384.00,5,2,10,10,2,8,6,21,38326.0,40972.0,50084.0,38326.0,38326.0,38326.0,2,11758.0
82446,187.00,1509.00,5,2,10,10,2,8,6,21,106006.0,64671.0,124357.0,106006.0,121369.0,106006.0,2,18351.0
82447,154.00,1403.00,5,2,10,10,2,8,6,21,50753.0,87588.0,31165.0,50753.0,50746.0,50753.0,1,36835.0
82448,154.00,1394.00,5,2,10,10,2,8,6,21,31515.0,101767.0,39750.0,31515.0,31515.0,31515.0,1,70252.0
82449,187.00,1528.00,5,2,10,10,2,8,6,21,77692.0,83030.0,100828.0,77692.0,68121.0,77692.0,2,23136.0
82450,206.00,1603.00,5,2,10,10,2,8,6,21,77241.0,74907.0,63617.0,77241.0,76740.0,77241.0,0,0.0
82451,216.00,1655.00,5,2,10,10,2,8,6,21,103523.0,62919.0,111259.0,103523.0,103022.0,103523.0,2,7736.0
82452,187.00,1509.00,5,2,10,10,2,8,6,21,90766.0,96108.0,99647.0,90766.0,87775.0,90766.0,2,8881.0
82453,216.00,1662.00,5,2,10,10,2,8,6,21,77875.0,77371.0,80662.0,77875.0,77376.0,77875.0,2,2787.0
82454,216.00,1655.00,5,2,10,10,2,8,6,21,105114.0,100874.0,107081.0,105114.0,104613.0,105114.0,2,1967.0
82455,187.00,1523.00,5,2,10,10,2,8,6,21,103857.0,119171.0,102468.0,103857.0,92960.0,103857.0,1,15314.0
82456,154.00,1384.00,5,2,10,10,2,8,6,21,77496.0,73445.0,76997.0,77496.0,77496.0,77496.0,0,0.0
82457,187.00,1519.00,5,2,10,10,2,8,6,21,83884.0,93586.0,49524.0,83884.0,59427.0,83884.0,1,9702.0
82458,154.00,1384.00,5,2,10,10,2,8,6,21,71474.0,62842.0,69655.0,71474.0,71474.0,71474.0,0,0.0
82459,206.00,1603.00,5,2,10,10,2,8,6,21,121382.0,60838.0,103705.0,121382.0,120881.0,121382.0,0,0.0
82460,154.00,1391.00,5,2,10,10,2,8,6,21,59776.0,92330.0,49298.0,59776.0,59776.0,59776.0,1,32554.0
82461,206.00,1622.00,5,2,10,10,2,8,6,21,62458.0,80378.0,88123.0,62458.0,61958.0,62458.0,2,25665.0
82462,154.00,1560.00,5,2,10,10,2,8,6,21,67598.0,56873.0,65831.0,67598.0,67598.0,67598.0,0,0.0
82463,206.00,1499.00,4,2,11,10,2,8,6,21,30704.0,46716.0,62704.0,30693.0,30243.0,30704.0,2,32000.0
82464,216.00,1662.00,5,2,10,10,2,8,6,21,101614.0,101110.0,104511.0,101614.0,101115.0,101614.0,2,2897.0
82465,187.00,1509.00,5,2,10,10,2,8,6,21,37995.0,67106.0,58116.0,37995.0,72582.0,37995.0,4,34587.0
82466,154.00,1551.00,5,2,10,10,2,8,6,21,60576.0,50592.0,53242.0,60576.0,60576.0,60576.0,0,0.0
82467,154.00,1394.00,5,2,10,10,2,8,6,21,72968.0,79672.0,54275.0,72968.0,72968.0,72968.0,1,6704.0
82468,216.00,1554.00,5,1,11,10,2,8,6,21,108166.0,33056.0,110710.0,108139.0,107590.0,108166.0,2,2544.0
82469,154.00,1560.00,5,2,10,10,2,8,6,21,59183.0,71789.0,73550.0,59183.0,59183.0,59183.0,2,14367.0
82470,216.00,1558.00,4,2,11,10,2,8,6,21,115357.0,76229.0,111136.0,115357.0,114819.0,115357.0,0,0.0
82471,154.00,1551.00,5,2,10,10,2,8,6,21,54924.0,50761.0,54343.0,54924.0,54924.0,54924.0,0,0.0
82472,206.00,1613.00,5,2,10,10,2,8,6,21,89131.0,70545.0,79387.0,89131.0,88632.0,89131.0,0,0.0
82473,154.00,1560.00,5,2,10,10,2,8,6,21,57720.0,70539.0,59057.0,57720.0,57720.0,57720.0,1,12819.0
82474,154.00,1462.00,5,2,10,10,2,8,6,21,104954.0,102738.0,94839.0,104954.0,105175.0,104954.0,4,221.0
82475,206.00,1603.00,5,2,10,10,2,8,6,21,62050.0,61540.0,76788.0,62050.0,61551.0,62050.0,2,14738.0
82476,206.00,1607.00,5,2,10,10,2,8,6,21,80185.0,76168.0,73469.0,80185.0,79685.0,80185.0,0,0.0
82477,216.00,1662.00,5,2,10,10,2,8,6,21,103474.0,66415.0,103386.0,103474.0,102976.0,103474.0,0,0.0
82478,216.00,1655.00,5,2,10,10,2,8,6,21,88335.0,69308.0,88034.0,88335.0,87836.0,88335.0,0,0.0
82479,154.00,1542.00,5,2,10,10,2,8,6,21,63216.0,103058.0,63030.0,63216.0,63216.0,63216.0,1,39842.0
82480,206.00,1681.00,5,2,10,10,2,8,6,21,88737.0,50986.0,86559.0,88737.0,88238.0,88737.0,0,0.0
82481,216.00,1655.00,5,2,10,10,2,8,6,21,67184.0,75234.0,60708.0,67184.0,66683.0,67184.0,1,8050.0
82482,154.00,1462.00,5,2,10,10,2,8,6,21,56677.0,90845.0,66050.0,56677.0,56906.0,56677.0,1,34168.0
82483,187.00,1509.00,5,2,10,10,2,8,6,21,37260.0,81346.0,46374.0,37260.0,65460.0,37260.0,1,44086.0
82484,187.00,1667.00,5,2,10,10,2,8,6,21,96599.0,80058.0,95808.0,96599.0,99238.0,96599.0,4,2639.0
82485,187.00,1519.00,5,2,10,10,2,8,6,21,55601.0,53552.0,78682.0,55601.0,52434.0,55601.0,2,23081.0
82486,154.00,1394.00,5,2,10,10,2,8,6,21,35344.0,86497.0,70937.0,35344.0,35344.0,35344.0,1,51153.0
82487,154.00,1384.00,5,2,10,10,2,8,6,21,80533.0,54851.0,68027.0,80533.0,80533.0,80533.0,0,0.0
82488,154.00,1384.00,5,2,10,10,2,8,6,21,62240.0,78080.0,68621.0,62240.0,62240.0,62240.0,1,15840.0
82489,154.00,1394.00,4,2,11,10,2,8,6,21,55031.0,107088.0,35058.0,55031.0,55031.0,55031.0,1,52057.0
82490,206.00,1603.00,5,2,10,10,2,8,6,21,76256.0,45281.0,73409.0,76256.0,75755.0,76256.0,0,0.0
82491,154.00,1384.00,5,2,10,10,2,8,6,21,48610.0,81483.0,53580.0,48610.0,48610.0,48610.0,1,32873.0
82492,154.00,1542.00,5,2,10,10,2,8,6,21,69967.0,90995.0,69731.0,69967.0,69967.0,69967.0,1,21028.0
82493,154.00,1384.00,5,2,10,10,2,8,6,21,48401.0,114243.0,58241.0,48401.0,48401.0,48401.0,1,65842.0
82494,154.00,1478.00,5,2,10,10,2,8,6,21,60205.0,113062.0,99210.0,60228.0,60205.0,60205.0,1,52857.0
82495,154.00,1384.00,5,2,10,10,2,8,6,21,25461.0,27050.0,33795.0,25461.0,25461.0,25461.0,2,8334.0
82496,154.00,1462.00,5,2,10,10,2,8,6,21,56750.0,61965.0,66659.0,56750.0,57005.0,56750.0,2,9909.0
82497,154.00,1384.00,5,2,10,10,2,8,6,21,80316.0,78146.0,69726.0,80316.0,80316.0,80316.0,0,0.0
82498,154.00,1384.00,5,2,10,10,2,8,6,21,62293.0,59163.0,71321.0,62293.0,62293.0,62293.0,2,9028.0
82499,187.00,1509.00,5,2,10,10,2,8,6,21,122746.0,122906.0,118410.0,122746.0,121848.0,122746.0,1,160.0
82500,154.00,1394.00,5,2,10,10,2,8,6,21,65950.0,100910.0,39648.0,65950.0,65950.0,65950.0,1,34960.0
82501,154.00,1391.00,5,2,10,10,2,8,6,21,56039.0,33263.0,67932.0,56039.0,56039.0,56039.0,2,11893.0
82502,187.00,1509.00,5,2,10,10,2,8,6,21,91131.0,51033.0,86110.0,91131.0,91086.0,91131.0,0,0.0
82503,154.00,1384.00,5,2,10,10,2,8,6,21,59690.0,44376.0,74335.0,59690.0,59690.0,59690.0,2,14645.0
82504,216.00,1655.00,5,2,10,10,2,8,6,21,104647.0,91373.0,89955.0,104647.0,104148.0,104647.0,0,0.0
82505,216.00,1655.00,5,2,10,10,2,8,6,21,94237.0,100566.0,97686.0,94237.0,93738.0,94237.0,1,6329.0
82506,187.00,1516.00,5,2,10,10,2,8,6,21,85723.0,100925.0,69588.0,85723.0,53149.0,85723.0,1,15202.0
82507,187.00,1512.00,5,2,10,10,2,8,6,21,66571.0,77583.0,66004.0,66571.0,60554.0,66571.0,1,11012.0
82508,206.00,1681.00,5,2,10,10,2,8,6,21,118340.0,106568.0,144878.0,118340.0,117842.0,118340.0,2,26538.0
82509,154.00,1279.00,5,1,11,10,2,8,6,21,36760.0,57499.0,58563.0,36760.0,36760.0,36760.0,2,21803.0
82510,206.00,1613.00,5,2,10,10,2,8,6,21,109864.0,79020.0,76966.0,109895.0,109366.0,109864.0,0,0.0
82511,187.00,1509.00,5,2,10,10,2,8,6,21,55283.0,54779.0,54704.0,55283.0,62428.0,55283.0,4,7145.0
82512,187.00,1412.00,4,2,11,10,2,8,6,21,73113.0,122654.0,49116.0,73113.0,103502.0,73113.0,1,49541.0
82513,187.00,1667.00,5,2,10,10,2,8,6,21,77679.0,80531.0,76262.0,77679.0,98315.0,77679.0,4,20636.0
82514,206.00,1693.00,5,2,10,10,2,8,6,21,102247.0,103960.0,101462.0,102247.0,101746.0,102247.0,1,1713.0
82515,206.00,1622.00,5,2,10,10,2,8,6,21,78391.0,75167.0,113209.0,78391.0,77891.0,78391.0,2,34818.0
82516,216.00,1655.00,5,2,10,10,2,8,6,21,88262.0,109493.0,90132.0,88262.0,87767.0,88262.0,1,21231.0
82517,206.00,1607.00,5,2,10,10,2,8,6,21,69008.0,91499.0,89151.0,69040.0,68510.0,69008.0,1,22491.0
82518,154.00,1462.00,5,2,10,10,2,8,6,21,70988.0,155335.0,88135.0,70988.0,71228.0,70988.0,1,84347.0
82519,154.00,1462.00,5,2,10,10,2,8,6,21,86935.0,80346.0,95722.0,86935.0,87180.0,86935.0,2,8787.0
82520,154.00,1384.00,5,2,10,10,2,8,6,21,66857.0,81573.0,82830.0,66857.0,66857.0,66857.0,2,15973.0
82521,154.00,1394.00,5,2,10,10,2,8,6,21,44646.0,40662.0,42377.0,44646.0,44646.0,44646.0,0,0.0
82522,154.00,1384.00,5,2,10,10,2,8,6,21,76935.0,96492.0,85055.0,76935.0,76935.0,76935.0,1,19557.0
82523,154.00,1384.00,5,2,10,10,2,8,6,21,57094.0,68905.0,55806.0,57094.0,57094.0,57094.0,1,11811.0
82524,206.00,1603.00,5,2,10,10,2,8,6,21,98648.0,147213.0,96886.0,98648.0,98147.0,98648.0,1,48565.0
82525,154.00,1391.00,5,2,10,10,2,8,6,21,52226.0,89241.0,57957.0,52226.0,52226.0,52226.0,1,37015.0
82526,154.00,1542.00,5,2,10,10,2,8,6,21,97112.0,112508.0,72343.0,97112.0,97112.0,97112.0,1,15396.0
82527,187.00,1528.00,5,2,10,10,2,8,6,21,62582.0,94221.0,63962.0,62582.0,39209.0,62582.0,1,31639.0
82528,154.00,1384.00,5,2,10,10,2,8,6,21,31506.0,41887.0,32652.0,31506.0,31506.0,31506.0,1,10381.0
82529,187.00,1509.00,5,2,10,10,2,8,6,21,92730.0,107993.0,85247.0,92730.0,67784.0,92730.0,1,15263.0
82530,187.00,1516.00,5,2,10,10,2,8,6,21,60206.0,52689.0,57789.0,60206.0,50349.0,60206.0,0,0.0
82531,154.00,1384.00,5,2,10,10,2,8,6,21,27608.0,59774.0,21770.0,27608.0,27608.0,27608.0,1,32166.0
82532,154.00,1462.00,5,2,10,10,2,8,6,21,80040.0,49340.0,99582.0,80040.0,80257.0,80040.0,2,19542.0
82533,187.00,1528.00,5,2,10,10,2,8,6,21,96748.0,103918.0,68583.0,96748.0,82305.0,96748.0,1,7170.0
82534,216.00,1665.00,5,2,10,10,2,8,6,21,118529.0,146184.0,111262.0,118529.0,118031.0,118529.0,1,27655.0
82535,154.00,1384.00,5,2,10,10,2,8,6,21,66328.0,84750.0,80087.0,66328.0,66328.0,66328.0,1,18422.0
82536,206.00,1610.00,5,2,10,10,2,8,6,21,64192.0,95595.0,62300.0,64192.0,63691.0,64192.0,1,31403.0
82537,206.00,1603.00,5,2,10,10,2,8,6,21,79248.0,103760.0,87353.0,79248.0,78747.0,79248.0,1,24512.0
82538,154.00,1474.00,5,2,10,10,2,8,6,21,56035.0,64779.0,64265.0,56035.0,56035.0,56035.0,1,8744.0
82539,206.00,1681.00,5,2,10,10,2,8,6,21,76810.0,41086.0,102082.0,76810.0,76309.0,76810.0,2,25272.0
82540,206.00,1603.00,5,2,10,10,2,8,6,21,99895.0,116366.0,100602.0,99895.0,99394.0,99895.0,1,16471.0
82541,206.00,1603.00,5,2,10,10,2,8,6,21,85061.0,33275.0,87078.0,85061.0,84560.0,85061.0,2,2017.0
82542,216.00,1662.00,5,2,10,10,2,8,6,21,87474.0,89933.0,88043.0,87474.0,86973.0,87474.0,1,2459.0
82543,206.00,1613.00,5,2,10,10,2,8,6,21,94115.0,60831.0,92767.0,94115.0,93614.0,94115.0,0,0.0
82544,154.00,1403.00,5,2,10,10,2,8,6,21,56170.0,55669.0,45793.0,56170.0,56163.0,56170.0,0,0.0
82545,216.00,1674.00,5,2,10,10,2,8,6,21,120544.0,70570.0,99354.0,120544.0,120043.0,120544.0,0,0.0
82546,154.00,1384.00,5,2,10,10,2,8,6,21,52513.0,50258.0,39961.0,52513.0,52513.0,52513.0,0,0.0
82547,154.00,1394.00,5,2,10,10,2,8,6,21,43347.0,78303.0,30566.0,43347.0,43347.0,43347.0,1,34956.0
82548,154.00,1384.00,5,2,10,10,2,8,6,21,62085.0,54454.0,67814.0,62085.0,62085.0,62085.0,2,5729.0
82549,154.00,1384.00,5,2,10,10,2,8,6,21,36654.0,64108.0,37710.0,36654.0,36654.0,36654.0,1,27454.0
82550,206.00,1610.00,5,2,10,10,2,8,6,21,38019.0,68861.0,40512.0,38019.0,37517.0,38019.0,1,30842.0
82551,154.00,1462.00,5,2,10,10,2,8,6,21,77425.0,77180.0,76500.0,77425.0,77678.0,77425.0,4,253.0
82552,187.00,1671.00,5,2,10,10,2,8,6,21,112658.0,111858.0,88801.0,112623.0,83887.0,112658.0,0,0.0
82553,154.00,1384.00,5,2,10,10,2,8,6,21,28967.0,46664.0,32221.0,28967.0,28967.0,28967.0,1,17697.0
82554,154.00,1384.00,5,2,10,10,2,8,6,21,79449.0,46395.0,91810.0,79449.0,79449.0,79449.0,2,12361.0
82555,216.00,1653.00,5,2,10,10,2,8,6,21,132634.0,84534.0,115165.0,132634.0,132166.0,132634.0,0,0.0
82556,154.00,1384.00,5,2,10,10,2,8,6,21,74827.0,115068.0,72204.0,74827.0,74827.0,74827.0,1,40241.0
82557,206.00,1613.00,5,2,10,10,2,8,6,21,110162.0,85270.0,83006.0,110162.0,109661.0,110162.0,0,0.0
82558,206.00,1681.00,5,2,10,10,2,8,6,21,84074.0,51115.0,84662.0,84074.0,83571.0,84074.0,2,588.0
82559,187.00,1516.00,5,2,10,10,2,8,6,21,100839.0,94784.0,101785.0,100839.0,107247.0,100839.0,4,6408.0
82560,206.00,1610.00,5,2,10,10,2,8,6,21,61648.0,68941.0,68148.0,61648.0,61150.0,61648.0,1,7293.0
82561,187.00,1513.00,5,2,10,10,2,8,6,21,73505.0,51231.0,73881.0,73505.0,108437.0,73505.0,4,34932.0
82562,206.00,1681.00,5,2,10,10,2,8,6,21,101795.0,100405.0,101718.0,101795.0,101296.0,101795.0,0,0.0
82563,154.00,1542.00,5,2,10,10,2,8,6,21,78330.0,58127.0,79275.0,78330.0,78330.0,78330.0,2,945.0
82564,187.00,1528.00,5,2,10,10,2,8,6,21,74940.0,61705.0,67279.0,74940.0,61779.0,74940.0,0,0.0
82565,154.00,1542.00,5,2,10,10,2,8,6,21,60092.0,107540.0,80085.0,60092.0,60092.0,60092.0,1,47448.0
82566,154.00,1384.00,5,2,10,10,2,8,6,21,89908.0,87362.0,78529.0,89908.0,89908.0,89908.0,0,0.0
82567,154.00,1462.00,5,2,10,10,2,8,6,21,78378.0,63693.0,63939.0,78378.0,78603.0,78378.0,4,225.0
82568,206.00,1603.00,5,2,10,10,2,8,6,21,59998.0,74039.0,59719.0,59998.0,59500.0,59998.0,1,14041.0
82569,154.00,1391.00,5,2,10,10,2,8,6,21,66952.0,49116.0,58735.0,66952.0,66952.0,66952.0,0,0.0
82570,187.00,1509.00,5,2,10,10,2,8,6,21,82377.0,80251.0,79071.0,82377.0,104179.0,82377.0,4,21802.0
82571,154.00,1384.00,5,2,10,10,2,8,6,21,65733.0,46302.0,72136.0,65733.0,65733.0,65733.0,2,6403.0
82572,216.00,1665.00,5,2,10,10,2,8,6,21,116971.0,124100.0,115500.0,116971.0,116470.0,116971.0,1,7129.0
82573,206.00,1607.00,5,2,10,10,2,8,6,21,95858.0,95168.0,95927.0,95858.0,95393.0,95858.0,2,69.0
82574,187.00,1676.00,5,2,10,10,2,8,6,21,77828.0,73641.0,95839.0,77828.0,82560.0,77828.0,2,18011.0
82575,154.00,1403.00,5,2,10,10,2,8,6,21,42503.0,52555.0,47297.0,42503.0,42633.0,42503.0,1,10052.0
82576,154.00,1384.00,5,2,10,10,2,8,6,21,46479.0,80297.0,55172.0,46479.0,46479.0,46479.0,1,33818.0
82577,154.00,1384.00,5,2,10,10,2,8,6,21,78291.0,57751.0,57456.0,78291.0,78291.0,78291.0,0,0.0
82578,206.00,1681.00,5,2,10,10,2,8,6,21,124003.0,62503.0,106974.0,124003.0,123502.0,124003.0,0,0.0
82579,216.00,1655.00,5,2,10,10,2,8,6,21,111812.0,92154.0,112399.0,111812.0,111313.0,111812.0,2,587.0
82580,154.00,1394.00,5,2,10,10,2,8,6,21,35774.0,36546.0,28367.0,35774.0,35774.0,35774.0,1,772.0
82581,187.00,1509.00,5,2,10,10,2,8,6,21,94600.0,52016.0,100071.0,94600.0,86193.0,94600.0,2,5471.0
82582,154.00,1388.00,5,2,10,10,2,8,6,21,57586.0,42309.0,55362.0,57586.0,57586.0,57586.0,0,0.0
82583,187.00,1519.00,5,2,10,10,2,8,6,21,105737.0,118119.0,84944.0,105737.0,70503.0,105737.0,1,12382.0
82584,154.00,1384.00,5,2,10,10,2,8,6,21,73931.0,62992.0,72537.0,73931.0,73931.0,73931.0,0,0.0
82585,206.00,1613.00,5,2,10,10,2,8,6,21,112247.0,126009.0,87917.0,112247.0,111746.0,112247.0,1,13762.0
82586,216.00,1655.00,5,2,10,10,2,8,6,21,86088.0,82638.0,95409.0,86088.0,85589.0,86088.0,2,9321.0
82587,206.00,1693.00,5,2,10,10,2,8,6,21,129592.0,83058.0,128175.0,129592.0,129096.0,129592.0,0,0.0
82588,187.00,1667.00,5,2,10,10,2,8,6,21,149911.0,58346.0,124138.0,149911.0,104778.0,149911.0,0,0.0
82589,187.00,1519.00,5,2,10,10,2,8,6,21,55414.0,55328.0,41588.0,55414.0,60649.0,55414.0,4,5235.0
82590,154.00,1394.00,5,2,10,10,2,8,6,21,68656.0,73586.0,55160.0,68656.0,68656.0,68656.0,1,4930.0
82591,154.00,1391.00,5,2,10,10,2,8,6,21,60700.0,78746.0,39361.0,60700.0,60700.0,60700.0,1,18046.0
82592,187.00,1516.00,5,2,10,10,2,8,6,21,79006.0,81997.0,78343.0,79006.0,66390.0,79006.0,1,2991.0
82593,206.00,1613.00,5,2,10,10,2,8,6,21,121404.0,101924.0,109832.0,121404.0,120905.0,121404.0,0,0.0
82594,216.00,1662.00,5,2,10,10,2,8,6,21,129295.0,85300.0,121070.0,129295.0,128794.0,129295.0,0,0.0
82595,154.00,1384.00,5,2,10,10,2,8,6,21,78317.0,124224.0,78274.0,78317.0,78317.0,78317.0,1,45907.0
82596,187.00,1519.00,5,2,10,10,2,8,6,21,96046.0,106749.0,81005.0,96046.0,98906.0,96046.0,1,10703.0
82597,206.00,1603.00,5,2,10,10,2,8,6,21,122944.0,68533.0,115035.0,122944.0,122443.0,122944.0,0,0.0
82598,206.00,1603.00,5,2,10,10,2,8,6,21,94943.0,80201.0,81868.0,94943.0,94442.0,94943.0,0,0.0
82599,216.00,1674.00,5,2,10,10,2,8,6,21,99187.0,41511.0,108208.0,99157.0,98663.0,99187.0,2,9021.0
82600,206.00,1492.00,5,1,11,10,2,8,6,21,54195.0,83180.0,62446.0,54195.0,53686.0,54195.0,1,28985.0
82601,187.00,1509.00,5,2,10,10,2,8,6,21,115990.0,40233.0,112945.0,115990.0,95116.0,115990.0,0,0.0
82602,187.00,1523.00,5,2,10,10,2,8,6,21,40262.0,95321.0,46409.0,40262.0,38573.0,40262.0,1,55059.0
82603,154.00,1384.00,5,2,10,10,2,8,6,21,71882.0,41047.0,68080.0,71882.0,71882.0,71882.0,0,0.0
82604,154.00,1394.00,5,2,10,10,2,8,6,21,93416.0,118494.0,33527.0,93416.0,93416.0,93416.0,1,25078.0
82605,154.00,1474.00,5,2,10,10,2,8,6,21,67302.0,80096.0,61660.0,67302.0,67302.0,67302.0,1,12794.0
82606,154.00,1542.00,5,2,10,10,2,8,6,21,65702.0,155700.0,70722.0,65702.0,65702.0,65702.0,1,89998.0
82607,216.00,1662.00,5,2,10,10,2,8,6,21,112853.0,47593.0,124723.0,112853.0,112352.0,112853.0,2,11870.0
82608,154.00,1391.00,5,2,10,10,2,8,6,21,41155.0,24697.0,29555.0,41155.0,41155.0,41155.0,0,0.0
82609,154.00,1560.00,4,2,11,10,2,8,6,21,56037.0,53509.0,54093.0,56037.0,56037.0,56037.0,0,0.0
82610,154.00,1394.00,5,2,10,10,2,8,6,21,48121.0,116786.0,25288.0,48121.0,48121.0,48121.0,1,68665.0
82611,154.00,1474.00,5,2,10,10,2,8,6,21,53894.0,55372.0,64186.0,53894.0,53894.0,53894.0,2,10292.0
82612,154.00,1542.00,5,2,10,10,2,8,6,21,77572.0,87090.0,62217.0,77572.0,77572.0,77572.0,1,9518.0
82613,154.00,1394.00,5,2,10,10,2,8,6,21,48578.0,56389.0,70715.0,48578.0,48578.0,48578.0,2,22137.0
82614,206.00,1603.00,5,2,10,10,2,8,6,21,31446.0,78219.0,52261.0,31446.0,30945.0,31446.0,1,46773.0
82615,187.00,1509.00,5,2,10,10,2,8,6,21,59567.0,55377.0,66987.0,59567.0,82759.0,59567.0,4,23192.0
82616,187.00,1667.00,5,2,10,10,2,8,6,21,82869.0,85271.0,68111.0,82869.0,81385.0,82869.0,1,2402.0
82617,216.00,1662.00,4,2,11,10,2,8,6,21,112680.0,116406.0,104733.0,112673.0,112140.0,112680.0,1,3726.0
82618,154.00,1394.00,5,2,10,10,2,8,6,21,48288.0,50717.0,60200.0,48288.0,48288.0,48288.0,2,11912.0
82619,154.00,1403.00,5,2,10,10,2,8,6,21,23545.0,73890.0,50955.0,23545.0,23668.0,23545.0,1,50345.0
82620,187.00,1509.00,5,2,10,10,2,8,6,21,96242.0,67780.0,104279.0,96242.0,121780.0,96242.0,4,25538.0
82621,187.00,1516.00,5,2,10,10,2,8,6,21,122668.0,84887.0,122721.0,122668.0,110546.0,122668.0,2,53.0
82622,187.00,1509.00,4,2,11,10,2,8,6,21,72363.0,104158.0,63901.0,72363.0,89770.0,72363.0,1,31795.0
82623,206.00,1613.00,5,2,10,10,2,8,6,21,107322.0,59664.0,85746.0,107322.0,106824.0,107322.0,0,0.0
82624,187.00,1676.00,5,2,10,10,2,8,6,21,81244.0,104900.0,79455.0,81244.0,86148.0,81244.0,1,23656.0
82625,216.00,1655.00,5,2,10,10,2,8,6,21,105201.0,51175.0,116470.0,105201.0,104703.0,105201.0,2,11269.0
82626,154.00,1462.00,5,2,10,10,2,8,6,21,65002.0,89413.0,75674.0,65002.0,64994.0,65002.0,1,24411.0
82627,187.00,1509.00,5,2,10,10,2,8,6,21,53178.0,22999.0,82431.0,53178.0,49266.0,53178.0,2,29253.0
82628,187.00,1509.00,5,2,10,10,2,8,6,21,88651.0,72942.0,85312.0,88651.0,93387.0,88651.0,4,4736.0
82629,187.00,1509.00,5,2,10,10,2,8,6,21,85479.0,89947.0,83672.0,85479.0,94694.0,85479.0,4,9215.0
82630,154.00,1384.00,5,2,10,10,2,8,6,21,90077.0,96926.0,86839.0,90077.0,90077.0,90077.0,1,6849.0
82631,187.00,1516.00,5,2,10,10,2,8,6,21,56013.0,110339.0,77711.0,56013.0,63929.0,56013.0,1,54326.0
82632,206.00,1499.00,4,2,11,10,2,8,6,21,90459.0,93023.0,120921.0,90459.0,90025.0,90459.0,2,30462.0
82633,154.00,1403.00,5,2,10,10,2,8,6,21,49382.0,44612.0,40845.0,49382.0,45105.0,49382.0,0,0.0
82634,216.00,1662.00,5,2,10,10,2,8,6,21,109146.0,108055.0,106932.0,109146.0,108647.0,109146.0,0,0.0
82635,187.00,1509.00,5,2,10,10,2,8,6,21,71267.0,46479.0,73680.0,71267.0,82504.0,71267.0,4,11237.0
82636,154.00,1462.00,5,2,10,10,2,8,6,21,75420.0,93430.0,76331.0,75420.0,75671.0,75420.0,1,18010.0
82637,206.00,1603.00,5,2,10,10,2,8,6,21,60917.0,27099.0,62173.0,60917.0,60416.0,60917.0,2,1256.0
82638,154.00,1462.00,5,2,10,10,2,8,6,21,69327.0,122563.0,89145.0,69327.0,69561.0,69327.0,1,53236.0
82639,154.00,1560.00,5,2,10,10,2,8,6,21,71841.0,133896.0,60718.0,71841.0,71841.0,71841.0,1,62055.0
82640,187.00,1509.00,5,2,10,10,2,8,6,21,84761.0,59212.0,122595.0,84761.0,78758.0,84761.0,2,37834.0
82641,154.00,1394.00,5,2,10,10,2,8,6,21,31419.0,30931.0,58337.0,31419.0,31419.0,31419.0,2,26918.0
82642,154.00,1391.00,5,2,10,10,2,8,6,21,85419.0,134694.0,74495.0,85419.0,85419.0,85419.0,1,49275.0
82643,154.00,1394.00,5,2,10,10,2,8,6,21,69379.0,103558.0,72192.0,69379.0,69379.0,69379.0,1,34179.0
82644,216.00,1655.00,5,2,10,10,2,8,6,21,73689.0,82337.0,77042.0,73689.0,73188.0,73689.0,1,8648.0
82645,187.00,1516.00,5,2,10,10,2,8,6,21,117051.0,82894.0,88158.0,117051.0,107550.0,117051.0,0,0.0
82646,216.00,1659.00,5,2,10,10,2,8,6,21,107885.0,92923.0,93974.0,107919.0,107389.0,107885.0,0,0.0
82647,187.00,1519.00,5,2,10,10,2,8,6,21,80675.0,93066.0,41613.0,80675.0,81919.0,80675.0,1,12391.0
82648,154.00,1384.00,5,2,10,10,2,8,6,21,74950.0,97515.0,62612.0,74950.0,74950.0,74950.0,1,22565.0
82649,154.00,1384.00,5,2,10,10,2,8,6,21,62670.0,87951.0,58355.0,62670.0,62670.0,62670.0,1,25281.0
82650,187.00,1509.00,5,2,10,10,2,8,6,21,110272.0,110703.0,102143.0,110272.0,87063.0,110272.0,1,431.0
82651,206.00,1603.00,5,2,10,10,2,8,6,21,60706.0,58995.0,60642.0,60706.0,60177.0,60706.0,0,0.0
82652,154.00,1462.00,5,2,10,10,2,8,6,21,77622.0,71072.0,77496.0,77622.0,77836.0,77622.0,4,214.0
82653,154.00,1394.00,5,2,10,10,2,8,6,21,90195.0,122023.0,70682.0,90195.0,90195.0,90195.0,1,31828.0
82654,206.00,1610.00,5,2,10,10,2,8,6,21,55139.0,34456.0,54283.0,55139.0,54640.0,55139.0,0,0.0
82655,154.00,1280.00,4,2,11,10,2,8,6,21,19260.0,21929.0,19578.0,19260.0,19260.0,19260.0,1,2669.0
82656,154.00,1462.00,5,2,10,10,2,8,6,21,65146.0,70545.0,64113.0,65146.0,65138.0,65146.0,1,5399.0
82657,154.00,1428.00,4,2,11,10,2,8,6,21,103498.0,84697.0,102152.0,103498.0,77321.0,103498.0,0,0.0
82658,187.00,1519.00,5,2,10,10,2,8,6,21,50075.0,55735.0,60956.0,50391.0,28092.0,50075.0,2,10881.0
82659,187.00,1676.00,5,2,10,10,2,8,6,21,81324.0,67179.0,81130.0,81324.0,97994.0,81324.0,4,16670.0
82660,187.00,1509.00,5,2,10,10,2,8,6,21,80356.0,52565.0,79596.0,80356.0,98419.0,80356.0,4,18063.0
82661,187.00,1528.00,5,2,10,10,2,8,6,21,75830.0,61329.0,60843.0,75830.0,117997.0,75830.0,4,42167.0
82662,154.00,1384.00,5,2,10,10,2,8,6,21,65393.0,61957.0,58331.0,65393.0,65393.0,65393.0,0,0.0
82663,216.00,1655.00,5,2,10,10,2,8,6,21,63382.0,47854.0,92898.0,63382.0,62883.0,63382.0,2,29516.0
82664,187.00,1519.00,5,2,10,10,2,8,6,21,36872.0,68013.0,36356.0,36872.0,47964.0,36872.0,1,31141.0
82665,154.00,1384.00,5,2,10,10,2,8,6,21,86503.0,114076.0,92318.0,86503.0,86503.0,86503.0,1,27573.0
82666,206.00,1613.00,5,2,10,10,2,8,6,21,74215.0,98182.0,81020.0,74215.0,73717.0,74215.0,1,23967.0
82667,216.00,1655.00,5,2,10,10,2,8,6,21,101362.0,48763.0,90575.0,101362.0,100861.0,101362.0,0,0.0
82668,187.00,1412.00,4,2,11,10,2,8,6,21,107673.0,81678.0,65289.0,107673.0,98938.0,107673.0,0,0.0
82669,206.00,1693.00,5,2,10,10,2,8,6,21,80432.0,67871.0,78443.0,80432.0,79932.0,80432.0,0,0.0
82670,154.00,1384.00,5,2,10,10,2,8,6,21,89042.0,80588.0,60375.0,89042.0,89042.0,89042.0,0,0.0
82671,206.00,1613.00,5,2,10,10,2,8,6,21,102770.0,102269.0,108657.0,102770.0,102269.0,102770.0,2,5887.0
82672,187.00,1676.00,5,2,10,10,2,8,6,21,98385.0,35928.0,97427.0,98385.0,125203.0,98385.0,4,26818.0
82673,154.00,1462.00,5,2,10,10,2,8,6,21,96608.0,77131.0,95519.0,96608.0,96853.0,96608.0,4,245.0
82674,206.00,1693.00,5,2,10,10,2,8,6,21,109569.0,82933.0,130411.0,109569.0,109072.0,109569.0,2,20842.0
82675,154.00,1384.00,5,2,10,10,2,8,6,21,64413.0,54829.0,68908.0,64413.0,64413.0,64413.0,2,4495.0
82676,154.00,1384.00,5,2,10,10,2,8,6,21,89803.0,37146.0,70285.0,89803.0,89803.0,89803.0,0,0.0
82677,216.00,1551.00,4,2,11,10,2,8,6,21,102342.0,106695.0,80387.0,102340.0,101797.0,102342.0,1,4353.0
82678,154.00,1384.00,5,2,10,10,2,8,6,21,68429.0,73543.0,71327.0,68429.0,68429.0,68429.0,1,5114.0
82679,154.00,1394.00,5,2,10,10,2,8,6,21,55067.0,53752.0,29711.0,55067.0,55067.0,55067.0,0,0.0
82680,154.00,1279.00,5,1,11,10,2,8,6,21,26443.0,22183.0,23097.0,26443.0,26443.0,26443.0,0,0.0
82681,187.00,1509.00,5,2,10,10,2,8,6,21,60658.0,112919.0,71259.0,60658.0,58142.0,60658.0,1,52261.0
82682,154.00,1391.00,5,2,10,10,2,8,6,21,62236.0,71012.0,45660.0,62236.0,62236.0,62236.0,1,8776.0
82683,154.00,1462.00,5,2,10,10,2,8,6,21,101348.0,113607.0,98700.0,101348.0,101569.0,101348.0,1,12259.0
82684,187.00,1509.00,5,2,10,10,2,8,6,21,72333.0,56197.0,65808.0,72333.0,77450.0,72333.0,4,5117.0
82685,216.00,1665.00,5,2,10,10,2,8,6,21,133039.0,133814.0,122078.0,133039.0,132540.0,133039.0,1,775.0
82686,154.00,1384.00,5,2,10,10,2,8,6,21,58582.0,65335.0,51116.0,58582.0,58582.0,58582.0,1,6753.0
82687,154.00,1274.00,4,2,11,10,2,8,6,21,63142.0,67058.0,49712.0,63142.0,63142.0,63142.0,1,3916.0
82688,216.00,1662.00,5,2,10,10,2,8,6,21,110670.0,83724.0,108745.0,110670.0,110171.0,110670.0,0,0.0
82689,206.00,1603.00,5,2,10,10,2,8,6,21,80878.0,64238.0,81599.0,80878.0,80379.0,80878.0,2,721.0
82690,216.00,1662.00,5,2,10,10,2,8,6,21,117784.0,34632.0,80715.0,117784.0,117285.0,117784.0,0,0.0
82691,154.00,1403.00,5,2,10,10,2,8,6,21,33858.0,63090.0,34157.0,33858.0,33971.0,33858.0,1,29232.0
82692,154.00,1462.00,5,2,10,10,2,8,6,21,108325.0,75001.0,100784.0,108325.0,108576.0,108325.0,4,251.0
82693,154.00,1388.00,5,2,10,10,2,8,6,21,74687.0,60661.0,45258.0,74687.0,74687.0,74687.0,0,0.0
82694,187.00,1509.00,5,2,10,10,2,8,6,21,60406.0,65231.0,73962.0,60406.0,73644.0,60406.0,2,13556.0
82695,154.00,1384.00,5,2,10,10,2,8,6,21,73850.0,78784.0,60036.0,73850.0,73850.0,73850.0,1,4934.0
82696,154.00,1384.00,5,2,10,10,2,8,6,21,73429.0,89726.0,81582.0,73429.0,73429.0,73429.0,1,16297.0
82697,154.00,1551.00,5,2,10,10,2,8,6,21,57586.0,47026.0,75337.0,57586.0,57586.0,57586.0,2,17751.0
82698,154.00,1384.00,5,2,10,10,2,8,6,21,27551.0,80118.0,22864.0,27551.0,27551.0,27551.0,1,52567.0
82699,154.00,1474.00,5,2,10,10,2,8,6,21,54939.0,86181.0,56772.0,54939.0,54939.0,54939.0,1,31242.0
82700,154.00,1394.00,5,2,10,10,2,8,6,21,58971.0,125011.0,52458.0,58971.0,58971.0,58971.0,1,66040.0
82701,206.00,1681.00,5,2,10,10,2,8,6,21,110155.0,57853.0,109364.0,110155.0,109654.0,110155.0,0,0.0
82702,216.00,1662.00,5,2,10,10,2,8,6,21,118352.0,101828.0,66447.0,118352.0,117851.0,118352.0,0,0.0
82703,206.00,1603.00,5,2,10,10,2,8,6,21,87542.0,58877.0,122469.0,87542.0,87041.0,87542.0,2,34927.0
82704,206.00,1607.00,5,2,10,10,2,8,6,21,107198.0,97989.0,70481.0,107198.0,106725.0,107198.0,0,0.0
82705,154.00,1403.00,5,2,10,10,2,8,6,21,59767.0,57467.0,25409.0,59767.0,59760.0,59767.0,0,0.0
82706,187.00,1528.00,5,2,10,10,2,8,6,21,45839.0,59549.0,57131.0,45839.0,44305.0,45839.0,1,13710.0
82707,154.00,1464.00,5,2,10,10,2,8,6,21,118194.0,69311.0,100447.0,118194.0,118186.0,118194.0,0,0.0
82708,187.00,1528.00,5,2,10,10,2,8,6,21,54608.0,45763.0,43482.0,54608.0,54377.0,54608.0,0,0.0
82709,216.00,1655.00,5,2,10,10,2,8,6,21,144830.0,54580.0,119526.0,144830.0,144332.0,144830.0,0,0.0
82710,187.00,1516.00,5,2,10,10,2,8,6,21,83028.0,82524.0,104215.0,83028.0,99564.0,83028.0,2,21187.0
82711,216.00,1655.00,5,2,10,10,2,8,6,21,78433.0,64089.0,75616.0,78433.0,77934.0,78433.0,0,0.0
82712,187.00,1667.00,5,2,10,10,2,8,6,21,114295.0,124545.0,143189.0,114295.0,87976.0,114295.0,2,28894.0
82713,187.00,1518.00,5,2,10,10,2,8,6,21,101823.0,109729.0,101920.0,101823.0,95046.0,101823.0,1,7906.0
82714,154.00,1427.00,5,1,11,10,2,8,6,21,71911.0,121100.0,52840.0,71911.0,64897.0,71911.0,1,49189.0
82715,216.00,1551.00,4,2,11,10,2,8,6,21,116742.0,123336.0,121401.0,116739.0,116194.0,116742.0,1,6594.0
82716,154.00,1384.00,5,2,10,10,2,8,6,21,51423.0,65044.0,63255.0,51423.0,51423.0,51423.0,1,13621.0
82717,154.00,1560.00,5,2,10,10,2,8,6,21,79312.0,70518.0,71855.0,79312.0,79312.0,79312.0,0,0.0
82718,187.00,1516.00,5,2,10,10,2,8,6,21,75861.0,78801.0,82561.0,75861.0,84402.0,75861.0,4,8541.0
82719,187.00,1516.00,5,2,10,10,2,8,6,21,59471.0,58348.0,73847.0,59471.0,76991.0,59471.0,4,17520.0
82720,187.00,1528.00,5,2,10,10,2,8,6,21,60572.0,38316.0,64326.0,60572.0,67870.0,60572.0,4,7298.0
82721,154.00,1384.00,5,2,10,10,2,8,6,21,71560.0,74179.0,58737.0,71560.0,71560.0,71560.0,1,2619.0
82722,187.00,1509.00,5,2,10,10,2,8,6,21,68715.0,82168.0,69323.0,68715.0,85905.0,68715.0,4,17190.0
82723,216.00,1659.00,5,2,10,10,2,8,6,21,74365.0,115538.0,73080.0,74327.0,73831.0,74365.0,1,41173.0
82724,154.00,1474.00,5,2,10,10,2,8,6,21,72458.0,92581.0,71850.0,72458.0,72458.0,72458.0,1,20123.0
82725,206.00,1681.00,5,2,10,10,2,8,6,21,108097.0,107593.0,104548.0,108097.0,107598.0,108097.0,0,0.0
82726,154.00,1391.00,5,2,10,10,2,8,6,21,51463.0,99962.0,48766.0,51463.0,51463.0,51463.0,1,48499.0
82727,216.00,1655.00,5,2,10,10,2,8,6,21,129337.0,91603.0,135149.0,129337.0,128839.0,129337.0,2,5812.0
82728,154.00,1403.00,5,2,10,10,2,8,6,21,30499.0,29517.0,38504.0,30499.0,35600.0,30499.0,2,8005.0
82729,154.00,1462.00,5,2,10,10,2,8,6,21,58218.0,97231.0,73532.0,58218.0,58210.0,58218.0,1,39013.0
82730,187.00,1519.00,5,2,10,10,2,8,6,20,56701.0,65089.0,55591.0,56701.0,64946.0,56701.0,1,8388.0
82731,187.00,1519.00,5,2,10,10,2,8,6,21,62058.0,94996.0,88605.0,62058.0,77897.0,62058.0,1,32938.0
82732,187.00,1516.00,5,2,10,10,2,8,6,21,101058.0,111975.0,82474.0,101058.0,91599.0,101058.0,1,10917.0
82733,154.00,1560.00,5,2,10,10,2,8,6,21,60800.0,53634.0,77806.0,60800.0,60800.0,60800.0,2,17006.0
82734,154.00,1391.00,5,2,10,10,2,8,6,21,58094.0,75444.0,39493.0,58094.0,58094.0,58094.0,1,17350.0
82735,216.00,1659.00,5,2,10,10,2,8,6,21,98631.0,132912.0,87661.0,98631.0,98162.0,98631.0,1,34281.0
82736,154.00,1384.00,5,2,10,10,2,8,6,21,73279.0,50341.0,77404.0,73279.0,73279.0,73279.0,2,4125.0
82737,187.00,1676.00,5,2,10,10,2,8,6,21,113703.0,55264.0,114101.0,113703.0,121769.0,113703.0,4,8066.0
82738,154.00,1384.00,5,2,10,10,2,8,6,21,50049.0,84308.0,36859.0,50049.0,50049.0,50049.0,1,34259.0
82739,187.00,1509.00,5,2,10,10,2,8,6,21,79261.0,102339.0,75505.0,79261.0,75214.0,79261.0,1,23078.0
82740,154.00,1394.00,5,2,10,10,2,8,6,21,31209.0,30153.0,39699.0,31209.0,31209.0,31209.0,2,8490.0
82741,187.00,1509.00,5,2,10,10,2,8,6,21,95623.0,72389.0,83721.0,95623.0,77776.0,95623.0,0,0.0
82742,187.00,1509.00,5,2,10,10,2,8,6,21,94197.0,62827.0,102698.0,94197.0,70828.0,94197.0,2,8501.0
82743,154.00,1391.00,5,2,10,10,2,8,6,21,63636.0,96811.0,63094.0,63636.0,63636.0,63636.0,1,33175.0
82744,216.00,1655.00,5,2,10,10,2,8,6,21,108075.0,103116.0,93384.0,108075.0,107577.0,108075.0,0,0.0
82745,154.00,1462.00,5,2,10,10,2,8,6,21,63765.0,63682.0,57910.0,63765.0,64013.0,63765.0,4,248.0
82746,206.00,1610.00,5,2,10,10,2,8,6,21,35380.0,79067.0,46319.0,35380.0,34877.0,35380.0,1,43687.0
82747,187.00,1676.00,5,2,10,10,2,8,6,21,112226.0,51594.0,107775.0,112226.0,130449.0,112226.0,4,18223.0
82748,154.00,1384.00,5,2,10,10,2,8,6,21,56367.0,113676.0,50928.0,56367.0,56367.0,56367.0,1,57309.0
82749,206.00,1681.00,5,2,10,10,2,8,6,21,84529.0,66612.0,75982.0,84529.0,84028.0,84529.0,0,0.0
82750,187.00,1509.00,5,2,10,10,2,8,6,21,60823.0,58069.0,108274.0,60823.0,117565.0,60823.0,4,56742.0
82751,154.00,1384.00,5,2,10,10,2,8,6,21,32693.0,127638.0,35282.0,32693.0,32693.0,32693.0,1,94945.0
82752,206.00,1610.00,5,2,10,10,2,8,6,21,121659.0,122127.0,89893.0,121659.0,121158.0,121659.0,1,468.0
82753,206.00,1603.00,5,2,10,10,2,8,6,21,110224.0,83002.0,100407.0,110224.0,109726.0,110224.0,0,0.0
82754,187.00,1528.00,5,2,10,10,2,8,6,21,105094.0,53732.0,102580.0,105094.0,79069.0,105094.0,0,0.0
82755,154.00,1384.00,5,2,10,10,2,8,6,21,79134.0,85058.0,80587.0,79134.0,79134.0,79134.0,1,5924.0
82756,206.00,1610.00,5,2,10,10,2,8,6,21,37117.0,68357.0,39751.0,37117.0,36618.0,37117.0,1,31240.0
82757,206.00,1603.00,5,2,10,10,2,8,6,21,52983.0,69917.0,57105.0,52983.0,52482.0,52983.0,1,16934.0
82758,206.00,1622.00,5,2,10,10,2,8,6,21,70006.0,98386.0,79427.0,70006.0,69509.0,70006.0,1,28380.0
82759,206.00,1613.00,5,2,10,10,2,8,6,21,85353.0,122046.0,95801.0,85353.0,84855.0,85353.0,1,36693.0
82760,206.00,1603.00,5,2,10,10,2,8,6,21,124965.0,102979.0,116431.0,124965.0,124467.0,124965.0,0,0.0
82761,154.00,1551.00,5,2,10,10,2,8,6,21,55399.0,55884.0,58026.0,55399.0,55399.0,55399.0,2,2627.0
82762,206.00,1603.00,5,2,10,10,2,8,6,20,87102.0,61813.0,85107.0,87102.0,86604.0,87102.0,0,0.0
82763,154.00,1542.00,5,2,10,10,2,8,6,21,68854.0,86843.0,76134.0,68854.0,68854.0,68854.0,1,17989.0
82764,154.00,1462.00,5,2,10,10,2,8,6,21,80872.0,68890.0,80332.0,80872.0,81097.0,80872.0,4,225.0
82765,216.00,1662.00,5,2,10,10,2,8,6,21,113118.0,61337.0,106816.0,113118.0,112619.0,113118.0,0,0.0
82766,154.00,1384.00,5,2,10,10,2,8,6,21,89697.0,65897.0,88361.0,89697.0,89697.0,89697.0,0,0.0
82767,216.00,1665.00,5,2,10,10,2,8,6,21,57099.0,56499.0,87172.0,57099.0,56600.0,57099.0,2,30073.0
82768,206.00,1610.00,5,2,10,10,2,8,6,21,87644.0,62237.0,93340.0,87644.0,87143.0,87644.0,2,5696.0
82769,154.00,1384.00,5,2,10,10,2,8,6,21,79820.0,130020.0,61026.0,79820.0,79820.0,79820.0,1,50200.0
82770,187.00,1509.00,5,2,10,10,2,8,6,21,58766.0,58261.0,55028.0,58766.0,71406.0,58766.0,4,12640.0
82771,187.00,1523.00,5,2,10,10,2,8,6,21,54021.0,91296.0,73623.0,54021.0,48461.0,54021.0,1,37275.0
82772,154.00,1394.00,5,2,10,10,2,8,6,21,25112.0,36700.0,55859.0,25112.0,25112.0,25112.0,2,30747.0
82773,154.00,1384.00,5,2,10,10,2,8,6,21,27944.0,94221.0,30746.0,27944.0,27944.0,27944.0,1,66277.0
82774,216.00,1665.00,5,2,10,10,2,8,6,21,135173.0,76495.0,107540.0,135173.0,134675.0,135173.0,0,0.0
82775,154.00,1391.00,5,2,10,10,2,8,6,21,19946.0,68431.0,49732.0,19946.0,19946.0,19946.0,1,48485.0
82776,206.00,1613.00,5,2,10,10,2,8,6,21,63266.0,58784.0,98755.0,63266.0,62765.0,63266.0,2,35489.0
82777,187.00,1676.00,5,2,10,10,2,8,6,21,77356.0,58972.0,109440.0,77356.0,85790.0,77356.0,2,32084.0
82778,154.00,1274.00,4,2,11,10,2,8,6,21,20558.0,72185.0,36629.0,20558.0,20558.0,20558.0,1,51627.0
82779,154.00,1403.00,5,2,10,10,2,8,6,21,38289.0,127271.0,28141.0,38289.0,33631.0,38289.0,1,88982.0
82780,187.00,1516.00,5,2,10,10,2,8,6,21,36502.0,61070.0,36371.0,36502.0,49453.0,36502.0,1,24568.0
82781,206.00,1613.00,5,2,10,10,2,8,6,21,84906.0,63727.0,76829.0,84906.0,84405.0,84906.0,0,0.0
82782,206.00,1610.00,5,2,10,10,2,8,6,21,90665.0,73552.0,95188.0,90665.0,90166.0,90665.0,2,4523.0
82783,216.00,1655.00,5,2,10,10,2,8,6,21,110799.0,66039.0,105072.0,110799.0,110300.0,110799.0,0,0.0
82784,154.00,1384.00,5,2,10,10,2,8,6,21,47989.0,19485.0,51869.0,47989.0,47989.0,47989.0,2,3880.0
82785,187.00,1513.00,5,2,10,10,2,8,6,21,68763.0,121071.0,58373.0,68763.0,61959.0,68763.0,1,52308.0
82786,206.00,1603.00,5,2,10,10,2,8,6,21,46886.0,80635.0,60342.0,46886.0,46387.0,46886.0,1,33749.0
82787,216.00,1665.00,5,2,10,10,2,8,6,21,87877.0,78289.0,114655.0,87877.0,87376.0,87877.0,2,26778.0
82788,154.00,1391.00,5,2,10,10,2,8,6,21,85395.0,73014.0,57572.0,85395.0,85395.0,85395.0,0,0.0
82789,187.00,1667.00,5,2,10,10,2,8,6,21,109590.0,114431.0,105219.0,109590.0,117625.0,109590.0,4,8035.0
82790,206.00,1681.00,5,2,10,10,2,8,6,21,139404.0,98901.0,113089.0,139404.0,138905.0,139404.0,0,0.0
82791,206.00,1613.00,5,2,10,10,2,8,6,21,77757.0,51978.0,60865.0,77757.0,77259.0,77757.0,0,0.0
82792,187.00,1509.00,5,2,10,10,2,8,6,21,97653.0,71654.0,86715.0,97653.0,74850.0,97653.0,0,0.0
82793,187.00,1509.00,5,2,10,10,2,8,6,21,84159.0,99943.0,81283.0,84159.0,81854.0,84159.0,1,15784.0
82794,187.00,1667.00,5,2,10,10,2,8,6,21,131233.0,140113.0,127126.0,131233.0,126256.0,131233.0,1,8880.0
82795,187.00,1528.00,5,2,10,10,2,8,6,21,53463.0,56922.0,55851.0,53463.0,36143.0,53463.0,1,3459.0
82796,154.00,1384.00,5,2,10,10,2,8,6,21,86004.0,119043.0,85309.0,86004.0,86004.0,86004.0,1,33039.0
82797,206.00,1610.00,5,2,10,10,2,8,6,21,91814.0,67097.0,89394.0,91814.0,91313.0,91814.0,0,0.0
82798,187.00,1509.00,5,2,10,10,2,8,6,21,57564.0,77076.0,66193.0,57564.0,57759.0,57564.0,1,19512.0
82799,154.00,1384.00,5,2,10,10,2,8,6,21,58304.0,87331.0,57505.0,58304.0,58304.0,58304.0,1,29027.0
82800,187.00,1516.00,5,2,10,10,2,8,6,21,100433.0,59926.0,102412.0,100433.0,104143.0,100433.0,4,3710.0
82801,206.00,1603.00,5,2,10,10,2,8,6,21,105157.0,96434.0,101160.0,105157.0,104656.0,105157.0,0,0.0
82802,187.00,1509.00,5,2,10,10,2,8,6,21,108312.0,90894.0,106328.0,108312.0,120806.0,108312.0,4,12494.0
82803,154.00,1542.00,5,2,10,10,2,8,6,21,101318.0,74380.0,88344.0,101318.0,101318.0,101318.0,0,0.0
82804,154.00,1542.00,5,2,10,10,2,8,6,21,83108.0,47355.0,75497.0,83108.0,83108.0,83108.0,0,0.0
82805,206.00,1603.00,5,2,10,10,2,8,6,21,95745.0,76686.0,72620.0,95745.0,95244.0,95745.0,0,0.0
82806,154.00,1384.00,5,2,10,10,2,8,6,21,38128.0,54224.0,42691.0,38128.0,38128.0,38128.0,1,16096.0
82807,154.00,1560.00,5,2,10,10,2,8,6,21,68624.0,107171.0,78494.0,68624.0,68624.0,68624.0,1,38547.0
82808,206.00,1613.00,5,2,10,10,2,8,6,21,128552.0,59264.0,112303.0,128552.0,128051.0,128552.0,0,0.0
82809,154.00,1560.00,5,2,10,10,2,8,6,21,72063.0,72134.0,59905.0,72063.0,72063.0,72063.0,1,71.0
82810,154.00,1394.00,5,2,10,10,2,8,6,21,56935.0,61680.0,56290.0,56935.0,56935.0,56935.0,1,4745.0
82811,206.00,1603.00,5,2,10,10,2,8,6,21,122338.0,71559.0,133957.0,122338.0,121840.0,122338.0,2,11619.0
82812,154.00,1384.00,5,2,10,10,2,8,6,21,48800.0,47423.0,53080.0,48800.0,48800.0,48800.0,2,4280.0
82813,154.00,1394.00,5,2,10,10,2,8,6,21,19405.0,97139.0,50320.0,19405.0,19405.0,19405.0,1,77734.0
82814,154.00,1274.00,4,2,11,10,2,8,6,21,75054.0,68394.0,92516.0,75054.0,75054.0,75054.0,2,17462.0
82815,206.00,1506.00,4,2,11,10,2,8,6,21,82543.0,81530.0,63090.0,82536.0,82103.0,82543.0,0,0.0
82816,206.00,1576.00,5,1,11,10,2,8,6,21,97001.0,82263.0,82027.0,97001.0,96460.0,97001.0,0,0.0
82817,206.00,1681.00,5,2,10,10,2,8,6,21,115561.0,117939.0,115654.0,115561.0,115062.0,115561.0,1,2378.0
82818,206.00,1613.00,5,2,10,10,2,8,6,21,140847.0,96896.0,112228.0,140847.0,140346.0,140847.0,0,0.0
82819,206.00,1603.00,5,2,10,10,2,8,6,21,67604.0,67114.0,85310.0,67604.0,67103.0,67604.0,2,17706.0
82820,154.00,1391.00,5,2,10,10,2,8,6,21,30598.0,122620.0,30208.0,30598.0,30598.0,30598.0,1,92022.0
82821,154.00,1388.00,5,2,10,10,2,8,6,21,82320.0,106601.0,75580.0,82320.0,82320.0,82320.0,1,24281.0
82822,187.00,1516.00,5,2,10,10,2,8,6,21,57069.0,114207.0,54164.0,57069.0,66701.0,57069.0,1,57138.0
82823,187.00,1404.00,5,1,11,10,2,8,6,21,47447.0,25719.0,47000.0,47447.0,38906.0,47447.0,0,0.0
82824,187.00,1509.00,5,2,10,10,2,8,6,21,90581.0,134354.0,82627.0,90581.0,76846.0,90581.0,1,43773.0
82825,187.00,1667.00,5,2,10,10,2,8,6,21,94013.0,93512.0,130789.0,94013.0,70124.0,94013.0,2,36776.0
82826,206.00,1681.00,5,2,10,10,2,8,6,21,80495.0,87285.0,79337.0,80495.0,79996.0,80495.0,1,6790.0
82827,154.00,1462.00,5,2,10,10,2,8,6,21,82251.0,121900.0,81658.0,82251.0,82244.0,82251.0,1,39649.0
82828,187.00,1509.00,5,2,10,10,2,8,6,21,39458.0,50404.0,36338.0,39458.0,54240.0,39458.0,4,14782.0
82829,187.00,1509.00,5,2,10,10,2,8,6,21,77564.0,105676.0,101709.0,77564.0,96589.0,77564.0,1,28112.0
82830,154.00,1462.00,5,2,10,10,2,8,6,21,56448.0,55917.0,55851.0,56448.0,56440.0,56448.0,0,0.0
82831,154.00,1394.00,5,2,10,10,2,8,6,21,53352.0,47719.0,43089.0,53352.0,53352.0,53352.0,0,0.0
82832,206.00,1610.00,5,2,10,10,2,8,6,21,84840.0,91583.0,91281.0,84840.0,84342.0,84840.0,1,6743.0
82833,187.00,1516.00,5,2,10,10,2,8,6,21,121923.0,79349.0,83088.0,121923.0,114590.0,121923.0,0,0.0
82834,206.00,1603.00,5,2,10,10,2,8,6,21,101759.0,95623.0,83576.0,101759.0,101322.0,101759.0,0,0.0
82835,154.00,1462.00,5,2,10,10,2,8,6,21,86084.0,85812.0,86097.0,86084.0,86311.0,86084.0,4,227.0
82836,154.00,1384.00,5,2,10,10,2,8,6,21,50014.0,80884.0,51328.0,50014.0,50014.0,50014.0,1,30870.0
82837,154.00,1394.00,5,2,10,10,2,8,6,21,70086.0,64840.0,43506.0,70086.0,70086.0,70086.0,0,0.0
82838,154.00,1542.00,5,2,10,10,2,8,6,21,88613.0,71002.0,66486.0,88613.0,88613.0,88613.0,0,0.0
82839,154.00,1462.00,5,2,10,10,2,8,6,21,76375.0,57990.0,65387.0,76375.0,76595.0,76375.0,4,220.0
82840,216.00,1655.00,5,2,10,10,2,8,6,21,130588.0,122733.0,108695.0,130588.0,130087.0,130588.0,0,0.0
82841,206.00,1603.00,5,2,10,10,2,8,6,21,43801.0,59316.0,44941.0,43801.0,43306.0,43801.0,1,15515.0
82842,154.00,1474.00,5,2,10,10,2,8,6,21,67271.0,77399.0,64507.0,67271.0,67271.0,67271.0,1,10128.0
82843,154.00,1384.00,5,2,10,10,2,8,6,21,44197.0,77794.0,40300.0,44197.0,44197.0,44197.0,1,33597.0
82844,154.00,1384.00,5,2,10,10,2,8,6,21,35863.0,94074.0,21324.0,35863.0,35863.0,35863.0,1,58211.0
82845,187.00,1519.00,5,2,10,10,2,8,6,21,33212.0,74726.0,46762.0,33212.0,30703.0,33212.0,1,41514.0
82846,206.00,1603.00,5,2,10,10,2,8,6,21,122847.0,98824.0,97935.0,122847.0,122346.0,122847.0,0,0.0
82847,187.00,1509.00,5,2,10,10,2,8,6,21,53573.0,110439.0,46329.0,53573.0,39534.0,53573.0,1,56866.0
82848,187.00,1509.00,5,2,10,10,2,8,6,21,36107.0,75876.0,37765.0,36107.0,33644.0,36107.0,1,39769.0
82849,187.00,1532.00,5,2,10,10,2,8,6,20,87651.0,82786.0,86498.0,87651.0,72103.0,87651.0,0,0.0
82850,187.00,1516.00,5,2,10,10,2,8,6,21,50354.0,54954.0,46563.0,50354.0,50387.0,50354.0,1,4600.0
82851,187.00,1509.00,5,2,10,10,2,8,6,21,80254.0,62945.0,110297.0,80254.0,91371.0,80254.0,2,30043.0
82852,206.00,1603.00,5,2,10,10,2,8,6,21,84753.0,70396.0,89063.0,84753.0,84252.0,84753.0,2,4310.0
82853,154.00,1391.00,4,2,11,10,2,8,6,21,91200.0,87943.0,67611.0,91200.0,91200.0,91200.0,0,0.0
82854,187.00,1667.00,5,2,10,10,2,8,6,21,72535.0,59641.0,94473.0,72535.0,70730.0,72535.0,2,21938.0
82855,206.00,1613.00,5,2,10,10,2,8,6,21,101034.0,149238.0,104380.0,101034.0,100535.0,101034.0,1,48204.0
82856,154.00,1384.00,5,2,10,10,2,8,6,21,89743.0,77177.0,77383.0,89743.0,89743.0,89743.0,0,0.0
82857,154.00,1384.00,5,2,10,10,2,8,6,21,76858.0,25547.0,66600.0,76858.0,76858.0,76858.0,0,0.0
82858,154.00,1391.00,5,2,10,10,2,8,6,21,50608.0,64388.0,69125.0,50608.0,50608.0,50608.0,2,18517.0
82859,206.00,1622.00,5,2,10,10,2,8,6,21,95584.0,39162.0,84474.0,95584.0,95083.0,95584.0,0,0.0
82860,206.00,1603.00,5,2,10,10,2,8,6,21,70651.0,61713.0,79807.0,70651.0,70150.0,70651.0,2,9156.0
82861,154.00,1462.00,5,2,10,10,2,8,6,21,59915.0,74672.0,59334.0,59915.0,59907.0,59915.0,1,14757.0
82862,154.00,1462.00,5,2,10,10,2,8,6,21,77557.0,95908.0,95114.0,77557.0,77782.0,77557.0,1,18351.0
82863,206.00,1613.00,5,2,10,10,2,8,6,21,80176.0,79636.0,78784.0,80176.0,79678.0,80176.0,0,0.0
82864,206.00,1613.00,5,2,10,10,2,8,6,21,91533.0,125726.0,95439.0,91533.0,91032.0,91533.0,1,34193.0
82865,206.00,1613.00,5,2,10,10,2,8,6,21,100451.0,109651.0,85748.0,100451.0,99953.0,100451.0,1,9200.0
82866,154.00,1384.00,5,2,10,10,2,8,6,21,74767.0,71908.0,64630.0,74767.0,74767.0,74767.0,0,0.0
82867,154.00,1384.00,5,2,10,10,2,8,6,21,82050.0,84512.0,72774.0,82050.0,82050.0,82050.0,1,2462.0
82868,216.00,1674.00,5,2,10,10,2,8,6,21,119839.0,84281.0,101874.0,119839.0,119338.0,119839.0,0,0.0
82869,154.00,1551.00,5,2,10,10,2,8,6,21,70877.0,49642.0,66384.0,70877.0,70877.0,70877.0,0,0.0
82870,154.00,1391.00,5,2,10,10,2,8,6,21,61575.0,55229.0,50377.0,61575.0,61575.0,61575.0,0,0.0
82871,154.00,1474.00,5,2,10,10,2,8,6,21,84992.0,62554.0,50638.0,84992.0,84992.0,84992.0,0,0.0
82872,154.00,1384.00,5,2,10,10,2,8,6,21,62502.0,72235.0,67403.0,62502.0,62502.0,62502.0,1,9733.0
82873,206.00,1603.00,5,2,10,10,2,8,6,21,78682.0,79364.0,82161.0,78682.0,78181.0,78682.0,2,3479.0
82874,154.00,1407.00,5,2,10,10,2,8,6,21,60180.0,109476.0,55616.0,60180.0,60170.0,60180.0,1,49296.0
82875,154.00,1542.00,5,2,10,10,2,8,6,21,103367.0,57505.0,105476.0,103367.0,103367.0,103367.0,2,2109.0
82876,154.00,1384.00,5,2,10,10,2,8,6,21,43991.0,88596.0,65473.0,43991.0,43991.0,43991.0,1,44605.0
82877,154.00,1280.00,4,2,11,10,2,8,6,21,74989.0,57999.0,45927.0,74989.0,74989.0,74989.0,0,0.0
82878,154.00,1384.00,5,2,10,10,2,8,6,21,79718.0,82151.0,82470.0,79718.0,79718.0,79718.0,2,2752.0
82879,154.00,1384.00,5,2,10,10,2,8,6,21,57481.0,58308.0,35863.0,57481.0,57481.0,57481.0,1,827.0
82880,216.00,1544.00,5,1,11,10,2,8,6,21,103534.0,131057.0,109791.0,103534.0,102987.0,103534.0,1,27523.0
82881,187.00,1516.00,5,2,10,10,2,8,6,21,88525.0,93523.0,84713.0,88525.0,110775.0,88525.0,4,22250.0
82882,206.00,1603.00,5,2,10,10,2,8,6,21,52899.0,76143.0,63883.0,52899.0,52401.0,52899.0,1,23244.0
82883,206.00,1603.00,5,2,10,10,2,8,6,21,60795.0,60365.0,53628.0,60795.0,60296.0,60795.0,0,0.0
82884,216.00,1665.00,5,2,10,10,2,8,6,21,118814.0,118199.0,111829.0,118814.0,118313.0,118814.0,0,0.0
82885,206.00,1424.00,4,1,12,10,2,8,6,18,112070.0,74792.0,102520.0,112070.0,111412.0,112070.0,0,0.0
82886,154.00,1384.00,5,2,10,10,2,8,6,21,85901.0,78166.0,67991.0,85901.0,85901.0,85901.0,0,0.0
82887,206.00,1681.00,5,2,10,10,2,8,6,21,134806.0,148105.0,142108.0,134806.0,134308.0,134806.0,1,13299.0
82888,154.00,1384.00,5,2,10,10,2,8,6,21,92219.0,69269.0,90182.0,92219.0,92219.0,92219.0,0,0.0
82889,187.00,1509.00,4,2,11,10,2,8,6,21,101067.0,60157.0,90885.0,101067.0,94206.0,101067.0,0,0.0
82890,154.00,1542.00,5,2,10,10,2,8,6,21,78559.0,130865.0,80004.0,78559.0,78559.0,78559.0,1,52306.0
82891,187.00,1509.00,5,2,10,10,2,8,6,21,102942.0,38499.0,76516.0,102942.0,84587.0,102942.0,0,0.0
82892,154.00,1542.00,5,2,10,10,2,8,6,21,97624.0,136613.0,82809.0,97624.0,97624.0,97624.0,1,38989.0
82893,187.00,1516.00,5,2,10,10,2,8,6,21,59159.0,79590.0,88923.0,59159.0,75318.0,59159.0,2,29764.0
82894,187.00,1676.00,5,2,10,10,2,8,6,21,94021.0,62846.0,71121.0,94021.0,106534.0,94021.0,4,12513.0
82895,187.00,1509.00,5,2,10,10,2,8,6,21,84353.0,104370.0,75268.0,84353.0,87102.0,84353.0,1,20017.0
82896,206.00,1610.00,5,2,10,10,2,8,6,21,70807.0,98377.0,67097.0,70807.0,70306.0,70807.0,1,27570.0
82897,187.00,1398.00,5,1,11,10,2,8,6,21,86956.0,64100.0,75918.0,86956.0,86956.0,86956.0,0,0.0
82898,154.00,1551.00,5,2,10,10,2,8,6,21,110020.0,105818.0,96806.0,110020.0,110020.0,110020.0,0,0.0
82899,187.00,1516.00,5,2,10,10,2,8,6,21,99618.0,77685.0,107788.0,99618.0,118794.0,99618.0,4,19176.0
82900,154.00,1384.00,5,2,10,10,2,8,6,21,46051.0,54236.0,54429.0,46051.0,46051.0,46051.0,2,8378.0
82901,187.00,1670.00,5,2,10,10,2,8,6,21,92686.0,26717.0,92445.0,92686.0,81767.0,92686.0,0,0.0
82902,216.00,1665.00,5,2,10,10,2,8,6,21,136404.0,90482.0,122430.0,136404.0,135903.0,136404.0,0,0.0
82903,216.00,1655.00,5,2,10,10,2,8,6,21,114874.0,75157.0,107960.0,114874.0,114373.0,114874.0,0,0.0
82904,187.00,1528.00,5,2,10,10,2,8,6,21,71980.0,77719.0,97668.0,71980.0,73929.0,71980.0,2,25688.0
82905,154.00,1384.00,5,2,10,10,2,8,6,21,67139.0,83983.0,64540.0,67139.0,67139.0,67139.0,1,16844.0
82906,154.00,1542.00,5,2,10,10,2,8,6,21,60915.0,31511.0,103365.0,60915.0,60915.0,60915.0,2,42450.0
82907,154.00,1384.00,5,2,10,10,2,8,6,21,91689.0,123919.0,60501.0,91689.0,91689.0,91689.0,1,32230.0
82908,187.00,1509.00,5,2,10,10,2,8,6,21,66750.0,74213.0,64224.0,66750.0,58577.0,66750.0,1,7463.0
82909,154.00,1462.00,5,2,10,10,2,8,6,21,65333.0,97767.0,64892.0,65333.0,65557.0,65333.0,1,32434.0
82910,187.00,1519.00,5,2,10,10,2,8,6,21,54643.0,80585.0,44629.0,54643.0,48147.0,54643.0,1,25942.0
82911,187.00,1509.00,5,2,10,10,2,8,6,21,69060.0,87708.0,67268.0,69060.0,55856.0,69060.0,1,18648.0
82912,154.00,1384.00,5,2,10,10,2,8,6,21,81059.0,74325.0,76805.0,81059.0,81059.0,81059.0,0,0.0
82913,154.00,1384.00,5,2,10,10,2,8,6,21,52698.0,65842.0,60069.0,52698.0,52698.0,52698.0,1,13144.0
82914,154.00,1384.00,5,2,10,10,2,8,6,21,50926.0,62205.0,45865.0,50926.0,50926.0,50926.0,1,11279.0
82915,206.00,1613.00,5,2,10,10,2,8,6,21,115860.0,92563.0,109840.0,115860.0,115359.0,115860.0,0,0.0
82916,216.00,1674.00,5,2,10,10,2,8,6,21,133567.0,90312.0,120371.0,133567.0,133066.0,133567.0,0,0.0
82917,206.00,1603.00,5,2,10,10,2,8,6,21,82047.0,44452.0,77337.0,82047.0,81546.0,82047.0,0,0.0
82918,187.00,1516.00,5,2,10,10,2,8,6,21,73325.0,59946.0,49503.0,73325.0,66025.0,73325.0,0,0.0
82919,216.00,1655.00,5,2,10,10,2,8,6,21,68032.0,95108.0,70107.0,68032.0,67534.0,68032.0,1,27076.0
82920,187.00,1507.00,5,2,10,10,2,8,6,21,101022.0,70986.0,85079.0,101022.0,101677.0,101022.0,4,655.0
82921,154.00,1542.00,5,2,10,10,2,8,6,21,127002.0,77273.0,90298.0,127002.0,127002.0,127002.0,0,0.0
82922,206.00,1613.00,5,2,10,10,2,8,6,21,133110.0,113319.0,112390.0,133110.0,132566.0,133110.0,0,0.0
82923,216.00,1662.00,5,2,10,10,2,8,6,21,131844.0,109997.0,127894.0,131844.0,131345.0,131844.0,0,0.0
82924,154.00,1384.00,5,2,10,10,2,8,6,21,75284.0,76475.0,68452.0,75284.0,75284.0,75284.0,1,1191.0
82925,154.00,1384.00,5,2,10,10,2,8,6,21,71605.0,68417.0,77192.0,71605.0,71605.0,71605.0,2,5587.0
82926,187.00,1516.00,5,2,10,10,2,8,6,20,72744.0,75133.0,72912.0,72744.0,89198.0,72744.0,4,16454.0
82927,154.00,1384.00,5,2,10,10,2,8,6,21,47677.0,94202.0,49202.0,47677.0,47677.0,47677.0,1,46525.0
82928,154.00,1542.00,5,2,10,10,2,8,6,21,85116.0,81369.0,96202.0,85116.0,85116.0,85116.0,2,11086.0
82929,154.00,1394.00,5,2,10,10,2,8,6,21,59766.0,41999.0,71634.0,59766.0,59766.0,59766.0,2,11868.0
82930,154.00,1394.00,5,2,10,10,2,8,6,21,71338.0,88060.0,74248.0,71338.0,71338.0,71338.0,1,16722.0
82931,154.00,1384.00,5,2,10,10,2,8,6,21,83911.0,143557.0,88541.0,83911.0,83911.0,83911.0,1,59646.0
82932,206.00,1613.00,5,2,10,10,2,8,6,21,71547.0,91817.0,86124.0,71547.0,71049.0,71547.0,1,20270.0
82933,206.00,1613.00,5,2,10,10,2,8,6,21,82721.0,74460.0,86785.0,82721.0,82222.0,82721.0,2,4064.0
82934,206.00,1613.00,5,2,10,10,2,8,6,21,65162.0,71393.0,86371.0,65162.0,64661.0,65162.0,2,21209.0
82935,154.00,1387.00,5,2,10,10,2,8,6,21,81553.0,68231.0,74556.0,81553.0,81553.0,81553.0,0,0.0
82936,206.00,1613.00,5,2,10,10,2,8,6,21,97768.0,84644.0,102447.0,97768.0,97270.0,97768.0,2,4679.0
82937,154.00,1384.00,5,2,10,10,2,8,6,21,35992.0,40829.0,43237.0,35992.0,35992.0,35992.0,2,7245.0
82938,206.00,1622.00,5,2,10,10,2,8,6,21,87578.0,99017.0,83919.0,87578.0,87077.0,87578.0,1,11439.0
82939,154.00,1384.00,5,2,10,10,2,8,6,21,58747.0,68605.0,65956.0,58747.0,58747.0,58747.0,1,9858.0
82940,216.00,1662.00,5,2,10,10,2,8,6,21,92306.0,81825.0,105911.0,92306.0,91805.0,92306.0,2,13605.0
82941,216.00,1655.00,5,2,10,10,2,8,6,21,94985.0,94515.0,73658.0,94985.0,94484.0,94985.0,0,0.0
82942,206.00,1681.00,5,2,10,10,2,8,6,21,109250.0,92752.0,129288.0,109250.0,108749.0,109250.0,2,20038.0
82943,154.00,1462.00,5,2,10,10,2,8,6,21,57506.0,102091.0,108592.0,57506.0,57717.0,57506.0,2,51086.0
82944,206.00,1610.00,5,2,10,10,2,8,6,21,74053.0,117046.0,87839.0,74053.0,73554.0,74053.0,1,42993.0
82945,206.00,1622.00,5,2,10,10,2,8,6,21,84537.0,106373.0,75182.0,84537.0,84040.0,84537.0,1,21836.0
82946,206.00,1493.00,4,2,11,10,2,8,6,21,61253.0,63352.0,47982.0,61246.0,60834.0,61253.0,1,2099.0
82947,154.00,1462.00,5,2,10,10,2,8,6,21,81141.0,80853.0,80599.0,81141.0,81349.0,81141.0,4,208.0
82948,154.00,1384.00,5,2,10,10,2,8,6,20,97617.0,67051.0,72507.0,97617.0,97617.0,97617.0,0,0.0
82949,154.00,1384.00,5,2,10,10,2,8,6,21,36373.0,85685.0,58443.0,36373.0,36373.0,36373.0,1,49312.0
82950,216.00,1655.00,5,2,10,10,2,8,6,21,127924.0,74383.0,117157.0,127924.0,127423.0,127924.0,0,0.0
82951,154.00,1478.00,5,2,10,10,2,8,6,21,56709.0,86403.0,52404.0,56709.0,56709.0,56709.0,1,29694.0
82952,154.00,1391.00,5,2,10,10,2,8,6,21,65795.0,72904.0,79258.0,65795.0,65795.0,65795.0,2,13463.0
82953,187.00,1667.00,5,2,10,10,2,8,6,21,75689.0,88523.0,106362.0,75689.0,60410.0,75689.0,2,30673.0
82954,154.00,1542.00,4,2,11,10,2,8,6,21,67563.0,76836.0,64791.0,67563.0,67563.0,67563.0,1,9273.0
82955,154.00,1560.00,5,2,10,10,2,8,6,21,59148.0,53776.0,75976.0,59148.0,59148.0,59148.0,2,16828.0
82956,187.00,1516.00,5,2,10,10,2,8,6,21,102851.0,72433.0,110345.0,102851.0,130281.0,102851.0,4,27430.0
82957,154.00,1387.00,5,2,10,10,2,8,6,21,78423.0,100249.0,81192.0,78423.0,78423.0,78423.0,1,21826.0
82958,216.00,1655.00,5,2,10,10,2,8,6,21,96551.0,92179.0,77471.0,96551.0,96050.0,96551.0,0,0.0
82959,206.00,1622.00,5,2,10,10,2,8,6,21,82932.0,63175.0,68628.0,82932.0,82398.0,82932.0,0,0.0
82960,187.00,1516.00,5,2,10,10,2,8,6,21,94883.0,120370.0,80243.0,94883.0,107374.0,94883.0,1,25487.0
82961,206.00,1622.00,5,2,10,10,2,8,6,21,56879.0,78946.0,79096.0,56879.0,56378.0,56879.0,2,22217.0
82962,154.00,1391.00,5,2,10,10,2,8,6,21,40023.0,72090.0,61141.0,40023.0,40023.0,40023.0,1,32067.0
82963,187.00,1516.00,5,2,10,10,2,8,6,21,74704.0,59215.0,57655.0,74704.0,67954.0,74704.0,0,0.0
82964,216.00,1655.00,5,2,10,10,2,8,6,21,106652.0,123113.0,92411.0,106652.0,106151.0,106652.0,1,16461.0
82965,206.00,1551.00,4,2,11,10,2,8,6,21,89044.0,77718.0,92897.0,89044.0,88617.0,89044.0,2,3853.0
82966,154.00,1384.00,5,2,10,10,2,8,6,21,61789.0,70415.0,57501.0,61789.0,61789.0,61789.0,1,8626.0
82967,206.00,1603.00,5,2,10,10,2,8,6,21,101238.0,60313.0,94078.0,101238.0,100737.0,101238.0,0,0.0
82968,216.00,1674.00,5,2,10,10,2,8,6,21,128466.0,101605.0,125830.0,128466.0,127969.0,128466.0,0,0.0
82969,206.00,1603.00,5,2,10,10,2,8,6,21,62719.0,94432.0,46870.0,62719.0,62221.0,62719.0,1,31713.0
82970,154.00,1384.00,5,2,10,10,2,8,6,21,75690.0,85062.0,56373.0,75690.0,75690.0,75690.0,1,9372.0
82971,154.00,1542.00,5,2,10,10,2,8,6,21,112285.0,91415.0,100285.0,112285.0,112285.0,112285.0,0,0.0
82972,154.00,1403.00,5,2,10,10,2,8,6,21,51422.0,39132.0,37456.0,51422.0,51415.0,51422.0,0,0.0
82973,154.00,1394.00,5,2,10,10,2,8,6,21,52538.0,67289.0,40163.0,52538.0,52538.0,52538.0,1,14751.0
82974,154.00,1273.00,5,1,11,10,2,8,6,21,58776.0,52719.0,62757.0,58776.0,58776.0,58776.0,2,3981.0
82975,206.00,1681.00,5,2,10,10,2,8,6,21,87316.0,76026.0,83986.0,87316.0,86815.0,87316.0,0,0.0
82976,216.00,1665.00,5,2,10,10,2,8,6,21,149968.0,119723.0,102317.0,149968.0,149469.0,149968.0,0,0.0
82977,154.00,1462.00,5,2,10,10,2,8,6,21,77446.0,81648.0,96831.0,77446.0,77664.0,77446.0,2,19385.0
82978,206.00,1610.00,5,2,10,10,2,8,6,21,60623.0,77154.0,69015.0,60623.0,60122.0,60623.0,1,16531.0
82979,187.00,1522.00,5,2,10,10,2,8,6,21,98063.0,124010.0,85732.0,98063.0,108456.0,98063.0,1,25947.0
82980,154.00,1394.00,5,2,10,10,2,8,6,21,43080.0,49005.0,20769.0,43080.0,43080.0,43080.0,1,5925.0
82981,154.00,1384.00,5,2,10,10,2,8,6,21,39199.0,77667.0,59872.0,39199.0,39199.0,39199.0,1,38468.0
82982,206.00,1622.00,5,2,10,10,2,8,6,21,85935.0,86739.0,50926.0,85935.0,85435.0,85935.0,1,804.0
82983,154.00,1391.00,5,2,10,10,2,8,6,21,33127.0,86002.0,35943.0,33127.0,33127.0,33127.0,1,52875.0
82984,187.00,1528.00,5,2,10,10,2,8,6,21,62476.0,71605.0,87690.0,62476.0,44847.0,62476.0,2,25214.0
82985,154.00,1462.00,5,2,10,10,2,8,6,21,62774.0,92431.0,61998.0,62774.0,63016.0,62774.0,1,29657.0
82986,216.00,1662.00,5,2,10,10,2,8,6,21,101082.0,115697.0,97998.0,101082.0,100584.0,101082.0,1,14615.0
82987,154.00,1384.00,4,2,11,10,2,8,6,21,76527.0,135438.0,79643.0,76527.0,76527.0,76527.0,1,58911.0
82988,154.00,1542.00,5,2,10,10,2,8,6,21,79250.0,89660.0,65798.0,79250.0,79250.0,79250.0,1,10410.0
82989,206.00,1682.00,5,2,10,10,2,8,6,21,117261.0,89306.0,114541.0,117261.0,116763.0,117261.0,0,0.0
82990,154.00,1542.00,5,2,10,10,2,8,6,21,86506.0,56043.0,103966.0,86506.0,86506.0,86506.0,2,17460.0
82991,187.00,1509.00,5,2,10,10,2,8,6,21,90600.0,116375.0,89412.0,90600.0,99696.0,90600.0,1,25775.0
82992,206.00,1681.00,5,2,10,10,2,8,6,21,63973.0,85202.0,63135.0,63973.0,63475.0,63973.0,1,21229.0
82993,154.00,1391.00,5,2,10,10,2,8,6,21,40575.0,104559.0,20868.0,40575.0,40575.0,40575.0,1,63984.0
82994,206.00,1603.00,5,2,10,10,2,8,6,21,84279.0,101080.0,83645.0,84279.0,83781.0,84279.0,1,16801.0
82995,154.00,1384.00,5,2,10,10,2,8,6,21,68109.0,33449.0,72382.0,68109.0,68109.0,68109.0,2,4273.0
82996,187.00,1509.00,5,2,10,10,2,8,6,21,79434.0,73195.0,56568.0,79434.0,63789.0,79434.0,0,0.0
82997,187.00,1509.00,5,2,10,10,2,8,6,21,124331.0,97535.0,109096.0,124331.0,91389.0,124331.0,0,0.0
82998,206.00,1610.00,5,2,10,10,2,8,6,21,74137.0,49090.0,72407.0,74137.0,73636.0,74137.0,0,0.0
82999,216.00,1655.00,5,2,10,10,2,8,6,21,79624.0,70583.0,76417.0,79624.0,79125.0,79624.0,0,0.0
83000,154.00,1384.00,5,2,10,10,2,8,6,21,80291.0,76538.0,76457.0,80291.0,80291.0,80291.0,0,0.0
83001,187.00,1667.00,5,2,10,10,2,8,6,21,77739.0,54002.0,58308.0,77739.0,100381.0,77739.0,4,22642.0
83002,206.00,1613.00,5,2,10,10,2,8,6,21,85093.0,75548.0,71920.0,85093.0,84595.0,85093.0,0,0.0
83003,187.00,1509.00,5,2,10,10,2,8,6,21,62683.0,96915.0,64211.0,62683.0,73756.0,62683.0,1,34232.0
83004,206.00,1606.00,5,2,10,10,2,8,6,21,108160.0,57930.0,103977.0,108160.0,107662.0,108160.0,0,0.0
83005,154.00,1384.00,5,2,10,10,2,8,6,21,67389.0,107306.0,84430.0,67389.0,67389.0,67389.0,1,39917.0
83006,187.00,1553.00,4,2,11,10,2,8,6,21,98128.0,94958.0,80488.0,98128.0,123722.0,98128.0,4,25594.0
83007,187.00,1676.00,5,2,10,10,2,8,6,21,79138.0,87908.0,108636.0,79138.0,85000.0,79138.0,2,29498.0
83008,216.00,1665.00,5,2,10,10,2,8,6,21,116992.0,125417.0,108846.0,116992.0,116494.0,116992.0,1,8425.0
83009,206.00,1603.00,5,2,10,10,2,8,6,21,45687.0,59637.0,45738.0,45687.0,45188.0,45687.0,1,13950.0
83010,206.00,1681.00,5,2,10,10,2,8,6,21,90185.0,84683.0,89199.0,90185.0,89684.0,90185.0,0,0.0
83011,206.00,1622.00,5,2,10,10,2,8,6,21,66525.0,108024.0,53959.0,66525.0,66024.0,66525.0,1,41499.0
83012,216.00,1655.00,5,2,10,10,2,8,6,21,123607.0,114686.0,80006.0,123607.0,123106.0,123607.0,0,0.0
83013,216.00,1655.00,5,2,10,10,2,8,6,21,134759.0,108437.0,121811.0,134759.0,134258.0,134759.0,0,0.0
83014,206.00,1603.00,5,2,10,10,2,8,6,21,124330.0,78956.0,113284.0,124330.0,123829.0,124330.0,0,0.0
83015,154.00,1384.00,5,2,10,10,2,8,6,21,70323.0,69650.0,78990.0,70323.0,70323.0,70323.0,2,8667.0
83016,187.00,1516.00,5,2,10,10,2,8,6,21,115921.0,56987.0,102072.0,115921.0,99726.0,115921.0,0,0.0
83017,206.00,1693.00,5,2,10,10,2,8,6,21,91095.0,79665.0,90116.0,91095.0,90594.0,91095.0,0,0.0
83018,154.00,1462.00,5,2,10,10,2,8,6,21,80561.0,83904.0,62626.0,80561.0,80804.0,80561.0,1,3343.0
83019,187.00,1405.00,4,2,11,10,2,8,6,21,49648.0,43711.0,77010.0,49648.0,43154.0,49648.0,2,27362.0
83020,154.00,1403.00,5,2,10,10,2,8,6,21,36259.0,58124.0,40455.0,36259.0,36252.0,36259.0,1,21865.0
83021,154.00,1394.00,5,2,10,10,2,8,6,21,61753.0,107673.0,57935.0,61753.0,61753.0,61753.0,1,45920.0
83022,154.00,1563.00,5,2,10,10,2,8,6,21,55670.0,56357.0,87136.0,55701.0,55670.0,55670.0,2,31466.0
83023,187.00,1509.00,5,2,10,10,2,8,6,21,84185.0,77752.0,78061.0,84185.0,77107.0,84185.0,0,0.0
83024,206.00,1603.00,5,2,10,10,2,8,6,21,40745.0,60288.0,73604.0,40745.0,40244.0,40745.0,2,32859.0
83025,154.00,1391.00,5,2,10,10,2,8,6,21,35373.0,130241.0,27692.0,35373.0,35373.0,35373.0,1,94868.0
83026,154.00,1542.00,5,2,10,10,2,8,6,21,79172.0,97005.0,86930.0,79172.0,79172.0,79172.0,1,17833.0
83027,187.00,1676.00,5,2,10,10,2,8,6,21,119025.0,107259.0,129205.0,119025.0,105130.0,119025.0,2,10180.0
83028,154.00,1474.00,5,2,10,10,2,8,6,21,66168.0,70354.0,71763.0,66168.0,66168.0,66168.0,2,5595.0
83029,154.00,1391.00,5,2,10,10,2,8,6,21,64373.0,66741.0,53964.0,64373.0,64373.0,64373.0,1,2368.0
83030,216.00,1655.00,5,2,10,10,2,8,6,21,101120.0,100616.0,92567.0,101120.0,100621.0,101120.0,0,0.0
83031,206.00,1603.00,5,2,10,10,2,8,6,21,69991.0,75031.0,72986.0,69991.0,69490.0,69991.0,1,5040.0
83032,154.00,1384.00,5,2,10,10,2,8,6,21,35438.0,54318.0,42766.0,35438.0,35438.0,35438.0,1,18880.0
83033,154.00,1403.00,5,2,10,10,2,8,6,21,34150.0,48681.0,31322.0,34150.0,36067.0,34150.0,1,14531.0
83034,154.00,1391.00,5,2,10,10,2,8,6,21,69641.0,95275.0,53320.0,69641.0,69641.0,69641.0,1,25634.0
83035,154.00,1384.00,5,2,10,10,2,8,6,21,70600.0,52619.0,72342.0,70600.0,70600.0,70600.0,2,1742.0
83036,154.00,1384.00,5,2,10,10,2,8,6,21,80733.0,76734.0,80120.0,80733.0,80733.0,80733.0,0,0.0
83037,154.00,1397.00,5,2,10,10,2,8,6,21,64837.0,107035.0,56326.0,64837.0,64837.0,64837.0,1,42198.0
83038,206.00,1693.00,5,2,10,10,2,8,6,21,119883.0,107520.0,123184.0,119883.0,119386.0,119883.0,2,3301.0
83039,206.00,1613.00,5,2,10,10,2,8,6,21,95491.0,94990.0,102868.0,95491.0,94993.0,95491.0,2,7377.0
83040,216.00,1655.00,5,2,10,10,2,8,6,21,80324.0,80785.0,79633.0,80324.0,79823.0,80324.0,1,461.0
83041,154.00,1384.00,5,2,10,10,2,8,6,21,21320.0,49019.0,19603.0,21320.0,21320.0,21320.0,1,27699.0
83042,154.00,1394.00,5,2,10,10,2,8,6,21,62641.0,57848.0,64553.0,62641.0,62641.0,62641.0,2,1912.0
83043,206.00,1613.00,5,2,10,10,2,8,6,21,90981.0,55726.0,90463.0,90981.0,90480.0,90981.0,0,0.0
83044,187.00,1509.00,5,2,10,10,2,8,6,21,84770.0,86635.0,82451.0,84770.0,75388.0,84770.0,1,1865.0
83045,187.00,1509.00,5,2,10,10,2,8,6,21,52256.0,77061.0,44842.0,52256.0,48237.0,52256.0,1,24805.0
83046,187.00,1509.00,5,2,10,10,2,8,6,21,72611.0,72694.0,77831.0,72611.0,83576.0,72611.0,4,10965.0
83047,154.00,1542.00,5,2,10,10,2,8,6,21,67338.0,77220.0,89365.0,67338.0,67338.0,67338.0,2,22027.0
83048,206.00,1603.00,5,2,10,10,2,8,6,21,131759.0,78457.0,123747.0,131759.0,131261.0,131759.0,0,0.0
83049,154.00,1384.00,5,2,10,10,2,8,6,21,78878.0,40622.0,89426.0,78878.0,78878.0,78878.0,2,10548.0
83050,187.00,1670.00,5,2,10,10,2,8,6,21,90724.0,61973.0,89881.0,90724.0,78643.0,90724.0,0,0.0
83051,154.00,1462.00,5,2,10,10,2,8,6,21,85004.0,93326.0,117291.0,85004.0,85228.0,85004.0,2,32287.0
83052,206.00,1613.00,5,2,10,10,2,8,6,21,67423.0,42430.0,72899.0,67423.0,66922.0,67423.0,2,5476.0
83053,154.00,1384.00,5,2,10,10,2,8,6,21,93509.0,142914.0,90837.0,93509.0,93509.0,93509.0,1,49405.0
83054,216.00,1655.00,5,2,10,10,2,8,6,21,78870.0,56804.0,69198.0,78870.0,78323.0,78870.0,0,0.0
83055,154.00,1394.00,5,2,10,10,2,8,6,21,55873.0,63189.0,49470.0,55873.0,55873.0,55873.0,1,7316.0
83056,187.00,1509.00,5,2,10,10,2,8,6,21,48730.0,44791.0,71734.0,48730.0,71502.0,48730.0,2,23004.0
83057,206.00,1622.00,5,2,10,10,2,8,6,21,52293.0,35771.0,93192.0,52293.0,51792.0,52293.0,2,40899.0
83058,216.00,1655.00,5,2,10,10,2,8,6,21,77187.0,69981.0,70216.0,77187.0,76686.0,77187.0,0,0.0
83059,187.00,1516.00,5,2,10,10,2,8,6,21,104661.0,122304.0,93021.0,104661.0,80577.0,104661.0,1,17643.0
83060,216.00,1665.00,5,2,10,10,2,8,6,21,133587.0,100788.0,123316.0,133587.0,133086.0,133587.0,0,0.0
83061,154.00,1391.00,5,2,10,10,2,8,6,21,79368.0,60455.0,78631.0,79368.0,79368.0,79368.0,0,0.0
83062,154.00,1394.00,4,2,11,10,2,8,6,21,36215.0,68163.0,42198.0,36215.0,36215.0,36215.0,1,31948.0
83063,154.00,1462.00,5,2,10,10,2,8,6,21,86236.0,86576.0,88495.0,86236.0,86452.0,86236.0,2,2259.0
83064,154.00,1391.00,5,2,10,10,2,8,6,21,64721.0,57166.0,63160.0,64721.0,64721.0,64721.0,0,0.0
83065,154.00,1384.00,5,2,10,10,2,8,6,21,70507.0,98347.0,53896.0,70507.0,70507.0,70507.0,1,27840.0
83066,154.00,1394.00,5,2,10,10,2,8,6,21,32733.0,62393.0,48935.0,32733.0,32733.0,32733.0,1,29660.0
83067,206.00,1693.00,5,2,10,10,2,8,6,21,141779.0,73825.0,136454.0,141779.0,141279.0,141779.0,0,0.0
83068,154.00,1394.00,5,2,10,10,2,8,6,21,44346.0,85755.0,59412.0,44346.0,44346.0,44346.0,1,41409.0
83069,154.00,1384.00,5,2,10,10,2,8,6,21,64570.0,126402.0,50626.0,64570.0,64570.0,64570.0,1,61832.0
83070,187.00,1667.00,5,2,10,10,2,8,6,21,97694.0,88205.0,96744.0,97694.0,78781.0,97694.0,0,0.0
83071,206.00,1613.00,5,2,10,10,2,8,6,21,79971.0,81815.0,60752.0,79971.0,79473.0,79971.0,1,1844.0
83072,154.00,1384.00,5,2,10,10,2,8,6,21,89908.0,71166.0,75796.0,89908.0,89908.0,89908.0,0,0.0
83073,154.00,1542.00,5,2,10,10,2,8,6,21,103780.0,79640.0,82329.0,103780.0,103780.0,103780.0,0,0.0
83074,206.00,1693.00,5,2,10,10,2,8,6,21,149948.0,124890.0,111030.0,149948.0,149447.0,149948.0,0,0.0
83075,216.00,1655.00,5,2,10,10,2,8,6,21,129443.0,127018.0,117911.0,129443.0,128942.0,129443.0,0,0.0
83076,216.00,1655.00,5,2,10,10,2,8,6,21,84160.0,83240.0,100747.0,84160.0,83616.0,84160.0,2,16587.0
83077,216.00,1662.00,5,2,10,10,2,8,6,21,117116.0,83213.0,110104.0,117116.0,116617.0,117116.0,0,0.0
83078,154.00,1391.00,5,2,10,10,2,8,6,21,68653.0,79063.0,48862.0,68653.0,68653.0,68653.0,1,10410.0
83079,206.00,1603.00,5,2,10,10,2,8,6,21,121734.0,132153.0,117092.0,121734.0,121236.0,121734.0,1,10419.0
83080,154.00,1560.00,5,2,10,10,2,8,6,21,67548.0,66229.0,62999.0,67548.0,67548.0,67548.0,0,0.0
83081,187.00,1516.00,5,2,10,10,2,8,6,21,98993.0,64007.0,107816.0,98993.0,84458.0,98993.0,2,8823.0
83082,216.00,1662.00,5,2,10,10,2,8,6,21,87728.0,114842.0,72666.0,87728.0,87227.0,87728.0,1,27114.0
83083,154.00,1403.00,5,2,10,10,2,8,6,21,26597.0,89975.0,47846.0,26597.0,26723.0,26597.0,1,63378.0
83084,216.00,1665.00,5,2,10,10,2,8,6,21,135589.0,95933.0,111759.0,135589.0,135091.0,135589.0,0,0.0
83085,206.00,1603.00,5,2,10,10,2,8,6,21,108243.0,58916.0,112485.0,108243.0,107742.0,108243.0,2,4242.0
83086,154.00,1462.00,5,2,10,10,2,8,6,21,84014.0,32034.0,60478.0,84014.0,84255.0,84014.0,4,241.0
83087,154.00,1384.00,5,2,10,10,2,8,6,21,92604.0,89315.0,76622.0,92604.0,92604.0,92604.0,0,0.0
83088,187.00,1509.00,5,2,10,10,2,8,6,21,106287.0,50540.0,82414.0,106287.0,115401.0,106287.0,4,9114.0
83089,216.00,1662.00,5,2,10,10,2,8,6,21,90734.0,115468.0,84744.0,90734.0,90236.0,90734.0,1,24734.0
83090,206.00,1603.00,5,2,10,10,2,8,6,21,95320.0,102025.0,76183.0,95320.0,94821.0,95320.0,1,6705.0
83091,187.00,1509.00,5,2,10,10,2,8,6,21,114488.0,75932.0,85310.0,114488.0,107390.0,114488.0,0,0.0
83092,206.00,1610.00,5,2,10,10,2,8,6,21,116455.0,81047.0,71328.0,116455.0,115957.0,116455.0,0,0.0
83093,187.00,1516.00,5,2,10,10,2,8,6,21,89410.0,135755.0,95962.0,89410.0,92139.0,89410.0,1,46345.0
83094,187.00,1509.00,5,2,10,10,2,8,6,21,38647.0,78121.0,43920.0,38647.0,46477.0,38647.0,1,39474.0
83095,216.00,1655.00,5,2,10,10,2,8,6,21,107668.0,84947.0,99363.0,107668.0,107167.0,107668.0,0,0.0
83096,154.00,1551.00,5,2,10,10,2,8,6,21,71864.0,133844.0,65657.0,71864.0,71864.0,71864.0,1,61980.0
83097,206.00,1693.00,5,2,10,10,2,8,6,21,91040.0,94735.0,94061.0,91040.0,90544.0,91040.0,1,3695.0
83098,154.00,1394.00,5,2,10,10,2,8,6,21,69738.0,78370.0,55360.0,69738.0,69738.0,69738.0,1,8632.0
83099,154.00,1384.00,5,2,10,10,2,8,6,21,40046.0,117283.0,36206.0,40046.0,40046.0,40046.0,1,77237.0
83100,216.00,1655.00,5,2,10,10,2,8,6,21,113642.0,77526.0,120279.0,113642.0,113144.0,113642.0,2,6637.0
83101,154.00,1384.00,5,2,10,10,2,8,6,21,98962.0,110823.0,100249.0,98962.0,98962.0,98962.0,1,11861.0
83102,206.00,1681.00,5,2,10,10,2,8,6,21,105109.0,93059.0,108732.0,105109.0,104610.0,105109.0,2,3623.0
83103,206.00,1603.00,5,2,10,10,2,8,6,21,75477.0,89788.0,55141.0,75477.0,74978.0,75477.0,1,14311.0
83104,206.00,1613.00,5,2,10,10,2,8,6,21,85441.0,72824.0,74501.0,85441.0,84899.0,85441.0,0,0.0
83105,187.00,1509.00,5,2,10,10,2,8,6,21,88345.0,77304.0,108209.0,88345.0,101320.0,88345.0,2,19864.0
83106,187.00,1516.00,5,2,10,10,2,8,6,21,107810.0,105619.0,107526.0,107810.0,97159.0,107810.0,0,0.0
83107,216.00,1665.00,5,2,10,10,2,8,6,21,98285.0,108505.0,83358.0,98285.0,97787.0,98285.0,1,10220.0
83108,154.00,1384.00,5,2,10,10,2,8,6,21,95645.0,54493.0,85024.0,95645.0,95645.0,95645.0,0,0.0
83109,154.00,1462.00,5,2,10,10,2,8,6,21,59563.0,80791.0,74515.0,59563.0,59556.0,59563.0,1,21228.0
83110,216.00,1674.00,5,2,10,10,2,8,6,21,110613.0,67952.0,137717.0,110613.0,110070.0,110613.0,2,27104.0
83111,154.00,1542.00,5,2,10,10,2,8,6,21,85150.0,66485.0,108946.0,85150.0,85150.0,85150.0,2,23796.0
83112,154.00,1462.00,5,2,10,10,2,8,6,21,82236.0,90797.0,81688.0,82236.0,82474.0,82236.0,1,8561.0
83113,154.00,1551.00,5,2,10,10,2,8,6,21,92845.0,77030.0,51566.0,92845.0,92845.0,92845.0,0,0.0
83114,187.00,1519.00,5,2,10,10,2,8,6,21,87046.0,115302.0,81138.0,87046.0,105293.0,87046.0,1,28256.0
83115,154.00,1384.00,5,2,10,10,2,8,6,21,62755.0,76300.0,94284.0,62755.0,62755.0,62755.0,2,31529.0
83116,154.00,1394.00,5,2,10,10,2,8,6,21,52988.0,52512.0,58944.0,52988.0,52988.0,52988.0,2,5956.0
83117,206.00,1613.00,5,2,10,10,2,8,6,21,92624.0,94362.0,96094.0,92624.0,92126.0,92624.0,2,3470.0
83118,187.00,1516.00,5,2,10,10,2,8,6,21,71531.0,49257.0,81630.0,71531.0,59123.0,71531.0,2,10099.0
83119,187.00,1509.00,5,2,10,10,2,8,6,21,59698.0,59148.0,100578.0,59698.0,100697.0,59698.0,4,40999.0
83120,154.00,1551.00,5,2,10,10,2,8,6,21,66030.0,67154.0,75994.0,66030.0,66030.0,66030.0,2,9964.0
83121,154.00,1384.00,5,2,10,10,2,8,6,21,76901.0,78280.0,76029.0,76901.0,76901.0,76901.0,1,1379.0
83122,206.00,1610.00,5,2,10,10,2,8,6,21,61890.0,57716.0,47628.0,61890.0,61391.0,61890.0,0,0.0
83123,154.00,1394.00,5,2,10,10,2,8,6,21,65568.0,54408.0,64610.0,65568.0,65568.0,65568.0,0,0.0
83124,154.00,1384.00,5,2,10,10,2,8,6,21,89624.0,63613.0,103770.0,89624.0,89624.0,89624.0,2,14146.0
83125,206.00,1603.00,5,2,10,10,2,8,6,21,53739.0,76279.0,56440.0,53739.0,53238.0,53739.0,1,22540.0
83126,187.00,1509.00,5,2,10,10,2,8,6,21,81129.0,70912.0,71142.0,81129.0,54628.0,81129.0,0,0.0
83127,206.00,1613.00,5,2,10,10,2,8,6,21,106080.0,99089.0,105532.0,106080.0,105582.0,106080.0,0,0.0
83128,154.00,1474.00,5,2,10,10,2,8,6,21,61915.0,76395.0,62115.0,61915.0,61915.0,61915.0,1,14480.0
83129,206.00,1603.00,5,2,10,10,2,8,6,21,69753.0,90634.0,88220.0,69753.0,69252.0,69753.0,1,20881.0
83130,154.00,1551.00,5,2,10,10,2,8,6,21,78210.0,93622.0,58821.0,78210.0,78210.0,78210.0,1,15412.0
83131,154.00,1384.00,5,2,10,10,2,8,6,21,55331.0,102652.0,45502.0,55331.0,55331.0,55331.0,1,47321.0
83132,187.00,1667.00,5,2,10,10,2,8,6,21,72678.0,80643.0,94975.0,72678.0,105288.0,72678.0,4,32610.0
83133,206.00,1681.00,5,2,10,10,2,8,6,21,72253.0,81424.0,71692.0,72253.0,71752.0,72253.0,1,9171.0
83134,187.00,1667.00,5,2,10,10,2,8,6,21,76128.0,97853.0,103599.0,76128.0,83729.0,76128.0,2,27471.0
83135,187.00,1509.00,5,2,10,10,2,8,6,21,120389.0,61330.0,113842.0,120389.0,110277.0,120389.0,0,0.0
83136,187.00,1509.00,5,2,10,10,2,8,6,21,86788.0,104342.0,66039.0,86788.0,92932.0,86788.0,1,17554.0
83137,187.00,1519.00,5,2,10,10,2,8,6,21,62399.0,95768.0,49807.0,62399.0,89276.0,62399.0,1,33369.0
83138,206.00,1622.00,5,2,10,10,2,8,6,21,62635.0,96060.0,73971.0,62635.0,62138.0,62635.0,1,33425.0
83139,154.00,1384.00,5,2,10,10,2,8,6,21,63617.0,53119.0,41114.0,63617.0,63617.0,63617.0,0,0.0
83140,154.00,1394.00,5,2,10,10,2,8,6,21,76307.0,77427.0,51493.0,76307.0,76307.0,76307.0,1,1120.0
83141,154.00,1542.00,5,2,10,10,2,8,6,21,58571.0,26999.0,64918.0,58571.0,58571.0,58571.0,2,6347.0
83142,154.00,1280.00,4,2,11,10,2,8,6,21,64586.0,69710.0,66072.0,64586.0,64586.0,64586.0,1,5124.0
83143,154.00,1384.00,5,2,10,10,2,8,6,21,81708.0,111601.0,85839.0,81708.0,81708.0,81708.0,1,29893.0
83144,206.00,1603.00,5,2,10,10,2,8,6,21,82202.0,81698.0,85618.0,82202.0,81704.0,82202.0,2,3416.0
83145,206.00,1613.00,5,2,10,10,2,8,6,20,96017.0,127109.0,99155.0,96017.0,95516.0,96017.0,1,31092.0
83146,206.00,1613.00,5,2,10,10,2,8,6,21,114670.0,78403.0,107162.0,114670.0,114172.0,114670.0,0,0.0
83147,154.00,1384.00,5,2,10,10,2,8,6,21,75299.0,100856.0,78720.0,75299.0,75299.0,75299.0,1,25557.0
83148,187.00,1513.00,5,2,10,10,2,8,6,21,70736.0,80866.0,85781.0,70736.0,57235.0,70736.0,2,15045.0
83149,187.00,1528.00,5,2,10,10,2,8,6,21,65346.0,97041.0,93218.0,65346.0,73939.0,65346.0,1,31695.0
83150,187.00,1516.00,5,2,10,10,2,8,6,21,57237.0,73865.0,69043.0,57237.0,50679.0,57237.0,1,16628.0
83151,216.00,1655.00,5,2,10,10,2,8,6,21,132972.0,136820.0,123661.0,132972.0,132471.0,132972.0,1,3848.0
83152,187.00,1528.00,5,2,10,10,2,8,6,21,88450.0,118071.0,102893.0,88450.0,102011.0,88450.0,1,29621.0
83153,154.00,1462.00,5,2,10,10,2,8,6,21,108226.0,75342.0,113694.0,108226.0,108479.0,108226.0,2,5468.0
83154,154.00,1391.00,5,2,10,10,2,8,6,21,81109.0,90318.0,70483.0,81109.0,81109.0,81109.0,1,9209.0
83155,154.00,1462.00,5,2,10,10,2,8,6,21,82317.0,73343.0,82722.0,82317.0,82554.0,82317.0,2,405.0
83156,206.00,1603.00,5,2,10,10,2,8,6,21,87046.0,85532.0,95852.0,87046.0,86545.0,87046.0,2,8806.0
83157,154.00,1388.00,5,2,10,10,2,8,6,21,80907.0,72429.0,99173.0,80907.0,80907.0,80907.0,2,18266.0
83158,206.00,1681.00,5,2,10,10,2,8,6,21,146462.0,141086.0,140267.0,146462.0,145961.0,146462.0,0,0.0
83159,216.00,1662.00,5,2,10,10,2,8,6,21,105181.0,76649.0,112903.0,105181.0,104680.0,105181.0,2,7722.0
83160,187.00,1509.00,5,2,10,10,2,8,6,21,65758.0,51757.0,70468.0,65758.0,80310.0,65758.0,4,14552.0
83161,187.00,1509.00,5,2,10,10,2,8,6,21,89182.0,95614.0,69448.0,89182.0,69616.0,89182.0,1,6432.0
83162,187.00,1516.00,5,2,10,10,2,8,6,21,98997.0,106864.0,105345.0,98997.0,81014.0,98997.0,1,7867.0
83163,154.00,1403.00,5,2,10,10,2,8,6,21,52034.0,80815.0,33072.0,52034.0,52155.0,52034.0,1,28781.0
83164,216.00,1665.00,5,2,10,10,2,8,6,21,118148.0,94642.0,122336.0,118148.0,117647.0,118148.0,2,4188.0
83165,154.00,1391.00,5,2,10,10,2,8,6,21,74543.0,116757.0,46581.0,74543.0,74543.0,74543.0,1,42214.0
83166,154.00,1274.00,4,2,11,10,2,8,6,21,64997.0,85313.0,94032.0,64997.0,64997.0,64997.0,2,29035.0
83167,154.00,1384.00,5,2,10,10,2,8,6,21,69034.0,110665.0,64283.0,69034.0,69034.0,69034.0,1,41631.0
83168,187.00,1519.00,5,2,10,10,2,8,6,21,61090.0,59509.0,61775.0,61090.0,46989.0,61090.0,2,685.0
83169,154.00,1384.00,5,2,10,10,2,8,6,21,57284.0,64445.0,84026.0,57284.0,57284.0,57284.0,2,26742.0
83170,216.00,1665.00,5,2,10,10,2,8,6,21,110218.0,67748.0,112128.0,110218.0,109720.0,110218.0,2,1910.0
83171,206.00,1610.00,5,2,10,10,2,8,6,21,89309.0,74802.0,88127.0,89309.0,88810.0,89309.0,0,0.0
83172,206.00,1681.00,5,2,10,10,2,8,6,21,119851.0,120880.0,102913.0,119853.0,119318.0,119851.0,1,1029.0
83173,206.00,1548.00,4,2,11,10,2,8,6,21,89347.0,113749.0,75572.0,89347.0,88773.0,89347.0,1,24402.0
83174,187.00,1676.00,5,2,10,10,2,8,6,21,107229.0,97711.0,107124.0,107229.0,81829.0,107229.0,0,0.0
83175,154.00,1384.00,5,2,10,10,2,8,6,21,81375.0,90012.0,92674.0,81375.0,81375.0,81375.0,2,11299.0
83176,187.00,1509.00,5,2,10,10,2,8,6,21,85290.0,116939.0,81606.0,85290.0,97765.0,85290.0,1,31649.0
83177,154.00,1280.00,4,2,11,10,2,8,6,21,37553.0,23900.0,58393.0,37553.0,37553.0,37553.0,2,20840.0
83178,206.00,1681.00,5,2,10,10,2,8,6,21,101986.0,93261.0,89899.0,101986.0,101487.0,101986.0,0,0.0
83179,216.00,1674.00,5,2,10,10,2,8,6,21,143115.0,78402.0,129909.0,143115.0,142615.0,143115.0,0,0.0
83180,187.00,1513.00,5,2,10,10,2,8,6,21,108364.0,89630.0,93534.0,108364.0,89727.0,108364.0,0,0.0
83181,154.00,1394.00,5,2,10,10,2,8,6,21,25320.0,54938.0,41354.0,25320.0,25320.0,25320.0,1,29618.0
83182,187.00,1519.00,5,2,10,10,2,8,6,21,68457.0,58614.0,68479.0,68457.0,67903.0,68457.0,0,0.0
83183,206.00,1613.00,5,2,10,10,2,8,6,21,87198.0,123277.0,57742.0,87198.0,86700.0,87198.0,1,36079.0
83184,216.00,1655.00,5,2,10,10,2,8,6,21,97649.0,89614.0,99228.0,97649.0,97148.0,97649.0,2,1579.0
83185,154.00,1462.00,5,2,10,10,2,8,6,21,103807.0,116035.0,101101.0,103807.0,103802.0,103807.0,1,12228.0
83186,206.00,1622.00,5,2,10,10,2,8,6,21,94662.0,76999.0,105534.0,94662.0,94165.0,94662.0,2,10872.0
83187,154.00,1551.00,5,2,10,10,2,8,6,21,61762.0,53915.0,73513.0,61762.0,61762.0,61762.0,2,11751.0
83188,154.00,1462.00,5,2,10,10,2,8,6,21,55437.0,85499.0,64454.0,55437.0,55699.0,55437.0,1,30062.0
83189,154.00,1394.00,5,2,10,10,2,8,6,21,60622.0,78360.0,52344.0,60622.0,60622.0,60622.0,1,17738.0
83190,216.00,1655.00,5,2,10,10,2,8,6,21,75768.0,77392.0,74963.0,75768.0,75269.0,75768.0,1,1624.0
83191,154.00,1384.00,5,2,10,10,2,8,6,21,91654.0,107674.0,81008.0,91654.0,91654.0,91654.0,1,16020.0
83192,154.00,1384.00,5,2,10,10,2,8,6,21,82723.0,45896.0,65592.0,82723.0,82723.0,82723.0,0,0.0
83193,206.00,1622.00,5,2,10,10,2,8,6,21,69037.0,87447.0,63072.0,69037.0,68537.0,69037.0,1,18410.0
83194,206.00,1622.00,5,2,10,10,2,8,6,21,58022.0,72857.0,69171.0,58022.0,57521.0,58022.0,1,14835.0
83195,216.00,1655.00,5,2,10,10,2,8,6,21,137844.0,91981.0,116391.0,137844.0,137345.0,137844.0,0,0.0
83196,206.00,1610.00,5,2,10,10,2,8,6,21,58139.0,68775.0,58120.0,58139.0,57641.0,58139.0,1,10636.0
83197,216.00,1665.00,5,2,10,10,2,8,6,21,124134.0,100677.0,122969.0,124134.0,123636.0,124134.0,0,0.0
83198,154.00,1384.00,5,2,10,10,2,8,6,21,71028.0,123828.0,67925.0,71028.0,71028.0,71028.0,1,52800.0
83199,206.00,1613.00,5,2,10,10,2,8,6,21,95262.0,82186.0,90142.0,95262.0,94764.0,95262.0,0,0.0
83200,187.00,1516.00,5,2,10,10,2,8,6,21,85152.0,84648.0,74990.0,85152.0,75589.0,85152.0,0,0.0
83201,154.00,1384.00,5,2,10,10,2,8,6,21,41536.0,91587.0,39225.0,41536.0,41536.0,41536.0,1,50051.0
83202,187.00,1509.00,5,2,10,10,2,8,6,21,72551.0,102243.0,61334.0,72551.0,86592.0,72551.0,1,29692.0
83203,154.00,1560.00,5,2,10,10,2,8,6,21,77147.0,73481.0,100059.0,77147.0,77147.0,77147.0,2,22912.0
83204,187.00,1509.00,5,2,10,10,2,8,6,21,99903.0,62141.0,70705.0,99903.0,65788.0,99903.0,0,0.0
83205,154.00,1474.00,5,2,10,10,2,8,6,21,58772.0,70731.0,55014.0,58772.0,58772.0,58772.0,1,11959.0
83206,187.00,1509.00,5,2,10,10,2,8,6,21,76626.0,61675.0,85658.0,76626.0,90212.0,76626.0,4,13586.0
83207,216.00,1674.00,5,2,10,10,2,8,6,21,111709.0,39267.0,122917.0,111709.0,111213.0,111709.0,2,11208.0
83208,187.00,1509.00,5,2,10,10,2,8,6,21,60155.0,67031.0,52234.0,60155.0,39092.0,60155.0,1,6876.0
83209,206.00,1622.00,5,2,10,10,2,8,6,21,105229.0,80694.0,103723.0,105229.0,104732.0,105229.0,0,0.0
83210,206.00,1610.00,5,2,10,10,2,8,6,21,57472.0,56969.0,82466.0,57472.0,56971.0,57472.0,2,24994.0
83211,206.00,1681.00,5,2,10,10,2,8,6,21,68949.0,61800.0,67948.0,68949.0,68448.0,68949.0,0,0.0
83212,206.00,1693.00,5,2,10,10,2,8,6,21,123444.0,126001.0,145895.0,123444.0,122948.0,123444.0,2,22451.0
83213,154.00,1551.00,5,2,10,10,2,8,6,21,60167.0,90870.0,71354.0,60167.0,60167.0,60167.0,1,30703.0
83214,216.00,1655.00,5,2,10,10,2,8,6,21,98642.0,91890.0,92704.0,98642.0,98141.0,98642.0,0,0.0
83215,216.00,1662.00,5,2,10,10,2,8,6,21,109979.0,102141.0,104855.0,109979.0,109480.0,109979.0,0,0.0
83216,154.00,1384.00,5,2,10,10,2,8,6,21,82969.0,53806.0,77808.0,82969.0,82969.0,82969.0,0,0.0
83217,154.00,1551.00,5,2,10,10,2,8,6,21,66649.0,108121.0,68584.0,66649.0,66649.0,66649.0,1,41472.0
83218,206.00,1693.00,5,2,10,10,2,8,6,21,93404.0,77347.0,105222.0,93404.0,92908.0,93404.0,2,11818.0
83219,154.00,1384.00,5,2,10,10,2,8,6,21,51050.0,49198.0,57114.0,51050.0,51050.0,51050.0,2,6064.0
83220,187.00,1509.00,5,2,10,10,2,8,6,21,63917.0,87920.0,49739.0,63917.0,44566.0,63917.0,1,24003.0
83221,216.00,1665.00,5,2,10,10,2,8,6,21,107540.0,69740.0,107295.0,107540.0,107041.0,107540.0,0,0.0
83222,216.00,1662.00,5,2,10,10,2,8,6,21,81812.0,87398.0,82975.0,81812.0,81311.0,81812.0,1,5586.0
83223,187.00,1509.00,5,2,10,10,2,8,6,21,74269.0,45063.0,68127.0,74269.0,97493.0,74269.0,4,23224.0
83224,154.00,1394.00,5,2,10,10,2,8,6,21,72316.0,53853.0,60751.0,72316.0,72316.0,72316.0,0,0.0
83225,206.00,1622.00,5,2,10,10,2,8,6,21,103600.0,80450.0,93570.0,103600.0,103103.0,103600.0,0,0.0
83226,206.00,1693.00,5,2,10,10,2,8,6,21,126725.0,109254.0,101564.0,126725.0,126224.0,126725.0,0,0.0
83227,216.00,1665.00,5,2,10,10,2,8,6,21,121835.0,105736.0,111101.0,121835.0,121336.0,121835.0,0,0.0
83228,216.00,1665.00,5,2,10,10,2,8,6,21,80940.0,94578.0,73039.0,80940.0,80441.0,80940.0,1,13638.0
83229,206.00,1613.00,5,2,10,10,2,8,6,21,99110.0,124224.0,107929.0,99110.0,98609.0,99110.0,1,25114.0
83230,154.00,1542.00,5,2,10,10,2,8,6,21,62314.0,84489.0,58441.0,62314.0,62314.0,62314.0,1,22175.0
83231,154.00,1462.00,5,2,10,10,2,8,6,21,99772.0,79160.0,98677.0,99772.0,99996.0,99772.0,4,224.0
83232,187.00,1509.00,5,2,10,10,2,8,6,21,46933.0,39971.0,56385.0,46933.0,39072.0,46933.0,2,9452.0
83233,154.00,1391.00,5,2,10,10,2,8,6,21,76011.0,81186.0,56455.0,76011.0,76011.0,76011.0,1,5175.0
83234,206.00,1603.00,5,2,10,10,2,8,6,21,97877.0,81321.0,82673.0,97877.0,97378.0,97877.0,0,0.0
83235,216.00,1655.00,5,2,10,10,2,8,6,21,95398.0,90553.0,106562.0,95398.0,94899.0,95398.0,2,11164.0
83236,216.00,1665.00,5,2,10,10,2,8,6,21,109740.0,141828.0,105104.0,109740.0,109239.0,109740.0,1,32088.0
83237,154.00,1560.00,5,2,10,10,2,8,6,21,62160.0,101226.0,80242.0,62160.0,62160.0,62160.0,1,39066.0
83238,154.00,1394.00,5,2,10,10,2,8,6,21,46513.0,100998.0,86283.0,46513.0,46513.0,46513.0,1,54485.0
83239,206.00,1622.00,5,2,10,10,2,8,6,21,67570.0,124951.0,74897.0,67570.0,67074.0,67570.0,1,57381.0
83240,154.00,1384.00,5,2,10,10,2,8,6,21,71848.0,74960.0,67842.0,71848.0,71848.0,71848.0,1,3112.0
83241,154.00,1542.00,5,2,10,10,2,8,6,21,108026.0,48486.0,64007.0,108026.0,108026.0,108026.0,0,0.0
83242,206.00,1610.00,5,2,10,10,2,8,6,21,61515.0,70405.0,58426.0,61515.0,61017.0,61515.0,1,8890.0
83243,206.00,1610.00,5,2,10,10,2,8,6,21,46122.0,92084.0,53759.0,46122.0,45623.0,46122.0,1,45962.0
83244,154.00,1391.00,5,2,10,10,2,8,6,21,42743.0,49170.0,42410.0,42743.0,42743.0,42743.0,1,6427.0
83245,206.00,1495.00,5,1,11,10,2,8,6,21,67345.0,63505.0,66702.0,67345.0,79816.0,67345.0,4,12471.0
83246,154.00,1384.00,5,2,10,10,2,8,6,21,54225.0,89967.0,56665.0,54225.0,54225.0,54225.0,1,35742.0
83247,154.00,1384.00,5,2,10,10,2,8,6,21,49567.0,47038.0,49576.0,49567.0,49567.0,49567.0,0,0.0
83248,206.00,1610.00,5,2,10,10,2,8,6,21,97772.0,106836.0,100887.0,97772.0,97271.0,97772.0,1,9064.0
83249,154.00,1384.00,5,2,10,10,2,8,6,21,77087.0,96462.0,83656.0,77087.0,77087.0,77087.0,1,19375.0
83250,154.00,1394.00,5,2,10,10,2,8,6,21,74893.0,134813.0,63272.0,74893.0,74893.0,74893.0,1,59920.0
83251,154.00,1394.00,5,2,10,10,2,8,6,21,37591.0,54979.0,35919.0,37591.0,37591.0,37591.0,1,17388.0
83252,216.00,1665.00,5,2,10,10,2,8,6,21,124350.0,78136.0,120544.0,124350.0,123852.0,124350.0,0,0.0
83253,187.00,1676.00,5,2,10,10,2,8,6,21,98037.0,100935.0,119801.0,98037.0,79653.0,98037.0,2,21764.0
83254,154.00,1384.00,5,2,10,10,2,8,6,21,44253.0,112999.0,62599.0,44253.0,44253.0,44253.0,1,68746.0
83255,216.00,1674.00,5,2,10,10,2,8,6,21,112740.0,103921.0,118856.0,112740.0,112243.0,112740.0,2,6116.0
83256,206.00,1610.00,5,2,10,10,2,8,6,21,52550.0,75579.0,31095.0,52550.0,52053.0,52550.0,1,23029.0
83257,154.00,1391.00,5,2,10,10,2,8,6,21,44139.0,97935.0,51785.0,44139.0,44139.0,44139.0,1,53796.0
83258,154.00,1393.00,5,2,10,10,2,8,6,21,59569.0,53596.0,67263.0,59569.0,59569.0,59569.0,2,7694.0
83259,187.00,1667.00,5,2,10,10,2,8,6,21,84855.0,83327.0,84522.0,84855.0,91145.0,84855.0,4,6290.0
83260,154.00,1394.00,5,2,10,10,2,8,6,21,47431.0,54836.0,52774.0,47431.0,47431.0,47431.0,1,7405.0
83261,206.00,1603.00,5,2,10,10,2,8,6,21,102655.0,102151.0,84080.0,102655.0,102156.0,102655.0,0,0.0
83262,154.00,1462.00,5,2,10,10,2,8,6,21,78989.0,98151.0,98093.0,78989.0,79232.0,78989.0,1,19162.0
83263,154.00,1384.00,5,2,10,10,2,8,6,21,83332.0,59349.0,88054.0,83332.0,83332.0,83332.0,2,4722.0
83264,187.00,1516.00,5,2,10,10,2,8,6,21,37168.0,114015.0,40079.0,37168.0,53028.0,37168.0,1,76847.0
83265,187.00,1509.00,5,2,10,10,2,8,6,21,118817.0,76767.0,115443.0,118817.0,94237.0,118817.0,0,0.0
83266,187.00,1676.00,5,2,10,10,2,8,6,21,98214.0,81654.0,115891.0,98214.0,88437.0,98214.0,2,17677.0
83267,216.00,1655.00,5,2,10,10,2,8,6,21,87078.0,64380.0,109708.0,87078.0,86580.0,87078.0,2,22630.0
83268,216.00,1655.00,5,2,10,10,2,8,6,21,98625.0,122624.0,110691.0,98625.0,98124.0,98625.0,1,23999.0
83269,206.00,1613.00,5,2,10,10,2,8,6,21,112724.0,60817.0,118185.0,112724.0,112223.0,112724.0,2,5461.0
83270,154.00,1384.00,5,2,10,10,2,8,6,21,47220.0,76316.0,55408.0,47220.0,47220.0,47220.0,1,29096.0
83271,154.00,1391.00,5,2,10,10,2,8,6,21,68687.0,73020.0,67388.0,68687.0,68687.0,68687.0,1,4333.0
83272,154.00,1324.00,4,2,11,10,2,8,6,21,36278.0,54083.0,35987.0,36278.0,36278.0,36278.0,1,17805.0
83273,187.00,1516.00,5,2,10,10,2,8,6,21,86876.0,135893.0,77720.0,86876.0,72657.0,86876.0,1,49017.0
83274,187.00,1519.00,5,2,10,10,2,8,6,21,105989.0,63673.0,84567.0,105989.0,99062.0,105989.0,0,0.0
83275,216.00,1550.00,5,1,11,10,2,8,6,21,133449.0,18520.0,126878.0,133446.0,132903.0,133449.0,0,0.0
83276,154.00,1403.00,5,2,10,10,2,8,6,21,54049.0,85727.0,56596.0,54049.0,54176.0,54049.0,1,31678.0
83277,187.00,1519.00,5,2,10,10,2,8,6,21,48622.0,54909.0,56003.0,48622.0,77403.0,48622.0,4,28781.0
83278,187.00,1519.00,5,2,10,10,2,8,6,21,37168.0,79942.0,68022.0,37168.0,32864.0,37168.0,1,42774.0
83279,187.00,1509.00,5,2,10,10,2,8,6,21,76835.0,76571.0,76902.0,76835.0,88997.0,76835.0,4,12162.0
83280,154.00,1273.00,5,1,11,10,2,8,6,21,66626.0,108170.0,56604.0,66626.0,66626.0,66626.0,1,41544.0
83281,187.00,1509.00,5,2,10,10,2,8,6,21,66829.0,33614.0,44946.0,66829.0,71696.0,66829.0,4,4867.0
83282,187.00,1667.00,5,2,10,10,2,8,6,21,74105.0,59033.0,94921.0,74105.0,85220.0,74105.0,2,20816.0
83283,206.00,1603.00,5,2,10,10,2,8,6,21,93083.0,74856.0,101010.0,93083.0,92582.0,93083.0,2,7927.0
83284,187.00,1509.00,5,2,10,10,2,8,6,21,66483.0,92540.0,76756.0,66483.0,78367.0,66483.0,1,26057.0
83285,216.00,1655.00,5,2,10,10,2,8,6,21,102869.0,87596.0,98566.0,102869.0,102371.0,102869.0,0,0.0
83286,154.00,1384.00,5,2,10,10,2,8,6,21,91706.0,57311.0,108722.0,91706.0,91706.0,91706.0,2,17016.0
83287,154.00,1551.00,5,2,10,10,2,8,6,21,74797.0,61453.0,70314.0,74797.0,74797.0,74797.0,0,0.0
83288,206.00,1610.00,5,2,10,10,2,8,6,21,85752.0,112254.0,101581.0,85752.0,85251.0,85752.0,1,26502.0
83289,154.00,1391.00,5,2,10,10,2,8,6,21,34699.0,37747.0,33527.0,34699.0,34699.0,34699.0,1,3048.0
83290,154.00,1384.00,5,2,10,10,2,8,6,21,82929.0,70846.0,78219.0,82929.0,82929.0,82929.0,0,0.0
83291,154.00,1384.00,5,2,10,10,2,8,6,21,69291.0,43838.0,67889.0,69291.0,69291.0,69291.0,0,0.0
83292,206.00,1693.00,5,2,10,10,2,8,6,21,85623.0,80325.0,73338.0,85623.0,85122.0,85623.0,0,0.0
83293,154.00,1462.00,5,2,10,10,2,8,6,21,90181.0,67459.0,90254.0,90181.0,90428.0,90181.0,4,247.0
83294,154.00,1394.00,5,2,10,10,2,8,6,21,27381.0,50816.0,20887.0,27381.0,27381.0,27381.0,1,23435.0
83295,206.00,1603.00,5,2,10,10,2,8,6,21,92973.0,72895.0,87501.0,92973.0,92472.0,92973.0,0,0.0
83296,187.00,1516.00,5,2,10,10,2,8,6,21,76679.0,66197.0,77852.0,76679.0,89531.0,76679.0,4,12852.0
83297,216.00,1655.00,5,2,10,10,2,8,6,21,93237.0,78460.0,102621.0,93237.0,92736.0,93237.0,2,9384.0
83298,187.00,1509.00,5,2,10,10,2,8,6,21,108970.0,124963.0,92957.0,108970.0,77391.0,108970.0,1,15993.0
83299,187.00,1516.00,5,2,10,10,2,8,6,20,74020.0,85143.0,77834.0,74020.0,83702.0,74020.0,1,11123.0
83300,187.00,1509.00,5,2,10,10,2,8,6,21,80714.0,80210.0,89016.0,80714.0,77322.0,80714.0,2,8302.0
83301,187.00,1528.00,5,2,10,10,2,8,6,21,60597.0,129668.0,95961.0,60597.0,72023.0,60597.0,1,69071.0
83302,187.00,1509.00,5,2,10,10,2,8,6,21,122916.0,95100.0,112478.0,122916.0,116559.0,122916.0,0,0.0
83303,187.00,1559.00,5,1,11,10,2,8,6,21,76215.0,114363.0,75233.0,76215.0,64651.0,76215.0,1,38148.0
83304,206.00,1603.00,5,2,10,10,2,8,6,21,101343.0,89004.0,98184.0,101343.0,100842.0,101343.0,0,0.0
83305,154.00,1542.00,5,2,10,10,2,8,6,21,67282.0,47055.0,59544.0,67282.0,67282.0,67282.0,0,0.0
83306,206.00,1610.00,5,2,10,10,2,8,6,21,61579.0,113702.0,92300.0,61579.0,61078.0,61579.0,1,52123.0
83307,154.00,1394.00,5,2,10,10,2,8,6,21,32775.0,56652.0,40892.0,32775.0,32775.0,32775.0,1,23877.0
83308,154.00,1462.00,5,2,10,10,2,8,6,21,85361.0,83896.0,98584.0,85361.0,85585.0,85361.0,2,13223.0
83309,206.00,1603.00,5,2,10,10,2,8,6,21,59793.0,101143.0,59144.0,59793.0,59244.0,59793.0,1,41350.0
83310,154.00,1391.00,5,2,10,10,2,8,6,21,63263.0,87710.0,60761.0,63263.0,63263.0,63263.0,1,24447.0
83311,216.00,1655.00,5,2,10,10,2,8,6,21,131360.0,94849.0,128959.0,131360.0,130861.0,131360.0,0,0.0
83312,154.00,1474.00,5,2,10,10,2,8,6,21,66545.0,73433.0,55869.0,66545.0,66545.0,66545.0,1,6888.0
83313,206.00,1622.00,5,2,10,10,2,8,6,21,70373.0,65416.0,55002.0,70373.0,69876.0,70373.0,0,0.0
83314,216.00,1674.00,5,2,10,10,2,8,6,21,142421.0,60314.0,134876.0,142421.0,141924.0,142421.0,0,0.0
83315,206.00,1535.00,4,2,11,10,2,8,6,21,95750.0,94387.0,90651.0,95753.0,95341.0,95750.0,0,0.0
83316,154.00,1384.00,5,2,10,10,2,8,6,21,67199.0,24743.0,65330.0,67199.0,67199.0,67199.0,0,0.0
83317,206.00,1610.00,5,2,10,10,2,8,6,21,103520.0,116297.0,109630.0,103520.0,103019.0,103520.0,1,12777.0
83318,206.00,1603.00,5,2,10,10,2,8,6,21,78931.0,98300.0,74901.0,78931.0,78433.0,78931.0,1,19369.0
83319,187.00,1670.00,5,2,10,10,2,8,6,21,109359.0,107538.0,110410.0,109359.0,114821.0,109359.0,4,5462.0
83320,206.00,1610.00,5,2,10,10,2,8,6,21,78377.0,119070.0,66632.0,78377.0,77878.0,78377.0,1,40693.0
83321,154.00,1391.00,4,2,11,10,2,8,6,21,49691.0,89091.0,40892.0,49691.0,49691.0,49691.0,1,39400.0
83322,154.00,1403.00,5,2,10,10,2,8,6,21,54357.0,92103.0,36707.0,54357.0,40944.0,54357.0,1,37746.0
83323,216.00,1655.00,5,2,10,10,2,8,6,21,89681.0,87924.0,69031.0,89681.0,89183.0,89681.0,0,0.0
83324,206.00,1610.00,5,2,10,10,2,8,6,21,100751.0,72313.0,108421.0,100751.0,100214.0,100751.0,2,7670.0
83325,206.00,1681.00,5,2,10,10,2,8,6,21,100363.0,106280.0,95070.0,100363.0,99864.0,100363.0,1,5917.0
83326,187.00,1667.00,5,2,10,10,2,8,6,21,91941.0,76217.0,91648.0,91941.0,126368.0,91941.0,4,34427.0
83327,154.00,1384.00,5,2,10,10,2,8,6,21,43873.0,100973.0,59504.0,43873.0,43873.0,43873.0,1,57100.0
83328,206.00,1603.00,5,2,10,10,2,8,6,21,88618.0,56308.0,79845.0,88618.0,88120.0,88618.0,0,0.0
83329,187.00,1509.00,5,2,10,10,2,8,6,21,83622.0,37557.0,65322.0,83622.0,51298.0,83622.0,0,0.0
83330,187.00,1519.00,5,2,10,10,2,8,6,21,77448.0,98198.0,72105.0,77448.0,98505.0,77448.0,4,21057.0
83331,216.00,1655.00,5,2,10,10,2,8,6,21,63167.0,27264.0,78729.0,63167.0,62668.0,63167.0,2,15562.0
83332,206.00,1681.00,5,2,10,10,2,8,6,21,78698.0,66754.0,78124.0,78698.0,78199.0,78698.0,0,0.0
83333,154.00,1384.00,5,2,10,10,2,8,6,21,92447.0,74872.0,72009.0,92447.0,92447.0,92447.0,0,0.0
83334,206.00,1603.00,5,2,10,10,2,8,6,21,66730.0,51707.0,83151.0,66730.0,66281.0,66730.0,2,16421.0
83335,206.00,1681.00,5,2,10,10,2,8,6,21,101073.0,78951.0,83565.0,101073.0,100574.0,101073.0,0,0.0
83336,154.00,1384.00,5,2,10,10,2,8,6,21,25461.0,40543.0,21893.0,25461.0,25461.0,25461.0,1,15082.0
83337,216.00,1662.00,5,2,10,10,2,8,6,20,124670.0,90815.0,106164.0,124670.0,124169.0,124670.0,0,0.0
83338,154.00,1542.00,5,2,10,10,2,8,6,21,79326.0,106400.0,70398.0,79326.0,79326.0,79326.0,1,27074.0
83339,154.00,1394.00,5,2,10,10,2,8,6,21,58224.0,112804.0,51843.0,58224.0,58224.0,58224.0,1,54580.0
83340,206.00,1603.00,5,2,10,10,2,8,6,21,54654.0,110164.0,52204.0,54654.0,54155.0,54654.0,1,55510.0
83341,216.00,1662.00,5,2,10,10,2,8,6,21,85366.0,70407.0,80265.0,85366.0,84865.0,85366.0,0,0.0
83342,206.00,1613.00,5,2,10,10,2,8,6,21,102408.0,59849.0,64914.0,102408.0,101907.0,102408.0,0,0.0
83343,187.00,1667.00,5,2,10,10,2,8,6,21,131862.0,80158.0,103750.0,131862.0,124679.0,131862.0,0,0.0
83344,216.00,1674.00,5,2,10,10,2,8,6,21,125601.0,89278.0,109327.0,125601.0,125100.0,125601.0,0,0.0
83345,154.00,1384.00,5,2,10,10,2,8,6,21,87317.0,89568.0,77450.0,87317.0,87317.0,87317.0,1,2251.0
83346,206.00,1693.00,5,2,10,10,2,8,6,21,96198.0,83131.0,95600.0,96198.0,95701.0,96198.0,0,0.0
83347,187.00,1667.00,5,2,10,10,2,8,6,21,120600.0,121064.0,103118.0,120600.0,130081.0,120600.0,4,9481.0
83348,187.00,1516.00,5,2,10,10,2,8,6,21,90858.0,70486.0,91859.0,90858.0,97716.0,90858.0,4,6858.0
83349,187.00,1509.00,5,2,10,10,2,8,6,21,69679.0,121734.0,75276.0,69679.0,42496.0,69679.0,1,52055.0
83350,187.00,1509.00,5,2,10,10,2,8,6,21,115893.0,48840.0,110446.0,115893.0,126232.0,115893.0,4,10339.0
83351,187.00,1516.00,5,2,10,10,2,8,6,21,113950.0,122531.0,108588.0,113950.0,107007.0,113950.0,1,8581.0
83352,206.00,1603.00,5,2,10,10,2,8,6,21,102486.0,93891.0,98480.0,102486.0,101987.0,102486.0,0,0.0
83353,154.00,1384.00,5,2,10,10,2,8,6,21,50387.0,72590.0,50736.0,50387.0,50387.0,50387.0,1,22203.0
83354,206.00,1610.00,5,2,10,10,2,8,6,21,70310.0,70115.0,70335.0,70310.0,69812.0,70310.0,0,0.0
83355,154.00,1462.00,5,2,10,10,2,8,6,21,93594.0,67385.0,102352.0,93594.0,93586.0,93594.0,2,8758.0
83356,216.00,1655.00,5,2,10,10,2,8,6,21,116634.0,104630.0,115685.0,116634.0,116136.0,116634.0,0,0.0
83357,187.00,1509.00,5,2,10,10,2,8,6,21,41981.0,98683.0,37280.0,41981.0,39242.0,41981.0,1,56702.0
83358,187.00,1509.00,5,2,10,10,2,8,6,21,98379.0,87369.0,103105.0,98379.0,100244.0,98379.0,2,4726.0
83359,154.00,1391.00,5,2,10,10,2,8,6,21,64625.0,94036.0,64647.0,64625.0,64625.0,64625.0,1,29411.0
83360,206.00,1613.00,5,2,10,10,2,8,6,21,102606.0,62691.0,117645.0,102606.0,102105.0,102606.0,2,15039.0
83361,154.00,1384.00,5,2,10,10,2,8,6,21,75326.0,78517.0,67385.0,75326.0,75326.0,75326.0,1,3191.0
83362,206.00,1622.00,5,2,10,10,2,8,6,21,96880.0,53776.0,91506.0,96880.0,96383.0,96880.0,0,0.0
83363,154.00,1403.00,5,2,10,10,2,8,6,21,64099.0,98235.0,56085.0,64099.0,64092.0,64099.0,1,34136.0
83364,206.00,1613.00,5,2,10,10,2,8,6,21,107749.0,100188.0,94604.0,107749.0,107248.0,107749.0,0,0.0
83365,206.00,1681.00,5,2,10,10,2,8,6,21,90872.0,88887.0,89371.0,90872.0,90373.0,90872.0,0,0.0
83366,154.00,1384.00,5,2,10,10,2,8,6,21,55919.0,100361.0,69542.0,55919.0,55919.0,55919.0,1,44442.0
83367,154.00,1384.00,5,2,10,10,2,8,6,21,55421.0,54509.0,59216.0,55421.0,55421.0,55421.0,2,3795.0
83368,206.00,1613.00,5,2,10,10,2,8,6,21,62420.0,48047.0,53992.0,62420.0,61922.0,62420.0,0,0.0
83369,154.00,1394.00,5,2,10,10,2,8,6,21,48199.0,51417.0,67062.0,48199.0,48199.0,48199.0,2,18863.0
83370,206.00,1613.00,5,2,10,10,2,8,6,21,122445.0,77096.0,114702.0,122445.0,121947.0,122445.0,0,0.0
83371,154.00,1388.00,5,2,10,10,2,8,6,21,40473.0,68251.0,39282.0,40473.0,40473.0,40473.0,1,27778.0
83372,206.00,1603.00,5,2,10,10,2,8,6,21,90979.0,86409.0,91643.0,90979.0,90480.0,90979.0,2,664.0
83373,206.00,1606.00,5,2,10,10,2,8,6,21,131293.0,130402.0,125546.0,131259.0,130792.0,131293.0,0,0.0
83374,216.00,1674.00,5,2,10,10,2,8,6,21,94225.0,103935.0,116666.0,94225.0,93729.0,94225.0,2,22441.0
83375,154.00,1384.00,5,2,10,10,2,8,6,21,95276.0,87391.0,79422.0,95276.0,95276.0,95276.0,0,0.0
83376,187.00,1516.00,5,2,10,10,2,8,6,21,116159.0,78490.0,112853.0,116159.0,110219.0,116159.0,0,0.0
83377,206.00,1603.00,5,2,10,10,2,8,6,21,75942.0,86314.0,97564.0,75942.0,75441.0,75942.0,2,21622.0
83378,187.00,1667.00,5,2,10,10,2,8,6,21,112528.0,93742.0,76748.0,112528.0,122832.0,112528.0,4,10304.0
83379,154.00,1384.00,5,2,10,10,2,8,6,21,69433.0,88328.0,65354.0,69433.0,69433.0,69433.0,1,18895.0
83380,187.00,1515.00,5,2,10,10,2,8,6,21,62173.0,36149.0,69943.0,62173.0,53481.0,62173.0,2,7770.0
83381,187.00,1519.00,5,2,10,10,2,8,6,21,55142.0,131404.0,68242.0,55142.0,60367.0,55142.0,1,76262.0
83382,154.00,1384.00,5,2,10,10,2,8,6,21,75994.0,63672.0,73931.0,75994.0,75994.0,75994.0,0,0.0
83383,216.00,1550.00,5,1,11,10,2,8,6,21,101096.0,105465.0,106827.0,101084.0,100546.0,101096.0,2,5731.0
83384,154.00,1384.00,5,2,10,10,2,8,6,21,75635.0,62787.0,67508.0,75635.0,75635.0,75635.0,0,0.0
83385,187.00,1516.00,5,2,10,10,2,8,6,21,45401.0,70608.0,36419.0,45401.0,35984.0,45401.0,1,25207.0
83386,206.00,1603.00,4,2,11,10,2,8,6,21,72032.0,65183.0,57810.0,72032.0,71433.0,72032.0,0,0.0
83387,216.00,1662.00,5,2,10,10,2,8,6,21,123871.0,46327.0,120785.0,123871.0,123372.0,123871.0,0,0.0
83388,154.00,1273.00,5,1,11,10,2,8,6,21,93760.0,79171.0,37167.0,93760.0,93760.0,93760.0,0,0.0
83389,206.00,1603.00,5,2,10,10,2,8,6,21,101842.0,110601.0,80242.0,101842.0,101344.0,101842.0,1,8759.0
83390,187.00,1519.00,5,2,10,10,2,8,6,21,71330.0,70579.0,38760.0,71330.0,71775.0,71330.0,4,445.0
83391,187.00,1667.00,5,2,10,10,2,8,6,21,83703.0,120964.0,82954.0,83703.0,83305.0,83703.0,1,37261.0
83392,187.00,1667.00,5,2,10,10,2,8,6,21,91539.0,32877.0,90902.0,91539.0,107982.0,91539.0,4,16443.0
83393,154.00,1391.00,5,2,10,10,2,8,6,21,74760.0,86561.0,71678.0,74760.0,74760.0,74760.0,1,11801.0
83394,187.00,1516.00,5,2,10,10,2,8,6,21,38676.0,53529.0,41398.0,38682.0,46027.0,38676.0,1,14853.0
83395,187.00,1519.00,5,2,10,10,2,8,6,21,90007.0,90082.0,72739.0,90007.0,69760.0,90007.0,1,75.0
83396,154.00,1384.00,5,2,10,10,2,8,6,21,68854.0,67246.0,71897.0,68854.0,68854.0,68854.0,2,3043.0
83397,206.00,1622.00,5,2,10,10,2,8,6,21,66219.0,68609.0,57252.0,66219.0,65722.0,66219.0,1,2390.0
83398,154.00,1403.00,5,2,10,10,2,8,6,21,27605.0,79834.0,25471.0,27605.0,27598.0,27605.0,1,52229.0
83399,154.00,1384.00,5,2,10,10,2,8,6,21,32099.0,28278.0,34301.0,32099.0,32099.0,32099.0,2,2202.0
83400,216.00,1665.00,5,2,10,10,2,8,6,21,84204.0,78248.0,85517.0,84204.0,83705.0,84204.0,2,1313.0
83401,154.00,1384.00,5,2,10,10,2,8,6,21,72477.0,75272.0,76022.0,72477.0,72477.0,72477.0,2,3545.0
83402,187.00,1509.00,5,2,10,10,2,8,6,21,74973.0,74469.0,78263.0,74973.0,71610.0,74973.0,2,3290.0
83403,216.00,1655.00,5,2,10,10,2,8,6,21,127092.0,113027.0,118914.0,127092.0,126591.0,127092.0,0,0.0
83404,154.00,1542.00,5,2,10,10,2,8,6,21,84297.0,83796.0,70931.0,84297.0,84297.0,84297.0,0,0.0
83405,216.00,1662.00,5,2,10,10,2,8,6,21,109068.0,72684.0,128280.0,109068.0,108569.0,109068.0,2,19212.0
83406,154.00,1542.00,5,2,10,10,2,8,6,21,87664.0,62457.0,51953.0,87664.0,87664.0,87664.0,0,0.0
83407,154.00,1462.00,5,2,10,10,2,8,6,21,64932.0,67146.0,63912.0,64932.0,64924.0,64932.0,1,2214.0
83408,206.00,1603.00,5,2,10,10,2,8,6,21,68461.0,79684.0,90953.0,68461.0,67960.0,68461.0,2,22492.0
83409,206.00,1612.00,5,2,10,10,2,8,6,21,102519.0,120585.0,115143.0,102519.0,101991.0,102519.0,1,18066.0
83410,187.00,1509.00,5,2,10,10,2,8,6,21,42074.0,77641.0,41754.0,42074.0,35222.0,42074.0,1,35567.0
83411,216.00,1674.00,5,2,10,10,2,8,6,21,135836.0,124962.0,103378.0,135836.0,135340.0,135836.0,0,0.0
83412,206.00,1622.00,5,2,10,10,2,8,6,21,64254.0,78194.0,85705.0,64254.0,63753.0,64254.0,2,21451.0
83413,187.00,1398.00,5,1,11,10,2,8,6,21,81038.0,103188.0,82850.0,81038.0,81038.0,81038.0,1,22150.0
83414,216.00,1668.00,5,2,10,10,2,8,6,21,139503.0,88384.0,145566.0,139503.0,139008.0,139503.0,2,6063.0
83415,154.00,1384.00,5,2,10,10,2,8,6,21,67049.0,75375.0,86301.0,67049.0,67049.0,67049.0,2,19252.0
83416,187.00,1509.00,5,2,10,10,2,8,6,21,115107.0,38409.0,116854.0,115107.0,124739.0,115107.0,4,9632.0
83417,154.00,1462.00,5,2,10,10,2,8,6,21,66592.0,76110.0,62106.0,66592.0,66805.0,66592.0,1,9518.0
83418,216.00,1659.00,5,2,10,10,2,8,6,21,89874.0,85163.0,84704.0,89874.0,89416.0,89874.0,0,0.0
83419,216.00,1655.00,5,2,10,10,2,8,6,21,126891.0,93352.0,119777.0,126891.0,126390.0,126891.0,0,0.0
83420,154.00,1274.00,4,2,11,10,2,8,6,21,36781.0,67906.0,31765.0,36781.0,36781.0,36781.0,1,31125.0
83421,216.00,1674.00,5,2,10,10,2,8,6,21,131781.0,113939.0,104633.0,131781.0,131280.0,131781.0,0,0.0
83422,154.00,1384.00,5,2,10,10,2,8,6,21,69753.0,63951.0,66307.0,69753.0,69753.0,69753.0,0,0.0
83423,216.00,1659.00,5,2,10,10,2,8,6,21,116441.0,49041.0,128217.0,116441.0,115976.0,116441.0,2,11776.0
83424,154.00,1391.00,5,2,10,10,2,8,6,21,54503.0,54247.0,57373.0,54503.0,54503.0,54503.0,2,2870.0
83425,216.00,1665.00,5,2,10,10,2,8,6,21,103196.0,61684.0,99237.0,103196.0,102695.0,103196.0,0,0.0
83426,154.00,1384.00,5,2,10,10,2,8,6,21,79118.0,86772.0,60642.0,79118.0,79118.0,79118.0,1,7654.0
83427,216.00,1665.00,5,2,10,10,2,8,6,21,121672.0,84640.0,115574.0,121672.0,121174.0,121672.0,0,0.0
83428,187.00,1519.00,5,2,10,10,2,8,6,21,45654.0,57771.0,74622.0,45654.0,56156.0,45654.0,2,28968.0
83429,187.00,1519.00,5,2,10,10,2,8,6,21,101297.0,88408.0,50786.0,101297.0,86520.0,101297.0,0,0.0
83430,154.00,1462.00,5,2,10,10,2,8,6,21,82188.0,81930.0,81918.0,82188.0,82427.0,82188.0,4,239.0
83431,154.00,1394.00,5,2,10,10,2,8,6,21,46203.0,74219.0,42306.0,46203.0,46203.0,46203.0,1,28016.0
83432,187.00,1516.00,5,2,10,10,2,8,6,21,83437.0,112926.0,82936.0,83437.0,83995.0,83437.0,1,29489.0
83433,206.00,1498.00,5,1,11,10,2,8,6,20,36709.0,29829.0,66460.0,36709.0,55450.0,36709.0,2,29751.0
83434,187.00,1676.00,5,2,10,10,2,8,6,21,98447.0,95368.0,98120.0,98447.0,112887.0,98447.0,4,14440.0
83435,154.00,1462.00,4,2,11,10,2,8,6,21,74489.0,75995.0,73407.0,74489.0,75404.0,74489.0,1,1506.0
83436,216.00,1655.00,5,2,10,10,2,8,6,21,99649.0,114284.0,73364.0,99649.0,99148.0,99649.0,1,14635.0
83437,154.00,1391.00,5,2,10,10,2,8,6,21,62151.0,136024.0,58217.0,62151.0,62151.0,62151.0,1,73873.0
83438,206.00,1610.00,5,2,10,10,2,8,6,21,96317.0,123196.0,97770.0,96317.0,95816.0,96317.0,1,26879.0
83439,187.00,1667.00,5,2,10,10,2,8,6,21,124786.0,102422.0,87712.0,124786.0,105162.0,124786.0,0,0.0
83440,206.00,1610.00,5,2,10,10,2,8,6,21,57076.0,71681.0,65958.0,57076.0,56578.0,57076.0,1,14605.0
83441,154.00,1474.00,5,2,10,10,2,8,6,21,57367.0,113021.0,55414.0,57367.0,57367.0,57367.0,1,55654.0
83442,187.00,1528.00,5,2,10,10,2,8,6,21,65846.0,67999.0,63796.0,65846.0,76958.0,65846.0,4,11112.0
83443,206.00,1622.00,5,2,10,10,2,8,6,21,110834.0,82445.0,96251.0,110834.0,110337.0,110834.0,0,0.0
83444,154.00,1560.00,5,2,10,10,2,8,6,21,64914.0,108896.0,70651.0,64914.0,64914.0,64914.0,1,43982.0
83445,187.00,1676.00,5,2,10,10,2,8,6,21,125851.0,96196.0,146610.0,125851.0,116475.0,125851.0,2,20759.0
83446,206.00,1603.00,5,2,10,10,2,8,6,21,87213.0,85501.0,98836.0,87213.0,86712.0,87213.0,2,11623.0
83447,187.00,1516.00,5,2,10,10,2,8,6,21,63634.0,85760.0,81377.0,63634.0,74566.0,63634.0,1,22126.0
83448,154.00,1474.00,5,2,10,10,2,8,6,21,62348.0,61584.0,83487.0,62348.0,62348.0,62348.0,2,21139.0
83449,154.00,1384.00,5,2,10,10,2,8,6,21,75353.0,123202.0,71149.0,75353.0,75353.0,75353.0,1,47849.0
83450,216.00,1662.00,5,2,10,10,2,8,6,21,153624.0,102613.0,145476.0,153624.0,153123.0,153624.0,0,0.0
83451,154.00,1560.00,5,2,10,10,2,8,6,21,62789.0,114935.0,54518.0,62789.0,62789.0,62789.0,1,52146.0
83452,206.00,1493.00,4,2,11,10,2,8,6,21,117930.0,70951.0,102478.0,117930.0,122340.0,117930.0,4,4410.0
83453,206.00,1603.00,5,2,10,10,2,8,6,21,110975.0,100030.0,84204.0,110975.0,110474.0,110975.0,0,0.0
83454,206.00,1603.00,5,2,10,10,2,8,6,21,113700.0,77951.0,119339.0,113700.0,113202.0,113700.0,2,5639.0
83455,216.00,1655.00,5,2,10,10,2,8,6,21,81476.0,76113.0,75996.0,81476.0,80977.0,81476.0,0,0.0
83456,154.00,1391.00,5,2,10,10,2,8,6,21,62379.0,46695.0,63785.0,62379.0,62379.0,62379.0,2,1406.0
83457,206.00,1681.00,5,2,10,10,2,8,6,21,77702.0,66454.0,65374.0,77702.0,77201.0,77702.0,0,0.0
83458,206.00,1613.00,5,2,10,10,2,8,6,21,70192.0,39929.0,83614.0,70192.0,69694.0,70192.0,2,13422.0
83459,206.00,1603.00,5,2,10,10,2,8,6,21,59420.0,106222.0,64628.0,59420.0,58919.0,59420.0,1,46802.0
83460,154.00,1403.00,5,2,10,10,2,8,6,21,34311.0,96105.0,36003.0,34311.0,34304.0,34311.0,1,61794.0
83461,154.00,1551.00,5,2,10,10,2,8,6,21,80511.0,80060.0,76194.0,80511.0,80511.0,80511.0,0,0.0
83462,187.00,1667.00,5,2,10,10,2,8,6,21,108101.0,153391.0,88771.0,108101.0,104762.0,108101.0,1,45290.0
83463,187.00,1552.00,5,1,11,10,2,8,6,21,89159.0,82645.0,88812.0,89163.0,109601.0,89159.0,4,20442.0
83464,154.00,1474.00,5,2,10,10,2,8,6,21,54017.0,97432.0,59954.0,54017.0,54017.0,54017.0,1,43415.0
83465,154.00,1384.00,5,2,10,10,2,8,6,21,38342.0,81600.0,36063.0,38342.0,38342.0,38342.0,1,43258.0
83466,154.00,1391.00,5,2,10,10,2,8,6,21,75174.0,80847.0,57915.0,75174.0,75174.0,75174.0,1,5673.0
83467,154.00,1394.00,4,2,11,10,2,8,6,21,37801.0,48862.0,59238.0,37801.0,37801.0,37801.0,2,21437.0
83468,154.00,1542.00,5,2,10,10,2,8,6,21,98202.0,103716.0,73363.0,98202.0,98202.0,98202.0,1,5514.0
83469,154.00,1384.00,5,2,10,10,2,8,6,21,89865.0,71502.0,94818.0,89865.0,89865.0,89865.0,2,4953.0
83470,206.00,1693.00,5,2,10,10,2,8,6,21,98451.0,78280.0,110955.0,98451.0,97950.0,98451.0,2,12504.0
83471,154.00,1542.00,5,2,10,10,2,8,6,21,82370.0,29664.0,92316.0,82370.0,82370.0,82370.0,2,9946.0
83472,154.00,1462.00,5,2,10,10,2,8,6,21,75550.0,32226.0,71355.0,75550.0,75803.0,75550.0,4,253.0
83473,216.00,1655.00,5,2,10,10,2,8,6,21,91361.0,59131.0,103190.0,91361.0,90862.0,91361.0,2,11829.0
83474,216.00,1655.00,5,2,10,10,2,8,6,21,72408.0,61465.0,80307.0,72408.0,71907.0,72408.0,2,7899.0
83475,154.00,1391.00,5,2,10,10,2,8,6,21,29325.0,96419.0,38828.0,29325.0,29325.0,29325.0,1,67094.0
83476,154.00,1474.00,5,2,10,10,2,8,6,21,66270.0,121589.0,75665.0,66270.0,66270.0,66270.0,1,55319.0
83477,154.00,1560.00,5,2,10,10,2,8,6,21,65575.0,111321.0,76928.0,65575.0,65575.0,65575.0,1,45746.0
83478,187.00,1509.00,5,2,10,10,2,8,6,21,104672.0,79476.0,119678.0,104672.0,79409.0,104672.0,2,15006.0
83479,154.00,1394.00,5,2,10,10,2,8,6,21,69501.0,77462.0,75462.0,69501.0,69501.0,69501.0,1,7961.0
83480,187.00,1516.00,5,2,10,10,2,8,6,21,75416.0,36848.0,81004.0,75416.0,71009.0,75416.0,2,5588.0
83481,206.00,1693.00,5,2,10,10,2,8,6,21,134100.0,85006.0,132652.0,134100.0,133599.0,134100.0,0,0.0
83482,187.00,1519.00,5,2,10,10,2,8,6,21,41196.0,59935.0,48899.0,41196.0,58670.0,41196.0,1,18739.0
83483,154.00,1384.00,5,2,10,10,2,8,6,21,55033.0,67470.0,52968.0,55033.0,55033.0,55033.0,1,12437.0
83484,206.00,1622.00,5,2,10,10,2,8,6,21,106446.0,113013.0,89699.0,106446.0,105946.0,106446.0,1,6567.0
83485,187.00,1509.00,5,2,10,10,2,8,6,21,121820.0,76205.0,118598.0,121820.0,116398.0,121820.0,0,0.0
83486,154.00,1394.00,5,2,10,10,2,8,6,21,76292.0,66884.0,50831.0,76292.0,76292.0,76292.0,0,0.0
83487,206.00,1603.00,5,2,10,10,2,8,6,21,125027.0,106802.0,100558.0,125027.0,124526.0,125027.0,0,0.0
83488,216.00,1665.00,5,2,10,10,2,8,6,21,129168.0,109220.0,115170.0,129168.0,128642.0,129168.0,0,0.0
83489,187.00,1509.00,5,2,10,10,2,8,6,21,59181.0,83603.0,66893.0,59181.0,65130.0,59181.0,1,24422.0
83490,216.00,1662.00,5,2,10,10,2,8,6,21,111509.0,109928.0,94752.0,111509.0,111008.0,111509.0,0,0.0
83491,206.00,1610.00,5,2,10,10,2,8,6,21,95662.0,102961.0,98254.0,95662.0,95161.0,95662.0,1,7299.0
83492,187.00,1399.00,4,2,11,10,2,8,6,21,74849.0,74617.0,37388.0,74849.0,74849.0,74849.0,0,0.0
83493,154.00,1384.00,5,2,10,10,2,8,6,21,65520.0,77940.0,58945.0,65520.0,65520.0,65520.0,1,12420.0
83494,154.00,1384.00,5,2,10,10,2,8,6,21,71137.0,93201.0,69919.0,71137.0,71137.0,71137.0,1,22064.0
83495,187.00,1509.00,5,2,10,10,2,8,6,21,70086.0,42269.0,52818.0,70086.0,47567.0,70086.0,0,0.0
83496,154.00,1462.00,5,2,10,10,2,8,6,21,92200.0,77522.0,78782.0,92200.0,92443.0,92200.0,4,243.0
83497,187.00,1509.00,5,2,10,10,2,8,6,20,87185.0,86686.0,91168.0,87185.0,83145.0,87185.0,2,3983.0
83498,206.00,1603.00,5,2,10,10,2,8,6,21,82576.0,79262.0,75700.0,82576.0,82075.0,82576.0,0,0.0
83499,187.00,1676.00,5,2,10,10,2,8,6,21,96281.0,95889.0,79642.0,96281.0,90166.0,96281.0,0,0.0
83500,154.00,1384.00,5,2,10,10,2,8,6,21,78569.0,72660.0,72426.0,78569.0,78569.0,78569.0,0,0.0
83501,187.00,1667.00,5,2,10,10,2,8,6,21,63705.0,63205.0,62975.0,63705.0,72525.0,63705.0,4,8820.0
83502,216.00,1655.00,5,2,10,10,2,8,6,21,99085.0,98674.0,100743.0,99085.0,98584.0,99085.0,2,1658.0
83503,154.00,1384.00,5,2,10,10,2,8,6,21,79846.0,44204.0,82490.0,79846.0,79846.0,79846.0,2,2644.0
83504,187.00,1509.00,5,2,10,10,2,8,6,21,110278.0,84383.0,115352.0,110278.0,126431.0,110278.0,4,16153.0
83505,154.00,1274.00,4,2,11,10,2,8,6,21,97237.0,97325.0,84487.0,97237.0,97237.0,97237.0,1,88.0
83506,154.00,1542.00,5,2,10,10,2,8,6,21,86015.0,106877.0,100146.0,86015.0,86015.0,86015.0,1,20862.0
83507,206.00,1693.00,5,2,10,10,2,8,6,21,116848.0,80719.0,127714.0,116848.0,116351.0,116848.0,2,10866.0
83508,154.00,1391.00,5,2,10,10,2,8,6,21,55705.0,74058.0,85789.0,55705.0,55705.0,55705.0,2,30084.0
83509,154.00,1391.00,5,2,10,10,2,8,6,21,34226.0,77594.0,58278.0,34226.0,34226.0,34226.0,1,43368.0
83510,154.00,1384.00,5,2,10,10,2,8,6,21,93722.0,96564.0,98915.0,93722.0,93722.0,93722.0,2,5193.0
83511,154.00,1384.00,5,2,10,10,2,8,6,21,33234.0,20344.0,42914.0,33234.0,33234.0,33234.0,2,9680.0
83512,154.00,1560.00,5,2,10,10,2,8,6,21,72562.0,81909.0,68492.0,72562.0,72562.0,72562.0,1,9347.0
83513,216.00,1674.00,5,2,10,10,2,8,6,21,131849.0,124576.0,111830.0,131849.0,131349.0,131849.0,0,0.0
83514,154.00,1384.00,5,2,10,10,2,8,6,21,54945.0,68507.0,48028.0,54945.0,54945.0,54945.0,1,13562.0
83515,154.00,1384.00,5,2,10,10,2,8,6,21,78621.0,72939.0,84578.0,78621.0,78621.0,78621.0,2,5957.0
83516,154.00,1387.00,5,2,10,10,2,8,6,21,41662.0,41706.0,28770.0,41662.0,41662.0,41662.0,0,0.0
83517,216.00,1544.00,5,1,11,10,2,8,6,21,97323.0,64012.0,96122.0,97323.0,96998.0,97323.0,0,0.0
83518,154.00,1394.00,5,2,10,10,2,8,6,21,53694.0,88509.0,69323.0,53694.0,53694.0,53694.0,1,34815.0
83519,206.00,1613.00,5,2,10,10,2,8,6,21,63870.0,22947.0,72497.0,63870.0,63369.0,63870.0,2,8627.0
83520,154.00,1403.00,5,2,10,10,2,8,6,21,62865.0,62288.0,44523.0,62865.0,56825.0,62865.0,0,0.0
83521,154.00,1551.00,5,2,10,10,2,8,6,21,77803.0,98578.0,55536.0,77803.0,77803.0,77803.0,1,20775.0
83522,154.00,1474.00,5,2,10,10,2,8,6,21,71645.0,69991.0,86098.0,71645.0,71645.0,71645.0,2,14453.0
83523,216.00,1545.00,4,2,11,10,2,8,6,21,82168.0,78677.0,82068.0,82168.0,81623.0,82168.0,0,0.0
83524,154.00,1462.00,5,2,10,10,2,8,6,21,71836.0,67184.0,71542.0,71836.0,72054.0,71836.0,4,218.0
83525,206.00,1603.00,5,2,10,10,2,8,6,21,92883.0,82499.0,89073.0,92883.0,92382.0,92883.0,0,0.0
83526,206.00,1613.00,5,2,10,10,2,8,6,21,71852.0,88468.0,84764.0,71852.0,71351.0,71852.0,1,16616.0
83527,216.00,1668.00,5,2,10,10,2,8,6,21,108438.0,52709.0,98182.0,108461.0,107963.0,108438.0,0,0.0
83528,206.00,1613.00,5,2,10,10,2,8,6,21,41793.0,35145.0,69019.0,41793.0,41295.0,41793.0,2,27226.0
83529,187.00,1509.00,5,2,10,10,2,8,6,21,71537.0,78360.0,61841.0,71537.0,58314.0,71537.0,1,6823.0
83530,154.00,1403.00,5,2,10,10,2,8,6,21,36318.0,57382.0,22454.0,36318.0,36311.0,36318.0,1,21064.0
83531,154.00,1384.00,5,2,10,10,2,8,6,21,64426.0,88618.0,66742.0,64426.0,64426.0,64426.0,1,24192.0
83532,187.00,1516.00,5,2,10,10,2,8,6,21,83654.0,128461.0,88420.0,83654.0,63390.0,83654.0,1,44807.0
83533,216.00,1662.00,5,2,10,10,2,8,6,21,138216.0,78630.0,127427.0,138216.0,137715.0,138216.0,0,0.0
83534,154.00,1384.00,5,2,10,10,2,8,6,21,69832.0,83675.0,76770.0,69832.0,69832.0,69832.0,1,13843.0
83535,187.00,1509.00,5,2,10,10,2,8,6,21,88739.0,64870.0,88088.0,88739.0,75848.0,88739.0,0,0.0
83536,154.00,1279.00,5,1,11,10,2,8,6,21,50565.0,64633.0,54679.0,50565.0,50565.0,50565.0,1,14068.0
83537,206.00,1622.00,5,2,10,10,2,8,6,21,67283.0,53256.0,81991.0,67283.0,66787.0,67283.0,2,14708.0
83538,206.00,1613.00,5,2,10,10,2,8,6,21,90821.0,79820.0,89811.0,90821.0,90323.0,90821.0,0,0.0
83539,187.00,1519.00,5,2,10,10,2,8,6,21,95986.0,83221.0,92286.0,95986.0,64077.0,95986.0,0,0.0
83540,154.00,1394.00,5,2,10,10,2,8,6,21,49262.0,33057.0,47089.0,49262.0,49262.0,49262.0,0,0.0
83541,206.00,1603.00,5,2,10,10,2,8,6,21,62491.0,70536.0,39471.0,62491.0,61990.0,62491.0,1,8045.0
83542,216.00,1655.00,5,2,10,10,2,8,6,21,82806.0,78625.0,64017.0,82806.0,82308.0,82806.0,0,0.0
83543,216.00,1662.00,5,2,10,10,2,8,6,21,111024.0,110610.0,107740.0,111024.0,110525.0,111024.0,0,0.0
83544,154.00,1384.00,5,2,10,10,2,8,6,21,88695.0,45760.0,84468.0,88695.0,88695.0,88695.0,0,0.0
83545,154.00,1391.00,5,2,10,10,2,8,6,21,57553.0,84897.0,62244.0,57553.0,57553.0,57553.0,1,27344.0
83546,154.00,1384.00,5,2,10,10,2,8,6,21,92371.0,82451.0,82631.0,92371.0,92371.0,92371.0,0,0.0
83547,154.00,1384.00,5,2,10,10,2,8,6,21,57455.0,53420.0,44717.0,57455.0,57455.0,57455.0,0,0.0
83548,154.00,1384.00,5,2,10,10,2,8,6,21,76692.0,97130.0,82013.0,76692.0,76692.0,76692.0,1,20438.0
83549,154.00,1391.00,5,2,10,10,2,8,6,21,52940.0,98039.0,60551.0,52940.0,52940.0,52940.0,1,45099.0
83550,154.00,1542.00,5,2,10,10,2,8,6,21,66384.0,74233.0,79398.0,66384.0,66384.0,66384.0,2,13014.0
83551,216.00,1655.00,5,2,10,10,2,8,6,21,129146.0,136324.0,114555.0,129146.0,128647.0,129146.0,1,7178.0
83552,154.00,1391.00,5,2,10,10,2,8,6,21,71565.0,128503.0,65213.0,71565.0,71565.0,71565.0,1,56938.0
83553,206.00,1603.00,5,2,10,10,2,8,6,21,52870.0,73998.0,63088.0,52870.0,52372.0,52870.0,1,21128.0
83554,206.00,1603.00,5,2,10,10,2,8,6,21,121816.0,138994.0,103763.0,121816.0,121315.0,121816.0,1,17178.0
83555,187.00,1404.00,5,1,11,10,2,8,6,21,78196.0,106945.0,33277.0,78196.0,80860.0,78196.0,1,28749.0
83556,154.00,1551.00,5,2,10,10,2,8,6,21,59891.0,59364.0,77985.0,59891.0,59891.0,59891.0,2,18094.0
83557,187.00,1519.00,5,2,10,10,2,8,6,21,50734.0,78890.0,64995.0,50734.0,51884.0,50734.0,1,28156.0
83558,187.00,1519.00,5,2,10,10,2,8,6,21,55713.0,89074.0,39217.0,55713.0,39565.0,55713.0,1,33361.0
83559,154.00,1546.00,5,2,10,10,2,8,6,21,102772.0,72734.0,75334.0,102772.0,102772.0,102772.0,0,0.0
83560,216.00,1655.00,5,2,10,10,2,8,6,21,140933.0,122363.0,114219.0,140952.0,140435.0,140933.0,0,0.0
83561,154.00,1394.00,5,2,10,10,2,8,6,21,47793.0,42376.0,50941.0,47793.0,47793.0,47793.0,2,3148.0
83562,216.00,1655.00,5,2,10,10,2,8,6,21,89892.0,102534.0,68176.0,89892.0,89397.0,89892.0,1,12642.0
83563,206.00,1693.00,5,2,10,10,2,8,6,21,92272.0,110023.0,91783.0,92272.0,91776.0,92272.0,1,17751.0
83564,206.00,1607.00,5,2,10,10,2,8,6,21,40546.0,61827.0,68157.0,40546.0,40084.0,40546.0,2,27611.0
83565,187.00,1671.00,5,2,10,10,2,8,6,21,110144.0,91534.0,105969.0,110144.0,86828.0,110144.0,0,0.0
83566,154.00,1391.00,5,2,10,10,2,8,6,21,59130.0,26046.0,74598.0,59130.0,59130.0,59130.0,2,15468.0
83567,206.00,1622.00,5,2,10,10,2,8,6,21,86586.0,54998.0,64743.0,86586.0,86089.0,86586.0,0,0.0
83568,187.00,1528.00,5,2,10,10,2,8,6,21,62485.0,50656.0,88012.0,62485.0,48077.0,62485.0,2,25527.0
83569,154.00,1542.00,5,2,10,10,2,8,6,21,57067.0,72769.0,59300.0,57067.0,57067.0,57067.0,1,15702.0
83570,154.00,1277.00,5,1,11,10,2,8,6,21,74195.0,119482.0,84522.0,74195.0,74195.0,74195.0,1,45287.0
83571,154.00,1394.00,5,2,10,10,2,8,6,21,52720.0,93261.0,30530.0,52720.0,52720.0,52720.0,1,40541.0
83572,206.00,1603.00,5,2,10,10,2,8,6,21,89177.0,106257.0,100375.0,89177.0,88678.0,89177.0,1,17080.0
83573,187.00,1398.00,5,1,11,10,2,8,6,21,53071.0,49965.0,63446.0,53071.0,53071.0,53071.0,2,10375.0
83574,154.00,1384.00,5,2,10,10,2,8,6,21,71945.0,61666.0,73273.0,71945.0,71945.0,71945.0,2,1328.0
83575,206.00,1693.00,5,2,10,10,2,8,6,21,86497.0,56414.0,85929.0,86497.0,85996.0,86497.0,0,0.0
83576,206.00,1613.00,5,2,10,10,2,8,6,21,101480.0,65168.0,76764.0,101480.0,100979.0,101480.0,0,0.0
83577,206.00,1570.00,4,2,11,10,2,8,6,21,100502.0,74020.0,99857.0,100502.0,99953.0,100502.0,0,0.0
83578,154.00,1394.00,4,2,11,10,2,8,6,21,50819.0,72470.0,48850.0,50819.0,50819.0,50819.0,1,21651.0
83579,154.00,1391.00,5,2,10,10,2,8,6,21,94931.0,78407.0,54976.0,94931.0,94931.0,94931.0,0,0.0
83580,154.00,1384.00,5,2,10,10,2,8,6,21,71556.0,65981.0,68509.0,71556.0,71556.0,71556.0,0,0.0
83581,187.00,1516.00,5,2,10,10,2,8,6,21,104752.0,104248.0,58016.0,104752.0,64648.0,104752.0,0,0.0
83582,154.00,1384.00,5,2,10,10,2,8,6,21,78612.0,74577.0,78788.0,78612.0,78612.0,78612.0,2,176.0
83583,206.00,1603.00,5,2,10,10,2,8,6,21,76934.0,48089.0,76361.0,76934.0,76436.0,76934.0,0,0.0
83584,187.00,1676.00,5,2,10,10,2,8,6,21,67177.0,27803.0,89826.0,67177.0,66702.0,67177.0,2,22649.0
83585,154.00,1542.00,5,2,10,10,2,8,6,21,88915.0,81670.0,68668.0,88915.0,88915.0,88915.0,0,0.0
83586,206.00,1603.00,5,2,10,10,2,8,6,21,45653.0,70493.0,75147.0,45653.0,45155.0,45653.0,2,29494.0
83587,206.00,1622.00,5,2,10,10,2,8,6,21,99852.0,122150.0,83840.0,99852.0,99356.0,99852.0,1,22298.0
83588,154.00,1384.00,5,2,10,10,2,8,6,21,48787.0,102607.0,32856.0,48787.0,48787.0,48787.0,1,53820.0
83589,154.00,1391.00,5,2,10,10,2,8,6,21,76261.0,85521.0,73781.0,76261.0,76261.0,76261.0,1,9260.0
83590,154.00,1462.00,5,2,10,10,2,8,6,21,87159.0,55509.0,87351.0,87159.0,87399.0,87159.0,2,192.0
83591,187.00,1676.00,5,2,10,10,2,8,6,21,120223.0,63923.0,119871.0,120223.0,97976.0,120223.0,0,0.0
83592,216.00,1655.00,5,2,10,10,2,8,6,21,124004.0,114286.0,111470.0,124004.0,123503.0,124004.0,0,0.0
83593,154.00,1462.00,5,2,10,10,2,8,6,21,77848.0,126667.0,78004.0,77848.0,78102.0,77848.0,1,48819.0
83594,154.00,1462.00,5,2,10,10,2,8,6,21,95515.0,56054.0,73345.0,95515.0,95757.0,95515.0,4,242.0
83595,154.00,1462.00,4,2,11,10,2,8,6,21,108199.0,129912.0,96730.0,108199.0,132949.0,108199.0,4,24750.0
83596,187.00,1509.00,5,2,10,10,2,8,6,21,82684.0,100788.0,82195.0,82684.0,100730.0,82684.0,1,18104.0
83597,206.00,1606.00,5,2,10,10,2,8,6,21,111184.0,71687.0,104543.0,111213.0,110715.0,111184.0,0,0.0
83598,187.00,1518.00,5,2,10,10,2,8,6,21,82245.0,39576.0,73402.0,82245.0,58692.0,82245.0,0,0.0
83599,206.00,1622.00,5,2,10,10,2,8,6,21,78714.0,70120.0,54578.0,78714.0,78214.0,78714.0,0,0.0
83600,206.00,1603.00,5,2,10,10,2,8,6,21,50528.0,53040.0,48230.0,50528.0,50027.0,50528.0,1,2512.0
83601,187.00,1528.00,5,2,10,10,2,8,6,21,54860.0,132986.0,90307.0,54860.0,63474.0,54860.0,1,78126.0
83602,187.00,1553.00,4,2,11,10,2,8,6,21,64623.0,110038.0,64167.0,64623.0,66051.0,64623.0,1,45415.0
83603,154.00,1542.00,5,2,10,10,2,8,6,21,57202.0,53615.0,56884.0,57202.0,57202.0,57202.0,0,0.0
83604,154.00,1384.00,5,2,10,10,2,8,6,21,56598.0,70631.0,51307.0,56598.0,56598.0,56598.0,1,14033.0
83605,154.00,1394.00,5,2,10,10,2,8,6,21,25429.0,33818.0,29574.0,25429.0,25429.0,25429.0,1,8389.0
83606,206.00,1681.00,5,2,10,10,2,8,6,21,116310.0,105030.0,114894.0,116310.0,115768.0,116310.0,0,0.0
83607,154.00,1474.00,5,2,10,10,2,8,6,21,60647.0,110968.0,55864.0,60647.0,60647.0,60647.0,1,50321.0
83608,187.00,1516.00,5,2,10,10,2,8,6,21,83393.0,36647.0,82062.0,83393.0,94129.0,83393.0,4,10736.0
83609,187.00,1509.00,5,2,10,10,2,8,6,21,73584.0,97729.0,74977.0,73584.0,84582.0,73584.0,1,24145.0
83610,216.00,1551.00,4,2,11,10,2,8,6,21,104705.0,49383.0,123241.0,104705.0,104156.0,104705.0,2,18536.0
83611,154.00,1391.00,5,2,10,10,2,8,6,21,56044.0,41901.0,52670.0,56044.0,56044.0,56044.0,0,0.0
83612,206.00,1681.00,5,2,10,10,2,8,6,21,125602.0,50505.0,125015.0,125602.0,125103.0,125602.0,0,0.0
83613,187.00,1405.00,4,2,11,10,2,8,6,21,117762.0,114408.0,89959.0,117762.0,94829.0,117762.0,0,0.0
83614,154.00,1560.00,5,2,10,10,2,8,6,21,68425.0,88803.0,62547.0,68425.0,68425.0,68425.0,1,20378.0
83615,154.00,1407.00,5,2,10,10,2,8,6,21,25127.0,81645.0,53604.0,25127.0,25117.0,25127.0,1,56518.0
83616,154.00,1384.00,5,2,10,10,2,8,6,21,60161.0,73953.0,58579.0,60161.0,60161.0,60161.0,1,13792.0
83617,154.00,1462.00,5,2,10,10,2,8,6,21,76719.0,98439.0,114972.0,76719.0,76933.0,76719.0,2,38253.0
83618,216.00,1655.00,5,2,10,10,2,8,6,21,87865.0,93863.0,90268.0,87865.0,87366.0,87865.0,1,5998.0
83619,216.00,1659.00,5,2,10,10,2,8,6,21,108462.0,79800.0,108154.0,108462.0,107961.0,108462.0,0,0.0
83620,154.00,1462.00,5,2,10,10,2,8,6,21,81967.0,101434.0,99540.0,81967.0,82209.0,81967.0,1,19467.0
83621,187.00,1516.00,5,2,10,10,2,8,6,21,84109.0,78825.0,86650.0,84109.0,102569.0,84109.0,4,18460.0
83622,187.00,1509.00,5,2,10,10,2,8,6,21,76717.0,87276.0,58955.0,76717.0,80717.0,76717.0,1,10559.0
83623,187.00,1667.00,5,2,10,10,2,8,6,21,82671.0,66422.0,80434.0,82671.0,82272.0,82671.0,0,0.0
83624,154.00,1542.00,5,2,10,10,2,8,6,21,58785.0,63675.0,54720.0,58785.0,58785.0,58785.0,1,4890.0
83625,154.00,1384.00,5,2,10,10,2,8,6,21,66530.0,71900.0,82337.0,66530.0,66530.0,66530.0,2,15807.0
83626,187.00,1509.00,5,2,10,10,2,8,6,21,106507.0,116304.0,98915.0,106507.0,92952.0,106507.0,1,9797.0
83627,187.00,1519.00,5,2,10,10,2,8,6,21,56742.0,74161.0,65192.0,56742.0,78651.0,56742.0,4,21909.0
83628,206.00,1610.00,5,2,10,10,2,8,6,21,73588.0,92288.0,67854.0,73588.0,73089.0,73588.0,1,18700.0
83629,187.00,1513.00,5,2,10,10,2,8,6,21,104635.0,105272.0,97812.0,104635.0,101112.0,104635.0,1,637.0
83630,154.00,1462.00,5,2,10,10,2,8,6,21,94050.0,91445.0,109903.0,94050.0,94289.0,94050.0,2,15853.0
83631,154.00,1384.00,5,2,10,10,2,8,6,21,96223.0,93399.0,70213.0,96223.0,96223.0,96223.0,0,0.0
83632,206.00,1622.00,5,2,10,10,2,8,6,21,68682.0,88140.0,62754.0,68682.0,68181.0,68682.0,1,19458.0
83633,187.00,1516.00,5,2,10,10,2,8,6,21,112670.0,79035.0,96899.0,112670.0,85908.0,112670.0,0,0.0
83634,216.00,1669.00,5,2,10,10,2,8,6,21,136196.0,124402.0,134008.0,136223.0,135698.0,136196.0,0,0.0
83635,187.00,1676.00,5,2,10,10,2,8,6,21,101245.0,70919.0,126440.0,101245.0,111319.0,101245.0,2,25195.0
83636,154.00,1394.00,5,2,10,10,2,8,6,21,51100.0,121243.0,40792.0,51100.0,51100.0,51100.0,1,70143.0
83637,216.00,1655.00,5,2,10,10,2,8,6,21,112606.0,71633.0,124250.0,112606.0,112108.0,112606.0,2,11644.0
83638,187.00,1516.00,5,2,10,10,2,8,6,21,74474.0,118862.0,74822.0,74474.0,67202.0,74474.0,1,44388.0
83639,154.00,1384.00,5,2,10,10,2,8,6,21,35881.0,57365.0,41309.0,35881.0,35881.0,35881.0,1,21484.0
83640,154.00,1462.00,5,2,10,10,2,8,6,21,91053.0,106522.0,106940.0,91053.0,91299.0,91053.0,2,15887.0
83641,187.00,1516.00,5,2,10,10,2,8,6,21,57489.0,109848.0,55233.0,57489.0,59554.0,57489.0,1,52359.0
83642,187.00,1509.00,5,2,10,10,2,8,6,21,110395.0,35166.0,77369.0,110395.0,106048.0,110395.0,0,0.0
83643,154.00,1391.00,5,2,10,10,2,8,6,21,56836.0,129887.0,61545.0,56836.0,56836.0,56836.0,1,73051.0
83644,154.00,1474.00,5,2,10,10,2,8,6,21,73729.0,67708.0,57004.0,73729.0,73729.0,73729.0,0,0.0
83645,187.00,1667.00,5,2,10,10,2,8,6,21,127020.0,87054.0,125975.0,127020.0,103689.0,127020.0,0,0.0
83646,187.00,1519.00,5,2,10,10,2,8,6,21,66832.0,85343.0,81696.0,66832.0,57168.0,66832.0,1,18511.0
83647,154.00,1394.00,5,2,10,10,2,8,6,21,60024.0,78977.0,45251.0,60024.0,60024.0,60024.0,1,18953.0
83648,187.00,1509.00,5,2,10,10,2,8,6,21,94045.0,93541.0,87989.0,94045.0,67904.0,94045.0,0,0.0
83649,154.00,1384.00,5,2,10,10,2,8,6,21,67949.0,72209.0,68068.0,67949.0,67949.0,67949.0,1,4260.0
83650,206.00,1603.00,5,2,10,10,2,8,6,21,63694.0,60963.0,61440.0,63694.0,63195.0,63694.0,0,0.0
83651,206.00,1610.00,5,2,10,10,2,8,6,21,83984.0,82104.0,88172.0,83984.0,83485.0,83984.0,2,4188.0
83652,187.00,1516.00,5,2,10,10,2,8,6,21,103541.0,61318.0,101963.0,103541.0,104885.0,103541.0,4,1344.0
83653,206.00,1613.00,5,2,10,10,2,8,6,21,54477.0,32578.0,73883.0,54477.0,53976.0,54477.0,2,19406.0
83654,154.00,1384.00,5,2,10,10,2,8,6,21,60949.0,80916.0,33457.0,60949.0,60949.0,60949.0,1,19967.0
83655,206.00,1610.00,5,2,10,10,2,8,6,21,74425.0,140292.0,69769.0,74425.0,73924.0,74425.0,1,65867.0
83656,154.00,1393.00,5,2,10,10,2,8,6,21,65698.0,124598.0,88793.0,65698.0,65698.0,65698.0,1,58900.0
83657,154.00,1384.00,4,2,11,10,2,8,6,21,58995.0,52854.0,64166.0,58995.0,58995.0,58995.0,2,5171.0
83658,216.00,1655.00,5,2,10,10,2,8,6,21,77111.0,90458.0,68188.0,77145.0,76613.0,77111.0,1,13347.0
83659,206.00,1693.00,5,2,10,10,2,8,6,21,76839.0,72591.0,75743.0,76839.0,76339.0,76839.0,0,0.0
83660,206.00,1613.00,5,2,10,10,2,8,6,21,74087.0,46392.0,80284.0,74087.0,73586.0,74087.0,2,6197.0
83661,206.00,1681.00,5,2,10,10,2,8,6,21,69239.0,53960.0,99162.0,69239.0,68741.0,69239.0,2,29923.0
83662,154.00,1542.00,5,2,10,10,2,8,6,21,70258.0,104908.0,68825.0,70258.0,70258.0,70258.0,1,34650.0
83663,187.00,1516.00,5,2,10,10,2,8,6,21,115011.0,42823.0,89135.0,115011.0,109819.0,115011.0,0,0.0
83664,216.00,1655.00,5,2,10,10,2,8,6,21,84601.0,53096.0,86669.0,84601.0,84100.0,84601.0,2,2068.0
83665,206.00,1603.00,5,2,10,10,2,8,6,21,98966.0,66812.0,89285.0,98966.0,98467.0,98966.0,0,0.0
83666,154.00,1542.00,5,2,10,10,2,8,6,21,80820.0,115670.0,60201.0,80820.0,80820.0,80820.0,1,34850.0
83667,154.00,1384.00,5,2,10,10,2,8,6,21,64960.0,102023.0,32214.0,64960.0,64960.0,64960.0,1,37063.0
83668,154.00,1394.00,5,2,10,10,2,8,6,21,78466.0,60494.0,74752.0,78466.0,78466.0,78466.0,0,0.0
83669,206.00,1681.00,5,2,10,10,2,8,6,21,67661.0,89576.0,69453.0,67661.0,67162.0,67661.0,1,21915.0
83670,206.00,1603.00,5,2,10,10,2,8,6,21,75069.0,103626.0,72666.0,75069.0,74570.0,75069.0,1,28557.0
83671,206.00,1610.00,5,2,10,10,2,8,6,21,64715.0,82654.0,59012.0,64715.0,64214.0,64715.0,1,17939.0
83672,206.00,1573.00,4,2,11,10,2,8,6,21,68801.0,62995.0,66539.0,68780.0,68261.0,68801.0,0,0.0
83673,206.00,1570.00,4,2,11,10,2,8,6,21,100876.0,96664.0,108236.0,100876.0,100331.0,100876.0,2,7360.0
83674,216.00,1655.00,5,2,10,10,2,8,6,21,74042.0,83164.0,94318.0,74042.0,73541.0,74042.0,2,20276.0
83675,154.00,1391.00,5,2,10,10,2,8,6,21,34842.0,73103.0,29312.0,34842.0,34842.0,34842.0,1,38261.0
83676,187.00,1509.00,5,2,10,10,2,8,6,21,108547.0,39827.0,80336.0,108547.0,80050.0,108547.0,0,0.0
83677,154.00,1403.00,5,2,10,10,2,8,6,21,40153.0,66088.0,22429.0,40153.0,47018.0,40153.0,1,25935.0
83678,206.00,1610.00,5,2,10,10,2,8,6,21,46949.0,74304.0,73428.0,46949.0,46450.0,46949.0,1,27355.0
83679,206.00,1681.00,5,2,10,10,2,8,6,21,146679.0,106362.0,107545.0,146679.0,146181.0,146679.0,0,0.0
83680,206.00,1622.00,5,2,10,10,2,8,6,21,83019.0,51495.0,63167.0,83019.0,82522.0,83019.0,0,0.0
83681,154.00,1391.00,5,2,10,10,2,8,6,21,55842.0,52695.0,51893.0,55842.0,55842.0,55842.0,0,0.0
83682,216.00,1655.00,5,2,10,10,2,8,6,21,123809.0,116362.0,132744.0,123809.0,123311.0,123809.0,2,8935.0
83683,206.00,1681.00,5,2,10,10,2,8,6,21,145751.0,96280.0,135903.0,145779.0,145254.0,145751.0,0,0.0
83684,154.00,1551.00,5,2,10,10,2,8,6,21,77539.0,118941.0,75932.0,77539.0,77539.0,77539.0,1,41402.0
83685,154.00,1403.00,5,2,10,10,2,8,6,21,48520.0,62982.0,25665.0,48520.0,48631.0,48520.0,1,14462.0
83686,154.00,1384.00,5,2,10,10,2,8,6,21,76739.0,79060.0,70410.0,76739.0,76739.0,76739.0,1,2321.0
83687,206.00,1614.00,4,2,11,10,2,8,6,21,99556.0,85002.0,99344.0,99556.0,99020.0,99556.0,0,0.0
83688,187.00,1667.00,5,2,10,10,2,8,6,21,86266.0,76464.0,65235.0,86266.0,102729.0,86266.0,4,16463.0
83689,154.00,1384.00,5,2,10,10,2,8,6,20,24914.0,52585.0,23468.0,24914.0,24914.0,24914.0,1,27671.0
83690,187.00,1509.00,5,2,10,10,2,8,6,21,112039.0,123130.0,100425.0,112039.0,94284.0,112039.0,1,11091.0
83691,187.00,1509.00,5,2,10,10,2,8,6,21,99532.0,99343.0,98722.0,99532.0,101311.0,99532.0,4,1779.0
83692,154.00,1384.00,5,2,10,10,2,8,6,21,88216.0,43785.0,92475.0,88216.0,88216.0,88216.0,2,4259.0
83693,216.00,1665.00,5,2,10,10,2,8,6,21,117740.0,115462.0,130961.0,117740.0,117242.0,117740.0,2,13221.0
83694,216.00,1655.00,5,2,10,10,2,8,6,21,89353.0,44202.0,106048.0,89353.0,88852.0,89353.0,2,16695.0
83695,216.00,1662.00,5,2,10,10,2,8,6,21,97447.0,76402.0,120154.0,97447.0,96946.0,97447.0,2,22707.0
83696,216.00,1658.00,5,2,10,10,2,8,6,21,110143.0,94003.0,89498.0,110143.0,109647.0,110143.0,0,0.0
83697,187.00,1519.00,5,2,10,10,2,8,6,21,33484.0,32983.0,37899.0,33484.0,66434.0,33484.0,4,32950.0
83698,154.00,1394.00,5,2,10,10,2,8,6,21,63118.0,111829.0,62654.0,63118.0,63118.0,63118.0,1,48711.0
83699,216.00,1665.00,5,2,10,10,2,8,6,21,104986.0,71124.0,109599.0,104986.0,104485.0,104986.0,2,4613.0
83700,154.00,1403.00,5,2,10,10,2,8,6,21,57002.0,73244.0,31032.0,57002.0,57048.0,57002.0,1,16242.0
83701,154.00,1391.00,5,2,10,10,2,8,6,21,78701.0,66278.0,94063.0,78701.0,78701.0,78701.0,2,15362.0
83702,154.00,1384.00,5,2,10,10,2,8,6,21,92845.0,86004.0,98752.0,92845.0,92845.0,92845.0,2,5907.0
83703,206.00,1681.00,5,2,10,10,2,8,6,21,83561.0,76682.0,82613.0,83561.0,83060.0,83561.0,0,0.0
83704,154.00,1474.00,5,2,10,10,2,8,6,21,81545.0,54835.0,67523.0,81545.0,81545.0,81545.0,0,0.0
83705,216.00,1665.00,5,2,10,10,2,8,6,21,102475.0,74209.0,108387.0,102475.0,101977.0,102475.0,2,5912.0
83706,187.00,1516.00,5,2,10,10,2,8,6,21,61794.0,63803.0,74947.0,61794.0,75292.0,61794.0,4,13498.0
83707,154.00,1316.00,4,2,11,10,2,8,6,21,51590.0,81972.0,41170.0,51590.0,51590.0,51590.0,1,30382.0
83708,216.00,1662.00,5,2,10,10,2,8,6,21,113939.0,59365.0,124239.0,113939.0,113441.0,113939.0,2,10300.0
83709,206.00,1681.00,5,2,10,10,2,8,6,21,107508.0,61335.0,86599.0,107508.0,107007.0,107508.0,0,0.0
83710,187.00,1516.00,5,2,10,10,2,8,6,21,77073.0,91421.0,83421.0,77073.0,79165.0,77073.0,1,14348.0
83711,154.00,1474.00,5,2,10,10,2,8,6,21,59847.0,63086.0,59859.0,59847.0,59847.0,59847.0,1,3239.0
83712,154.00,1542.00,5,2,10,10,2,8,6,21,66059.0,54251.0,59961.0,66059.0,66059.0,66059.0,0,0.0
83713,154.00,1407.00,5,2,10,10,2,8,6,21,41533.0,104010.0,31152.0,41533.0,41521.0,41533.0,1,62477.0
83714,187.00,1667.00,5,2,10,10,2,8,6,21,92348.0,119399.0,93080.0,92348.0,74853.0,92348.0,1,27051.0
83715,154.00,1391.00,5,2,10,10,2,8,6,21,72841.0,75287.0,83600.0,72841.0,72841.0,72841.0,2,10759.0
83716,216.00,1665.00,5,2,10,10,2,8,6,21,87543.0,116467.0,72855.0,87543.0,87042.0,87543.0,1,28924.0
83717,206.00,1681.00,5,2,10,10,2,8,6,21,91043.0,33490.0,65207.0,91043.0,90544.0,91043.0,0,0.0
83718,187.00,1676.00,5,2,10,10,2,8,6,21,125513.0,125072.0,122872.0,125513.0,89281.0,125513.0,0,0.0
83719,216.00,1662.00,5,2,10,10,2,8,6,21,113263.0,121392.0,98702.0,113263.0,112762.0,113263.0,1,8129.0
83720,206.00,1492.00,5,1,11,10,2,8,6,21,121867.0,118925.0,114629.0,121871.0,117612.0,121867.0,0,0.0
83721,154.00,1384.00,5,2,10,10,2,8,6,21,41137.0,97031.0,44053.0,41137.0,41137.0,41137.0,1,55894.0
83722,216.00,1655.00,5,2,10,10,2,8,6,21,91920.0,100273.0,91201.0,91920.0,91419.0,91920.0,1,8353.0
83723,216.00,1662.00,5,2,10,10,2,8,6,21,102932.0,86432.0,110833.0,102932.0,102433.0,102932.0,2,7901.0
83724,187.00,1516.00,5,2,10,10,2,8,6,21,82163.0,73038.0,72748.0,82163.0,91531.0,82163.0,4,9368.0
83725,187.00,1667.00,5,2,10,10,2,8,6,21,90951.0,98400.0,76061.0,90951.0,92352.0,90951.0,1,7449.0
83726,154.00,1542.00,5,2,10,10,2,8,6,21,66459.0,71530.0,59893.0,66459.0,66459.0,66459.0,1,5071.0
83727,216.00,1655.00,5,2,10,10,2,8,6,21,105901.0,105557.0,86736.0,105901.0,105403.0,105901.0,0,0.0
83728,154.00,1394.00,5,2,10,10,2,8,6,21,76099.0,97069.0,52134.0,76099.0,76099.0,76099.0,1,20970.0
83729,154.00,1391.00,5,2,10,10,2,8,6,21,44625.0,78084.0,34006.0,44625.0,44625.0,44625.0,1,33459.0
83730,187.00,1509.00,5,2,10,10,2,8,6,21,45970.0,44365.0,62909.0,45970.0,51061.0,45970.0,2,16939.0
83731,154.00,1542.00,5,2,10,10,2,8,6,21,89236.0,124082.0,77728.0,89236.0,89236.0,89236.0,1,34846.0
83732,154.00,1391.00,5,2,10,10,2,8,6,21,38114.0,28735.0,67535.0,38114.0,38114.0,38114.0,2,29421.0
83733,216.00,1662.00,5,2,10,10,2,8,6,21,98879.0,90818.0,86096.0,98879.0,98380.0,98879.0,0,0.0
83734,154.00,1462.00,5,2,10,10,2,8,6,21,78761.0,59388.0,74742.0,78761.0,78983.0,78761.0,4,222.0
83735,206.00,1613.00,5,2,10,10,2,8,6,21,90038.0,84338.0,69382.0,90038.0,89537.0,90038.0,0,0.0
83736,154.00,1279.00,5,1,11,10,2,8,6,21,58973.0,102453.0,36149.0,58973.0,58973.0,58973.0,1,43480.0
83737,216.00,1558.00,4,2,11,10,2,8,6,21,107269.0,87103.0,102922.0,107276.0,106728.0,107269.0,0,0.0
83738,206.00,1548.00,4,2,11,10,2,8,6,21,107678.0,112289.0,76411.0,107681.0,107254.0,107678.0,1,4611.0
83739,187.00,1676.00,5,2,10,10,2,8,6,21,87008.0,78694.0,85764.0,87008.0,96277.0,87008.0,4,9269.0
83740,187.00,1519.00,5,2,10,10,2,8,6,21,67817.0,84974.0,106396.0,67817.0,80425.0,67817.0,2,38579.0
83741,206.00,1613.00,5,2,10,10,2,8,6,21,80794.0,87100.0,77377.0,80794.0,80295.0,80794.0,1,6306.0
83742,187.00,1519.00,4,2,11,10,2,8,6,21,88673.0,131678.0,71533.0,88673.0,79613.0,88673.0,1,43005.0
83743,187.00,1404.00,5,1,11,10,2,8,6,21,53059.0,71676.0,68322.0,53059.0,60667.0,53059.0,1,18617.0
83744,154.00,1384.00,5,2,10,10,2,8,6,21,52343.0,63368.0,48910.0,52343.0,52343.0,52343.0,1,11025.0
83745,154.00,1560.00,5,2,10,10,2,8,6,21,87186.0,47570.0,69852.0,87186.0,87186.0,87186.0,0,0.0
83746,187.00,1509.00,5,2,10,10,2,8,6,21,106929.0,57633.0,96280.0,106929.0,103820.0,106929.0,0,0.0
83747,154.00,1462.00,5,2,10,10,2,8,6,21,105646.0,65688.0,104222.0,105646.0,105638.0,105646.0,0,0.0
83748,187.00,1399.00,4,2,11,10,2,8,6,21,100321.0,125631.0,109354.0,100321.0,100321.0,100321.0,1,25310.0
83749,216.00,1665.00,5,2,10,10,2,8,6,21,103821.0,50306.0,91643.0,103821.0,103320.0,103821.0,0,0.0
83750,154.00,1560.00,5,2,10,10,2,8,6,21,60508.0,68060.0,62855.0,60508.0,60508.0,60508.0,1,7552.0
83751,154.00,1551.00,5,2,10,10,2,8,6,21,88308.0,53018.0,72280.0,88308.0,88308.0,88308.0,0,0.0
83752,154.00,1462.00,5,2,10,10,2,8,6,21,71852.0,99065.0,76215.0,71852.0,72069.0,71852.0,1,27213.0
83753,187.00,1519.00,5,2,10,10,2,8,6,21,72517.0,61710.0,89352.0,72517.0,90988.0,72517.0,4,18471.0
83754,154.00,1542.00,5,2,10,10,2,8,6,21,74822.0,64161.0,74567.0,74822.0,74822.0,74822.0,0,0.0
83755,154.00,1387.00,5,2,10,10,2,8,6,21,64207.0,93499.0,66667.0,64207.0,64207.0,64207.0,1,29292.0
83756,216.00,1655.00,5,2,10,10,2,8,6,21,75737.0,65653.0,55321.0,75737.0,75236.0,75737.0,0,0.0
83757,187.00,1667.00,5,2,10,10,2,8,6,21,104133.0,123548.0,103012.0,104173.0,84652.0,104133.0,1,19415.0
83758,206.00,1603.00,5,2,10,10,2,8,6,21,67488.0,56962.0,66536.0,67488.0,66942.0,67488.0,0,0.0
83759,187.00,1519.00,5,2,10,10,2,8,6,21,87834.0,53444.0,100106.0,87834.0,84876.0,87834.0,2,12272.0
83760,187.00,1509.00,5,2,10,10,2,8,6,21,83844.0,33437.0,60355.0,83844.0,63588.0,83844.0,0,0.0
83761,154.00,1474.00,5,2,10,10,2,8,6,21,52597.0,117017.0,75071.0,52597.0,52597.0,52597.0,1,64420.0
83762,154.00,1542.00,5,2,10,10,2,8,6,21,94162.0,68002.0,82668.0,94162.0,94162.0,94162.0,0,0.0
83763,206.00,1570.00,4,2,11,10,2,8,6,21,69889.0,73788.0,69827.0,69889.0,69349.0,69889.0,1,3899.0
83764,154.00,1387.00,5,2,10,10,2,8,6,21,80864.0,66861.0,78793.0,80864.0,80864.0,80864.0,0,0.0
83765,154.00,1462.00,5,2,10,10,2,8,6,21,80331.0,100626.0,99662.0,80331.0,80578.0,80331.0,1,20295.0
83766,206.00,1622.00,5,2,10,10,2,8,6,21,83615.0,75360.0,62674.0,83615.0,83118.0,83615.0,0,0.0
83767,206.00,1603.00,5,2,10,10,2,8,6,21,109348.0,123522.0,104173.0,109348.0,108849.0,109348.0,1,14174.0
83768,216.00,1655.00,5,2,10,10,2,8,6,21,78797.0,78293.0,76626.0,78797.0,78296.0,78797.0,0,0.0
83769,216.00,1655.00,5,2,10,10,2,8,6,21,106477.0,30801.0,97322.0,106477.0,105976.0,106477.0,0,0.0
83770,216.00,1662.00,5,2,10,10,2,8,6,21,86086.0,79651.0,91588.0,86086.0,85585.0,86086.0,2,5502.0
83771,187.00,1518.00,5,2,10,10,2,8,6,21,44050.0,42925.0,76243.0,44050.0,70591.0,44050.0,2,32193.0
83772,187.00,1516.00,5,2,10,10,2,8,6,21,90183.0,62467.0,81559.0,90183.0,80730.0,90183.0,0,0.0
83773,206.00,1603.00,5,2,10,10,2,8,6,21,35072.0,63882.0,30562.0,35072.0,34571.0,35072.0,1,28810.0
83774,154.00,1542.00,5,2,10,10,2,8,6,21,75401.0,85029.0,89256.0,75401.0,75401.0,75401.0,2,13855.0
83775,216.00,1665.00,5,2,10,10,2,8,6,21,111751.0,107841.0,100192.0,111751.0,111207.0,111751.0,0,0.0
83776,187.00,1509.00,5,2,10,10,2,8,6,21,56311.0,105216.0,44530.0,56311.0,56707.0,56311.0,1,48905.0
83777,187.00,1667.00,5,2,10,10,2,8,6,21,71814.0,86324.0,70705.0,71814.0,93454.0,71814.0,4,21640.0
83778,154.00,1384.00,5,2,10,10,2,8,6,21,59923.0,93582.0,56555.0,59923.0,59923.0,59923.0,1,33659.0
83779,154.00,1384.00,5,2,10,10,2,8,6,21,52892.0,68658.0,44673.0,52892.0,52892.0,52892.0,1,15766.0
83780,187.00,1528.00,5,2,10,10,2,8,6,21,97508.0,69398.0,64016.0,97508.0,83094.0,97508.0,0,0.0
83781,216.00,1662.00,5,2,10,10,2,8,6,21,104625.0,79193.0,115605.0,104625.0,104126.0,104625.0,2,10980.0
83782,154.00,1391.00,5,2,10,10,2,8,6,21,45083.0,38592.0,63143.0,45083.0,45083.0,45083.0,2,18060.0
83783,187.00,1519.00,5,2,10,10,2,8,6,21,31641.0,55138.0,30583.0,31641.0,40972.0,31641.0,1,23497.0
83784,206.00,1613.00,5,2,10,10,2,8,6,21,88605.0,88104.0,63864.0,88605.0,88106.0,88605.0,0,0.0
83785,187.00,1509.00,5,2,10,10,2,8,6,21,119152.0,97960.0,96711.0,119152.0,92376.0,119152.0,0,0.0
83786,206.00,1610.00,5,2,10,10,2,8,6,21,60213.0,77838.0,58398.0,60213.0,59712.0,60213.0,1,17625.0
83787,154.00,1542.00,5,2,10,10,2,8,6,21,66846.0,81760.0,66215.0,66846.0,66846.0,66846.0,1,14914.0
83788,154.00,1542.00,5,2,10,10,2,8,6,21,62775.0,60357.0,65242.0,62775.0,62775.0,62775.0,2,2467.0
83789,206.00,1603.00,5,2,10,10,2,8,6,21,59011.0,102119.0,68043.0,59011.0,58513.0,59011.0,1,43108.0
83790,154.00,1384.00,5,2,10,10,2,8,6,21,90187.0,78227.0,85811.0,90187.0,90187.0,90187.0,0,0.0
83791,206.00,1693.00,5,2,10,10,2,8,6,21,75697.0,75196.0,74641.0,75697.0,75194.0,75697.0,0,0.0
83792,206.00,1603.00,5,2,10,10,2,8,6,21,86495.0,88085.0,77872.0,86495.0,85994.0,86495.0,1,1590.0
83793,187.00,1519.00,5,2,10,10,2,8,6,21,63676.0,128562.0,43734.0,63676.0,39970.0,63676.0,1,64886.0
83794,206.00,1603.00,5,2,10,10,2,8,6,21,54534.0,33290.0,58245.0,54534.0,54035.0,54534.0,2,3711.0
83795,206.00,1603.00,5,2,10,10,2,8,6,21,59542.0,30138.0,82298.0,59542.0,59041.0,59542.0,2,22756.0
83796,206.00,1681.00,5,2,10,10,2,8,6,21,106767.0,66215.0,106999.0,106767.0,106226.0,106767.0,2,232.0
83797,187.00,1509.00,5,2,10,10,2,8,6,21,101934.0,81819.0,107581.0,101934.0,108802.0,101934.0,4,6868.0
83798,187.00,1519.00,5,2,10,10,2,8,6,21,52830.0,68549.0,73367.0,52830.0,74538.0,52830.0,4,21708.0
83799,154.00,1274.00,4,2,11,10,2,8,6,21,40788.0,70569.0,59445.0,40788.0,40788.0,40788.0,1,29781.0
83800,154.00,1542.00,5,2,10,10,2,8,6,21,68055.0,70455.0,81688.0,68055.0,68055.0,68055.0,2,13633.0
83801,154.00,1462.00,5,2,10,10,2,8,6,21,89587.0,64226.0,64260.0,89587.0,89821.0,89587.0,4,234.0
83802,206.00,1693.00,5,2,10,10,2,8,6,21,93893.0,122357.0,94037.0,93893.0,93396.0,93893.0,1,28464.0
83803,187.00,1512.00,5,2,10,10,2,8,6,21,56456.0,87994.0,61254.0,56456.0,69896.0,56456.0,1,31538.0
83804,154.00,1542.00,5,2,10,10,2,8,6,21,82523.0,123843.0,76140.0,82523.0,82523.0,82523.0,1,41320.0
83805,187.00,1516.00,5,2,10,10,2,8,6,21,78748.0,100574.0,86375.0,78748.0,65241.0,78748.0,1,21826.0
83806,154.00,1384.00,5,2,10,10,2,8,6,21,74347.0,90307.0,92609.0,74347.0,74347.0,74347.0,2,18262.0
83807,206.00,1681.00,5,2,10,10,2,8,6,21,133964.0,135236.0,117326.0,133964.0,133465.0,133964.0,1,1272.0
83808,206.00,1622.00,5,2,10,10,2,8,6,21,74569.0,89041.0,82242.0,74569.0,74069.0,74569.0,1,14472.0
83809,154.00,1394.00,5,2,10,10,2,8,6,21,44396.0,81600.0,48403.0,44396.0,44396.0,44396.0,1,37204.0
83810,154.00,1542.00,5,2,10,10,2,8,6,21,69714.0,42697.0,68830.0,69714.0,69714.0,69714.0,0,0.0
83811,216.00,1674.00,5,2,10,10,2,8,6,21,119565.0,89192.0,108062.0,119565.0,119064.0,119565.0,0,0.0
83812,206.00,1603.00,5,2,10,10,2,8,6,21,81678.0,85304.0,94050.0,81678.0,81177.0,81678.0,2,12372.0
83813,187.00,1519.00,5,2,10,10,2,8,6,21,32192.0,31689.0,55077.0,32192.0,45339.0,32192.0,2,22885.0
83814,206.00,1622.00,5,2,10,10,2,8,6,21,93753.0,68042.0,91404.0,93753.0,93257.0,93753.0,0,0.0
83815,187.00,1519.00,5,2,10,10,2,8,6,21,38903.0,94637.0,50173.0,38903.0,49687.0,38903.0,1,55734.0
83816,206.00,1603.00,5,2,10,10,2,8,6,21,84648.0,124231.0,75265.0,84648.0,84147.0,84648.0,1,39583.0
83817,206.00,1681.00,5,2,10,10,2,8,6,21,110825.0,80765.0,88889.0,110825.0,110324.0,110825.0,0,0.0
83818,154.00,1384.00,5,2,10,10,2,8,6,21,80941.0,31409.0,73580.0,80941.0,80941.0,80941.0,0,0.0
83819,187.00,1676.00,5,2,10,10,2,8,6,21,99811.0,83652.0,79989.0,99811.0,82981.0,99811.0,0,0.0
83820,187.00,1516.00,5,2,10,10,2,8,6,21,68260.0,79660.0,70217.0,68260.0,53304.0,68260.0,1,11400.0
83821,187.00,1528.00,5,2,10,10,2,8,6,21,54127.0,75287.0,41908.0,54127.0,68316.0,54127.0,1,21160.0
83822,154.00,1462.00,5,2,10,10,2,8,6,21,54719.0,93053.0,62773.0,54719.0,54714.0,54719.0,1,38334.0
83823,154.00,1391.00,5,2,10,10,2,8,6,21,86225.0,87149.0,70852.0,86225.0,86225.0,86225.0,1,924.0
83824,206.00,1681.00,5,2,10,10,2,8,6,21,130104.0,122024.0,118207.0,130104.0,129606.0,130104.0,0,0.0
83825,154.00,1384.00,5,2,10,10,2,8,6,21,74098.0,50867.0,59765.0,74098.0,74098.0,74098.0,0,0.0
83826,154.00,1403.00,5,2,10,10,2,8,6,21,42325.0,66655.0,57755.0,42325.0,25395.0,42325.0,1,24330.0
83827,154.00,1391.00,5,2,10,10,2,8,6,21,29518.0,75839.0,39818.0,29518.0,29518.0,29518.0,1,46321.0
83828,187.00,1509.00,5,2,10,10,2,8,6,21,89819.0,40389.0,87408.0,89819.0,95026.0,89819.0,4,5207.0
83829,187.00,1522.00,5,2,10,10,2,8,6,21,42730.0,104878.0,41667.0,42730.0,52542.0,42730.0,1,62148.0
83830,206.00,1603.00,5,2,10,10,2,8,6,21,70523.0,98864.0,90017.0,70523.0,70022.0,70523.0,1,28341.0
83831,206.00,1603.00,5,2,10,10,2,8,6,21,97054.0,96550.0,112523.0,97054.0,96553.0,97054.0,2,15469.0
83832,187.00,1667.00,5,2,10,10,2,8,6,21,69466.0,48768.0,101615.0,69466.0,71673.0,69466.0,2,32149.0
83833,154.00,1384.00,5,2,10,10,2,8,6,21,80863.0,108381.0,75516.0,80863.0,80863.0,80863.0,1,27518.0
83834,154.00,1391.00,5,2,10,10,2,8,6,21,50375.0,92112.0,78635.0,50375.0,50375.0,50375.0,1,41737.0
83835,154.00,1273.00,5,1,11,10,2,8,6,21,74466.0,61049.0,79560.0,74466.0,74466.0,74466.0,2,5094.0
83836,154.00,1542.00,5,2,10,10,2,8,6,21,70346.0,69485.0,72102.0,70346.0,70346.0,70346.0,2,1756.0
83837,187.00,1509.00,5,2,10,10,2,8,6,21,111488.0,117543.0,101075.0,111488.0,83599.0,111488.0,1,6055.0
83838,206.00,1603.00,5,2,10,10,2,8,6,21,40096.0,82606.0,37460.0,40096.0,39598.0,40096.0,1,42510.0
83839,216.00,1665.00,5,2,10,10,2,8,6,21,94094.0,66540.0,80090.0,94094.0,93596.0,94094.0,0,0.0
83840,216.00,1655.00,5,2,10,10,2,8,6,21,100036.0,89835.0,85829.0,100036.0,99535.0,100036.0,0,0.0
83841,187.00,1509.00,5,2,10,10,2,8,6,21,109477.0,78226.0,77681.0,109477.0,74433.0,109477.0,0,0.0
83842,187.00,1519.00,5,2,10,10,2,8,6,21,81365.0,77360.0,87355.0,81365.0,98187.0,81365.0,4,16822.0
83843,206.00,1613.00,5,2,10,10,2,8,6,21,90454.0,108976.0,71743.0,90421.0,89956.0,90454.0,1,18522.0
83844,216.00,1665.00,5,2,10,10,2,8,6,21,92934.0,64617.0,94708.0,92934.0,92433.0,92934.0,2,1774.0
83845,206.00,1613.00,5,2,10,10,2,8,6,21,92910.0,92409.0,112334.0,92910.0,92412.0,92910.0,2,19424.0
83846,187.00,1516.00,5,2,10,10,2,8,6,21,96663.0,56798.0,84674.0,96663.0,68709.0,96663.0,0,0.0
83847,154.00,1462.00,5,2,10,10,2,8,6,21,71151.0,72267.0,84168.0,71151.0,71402.0,71151.0,2,13017.0
83848,154.00,1384.00,5,2,10,10,2,8,6,21,59129.0,109639.0,94731.0,59129.0,59129.0,59129.0,1,50510.0
83849,187.00,1519.00,5,2,10,10,2,8,6,21,74300.0,93539.0,61286.0,74300.0,68627.0,74300.0,1,19239.0
83850,154.00,1384.00,5,2,10,10,2,8,6,21,72636.0,71496.0,83521.0,72636.0,72636.0,72636.0,2,10885.0
83851,154.00,1384.00,5,2,10,10,2,8,6,21,76002.0,96084.0,85577.0,76002.0,76002.0,76002.0,1,20082.0
83852,154.00,1542.00,5,2,10,10,2,8,6,21,60504.0,98092.0,78419.0,60504.0,60504.0,60504.0,1,37588.0
83853,187.00,1519.00,5,2,10,10,2,8,6,21,63753.0,97036.0,83255.0,63753.0,45604.0,63753.0,1,33283.0
83854,206.00,1603.00,5,2,10,10,2,8,6,21,61693.0,65682.0,45877.0,61693.0,61194.0,61693.0,1,3989.0
83855,154.00,1462.00,5,2,10,10,2,8,6,21,69987.0,67983.0,93984.0,69987.0,69980.0,69987.0,2,23997.0
83856,154.00,1462.00,5,2,10,10,2,8,6,20,52926.0,60407.0,55056.0,52926.0,53134.0,52926.0,1,7481.0
83857,154.00,1542.00,5,2,10,10,2,8,6,21,56404.0,48863.0,76050.0,56404.0,56404.0,56404.0,2,19646.0
83858,216.00,1665.00,5,2,10,10,2,8,6,21,112706.0,85064.0,108726.0,112706.0,112205.0,112706.0,0,0.0
83859,187.00,1667.00,5,2,10,10,2,8,6,21,98430.0,75264.0,69710.0,98430.0,103903.0,98430.0,4,5473.0
83860,154.00,1384.00,5,2,10,10,2,8,6,21,48077.0,45062.0,53350.0,48077.0,48077.0,48077.0,2,5273.0
83861,206.00,1610.00,5,2,10,10,2,8,6,21,29765.0,68170.0,29193.0,29765.0,29266.0,29765.0,1,38405.0
83862,187.00,1676.00,5,2,10,10,2,8,6,21,112135.0,85483.0,88965.0,112135.0,108439.0,112135.0,0,0.0
83863,187.00,1676.00,5,2,10,10,2,8,6,21,70705.0,72232.0,81135.0,70705.0,70291.0,70705.0,2,10430.0
83864,216.00,1665.00,5,2,10,10,2,8,6,21,135173.0,126721.0,121082.0,135173.0,134675.0,135173.0,0,0.0
83865,216.00,1674.00,5,2,10,10,2,8,6,21,95969.0,86547.0,112264.0,95969.0,95472.0,95969.0,2,16295.0
83866,154.00,1316.00,4,2,11,10,2,8,6,21,71369.0,69341.0,50689.0,71369.0,71369.0,71369.0,0,0.0
83867,187.00,1519.00,5,2,10,10,2,8,6,21,78189.0,67742.0,51036.0,78189.0,53354.0,78189.0,0,0.0
83868,206.00,1603.00,5,2,10,10,2,8,6,21,73875.0,75590.0,75751.0,73875.0,73374.0,73875.0,2,1876.0
83869,206.00,1603.00,5,2,10,10,2,8,6,21,120600.0,117269.0,67033.0,120600.0,120099.0,120600.0,0,0.0
83870,206.00,1493.00,4,2,11,10,2,8,6,21,69498.0,32944.0,50435.0,69498.0,69053.0,69498.0,0,0.0
83871,154.00,1388.00,5,2,10,10,2,8,6,21,73230.0,74750.0,86275.0,73230.0,73230.0,73230.0,2,13045.0
83872,187.00,1515.00,5,2,10,10,2,8,6,21,129741.0,86264.0,103637.0,129741.0,125920.0,129741.0,0,0.0
83873,187.00,1509.00,5,2,10,10,2,8,6,21,87996.0,35051.0,112162.0,87996.0,97475.0,87996.0,2,24166.0
83874,206.00,1681.00,5,2,10,10,2,8,6,21,100310.0,94471.0,100846.0,100310.0,99811.0,100310.0,2,536.0
83875,154.00,1384.00,5,2,10,10,2,8,6,21,38100.0,106892.0,58008.0,38100.0,38100.0,38100.0,1,68792.0
83876,154.00,1462.00,5,2,10,10,2,8,6,21,87544.0,79532.0,88380.0,87544.0,87801.0,87544.0,2,836.0
83877,187.00,1509.00,5,2,10,10,2,8,6,21,38202.0,66492.0,60710.0,38202.0,55732.0,38202.0,1,28290.0
83878,154.00,1542.00,5,2,10,10,2,8,6,21,102238.0,60607.0,85178.0,102238.0,102238.0,102238.0,0,0.0
83879,154.00,1384.00,5,2,10,10,2,8,6,21,93596.0,126523.0,83005.0,93596.0,93596.0,93596.0,1,32927.0
83880,187.00,1509.00,5,2,10,10,2,8,6,21,117535.0,69965.0,107457.0,117535.0,95301.0,117535.0,0,0.0
83881,154.00,1384.00,5,2,10,10,2,8,6,21,48601.0,66839.0,63423.0,48601.0,48601.0,48601.0,1,18238.0
83882,154.00,1384.00,5,2,10,10,2,8,6,21,61799.0,103604.0,48762.0,61799.0,61799.0,61799.0,1,41805.0
83883,187.00,1516.00,5,2,10,10,2,8,6,21,99460.0,113048.0,103065.0,99460.0,100841.0,99460.0,1,13588.0
83884,154.00,1394.00,5,2,10,10,2,8,6,21,62458.0,81986.0,42493.0,62458.0,62458.0,62458.0,1,19528.0
83885,154.00,1551.00,5,2,10,10,2,8,6,21,64878.0,75159.0,74910.0,64878.0,64878.0,64878.0,1,10281.0
83886,154.00,1474.00,5,2,10,10,2,8,6,21,79248.0,56211.0,51454.0,79248.0,79248.0,79248.0,0,0.0
83887,154.00,1474.00,5,2,10,10,2,8,6,21,74658.0,87408.0,59610.0,74658.0,74658.0,74658.0,1,12750.0
83888,187.00,1399.00,4,2,11,10,2,8,6,21,103766.0,107920.0,60711.0,103766.0,103766.0,103766.0,1,4154.0
83889,154.00,1384.00,5,2,10,10,2,8,6,21,53330.0,76412.0,73199.0,53330.0,53330.0,53330.0,1,23082.0
83890,187.00,1509.00,5,2,10,10,2,8,6,21,80801.0,72407.0,88914.0,80801.0,62628.0,80801.0,2,8113.0
83891,206.00,1570.00,4,2,11,10,2,8,6,21,97141.0,77384.0,91126.0,97141.0,96606.0,97141.0,0,0.0
83892,154.00,1384.00,5,2,10,10,2,8,6,21,81046.0,36637.0,82716.0,81046.0,81046.0,81046.0,2,1670.0
83893,154.00,1394.00,5,2,10,10,2,8,6,21,51261.0,42678.0,68560.0,51261.0,51261.0,51261.0,2,17299.0
83894,206.00,1603.00,5,2,10,10,2,8,6,21,69902.0,66460.0,81779.0,69902.0,69403.0,69902.0,2,11877.0
83895,206.00,1603.00,5,2,10,10,2,8,6,21,99394.0,67422.0,93113.0,99394.0,98893.0,99394.0,0,0.0
83896,154.00,1560.00,5,2,10,10,2,8,6,21,71326.0,68844.0,71460.0,71326.0,71326.0,71326.0,2,134.0
83897,206.00,1499.00,4,2,11,10,2,8,6,21,107098.0,83260.0,98734.0,107094.0,106646.0,107098.0,0,0.0
83898,187.00,1509.00,5,2,10,10,2,8,6,21,99250.0,98796.0,95343.0,99250.0,118708.0,99250.0,4,19458.0
83899,154.00,1384.00,5,2,10,10,2,8,6,21,67899.0,80526.0,72202.0,67899.0,67899.0,67899.0,1,12627.0
83900,206.00,1603.00,5,2,10,10,2,8,6,21,98537.0,81645.0,91809.0,98537.0,98042.0,98537.0,0,0.0
83901,154.00,1391.00,5,2,10,10,2,8,6,21,30901.0,35593.0,48694.0,30901.0,30901.0,30901.0,2,17793.0
83902,154.00,1384.00,5,2,10,10,2,8,6,21,76392.0,118112.0,89314.0,76392.0,76392.0,76392.0,1,41720.0
83903,206.00,1610.00,5,2,10,10,2,8,6,21,83155.0,72952.0,68435.0,83155.0,82654.0,83155.0,0,0.0
83904,216.00,1662.00,5,2,10,10,2,8,6,21,104381.0,44904.0,76984.0,104381.0,103880.0,104381.0,0,0.0
83905,216.00,1665.00,5,2,10,10,2,8,6,21,91943.0,67934.0,110521.0,91943.0,91445.0,91943.0,2,18578.0
83906,206.00,1613.00,5,2,10,10,2,8,6,21,102098.0,45306.0,69216.0,102098.0,101597.0,102098.0,0,0.0
83907,154.00,1462.00,5,2,10,10,2,8,6,21,62027.0,89681.0,74368.0,62027.0,62019.0,62027.0,1,27654.0
83908,206.00,1603.00,5,2,10,10,2,8,6,21,106787.0,91483.0,90040.0,106787.0,106289.0,106787.0,0,0.0
83909,154.00,1542.00,5,2,10,10,2,8,6,21,60593.0,132401.0,53628.0,60593.0,60593.0,60593.0,1,71808.0
83910,154.00,1384.00,5,2,10,10,2,8,6,21,66153.0,77050.0,65855.0,66153.0,66153.0,66153.0,1,10897.0
83911,187.00,1509.00,5,2,10,10,2,8,6,21,96554.0,77348.0,69311.0,96554.0,86991.0,96554.0,0,0.0
83912,187.00,1399.00,4,2,11,10,2,8,6,21,47483.0,51833.0,80929.0,47483.0,47483.0,47483.0,2,33446.0
83913,187.00,1516.00,5,2,10,10,2,8,6,21,97361.0,81430.0,101264.0,97361.0,100770.0,97361.0,2,3903.0
83914,187.00,1512.00,5,2,10,10,2,8,6,21,90770.0,81601.0,91842.0,90770.0,102915.0,90770.0,4,12145.0
83915,154.00,1546.00,5,2,10,10,2,8,6,21,58745.0,85154.0,61592.0,58745.0,58745.0,58745.0,1,26409.0
83916,206.00,1603.00,5,2,10,10,2,8,6,21,79351.0,116449.0,74921.0,79351.0,78852.0,79351.0,1,37098.0
83917,216.00,1550.00,5,1,11,10,2,8,6,21,111495.0,60128.0,65869.0,111495.0,110948.0,111495.0,0,0.0
83918,154.00,1542.00,5,2,10,10,2,8,6,21,61690.0,100948.0,73305.0,61690.0,61690.0,61690.0,1,39258.0
83919,206.00,1499.00,4,2,11,10,2,8,6,21,81312.0,79485.0,81754.0,81312.0,80869.0,81312.0,2,442.0
83920,154.00,1560.00,5,2,10,10,2,8,6,21,65101.0,93965.0,64095.0,65101.0,65101.0,65101.0,1,28864.0
83921,216.00,1665.00,5,2,10,10,2,8,6,21,146876.0,119661.0,123973.0,146876.0,146377.0,146876.0,0,0.0
83922,206.00,1684.00,5,2,10,10,2,8,6,21,68196.0,82361.0,67648.0,68196.0,67698.0,68196.0,1,14165.0
83923,206.00,1681.00,5,2,10,10,2,8,6,21,73154.0,85698.0,72424.0,73154.0,72653.0,73154.0,1,12544.0
83924,187.00,1509.00,5,2,10,10,2,8,6,21,105225.0,97875.0,120430.0,105225.0,107009.0,105225.0,2,15205.0
83925,206.00,1499.00,4,2,11,10,2,8,6,21,72157.0,59724.0,83911.0,72145.0,71714.0,72157.0,2,11754.0
83926,154.00,1384.00,5,2,10,10,2,8,6,21,63853.0,88145.0,53547.0,63853.0,63853.0,63853.0,1,24292.0
83927,206.00,1693.00,5,2,10,10,2,8,6,21,119118.0,95447.0,112714.0,119118.0,118617.0,119118.0,0,0.0
83928,216.00,1655.00,5,2,10,10,2,8,6,21,115625.0,53654.0,136697.0,115625.0,115124.0,115625.0,2,21072.0
83929,187.00,1516.00,5,2,10,10,2,8,6,21,115831.0,97015.0,116784.0,115831.0,107431.0,115831.0,2,953.0
83930,206.00,1613.00,5,2,10,10,2,8,6,21,122408.0,85388.0,84273.0,122408.0,121907.0,122408.0,0,0.0
83931,206.00,1681.00,5,2,10,10,2,8,6,21,84052.0,108693.0,82723.0,84052.0,83504.0,84052.0,1,24641.0
83932,187.00,1519.00,5,2,10,10,2,8,6,21,49622.0,87019.0,61767.0,49622.0,52969.0,49622.0,1,37397.0
83933,216.00,1665.00,5,2,10,10,2,8,6,21,124745.0,77546.0,129994.0,124745.0,124244.0,124745.0,2,5249.0
83934,187.00,1516.00,5,2,10,10,2,8,6,21,75834.0,55973.0,96164.0,75834.0,93340.0,75834.0,2,20330.0
83935,206.00,1603.00,5,2,10,10,2,8,6,21,58582.0,63652.0,76741.0,58582.0,58081.0,58582.0,2,18159.0
83936,187.00,1509.00,5,2,10,10,2,8,6,21,47404.0,78246.0,58292.0,47404.0,74071.0,47404.0,1,30842.0
83937,154.00,1394.00,5,2,10,10,2,8,6,21,43470.0,54503.0,35977.0,43470.0,43470.0,43470.0,1,11033.0
83938,216.00,1655.00,5,2,10,10,2,8,6,21,96170.0,70496.0,99031.0,96170.0,95669.0,96170.0,2,2861.0
83939,187.00,1516.00,5,2,10,10,2,8,6,21,81519.0,117514.0,80427.0,81519.0,81344.0,81519.0,1,35995.0
83940,206.00,1610.00,5,2,10,10,2,8,6,21,37816.0,37154.0,37411.0,37816.0,37318.0,37816.0,0,0.0
83941,206.00,1613.00,5,2,10,10,2,8,6,21,44780.0,57896.0,52748.0,44780.0,44281.0,44780.0,1,13116.0
83942,154.00,1384.00,5,2,10,10,2,8,6,21,59648.0,57823.0,65844.0,59648.0,59648.0,59648.0,2,6196.0
83943,206.00,1603.00,5,2,10,10,2,8,6,21,118716.0,73837.0,80836.0,118716.0,118218.0,118716.0,0,0.0
83944,216.00,1662.00,5,2,10,10,2,8,6,21,122712.0,122524.0,119714.0,122712.0,122213.0,122712.0,0,0.0
83945,154.00,1542.00,5,2,10,10,2,8,6,21,72397.0,58091.0,70492.0,72397.0,72397.0,72397.0,0,0.0
83946,154.00,1384.00,5,2,10,10,2,8,6,21,66072.0,82570.0,52744.0,66072.0,66072.0,66072.0,1,16498.0
83947,206.00,1693.00,5,2,10,10,2,8,6,21,91911.0,82057.0,92534.0,91911.0,91414.0,91911.0,2,623.0
83948,187.00,1528.00,5,2,10,10,2,8,6,21,82462.0,83635.0,107533.0,82462.0,44063.0,82462.0,2,25071.0
83949,216.00,1665.00,5,2,10,10,2,8,6,21,120553.0,65718.0,107029.0,120553.0,120055.0,120553.0,0,0.0
83950,216.00,1674.00,5,2,10,10,2,8,6,21,111504.0,98782.0,105943.0,111504.0,111003.0,111504.0,0,0.0
83951,154.00,1384.00,5,2,10,10,2,8,6,21,68850.0,68173.0,87030.0,68850.0,68850.0,68850.0,2,18180.0
83952,206.00,1693.00,5,2,10,10,2,8,6,21,113923.0,125080.0,111117.0,113923.0,113422.0,113923.0,1,11157.0
83953,154.00,1394.00,5,2,10,10,2,8,6,21,40566.0,126397.0,36598.0,40566.0,40566.0,40566.0,1,85831.0
83954,206.00,1603.00,5,2,10,10,2,8,6,21,111736.0,119974.0,90229.0,111736.0,111235.0,111736.0,1,8238.0
83955,154.00,1403.00,5,2,10,10,2,8,6,21,56822.0,56214.0,42107.0,56822.0,56952.0,56822.0,4,130.0
83956,154.00,1384.00,5,2,10,10,2,8,6,21,62582.0,57180.0,71515.0,62582.0,62582.0,62582.0,2,8933.0
83957,187.00,1519.00,5,2,10,10,2,8,6,21,47387.0,69206.0,57837.0,47387.0,68519.0,47387.0,1,21819.0
83958,187.00,1528.00,5,2,10,10,2,8,6,21,93932.0,60716.0,64291.0,93932.0,61057.0,93932.0,0,0.0
83959,187.00,1519.00,5,2,10,10,2,8,6,21,47718.0,48811.0,32102.0,47718.0,71467.0,47718.0,4,23749.0
83960,206.00,1610.00,5,2,10,10,2,8,6,21,86563.0,97762.0,86230.0,86563.0,86062.0,86563.0,1,11199.0
83961,187.00,1509.00,5,2,10,10,2,8,6,21,57499.0,88164.0,56272.0,57499.0,80829.0,57499.0,1,30665.0
83962,187.00,1509.00,5,2,10,10,2,8,6,21,92040.0,96262.0,88591.0,92040.0,80622.0,92040.0,1,4222.0
83963,154.00,1384.00,5,2,10,10,2,8,6,21,28142.0,37083.0,62055.0,28142.0,28142.0,28142.0,2,33913.0
83964,206.00,1681.00,5,2,10,10,2,8,6,21,95173.0,92035.0,94252.0,95173.0,94675.0,95173.0,0,0.0
83965,216.00,1674.00,5,2,10,10,2,8,6,21,126577.0,61955.0,118680.0,126577.0,126076.0,126577.0,0,0.0
83966,206.00,1681.00,5,2,10,10,2,8,6,21,95365.0,63123.0,112102.0,95365.0,94864.0,95365.0,2,16737.0
83967,206.00,1603.00,5,2,10,10,2,8,6,21,99119.0,54571.0,93865.0,99119.0,98620.0,99119.0,0,0.0
83968,206.00,1613.00,5,2,10,10,2,8,6,21,93450.0,122589.0,70079.0,93448.0,92906.0,93450.0,1,29139.0
83969,154.00,1384.00,5,2,10,10,2,8,6,21,52889.0,75713.0,40295.0,52889.0,52889.0,52889.0,1,22824.0
83970,154.00,1384.00,5,2,10,10,2,8,6,21,47081.0,57672.0,68163.0,47081.0,47081.0,47081.0,2,21082.0
83971,206.00,1492.00,5,1,11,10,2,8,6,21,64314.0,33042.0,83908.0,64318.0,91187.0,64314.0,4,26873.0
83972,154.00,1551.00,5,2,10,10,2,8,6,21,56298.0,64455.0,95306.0,56298.0,56298.0,56298.0,2,39008.0
83973,187.00,1509.00,5,2,10,10,2,8,6,21,79238.0,78991.0,67140.0,79238.0,86125.0,79238.0,4,6887.0
83974,206.00,1613.00,5,2,10,10,2,8,6,21,102935.0,108841.0,111311.0,102935.0,102437.0,102935.0,2,8376.0
83975,187.00,1518.00,5,2,10,10,2,8,6,21,110570.0,43965.0,117979.0,110570.0,128049.0,110570.0,4,17479.0
83976,187.00,1667.00,5,2,10,10,2,8,6,21,90364.0,55280.0,89546.0,90364.0,113941.0,90364.0,4,23577.0
83977,187.00,1518.00,5,2,10,10,2,8,6,21,88973.0,125486.0,89618.0,88973.0,105879.0,88973.0,1,36513.0
83978,154.00,1384.00,5,2,10,10,2,8,6,21,81882.0,120244.0,70541.0,81882.0,81882.0,81882.0,1,38362.0
83979,154.00,1213.00,4,1,12,10,2,8,6,17,52319.0,67979.0,50087.0,52319.0,52319.0,52319.0,1,15660.0
83980,187.00,1509.00,5,2,10,10,2,8,6,21,71086.0,76750.0,112022.0,71086.0,124415.0,71086.0,4,53329.0
83981,206.00,1603.00,5,2,10,10,2,8,6,21,90560.0,60321.0,90493.0,90560.0,90061.0,90560.0,0,0.0
83982,187.00,1516.00,5,2,10,10,2,8,6,21,66829.0,102009.0,55991.0,66829.0,71991.0,66829.0,1,35180.0
83983,216.00,1662.00,5,2,10,10,2,8,6,21,133894.0,41542.0,127615.0,133894.0,133393.0,133894.0,0,0.0
83984,154.00,1560.00,5,2,10,10,2,8,6,21,103193.0,102631.0,71998.0,103193.0,103193.0,103193.0,0,0.0
83985,206.00,1681.00,5,2,10,10,2,8,6,21,112811.0,102336.0,104037.0,112811.0,112312.0,112811.0,0,0.0
83986,187.00,1676.00,5,2,10,10,2,8,6,21,72099.0,73249.0,84213.0,72099.0,74194.0,72099.0,2,12114.0
83987,187.00,1509.00,5,2,10,10,2,8,6,21,74421.0,54490.0,66163.0,74421.0,81666.0,74421.0,4,7245.0
83988,216.00,1655.00,5,2,10,10,2,8,6,21,117559.0,117070.0,111501.0,117559.0,117060.0,117559.0,0,0.0
83989,154.00,1555.00,5,2,10,10,2,8,6,21,57359.0,74191.0,87241.0,57359.0,57359.0,57359.0,2,29882.0
83990,206.00,1693.00,5,2,10,10,2,8,6,21,149669.0,115861.0,143056.0,149669.0,149173.0,149669.0,0,0.0
83991,216.00,1674.00,5,2,10,10,2,8,6,21,118204.0,85169.0,114318.0,118204.0,117703.0,118204.0,0,0.0
83992,187.00,1509.00,5,2,10,10,2,8,6,21,92906.0,112848.0,78609.0,92906.0,82157.0,92906.0,1,19942.0
83993,187.00,1509.00,5,2,10,10,2,8,6,21,80750.0,67244.0,89335.0,80750.0,96029.0,80750.0,4,15279.0
83994,206.00,1603.00,5,2,10,10,2,8,6,21,78464.0,130966.0,78038.0,78464.0,77963.0,78464.0,1,52502.0
83995,154.00,1384.00,5,2,10,10,2,8,6,21,60760.0,126999.0,76012.0,60760.0,60760.0,60760.0,1,66239.0
83996,206.00,1681.00,5,2,10,10,2,8,6,21,64738.0,52272.0,71940.0,64738.0,64235.0,64738.0,2,7202.0
83997,187.00,1509.00,5,2,10,10,2,8,6,21,90589.0,72766.0,100650.0,90589.0,101513.0,90589.0,4,10924.0
83998,154.00,1542.00,5,2,10,10,2,8,6,21,113090.0,97128.0,68767.0,113090.0,113090.0,113090.0,0,0.0
83999,154.00,1391.00,5,2,10,10,2,8,6,21,43981.0,30443.0,52336.0,43981.0,43981.0,43981.0,2,8355.0
84000,154.00,1563.00,5,2,10,10,2,8,6,21,66310.0,96692.0,67089.0,66310.0,66310.0,66310.0,1,30382.0
84001,187.00,1519.00,5,2,10,10,2,8,6,21,89369.0,70493.0,59783.0,89369.0,115082.0,89369.0,4,25713.0
84002,154.00,1474.00,5,2,10,10,2,8,6,20,59727.0,35055.0,63205.0,59727.0,59727.0,59727.0,2,3478.0
84003,154.00,1384.00,5,2,10,10,2,8,6,20,65090.0,98959.0,84547.0,65090.0,65090.0,65090.0,1,33869.0
84004,154.00,1384.00,5,2,10,10,2,8,6,20,106968.0,93153.0,81895.0,106968.0,106968.0,106968.0,0,0.0
84005,154.00,1384.00,5,2,10,10,2,8,6,21,67986.0,58173.0,57029.0,67986.0,67986.0,67986.0,0,0.0
84006,154.00,1394.00,5,2,10,10,2,8,6,21,33854.0,66260.0,23697.0,33854.0,33854.0,33854.0,1,32406.0
84007,187.00,1509.00,5,2,10,10,2,8,6,21,107074.0,93564.0,87939.0,107074.0,86636.0,107074.0,0,0.0
84008,154.00,1394.00,5,2,10,10,2,8,6,21,74561.0,61149.0,79776.0,74561.0,74561.0,74561.0,2,5215.0
84009,154.00,1542.00,5,2,10,10,2,8,6,21,60416.0,57772.0,74939.0,60416.0,60416.0,60416.0,2,14523.0
84010,216.00,1655.00,5,2,10,10,2,8,6,21,108948.0,90617.0,116029.0,108948.0,108450.0,108948.0,2,7081.0
84011,154.00,1391.00,5,2,10,10,2,8,6,21,68679.0,106334.0,68273.0,68679.0,68679.0,68679.0,1,37655.0
84012,154.00,1384.00,5,2,10,10,2,8,6,21,64519.0,119937.0,61723.0,64519.0,64519.0,64519.0,1,55418.0
84013,154.00,1403.00,5,2,10,10,2,8,6,21,48972.0,59735.0,43038.0,48972.0,49097.0,48972.0,1,10763.0
84014,187.00,1512.00,5,2,10,10,2,8,6,21,62567.0,88042.0,50564.0,62567.0,38806.0,62567.0,1,25475.0
84015,154.00,1382.00,5,2,10,10,2,8,6,21,68575.0,78175.0,85078.0,68575.0,68575.0,68575.0,2,16503.0
84016,187.00,1519.00,5,2,10,10,2,8,6,21,99953.0,87101.0,87161.0,99953.0,83091.0,99953.0,0,0.0
84017,187.00,1676.00,5,2,10,10,2,8,6,21,112660.0,71169.0,103289.0,112660.0,117215.0,112660.0,4,4555.0
84018,206.00,1603.00,5,2,10,10,2,8,6,21,86473.0,96176.0,78154.0,86473.0,85972.0,86473.0,1,9703.0
84019,154.00,1391.00,5,2,10,10,2,8,6,21,48306.0,98066.0,38994.0,48306.0,48306.0,48306.0,1,49760.0
84020,154.00,1350.00,5,1,11,10,2,8,6,21,50492.0,66395.0,73558.0,50492.0,50492.0,50492.0,2,23066.0
84021,154.00,1462.00,5,2,10,10,2,8,6,21,74004.0,91458.0,70022.0,74004.0,74261.0,74004.0,1,17454.0
84022,154.00,1391.00,5,2,10,10,2,8,6,21,67113.0,116333.0,62075.0,67113.0,67113.0,67113.0,1,49220.0
84023,206.00,1610.00,5,2,10,10,2,8,6,21,81294.0,96616.0,79754.0,81294.0,80796.0,81294.0,1,15322.0
84024,187.00,1509.00,5,2,10,10,2,8,6,21,109413.0,79049.0,97795.0,109413.0,106942.0,109413.0,0,0.0
84025,187.00,1509.00,5,2,10,10,2,8,6,21,62489.0,134880.0,57989.0,62489.0,45842.0,62489.0,1,72391.0
84026,206.00,1613.00,5,2,10,10,2,8,6,21,98131.0,32336.0,118397.0,98131.0,97633.0,98131.0,2,20266.0
84027,154.00,1391.00,5,2,10,10,2,8,6,21,59148.0,73134.0,47153.0,59148.0,59148.0,59148.0,1,13986.0
84028,216.00,1662.00,5,2,10,10,2,8,6,21,87043.0,104689.0,99171.0,87043.0,86544.0,87043.0,1,17646.0
84029,206.00,1603.00,5,2,10,10,2,8,6,21,92914.0,46161.0,77967.0,92914.0,92413.0,92914.0,0,0.0
84030,187.00,1667.00,5,2,10,10,2,8,6,21,123512.0,101620.0,123403.0,123512.0,150941.0,123512.0,4,27429.0
84031,154.00,1384.00,5,2,10,10,2,8,6,21,38798.0,121515.0,42683.0,38798.0,38798.0,38798.0,1,82717.0
84032,154.00,1394.00,5,2,10,10,2,8,6,21,43918.0,60992.0,45234.0,43918.0,43918.0,43918.0,1,17074.0
84033,206.00,1681.00,5,2,10,10,2,8,6,21,99433.0,52076.0,99495.0,99433.0,98934.0,99433.0,2,62.0
84034,216.00,1662.00,5,2,10,10,2,8,6,21,137008.0,88477.0,129459.0,137008.0,136509.0,137008.0,0,0.0
84035,154.00,1462.00,5,2,10,10,2,8,6,21,78616.0,66575.0,79275.0,78616.0,78610.0,78616.0,2,659.0
84036,154.00,1384.00,5,2,10,10,2,8,6,21,40284.0,79108.0,41312.0,40284.0,40284.0,40284.0,1,38824.0
84037,154.00,1384.00,5,2,10,10,2,8,6,21,58866.0,67470.0,54967.0,58866.0,58866.0,58866.0,1,8604.0
84038,206.00,1603.00,5,2,10,10,2,8,6,21,104551.0,133702.0,76284.0,104551.0,104050.0,104551.0,1,29151.0
84039,206.00,1610.00,5,2,10,10,2,8,6,21,65836.0,60639.0,73506.0,65836.0,65338.0,65836.0,2,7670.0
84040,216.00,1655.00,5,2,10,10,2,8,6,21,117508.0,82607.0,111764.0,117508.0,117009.0,117508.0,0,0.0
84041,154.00,1384.00,5,2,10,10,2,8,6,21,67124.0,41871.0,57995.0,67124.0,67124.0,67124.0,0,0.0
84042,187.00,1676.00,5,2,10,10,2,8,6,21,122886.0,126804.0,117791.0,122886.0,135348.0,122886.0,4,12462.0
84043,187.00,1509.00,5,2,10,10,2,8,6,21,46294.0,38166.0,46124.0,46294.0,46466.0,46294.0,4,172.0
84044,154.00,1384.00,5,2,10,10,2,8,6,21,77879.0,63539.0,103744.0,77879.0,77879.0,77879.0,2,25865.0
84045,154.00,1560.00,5,2,10,10,2,8,6,21,62142.0,76422.0,57968.0,62142.0,62142.0,62142.0,1,14280.0
84046,154.00,1462.00,5,2,10,10,2,8,6,21,55115.0,65118.0,52146.0,55115.0,55107.0,55115.0,1,10003.0
84047,187.00,1509.00,5,2,10,10,2,8,6,21,81411.0,79042.0,82849.0,81411.0,116082.0,81411.0,4,34671.0
84048,216.00,1550.00,5,1,11,10,2,8,6,21,130798.0,30908.0,119769.0,130786.0,130252.0,130798.0,0,0.0
84049,187.00,1509.00,5,2,10,10,2,8,6,21,82016.0,81512.0,51818.0,82016.0,68774.0,82016.0,0,0.0
84050,187.00,1519.00,5,2,10,10,2,8,6,21,95095.0,54747.0,95238.0,95095.0,88799.0,95095.0,2,143.0
84051,216.00,1655.00,5,2,10,10,2,8,6,21,68886.0,94181.0,58744.0,68886.0,68388.0,68886.0,1,25295.0
84052,154.00,1391.00,5,2,10,10,2,8,6,21,49033.0,108909.0,34889.0,49033.0,49033.0,49033.0,1,59876.0
84053,154.00,1394.00,5,2,10,10,2,8,6,21,41938.0,61597.0,42587.0,41938.0,41938.0,41938.0,1,19659.0
84054,154.00,1394.00,5,2,10,10,2,8,6,21,48471.0,120880.0,24977.0,48471.0,48471.0,48471.0,1,72409.0
84055,206.00,1603.00,5,2,10,10,2,8,6,21,39664.0,91224.0,33197.0,39664.0,39163.0,39664.0,1,51560.0
84056,206.00,1613.00,5,2,10,10,2,8,6,21,110565.0,110065.0,122951.0,110565.0,110067.0,110565.0,2,12386.0
84057,187.00,1519.00,5,2,10,10,2,8,6,21,54730.0,93886.0,85649.0,54730.0,43429.0,54730.0,1,39156.0
84058,187.00,1509.00,5,2,10,10,2,8,6,21,104668.0,73361.0,83986.0,104668.0,88207.0,104668.0,0,0.0
84059,206.00,1617.00,5,2,10,10,2,8,6,21,133272.0,88695.0,78507.0,133272.0,132777.0,133272.0,0,0.0
84060,154.00,1358.00,4,2,11,10,2,8,6,21,64612.0,115514.0,57779.0,64612.0,64612.0,64612.0,1,50902.0
84061,154.00,1462.00,5,2,10,10,2,8,6,21,65219.0,52154.0,62998.0,65219.0,65469.0,65219.0,4,250.0
84062,154.00,1384.00,5,2,10,10,2,8,6,21,66237.0,83357.0,51077.0,66237.0,66237.0,66237.0,1,17120.0
84063,154.00,1391.00,5,2,10,10,2,8,6,21,40830.0,60129.0,25923.0,40830.0,40830.0,40830.0,1,19299.0
84064,187.00,1509.00,5,2,10,10,2,8,6,21,103138.0,69361.0,107719.0,103138.0,87686.0,103138.0,2,4581.0
84065,187.00,1560.00,4,2,11,10,2,8,6,21,132875.0,135372.0,127914.0,132880.0,124745.0,132875.0,1,2497.0
84066,154.00,1274.00,4,2,11,10,2,8,6,21,50547.0,68939.0,37728.0,50547.0,50547.0,50547.0,1,18392.0
84067,154.00,1384.00,5,2,10,10,2,8,6,21,37737.0,54780.0,33578.0,37737.0,37737.0,37737.0,1,17043.0
84068,206.00,1493.00,4,2,11,10,2,8,6,21,84901.0,49615.0,103668.0,84899.0,84759.0,84901.0,2,18767.0
84069,187.00,1509.00,5,2,10,10,2,8,6,21,55963.0,90412.0,45284.0,55963.0,26259.0,55963.0,1,34449.0
84070,154.00,1391.00,5,2,10,10,2,8,6,21,31878.0,70606.0,69532.0,31878.0,31878.0,31878.0,1,38728.0
84071,187.00,1399.00,4,2,11,10,2,8,6,21,83235.0,86118.0,56281.0,83235.0,83235.0,83235.0,1,2883.0
84072,206.00,1603.00,5,2,10,10,2,8,6,21,86562.0,100437.0,83573.0,86562.0,86061.0,86562.0,1,13875.0
84073,206.00,1603.00,5,2,10,10,2,8,6,21,57397.0,46857.0,54349.0,57397.0,56896.0,57397.0,0,0.0
84074,187.00,1509.00,5,2,10,10,2,8,6,21,67343.0,85820.0,66794.0,67343.0,72852.0,67343.0,1,18477.0
84075,187.00,1522.00,5,2,10,10,2,8,6,21,56884.0,68158.0,65256.0,56884.0,55575.0,56884.0,1,11274.0
84076,206.00,1625.00,5,2,10,10,2,8,6,21,111365.0,69478.0,80169.0,111389.0,110892.0,111365.0,0,0.0
84077,187.00,1512.00,5,2,10,10,2,8,6,21,75239.0,85249.0,79117.0,75239.0,84182.0,75239.0,1,10010.0
84078,206.00,1603.00,5,2,10,10,2,8,6,21,48882.0,66835.0,46759.0,48882.0,48381.0,48882.0,1,17953.0
84079,216.00,1655.00,5,2,10,10,2,8,6,21,137554.0,97352.0,106372.0,137554.0,137055.0,137554.0,0,0.0
84080,154.00,1394.00,5,2,10,10,2,8,6,20,66862.0,43004.0,66166.0,66862.0,66862.0,66862.0,0,0.0
84081,216.00,1550.00,5,1,11,10,2,8,6,21,105875.0,83264.0,87014.0,105888.0,105340.0,105875.0,0,0.0
84082,154.00,1391.00,5,2,10,10,2,8,6,21,51086.0,66120.0,59653.0,51086.0,51086.0,51086.0,1,15034.0
84083,154.00,1551.00,5,2,10,10,2,8,6,21,73211.0,112159.0,55824.0,73211.0,73211.0,73211.0,1,38948.0
84084,206.00,1535.00,4,2,11,10,2,8,6,21,91673.0,69133.0,74305.0,91669.0,91363.0,91673.0,0,0.0
84085,187.00,1519.00,5,2,10,10,2,8,6,21,68767.0,114326.0,58228.0,68767.0,60571.0,68767.0,1,45559.0
84086,206.00,1622.00,5,2,10,10,2,8,6,21,97488.0,61399.0,82480.0,97488.0,96991.0,97488.0,0,0.0
84087,187.00,1509.00,5,2,10,10,2,8,6,21,105873.0,88676.0,95588.0,105873.0,94324.0,105873.0,0,0.0
84088,154.00,1394.00,5,2,10,10,2,8,6,21,21947.0,91141.0,22153.0,21947.0,21947.0,21947.0,1,69194.0
84089,206.00,1610.00,5,2,10,10,2,8,6,21,63815.0,62079.0,103525.0,63841.0,63342.0,63815.0,2,39710.0
84090,187.00,1528.00,5,2,10,10,2,8,6,21,71997.0,61834.0,68184.0,71997.0,65579.0,71997.0,0,0.0
84091,206.00,1548.00,4,2,11,10,2,8,6,21,84453.0,70085.0,87585.0,84453.0,83900.0,84453.0,2,3132.0
84092,154.00,1474.00,5,2,10,10,2,8,6,21,73138.0,65451.0,80868.0,73138.0,73138.0,73138.0,2,7730.0
84093,206.00,1603.00,5,2,10,10,2,8,6,21,83874.0,96786.0,63689.0,83874.0,83373.0,83874.0,1,12912.0
84094,154.00,1542.00,5,2,10,10,2,8,6,21,58987.0,47643.0,58672.0,58987.0,58987.0,58987.0,0,0.0
84095,216.00,1665.00,5,2,10,10,2,8,6,21,108502.0,42726.0,108286.0,108502.0,108004.0,108502.0,0,0.0
84096,187.00,1516.00,5,2,10,10,2,8,6,21,88252.0,115000.0,91687.0,88252.0,97093.0,88252.0,1,26748.0
84097,206.00,1622.00,5,2,10,10,2,8,6,21,68234.0,73283.0,50729.0,68234.0,67733.0,68234.0,1,5049.0
84098,187.00,1509.00,5,2,10,10,2,8,6,21,72170.0,95487.0,62825.0,72170.0,38525.0,72170.0,1,23317.0
84099,206.00,1610.00,5,2,10,10,2,8,6,21,65717.0,68038.0,64741.0,65717.0,65219.0,65717.0,1,2321.0
84100,154.00,1384.00,5,2,10,10,2,8,6,21,42278.0,65014.0,35109.0,42278.0,42278.0,42278.0,1,22736.0
84101,154.00,1551.00,5,2,10,10,2,8,6,21,61667.0,58763.0,70904.0,61667.0,61667.0,61667.0,2,9237.0
84102,154.00,1551.00,5,2,10,10,2,8,6,21,67550.0,71318.0,76501.0,67550.0,67550.0,67550.0,2,8951.0
84103,206.00,1693.00,5,2,10,10,2,8,6,21,104906.0,103044.0,89354.0,104906.0,104405.0,104906.0,0,0.0
84104,154.00,1403.00,5,2,10,10,2,8,6,21,39773.0,28654.0,50566.0,39773.0,39766.0,39773.0,2,10793.0
84105,206.00,1613.00,5,2,10,10,2,8,6,21,132315.0,100901.0,105312.0,132315.0,131817.0,132315.0,0,0.0
84106,187.00,1519.00,5,2,10,10,2,8,6,21,54239.0,52417.0,39273.0,54239.0,52319.0,54239.0,0,0.0
84107,187.00,1528.00,5,2,10,10,2,8,6,21,78037.0,37591.0,81124.0,78037.0,75789.0,78037.0,2,3087.0
84108,216.00,1662.00,5,2,10,10,2,8,6,21,106080.0,131665.0,96345.0,106080.0,105581.0,106080.0,1,25585.0
84109,206.00,1693.00,5,2,10,10,2,8,6,21,81840.0,94974.0,81725.0,81840.0,81336.0,81840.0,1,13134.0
84110,154.00,1542.00,5,2,10,10,2,8,6,21,94567.0,63082.0,71790.0,94567.0,94567.0,94567.0,0,0.0
84111,154.00,1560.00,5,2,10,10,2,8,6,21,69467.0,101550.0,79725.0,69467.0,69467.0,69467.0,1,32083.0
84112,187.00,1519.00,5,2,10,10,2,8,6,21,29423.0,76267.0,41786.0,29423.0,52724.0,29423.0,1,46844.0
84113,206.00,1603.00,5,2,10,10,2,8,6,21,58439.0,120305.0,65433.0,58439.0,57940.0,58439.0,1,61866.0
84114,154.00,1384.00,5,2,10,10,2,8,6,21,62606.0,74370.0,60736.0,62606.0,62606.0,62606.0,1,11764.0
84115,187.00,1519.00,5,2,10,10,2,8,6,21,82599.0,47060.0,71525.0,82599.0,75461.0,82599.0,0,0.0
84116,187.00,1509.00,5,2,10,10,2,8,6,21,113172.0,101842.0,78846.0,113172.0,84558.0,113172.0,0,0.0
84117,216.00,1655.00,5,2,10,10,2,8,6,21,109912.0,37039.0,93035.0,109912.0,109414.0,109912.0,0,0.0
84118,187.00,1519.00,5,2,10,10,2,8,6,21,95954.0,105679.0,85261.0,95954.0,90622.0,95954.0,1,9725.0
84119,154.00,1384.00,5,2,10,10,2,8,6,21,75648.0,59670.0,72532.0,75648.0,75648.0,75648.0,0,0.0
84120,206.00,1693.00,5,2,10,10,2,8,6,21,115410.0,99457.0,111595.0,115410.0,114913.0,115410.0,0,0.0
84121,216.00,1665.00,5,2,10,10,2,8,6,21,90292.0,83655.0,73619.0,90292.0,89794.0,90292.0,0,0.0
84122,154.00,1462.00,5,2,10,10,2,8,6,21,93098.0,72111.0,92669.0,93098.0,93319.0,93098.0,4,221.0
84123,154.00,1403.00,5,2,10,10,2,8,6,21,49638.0,73388.0,32024.0,49638.0,49631.0,49638.0,1,23750.0
84124,216.00,1655.00,5,2,10,10,2,8,6,21,121104.0,97200.0,102883.0,121104.0,120603.0,121104.0,0,0.0
84125,154.00,1384.00,5,2,10,10,2,8,6,21,67585.0,53088.0,63848.0,67585.0,67585.0,67585.0,0,0.0
84126,187.00,1516.00,5,2,10,10,2,8,6,21,101133.0,84048.0,116767.0,101133.0,92639.0,101133.0,2,15634.0
84127,206.00,1603.00,5,2,10,10,2,8,6,21,96501.0,74218.0,97797.0,96501.0,96000.0,96501.0,2,1296.0
84128,154.00,1384.00,5,2,10,10,2,8,6,21,69655.0,96666.0,80810.0,69655.0,69655.0,69655.0,1,27011.0
84129,154.00,1560.00,5,2,10,10,2,8,6,21,60887.0,59754.0,82722.0,60887.0,60887.0,60887.0,2,21835.0
84130,216.00,1674.00,5,2,10,10,2,8,6,21,122168.0,120982.0,120818.0,122168.0,121626.0,122168.0,0,0.0
84131,187.00,1509.00,5,2,10,10,2,8,6,21,51988.0,61958.0,51502.0,51988.0,54739.0,51988.0,1,9970.0
84132,187.00,1509.00,5,2,10,10,2,8,6,21,76729.0,70967.0,65050.0,76729.0,81370.0,76729.0,4,4641.0
84133,154.00,1384.00,5,2,10,10,2,8,6,21,43567.0,119709.0,32014.0,43567.0,43567.0,43567.0,1,76142.0
84134,216.00,1668.00,5,2,10,10,2,8,6,21,88106.0,68795.0,84074.0,88134.0,87636.0,88106.0,0,0.0
84135,216.00,1655.00,5,2,10,10,2,8,6,21,91017.0,90513.0,98859.0,91017.0,90519.0,91017.0,2,7842.0
84136,187.00,1667.00,5,2,10,10,2,8,6,21,105166.0,59046.0,104348.0,105166.0,100931.0,105166.0,0,0.0
84137,187.00,1399.00,4,2,11,10,2,8,6,21,102312.0,85385.0,86042.0,102312.0,102312.0,102312.0,0,0.0
84138,154.00,1560.00,5,2,10,10,2,8,6,21,94388.0,113396.0,59354.0,94388.0,94388.0,94388.0,1,19008.0
84139,154.00,1384.00,5,2,10,10,2,8,6,21,83388.0,70933.0,89170.0,83388.0,83388.0,83388.0,2,5782.0
84140,206.00,1681.00,5,2,10,10,2,8,6,21,91435.0,91017.0,91797.0,91435.0,90936.0,91435.0,2,362.0
84141,206.00,1693.00,5,2,10,10,2,8,6,21,124796.0,90719.0,98717.0,124796.0,124295.0,124796.0,0,0.0
84142,154.00,1391.00,5,2,10,10,2,8,6,21,43550.0,76007.0,47833.0,43550.0,43550.0,43550.0,1,32457.0
84143,154.00,1403.00,5,2,10,10,2,8,6,21,46799.0,51295.0,57982.0,46799.0,32205.0,46799.0,2,11183.0
84144,206.00,1617.00,5,2,10,10,2,8,6,21,74944.0,99306.0,110574.0,74914.0,74444.0,74944.0,2,35630.0
84145,154.00,1394.00,5,2,10,10,2,8,6,21,42324.0,73600.0,51538.0,42324.0,42324.0,42324.0,1,31276.0
84146,187.00,1509.00,5,2,10,10,2,8,6,21,81409.0,78952.0,84040.0,81409.0,64825.0,81409.0,2,2631.0
84147,206.00,1603.00,5,2,10,10,2,8,6,21,74110.0,94200.0,75603.0,74110.0,73611.0,74110.0,1,20090.0
84148,187.00,1509.00,5,2,10,10,2,8,6,21,68038.0,43216.0,72458.0,68038.0,81554.0,68038.0,4,13516.0
84149,154.00,1391.00,5,2,10,10,2,8,6,21,51195.0,57880.0,54208.0,51195.0,51195.0,51195.0,1,6685.0
84150,216.00,1665.00,5,2,10,10,2,8,6,21,124995.0,110382.0,123641.0,124995.0,124494.0,124995.0,0,0.0
84151,216.00,1665.00,5,2,10,10,2,8,6,21,69248.0,78964.0,96104.0,69248.0,68750.0,69248.0,2,26856.0
84152,154.00,1551.00,5,2,10,10,2,8,6,21,59031.0,99410.0,72503.0,59031.0,59031.0,59031.0,1,40379.0
84153,154.00,1462.00,5,2,10,10,2,8,6,21,67579.0,69579.0,66733.0,67579.0,67787.0,67579.0,1,2000.0
84154,206.00,1693.00,5,2,10,10,2,8,6,21,119040.0,141927.0,117786.0,119040.0,118543.0,119040.0,1,22887.0
84155,216.00,1674.00,5,2,10,10,2,8,6,21,118148.0,121816.0,120718.0,118148.0,117647.0,118148.0,1,3668.0
84156,154.00,1384.00,5,2,10,10,2,8,6,21,88652.0,69537.0,92850.0,88652.0,88652.0,88652.0,2,4198.0
84157,206.00,1610.00,5,2,10,10,2,8,6,21,92790.0,141554.0,86590.0,92790.0,92292.0,92790.0,1,48764.0
84158,187.00,1512.00,5,2,10,10,2,8,6,21,63473.0,36740.0,77338.0,63473.0,70288.0,63473.0,2,13865.0
84159,154.00,1384.00,5,2,10,10,2,8,6,21,87449.0,68255.0,81182.0,87449.0,87449.0,87449.0,0,0.0
84160,216.00,1655.00,5,2,10,10,2,8,6,21,77818.0,82290.0,87975.0,77818.0,77317.0,77818.0,2,10157.0
84161,206.00,1492.00,5,1,11,10,2,8,6,21,98520.0,81118.0,102903.0,98524.0,97923.0,98520.0,2,4383.0
84162,187.00,1528.00,5,2,10,10,2,8,6,21,90830.0,33387.0,57259.0,90830.0,86842.0,90830.0,0,0.0
84163,154.00,1395.00,4,2,11,10,2,8,6,21,72085.0,61072.0,82310.0,72085.0,72085.0,72085.0,2,10225.0
84164,206.00,1681.00,5,2,10,10,2,8,6,21,97370.0,83173.0,81909.0,97370.0,96871.0,97370.0,0,0.0
84165,154.00,1542.00,5,2,10,10,2,8,6,21,103318.0,101708.0,64931.0,103318.0,103318.0,103318.0,0,0.0
84166,206.00,1613.00,5,2,10,10,2,8,6,21,83304.0,82803.0,63826.0,83304.0,82803.0,83304.0,0,0.0
84167,154.00,1542.00,5,2,10,10,2,8,6,21,108731.0,110539.0,67832.0,108731.0,108731.0,108731.0,1,1808.0
84168,187.00,1516.00,5,2,10,10,2,8,6,21,87615.0,88391.0,89065.0,87615.0,85158.0,87615.0,2,1450.0
84169,216.00,1674.00,5,2,10,10,2,8,6,21,125932.0,71640.0,137076.0,125932.0,125435.0,125932.0,2,11144.0
84170,206.00,1610.00,5,2,10,10,2,8,6,21,100605.0,29550.0,75192.0,100605.0,100104.0,100605.0,0,0.0
84171,154.00,1391.00,5,2,10,10,2,8,6,21,50210.0,38536.0,49444.0,50210.0,50210.0,50210.0,0,0.0
84172,206.00,1603.00,5,2,10,10,2,8,6,21,70271.0,112663.0,72295.0,70271.0,69773.0,70271.0,1,42392.0
84173,187.00,1509.00,5,2,10,10,2,8,6,21,73477.0,60650.0,86002.0,73477.0,63272.0,73477.0,2,12525.0
84174,154.00,1384.00,5,2,10,10,2,8,6,21,47864.0,47128.0,37295.0,47864.0,47864.0,47864.0,0,0.0
84175,216.00,1662.00,5,2,10,10,2,8,6,21,121432.0,78147.0,115652.0,121432.0,120931.0,121432.0,0,0.0
84176,154.00,1391.00,5,2,10,10,2,8,6,21,56631.0,118747.0,44231.0,56631.0,56631.0,56631.0,1,62116.0
84177,216.00,1674.00,5,2,10,10,2,8,6,21,128203.0,60078.0,114575.0,128203.0,127706.0,128203.0,0,0.0
84178,187.00,1509.00,5,2,10,10,2,8,6,21,78731.0,144323.0,56103.0,78771.0,79040.0,78731.0,1,65592.0
84179,187.00,1509.00,5,2,10,10,2,8,6,21,69633.0,90498.0,64875.0,69633.0,68747.0,69633.0,1,20865.0
84180,154.00,1280.00,4,2,11,10,2,8,6,21,48089.0,48309.0,51916.0,48089.0,48089.0,48089.0,2,3827.0
84181,154.00,1462.00,5,2,10,10,2,8,6,21,75417.0,63299.0,62864.0,75417.0,75642.0,75417.0,4,225.0
84182,154.00,1542.00,5,2,10,10,2,8,6,21,65638.0,102305.0,70081.0,65638.0,65638.0,65638.0,1,36667.0
84183,154.00,1384.00,5,2,10,10,2,8,6,21,49135.0,128605.0,46965.0,49135.0,49135.0,49135.0,1,79470.0
84184,206.00,1613.00,5,2,10,10,2,8,6,21,84685.0,82441.0,76773.0,84685.0,84187.0,84685.0,0,0.0
84185,154.00,1384.00,5,2,10,10,2,8,6,21,40705.0,20153.0,50536.0,40705.0,40705.0,40705.0,2,9831.0
84186,216.00,1655.00,5,2,10,10,2,8,6,21,122354.0,120066.0,125477.0,122354.0,121853.0,122354.0,2,3123.0
84187,206.00,1603.00,5,2,10,10,2,8,6,21,86785.0,102248.0,87082.0,86785.0,86287.0,86785.0,1,15463.0
84188,206.00,1603.00,5,2,10,10,2,8,6,21,86194.0,79813.0,56111.0,86194.0,85695.0,86194.0,0,0.0
84189,154.00,1384.00,5,2,10,10,2,8,6,21,65282.0,93281.0,53264.0,65282.0,65282.0,65282.0,1,27999.0
84190,216.00,1655.00,5,2,10,10,2,8,6,21,124832.0,66988.0,112864.0,124832.0,124331.0,124832.0,0,0.0
84191,187.00,1512.00,5,2,10,10,2,8,6,21,74810.0,97111.0,87784.0,74810.0,69027.0,74810.0,1,22301.0
84192,154.00,1391.00,5,2,10,10,2,8,6,21,51565.0,56380.0,58944.0,51565.0,51565.0,51565.0,2,7379.0
84193,187.00,1509.00,5,2,10,10,2,8,6,21,48727.0,51448.0,48406.0,48727.0,49745.0,48727.0,1,2721.0
84194,154.00,1391.00,5,2,10,10,2,8,6,21,70004.0,68971.0,45828.0,70004.0,70004.0,70004.0,0,0.0
84195,154.00,1391.00,5,2,10,10,2,8,6,21,38976.0,67423.0,34678.0,38976.0,38976.0,38976.0,1,28447.0
84196,154.00,1384.00,5,2,10,10,2,8,6,21,80245.0,102970.0,81192.0,80245.0,80245.0,80245.0,1,22725.0
84197,187.00,1519.00,5,2,10,10,2,8,6,21,52704.0,41744.0,58489.0,52704.0,86336.0,52704.0,4,33632.0
84198,206.00,1603.00,5,2,10,10,2,8,6,21,113548.0,95132.0,102795.0,113548.0,113050.0,113548.0,0,0.0
84199,216.00,1662.00,5,2,10,10,2,8,6,21,108704.0,113478.0,112991.0,108704.0,108206.0,108704.0,1,4774.0
84200,154.00,1560.00,5,2,10,10,2,8,6,21,72932.0,67576.0,76963.0,72932.0,72932.0,72932.0,2,4031.0
84201,154.00,1542.00,5,2,10,10,2,8,6,21,83925.0,131047.0,99432.0,83925.0,83925.0,83925.0,1,47122.0
84202,206.00,1613.00,5,2,10,10,2,8,6,21,88624.0,58952.0,87754.0,88624.0,88125.0,88624.0,0,0.0
84203,206.00,1613.00,5,2,10,10,2,8,6,21,108397.0,101441.0,95691.0,108397.0,107899.0,108397.0,0,0.0
84204,206.00,1613.00,5,2,10,10,2,8,6,21,84894.0,81385.0,57736.0,84894.0,84393.0,84894.0,0,0.0
84205,154.00,1384.00,5,2,10,10,2,8,6,21,46430.0,25580.0,47405.0,46430.0,46430.0,46430.0,2,975.0
84206,154.00,1462.00,5,2,10,10,2,8,6,21,84096.0,75432.0,107079.0,84096.0,84089.0,84096.0,2,22983.0
84207,154.00,1384.00,5,2,10,10,2,8,6,21,68388.0,71313.0,60111.0,68388.0,68388.0,68388.0,1,2925.0
84208,154.00,1384.00,5,2,10,10,2,8,6,21,77479.0,72316.0,86917.0,77479.0,77479.0,77479.0,2,9438.0
84209,154.00,1474.00,4,2,11,10,2,8,6,21,89931.0,80397.0,87684.0,89931.0,89931.0,89931.0,0,0.0
84210,154.00,1324.00,4,2,11,10,2,8,6,21,69672.0,79788.0,64844.0,69672.0,69672.0,69672.0,1,10116.0
84211,216.00,1655.00,5,2,10,10,2,8,6,21,133089.0,72604.0,118498.0,133089.0,132591.0,133089.0,0,0.0
84212,154.00,1384.00,5,2,10,10,2,8,6,21,84098.0,75261.0,86536.0,84098.0,84098.0,84098.0,2,2438.0
84213,154.00,1474.00,5,2,10,10,2,8,6,21,60284.0,105122.0,61905.0,60284.0,60284.0,60284.0,1,44838.0
84214,154.00,1384.00,5,2,10,10,2,8,6,21,73787.0,94737.0,74142.0,73787.0,73787.0,73787.0,1,20950.0
84215,206.00,1681.00,5,2,10,10,2,8,6,21,146937.0,87376.0,119577.0,146937.0,146436.0,146937.0,0,0.0
84216,187.00,1516.00,5,2,10,10,2,8,6,21,110308.0,72286.0,96843.0,110308.0,90613.0,110308.0,0,0.0
84217,154.00,1560.00,5,2,10,10,2,8,6,21,70709.0,116213.0,64547.0,70709.0,70709.0,70709.0,1,45504.0
84218,154.00,1384.00,5,2,10,10,2,8,6,21,60815.0,109302.0,51277.0,60815.0,60815.0,60815.0,1,48487.0
84219,206.00,1610.00,5,2,10,10,2,8,6,21,92993.0,127130.0,83040.0,92993.0,92494.0,92993.0,1,34137.0
84220,216.00,1662.00,5,2,10,10,2,8,6,21,130706.0,71875.0,121756.0,130706.0,130205.0,130706.0,0,0.0
84221,154.00,1542.00,5,2,10,10,2,8,6,21,91497.0,90996.0,76329.0,91497.0,91497.0,91497.0,0,0.0
84222,154.00,1274.00,4,2,11,10,2,8,6,21,71789.0,76028.0,40325.0,71789.0,71789.0,71789.0,1,4239.0
84223,216.00,1655.00,5,2,10,10,2,8,6,21,102758.0,117310.0,89820.0,102758.0,102257.0,102758.0,1,14552.0
84224,206.00,1613.00,5,2,10,10,2,8,6,21,107143.0,130666.0,100606.0,107143.0,106642.0,107143.0,1,23523.0
84225,187.00,1519.00,5,2,10,10,2,8,6,21,42962.0,74421.0,54380.0,42962.0,56331.0,42962.0,1,31459.0
84226,154.00,1384.00,5,2,10,10,2,8,6,21,67022.0,81840.0,49528.0,67022.0,67022.0,67022.0,1,14818.0
84227,187.00,1519.00,5,2,10,10,2,8,6,21,75369.0,72459.0,86653.0,75369.0,94480.0,75369.0,4,19111.0
84228,154.00,1462.00,5,2,10,10,2,8,6,21,62207.0,34185.0,56434.0,62207.0,62452.0,62207.0,4,245.0
84229,187.00,1509.00,5,2,10,10,2,8,6,21,105911.0,75263.0,104033.0,105911.0,110965.0,105911.0,4,5054.0
84230,216.00,1662.00,5,2,10,10,2,8,6,21,127039.0,65000.0,128362.0,127039.0,126540.0,127039.0,2,1323.0
84231,187.00,1667.00,5,2,10,10,2,8,6,21,89909.0,123571.0,106381.0,89909.0,75680.0,89909.0,1,33662.0
84232,206.00,1613.00,5,2,10,10,2,8,6,21,98814.0,124487.0,97231.0,98814.0,98313.0,98814.0,1,25673.0
84233,187.00,1509.00,5,2,10,10,2,8,6,21,59681.0,53046.0,59155.0,59681.0,70655.0,59681.0,4,10974.0
84234,154.00,1474.00,5,2,10,10,2,8,6,21,66730.0,24027.0,109880.0,66730.0,66730.0,66730.0,2,43150.0
84235,187.00,1516.00,5,2,10,10,2,8,6,21,64333.0,87531.0,74188.0,64333.0,49441.0,64333.0,1,23198.0
84236,154.00,1384.00,5,2,10,10,2,8,6,21,78029.0,113784.0,70399.0,78029.0,78029.0,78029.0,1,35755.0
84237,216.00,1655.00,5,2,10,10,2,8,6,21,79272.0,64859.0,81229.0,79272.0,78771.0,79272.0,2,1957.0
84238,206.00,1606.00,5,2,10,10,2,8,6,21,101432.0,46378.0,84859.0,101432.0,100936.0,101432.0,0,0.0
84239,187.00,1528.00,5,2,10,10,2,8,6,21,67096.0,82970.0,95069.0,67096.0,89441.0,67096.0,2,27973.0
84240,154.00,1391.00,5,2,10,10,2,8,6,21,42347.0,41227.0,50676.0,42347.0,42347.0,42347.0,2,8329.0
84241,206.00,1610.00,5,2,10,10,2,8,6,21,65219.0,64020.0,59268.0,65219.0,64720.0,65219.0,0,0.0
84242,154.00,1384.00,5,2,10,10,2,8,6,21,60743.0,100978.0,66632.0,60743.0,60743.0,60743.0,1,40235.0
84243,154.00,1551.00,5,2,10,10,2,8,6,21,60079.0,96946.0,54374.0,60076.0,60109.0,60079.0,1,36867.0
84244,187.00,1676.00,5,2,10,10,2,8,6,21,75920.0,32111.0,73837.0,75920.0,75422.0,75920.0,0,0.0
84245,154.00,1384.00,5,2,10,10,2,8,6,21,74483.0,61380.0,68928.0,74483.0,74483.0,74483.0,0,0.0
84246,206.00,1499.00,4,2,11,10,2,8,6,21,62219.0,39352.0,64924.0,62220.0,61783.0,62219.0,2,2705.0
84247,154.00,1462.00,5,2,10,10,2,8,6,21,109414.0,41083.0,92774.0,109414.0,109630.0,109414.0,4,216.0
84248,187.00,1509.00,5,2,10,10,2,8,6,21,82036.0,72415.0,99360.0,82036.0,76059.0,82036.0,2,17324.0
84249,206.00,1603.00,5,2,10,10,2,8,6,21,75049.0,91284.0,84807.0,75049.0,74549.0,75049.0,1,16235.0
84250,154.00,1394.00,5,2,10,10,2,8,6,21,42363.0,82708.0,41919.0,42363.0,42363.0,42363.0,1,40345.0
84251,154.00,1384.00,5,2,10,10,2,8,6,21,79215.0,126708.0,72443.0,79215.0,79215.0,79215.0,1,47493.0
84252,206.00,1603.00,5,2,10,10,2,8,6,21,123048.0,67937.0,118378.0,123048.0,122547.0,123048.0,0,0.0
84253,206.00,1603.00,5,2,10,10,2,8,6,21,92444.0,74512.0,74042.0,92444.0,91943.0,92444.0,0,0.0
84254,154.00,1542.00,5,2,10,10,2,8,6,21,76430.0,75929.0,70263.0,76430.0,76430.0,76430.0,0,0.0
84255,154.00,1560.00,5,2,10,10,2,8,6,21,71724.0,69414.0,75102.0,71724.0,71724.0,71724.0,2,3378.0
84256,206.00,1610.00,5,2,10,10,2,8,6,21,73924.0,67788.0,83193.0,73924.0,73423.0,73924.0,2,9269.0
84257,206.00,1498.00,5,1,11,10,2,8,6,21,55493.0,37080.0,60543.0,55493.0,54903.0,55493.0,2,5050.0
84258,187.00,1509.00,5,2,10,10,2,8,6,21,80088.0,126724.0,36648.0,80088.0,72582.0,80088.0,1,46636.0
84259,187.00,1509.00,5,2,10,10,2,8,6,21,55862.0,87649.0,44338.0,55862.0,60115.0,55862.0,1,31787.0
84260,154.00,1462.00,5,2,10,10,2,8,6,21,79183.0,73650.0,97049.0,79183.0,79404.0,79183.0,2,17866.0
84261,154.00,1435.00,4,2,11,10,2,8,6,21,65196.0,61524.0,64354.0,65196.0,65188.0,65196.0,0,0.0
84262,187.00,1513.00,5,2,10,10,2,8,6,21,75613.0,100751.0,77392.0,75613.0,72919.0,75613.0,1,25138.0
84263,154.00,1551.00,5,2,10,10,2,8,6,21,69455.0,118543.0,86772.0,69455.0,69455.0,69455.0,1,49088.0
84264,154.00,1462.00,5,2,10,10,2,8,6,21,73063.0,65953.0,72279.0,73063.0,73272.0,73063.0,4,209.0
84265,187.00,1399.00,4,2,11,10,2,8,6,21,81791.0,81441.0,86977.0,81791.0,81791.0,81791.0,2,5186.0
84266,154.00,1384.00,5,2,10,10,2,8,6,21,81906.0,83381.0,69995.0,81906.0,81906.0,81906.0,1,1475.0
84267,154.00,1384.00,5,2,10,10,2,8,6,21,28054.0,59301.0,35851.0,28054.0,28054.0,28054.0,1,31247.0
84268,154.00,1560.00,5,2,10,10,2,8,6,21,71636.0,59779.0,80566.0,71636.0,71636.0,71636.0,2,8930.0
84269,216.00,1662.00,5,2,10,10,2,8,6,21,122002.0,104031.0,83229.0,122002.0,121503.0,122002.0,0,0.0
84270,187.00,1509.00,5,2,10,10,2,8,6,21,105357.0,120871.0,101832.0,105357.0,102767.0,105357.0,1,15514.0
84271,187.00,1519.00,5,2,10,10,2,8,6,21,49367.0,48598.0,62811.0,49367.0,46552.0,49367.0,2,13444.0
84272,154.00,1394.00,5,2,10,10,2,8,6,21,84461.0,88904.0,73504.0,84461.0,84461.0,84461.0,1,4443.0
84273,206.00,1622.00,5,2,10,10,2,8,6,21,69212.0,93262.0,70857.0,69212.0,68711.0,69212.0,1,24050.0
84274,154.00,1384.00,5,2,10,10,2,8,6,21,62139.0,105144.0,82095.0,62139.0,62139.0,62139.0,1,43005.0
84275,206.00,1603.00,5,2,10,10,2,8,6,21,95411.0,87807.0,93230.0,95411.0,94910.0,95411.0,0,0.0
84276,206.00,1603.00,5,2,10,10,2,8,6,21,66232.0,92497.0,69904.0,66232.0,65734.0,66232.0,1,26265.0
84277,154.00,1551.00,5,2,10,10,2,8,6,21,69289.0,85879.0,72658.0,69289.0,69289.0,69289.0,1,16590.0
84278,154.00,1391.00,5,2,10,10,2,8,6,21,36748.0,59760.0,46263.0,36748.0,36748.0,36748.0,1,23012.0
84279,216.00,1664.00,5,2,10,10,2,8,6,21,133497.0,124255.0,141808.0,133497.0,133002.0,133497.0,2,8311.0
84280,154.00,1384.00,5,2,10,10,2,8,6,21,77625.0,124883.0,69704.0,77625.0,77625.0,77625.0,1,47258.0
84281,154.00,1391.00,5,2,10,10,2,8,6,21,70267.0,40648.0,78952.0,70267.0,70267.0,70267.0,2,8685.0
84282,187.00,1509.00,5,2,10,10,2,8,6,21,96154.0,125637.0,67136.0,96154.0,96960.0,96154.0,1,29483.0
84283,187.00,1676.00,5,2,10,10,2,8,6,21,120336.0,130249.0,138033.0,120336.0,119939.0,120336.0,2,17697.0
84284,187.00,1509.00,5,2,10,10,2,8,6,21,50210.0,94574.0,64181.0,50210.0,62937.0,50210.0,1,44364.0
84285,154.00,1474.00,5,2,10,10,2,8,6,21,76255.0,67434.0,69579.0,76255.0,76255.0,76255.0,0,0.0
84286,154.00,1394.00,5,2,10,10,2,8,6,21,48735.0,78931.0,27261.0,48735.0,48735.0,48735.0,1,30196.0
84287,154.00,1391.00,5,2,10,10,2,8,6,21,41582.0,130878.0,41887.0,41582.0,41582.0,41582.0,1,89296.0
84288,187.00,1528.00,5,2,10,10,2,8,6,21,43529.0,37265.0,55540.0,43529.0,56050.0,43529.0,4,12521.0
84289,216.00,1662.00,5,2,10,10,2,8,6,21,98584.0,92551.0,96148.0,98584.0,98036.0,98584.0,0,0.0
84290,187.00,1667.00,5,2,10,10,2,8,6,21,75471.0,114966.0,75081.0,75471.0,75640.0,75471.0,1,39495.0
84291,154.00,1462.00,5,2,10,10,2,8,6,21,108704.0,105081.0,91135.0,108704.0,108921.0,108704.0,4,217.0
84292,187.00,1667.00,5,2,10,10,2,8,6,21,89125.0,111836.0,89096.0,89125.0,88724.0,89125.0,1,22711.0
84293,187.00,1676.00,5,2,10,10,2,8,6,21,83113.0,82549.0,82240.0,83113.0,89989.0,83113.0,4,6876.0
84294,206.00,1603.00,5,2,10,10,2,8,6,21,96304.0,56251.0,96804.0,96304.0,95803.0,96304.0,2,500.0
84295,216.00,1655.00,5,2,10,10,2,8,6,21,85302.0,100041.0,101220.0,85302.0,84803.0,85302.0,2,15918.0
84296,154.00,1391.00,5,2,10,10,2,8,6,21,60594.0,111221.0,64748.0,60594.0,60594.0,60594.0,1,50627.0
84297,206.00,1603.00,5,2,10,10,2,8,6,21,83580.0,64301.0,87965.0,83580.0,83081.0,83580.0,2,4385.0
84298,206.00,1681.00,5,2,10,10,2,8,6,21,111074.0,111231.0,102991.0,111074.0,110575.0,111074.0,1,157.0
84299,154.00,1384.00,5,2,10,10,2,8,6,21,69457.0,85710.0,80093.0,69457.0,69457.0,69457.0,1,16253.0
84300,206.00,1681.00,5,2,10,10,2,8,6,21,101914.0,122730.0,98564.0,101914.0,101415.0,101914.0,1,20816.0
84301,187.00,1528.00,5,2,10,10,2,8,6,21,69165.0,68640.0,43715.0,69165.0,44062.0,69165.0,0,0.0
84302,187.00,1509.00,5,2,10,10,2,8,6,21,49708.0,60344.0,69240.0,49708.0,65361.0,49708.0,2,19532.0
84303,206.00,1610.00,5,2,10,10,2,8,6,21,94904.0,135093.0,86613.0,94904.0,94403.0,94904.0,1,40189.0
84304,187.00,1519.00,5,2,10,10,2,8,6,21,52957.0,50101.0,85803.0,52957.0,55335.0,52957.0,2,32846.0
84305,154.00,1391.00,5,2,10,10,2,8,6,21,56109.0,120871.0,28169.0,56109.0,56109.0,56109.0,1,64762.0
84306,187.00,1512.00,5,2,10,10,2,8,6,21,78648.0,111262.0,87882.0,78648.0,104569.0,78648.0,1,32614.0
84307,154.00,1384.00,5,2,10,10,2,8,6,21,79645.0,102204.0,71257.0,79645.0,79645.0,79645.0,1,22559.0
84308,187.00,1667.00,5,2,10,10,2,8,6,21,63115.0,86300.0,72294.0,63115.0,63377.0,63115.0,1,23185.0
84309,216.00,1655.00,5,2,10,10,2,8,6,21,52259.0,65265.0,52922.0,52259.0,51760.0,52259.0,1,13006.0
84310,187.00,1519.00,5,2,10,10,2,8,6,21,76752.0,54866.0,74165.0,76752.0,67952.0,76752.0,0,0.0
84311,154.00,1487.00,4,2,11,10,2,8,6,21,60730.0,73278.0,89776.0,60730.0,60730.0,60730.0,2,29046.0
84312,187.00,1516.00,5,2,10,10,2,8,6,21,117671.0,91247.0,115330.0,117671.0,115061.0,117671.0,0,0.0
84313,187.00,1516.00,5,2,10,10,2,8,6,21,110968.0,75631.0,89727.0,110968.0,116642.0,110968.0,4,5674.0
84314,187.00,1676.00,5,2,10,10,2,8,6,21,70633.0,71199.0,69642.0,70633.0,88946.0,70633.0,4,18313.0
84315,187.00,1398.00,5,1,11,10,2,8,6,21,94219.0,52697.0,98124.0,94219.0,94219.0,94219.0,2,3905.0
84316,154.00,1394.00,5,2,10,10,2,8,6,21,74840.0,69085.0,34410.0,74840.0,74840.0,74840.0,0,0.0
84317,216.00,1658.00,5,2,10,10,2,8,6,21,96827.0,67079.0,86233.0,96827.0,96329.0,96827.0,0,0.0
84318,154.00,1384.00,5,2,10,10,2,8,6,21,65813.0,76838.0,58122.0,65813.0,65813.0,65813.0,1,11025.0
84319,187.00,1509.00,5,2,10,10,2,8,6,21,69417.0,101055.0,91713.0,69417.0,68064.0,69417.0,1,31638.0
84320,216.00,1662.00,5,2,10,10,2,8,6,21,138185.0,84115.0,132932.0,138185.0,137687.0,138185.0,0,0.0
84321,187.00,1509.00,5,2,10,10,2,8,6,21,42038.0,80574.0,35790.0,42038.0,53559.0,42038.0,1,38536.0
84322,154.00,1384.00,5,2,10,10,2,8,6,21,89178.0,101184.0,81233.0,89178.0,89178.0,89178.0,1,12006.0
84323,187.00,1509.00,5,2,10,10,2,8,6,21,77183.0,28959.0,65859.0,77183.0,65012.0,77183.0,0,0.0
84324,206.00,1693.00,5,2,10,10,2,8,6,21,100978.0,97720.0,100521.0,100978.0,100477.0,100978.0,0,0.0
84325,206.00,1613.00,5,2,10,10,2,8,6,21,90175.0,96559.0,71307.0,90175.0,89677.0,90175.0,1,6384.0
84326,154.00,1403.00,5,2,10,10,2,8,6,21,57569.0,58503.0,46486.0,57569.0,57562.0,57569.0,1,934.0
84327,206.00,1603.00,5,2,10,10,2,8,6,21,90223.0,79870.0,91772.0,90223.0,89724.0,90223.0,2,1549.0
84328,154.00,1551.00,5,2,10,10,2,8,6,21,64534.0,60703.0,79816.0,64534.0,64534.0,64534.0,2,15282.0
84329,154.00,1384.00,5,2,10,10,2,8,6,21,85314.0,45975.0,83053.0,85314.0,85314.0,85314.0,0,0.0
84330,154.00,1391.00,5,2,10,10,2,8,6,21,65605.0,78006.0,63405.0,65605.0,65605.0,65605.0,1,12401.0
84331,187.00,1667.00,5,2,10,10,2,8,6,21,70343.0,70360.0,69886.0,70343.0,72877.0,70343.0,4,2534.0
84332,187.00,1516.00,5,2,10,10,2,8,6,21,40318.0,37072.0,47524.0,40318.0,46019.0,40318.0,2,7206.0
84333,216.00,1674.00,5,2,10,10,2,8,6,21,134839.0,94522.0,132890.0,134839.0,134338.0,134839.0,0,0.0
84334,154.00,1427.00,5,1,11,10,2,8,6,21,86585.0,52704.0,86911.0,86585.0,67578.0,86585.0,2,326.0
84335,154.00,1391.00,5,2,10,10,2,8,6,21,54207.0,46321.0,37868.0,54207.0,54207.0,54207.0,0,0.0
84336,154.00,1384.00,4,2,11,10,2,8,6,21,70146.0,57503.0,60908.0,70146.0,70146.0,70146.0,0,0.0
84337,154.00,1444.00,4,2,11,10,2,8,6,21,71857.0,65079.0,71085.0,71857.0,72029.0,71857.0,4,172.0
84338,206.00,1610.00,5,2,10,10,2,8,6,21,39948.0,56329.0,47353.0,39948.0,39449.0,39948.0,1,16381.0
84339,187.00,1552.00,5,1,11,10,2,8,6,21,56996.0,65454.0,56537.0,56996.0,66862.0,56996.0,4,9866.0
84340,206.00,1681.00,5,2,10,10,2,8,6,21,87560.0,83282.0,96184.0,87560.0,87018.0,87560.0,2,8624.0
84341,216.00,1655.00,5,2,10,10,2,8,6,21,86829.0,71113.0,81262.0,86829.0,86328.0,86829.0,0,0.0
84342,154.00,1462.00,5,2,10,10,2,8,6,21,64355.0,93743.0,63130.0,64355.0,64599.0,64355.0,1,29388.0
84343,187.00,1528.00,5,2,10,10,2,8,6,21,72900.0,83989.0,80640.0,72900.0,64720.0,72900.0,1,11089.0
84344,206.00,1683.00,5,2,10,10,2,8,6,21,120722.0,47047.0,120801.0,120722.0,120250.0,120722.0,2,79.0
84345,154.00,1384.00,5,2,10,10,2,8,6,21,84012.0,96077.0,74746.0,84012.0,84012.0,84012.0,1,12065.0
84346,206.00,1603.00,5,2,10,10,2,8,6,21,83796.0,70734.0,77478.0,83796.0,83295.0,83796.0,0,0.0
84347,216.00,1655.00,5,2,10,10,2,8,6,21,90791.0,45471.0,98860.0,90791.0,90292.0,90791.0,2,8069.0
84348,206.00,1603.00,5,2,10,10,2,8,6,21,108494.0,84697.0,89093.0,108494.0,107995.0,108494.0,0,0.0
84349,154.00,1384.00,5,2,10,10,2,8,6,21,61984.0,61685.0,54470.0,61984.0,61984.0,61984.0,0,0.0
84350,187.00,1516.00,5,2,10,10,2,8,6,21,109351.0,97551.0,105681.0,109351.0,81683.0,109351.0,0,0.0
84351,187.00,1667.00,5,2,10,10,2,8,6,21,76610.0,61792.0,75191.0,76610.0,76209.0,76610.0,0,0.0
84352,206.00,1610.00,5,2,10,10,2,8,6,21,89247.0,41836.0,89647.0,89247.0,88748.0,89247.0,2,400.0
84353,216.00,1655.00,5,2,10,10,2,8,6,21,66385.0,67538.0,60149.0,66385.0,65886.0,66385.0,1,1153.0
84354,154.00,1394.00,5,2,10,10,2,8,6,21,54991.0,62495.0,59222.0,54991.0,54991.0,54991.0,1,7504.0
84355,187.00,1528.00,5,2,10,10,2,8,6,21,64864.0,98660.0,85687.0,64864.0,47449.0,64864.0,1,33796.0
84356,187.00,1509.00,5,2,10,10,2,8,6,21,38166.0,47858.0,69804.0,38166.0,81114.0,38166.0,4,42948.0
84357,206.00,1498.00,5,1,11,10,2,8,6,21,63232.0,55271.0,88666.0,63239.0,62633.0,63232.0,2,25434.0
84358,216.00,1665.00,5,2,10,10,2,8,6,21,129868.0,75636.0,121354.0,129868.0,129370.0,129868.0,0,0.0
84359,216.00,1665.00,5,2,10,10,2,8,6,21,129060.0,128474.0,98238.0,129060.0,128559.0,129060.0,0,0.0
84360,187.00,1509.00,5,2,10,10,2,8,6,21,86878.0,131583.0,85419.0,86878.0,79308.0,86878.0,1,44705.0
84361,154.00,1384.00,5,2,10,10,2,8,6,21,62305.0,84780.0,69659.0,62305.0,62305.0,62305.0,1,22475.0
84362,154.00,1462.00,5,2,10,10,2,8,6,21,58987.0,60678.0,64020.0,58987.0,59197.0,58987.0,2,5033.0
84363,154.00,1391.00,5,2,10,10,2,8,6,21,70891.0,81878.0,68996.0,70891.0,70891.0,70891.0,1,10987.0
84364,216.00,1655.00,5,2,10,10,2,8,6,21,88094.0,37339.0,104190.0,88094.0,87593.0,88094.0,2,16096.0
84365,154.00,1384.00,5,2,10,10,2,8,6,21,67947.0,83824.0,74489.0,67947.0,67947.0,67947.0,1,15877.0
84366,206.00,1603.00,5,2,10,10,2,8,6,21,57760.0,81123.0,65545.0,57760.0,57261.0,57760.0,1,23363.0
84367,154.00,1551.00,5,2,10,10,2,8,6,21,79755.0,72378.0,58960.0,79755.0,79755.0,79755.0,0,0.0
84368,154.00,1542.00,5,2,10,10,2,8,6,21,86694.0,56183.0,93052.0,86694.0,86694.0,86694.0,2,6358.0
84369,154.00,1384.00,5,2,10,10,2,8,6,21,63698.0,19077.0,72379.0,63698.0,63698.0,63698.0,2,8681.0
84370,154.00,1384.00,5,2,10,10,2,8,6,21,80909.0,74369.0,69070.0,80909.0,80909.0,80909.0,0,0.0
84371,154.00,1394.00,5,2,10,10,2,8,6,21,35886.0,59380.0,35722.0,35886.0,35886.0,35886.0,1,23494.0
84372,154.00,1384.00,5,2,10,10,2,8,6,21,66542.0,56183.0,59633.0,66542.0,66542.0,66542.0,0,0.0
84373,216.00,1665.00,5,2,10,10,2,8,6,21,131367.0,131781.0,100060.0,131367.0,130869.0,131367.0,1,414.0
84374,154.00,1391.00,5,2,10,10,2,8,6,21,39297.0,120253.0,44479.0,39297.0,39297.0,39297.0,1,80956.0
84375,187.00,1667.00,5,2,10,10,2,8,6,21,103244.0,75398.0,102847.0,103244.0,92819.0,103244.0,0,0.0
84376,154.00,1384.00,5,2,10,10,2,8,6,21,44006.0,109277.0,40831.0,44006.0,44006.0,44006.0,1,65271.0
84377,154.00,1403.00,5,2,10,10,2,8,6,21,46182.0,93698.0,36577.0,46182.0,35249.0,46182.0,1,47516.0
84378,216.00,1665.00,5,2,10,10,2,8,6,21,128345.0,90248.0,134870.0,128345.0,127847.0,128345.0,2,6525.0
84379,154.00,1462.00,5,2,10,10,2,8,6,21,89716.0,88273.0,89983.0,89716.0,89708.0,89716.0,2,267.0
84380,206.00,1681.00,5,2,10,10,2,8,6,21,145382.0,94118.0,139961.0,145382.0,144881.0,145382.0,0,0.0
84381,187.00,1519.00,5,2,10,10,2,8,6,21,64947.0,77999.0,76377.0,64947.0,85066.0,64947.0,4,20119.0
84382,216.00,1662.00,5,2,10,10,2,8,6,21,130712.0,92713.0,115922.0,130712.0,130213.0,130712.0,0,0.0
84383,206.00,1603.00,5,2,10,10,2,8,6,21,82123.0,42070.0,104520.0,82123.0,81624.0,82123.0,2,22397.0
84384,216.00,1662.00,5,2,10,10,2,8,6,21,146448.0,118674.0,124256.0,146448.0,145947.0,146448.0,0,0.0
84385,154.00,1384.00,5,2,10,10,2,8,6,21,100634.0,56996.0,92899.0,100634.0,100634.0,100634.0,0,0.0
84386,154.00,1384.00,5,2,10,10,2,8,6,21,50164.0,68790.0,81839.0,50164.0,50164.0,50164.0,2,31675.0
84387,216.00,1655.00,5,2,10,10,2,8,6,21,125395.0,90617.0,112146.0,125395.0,124896.0,125395.0,0,0.0
84388,206.00,1603.00,5,2,10,10,2,8,6,21,60409.0,56509.0,74861.0,60409.0,59908.0,60409.0,2,14452.0
84389,216.00,1655.00,5,2,10,10,2,8,6,21,88549.0,110084.0,84311.0,88549.0,88051.0,88549.0,1,21535.0
84390,206.00,1535.00,4,2,11,10,2,8,6,21,72432.0,112096.0,62858.0,72443.0,61862.0,72432.0,1,39664.0
84391,206.00,1696.00,5,2,10,10,2,8,6,21,87723.0,27621.0,115262.0,87723.0,87255.0,87723.0,2,27539.0
84392,187.00,1405.00,4,2,11,10,2,8,6,21,65675.0,78722.0,43904.0,65675.0,75226.0,65675.0,1,13047.0
84393,187.00,1667.00,5,2,10,10,2,8,6,21,73436.0,78525.0,106852.0,73436.0,89649.0,73436.0,2,33416.0
84394,187.00,1676.00,5,2,10,10,2,8,6,21,139787.0,115772.0,136674.0,139787.0,131214.0,139787.0,0,0.0
84395,154.00,1384.00,5,2,10,10,2,8,6,21,36687.0,77051.0,35278.0,36687.0,36687.0,36687.0,1,40364.0
84396,216.00,1655.00,5,2,10,10,2,8,6,21,104885.0,103697.0,78252.0,104885.0,104386.0,104885.0,0,0.0
84397,187.00,1509.00,5,2,10,10,2,8,6,21,86140.0,60334.0,50591.0,86140.0,69293.0,86140.0,0,0.0
84398,154.00,1462.00,5,2,10,10,2,8,6,21,64337.0,61157.0,64000.0,64337.0,64552.0,64337.0,4,215.0
84399,187.00,1509.00,5,2,10,10,2,8,6,21,74464.0,79698.0,92892.0,74464.0,84975.0,74464.0,2,18428.0
84400,216.00,1677.00,5,2,10,10,2,8,6,21,131466.0,105899.0,127788.0,131495.0,130998.0,131466.0,0,0.0
84401,154.00,1384.00,5,2,10,10,2,8,6,21,87390.0,105665.0,75876.0,87390.0,87390.0,87390.0,1,18275.0
84402,206.00,1603.00,5,2,10,10,2,8,6,21,102954.0,99169.0,96816.0,102954.0,102453.0,102954.0,0,0.0
84403,216.00,1655.00,5,2,10,10,2,8,6,21,119003.0,54992.0,122721.0,119003.0,118505.0,119003.0,2,3718.0
84404,154.00,1384.00,5,2,10,10,2,8,6,21,100041.0,88818.0,75181.0,100041.0,100041.0,100041.0,0,0.0
84405,154.00,1474.00,5,2,10,10,2,8,6,21,76634.0,100894.0,107797.0,76634.0,76634.0,76634.0,2,31163.0
84406,154.00,1384.00,5,2,10,10,2,8,6,21,52155.0,63521.0,53128.0,52155.0,52155.0,52155.0,1,11366.0
84407,154.00,1384.00,5,2,10,10,2,8,6,21,54539.0,70296.0,39973.0,54539.0,54539.0,54539.0,1,15757.0
84408,216.00,1665.00,5,2,10,10,2,8,6,21,125295.0,98548.0,79393.0,125295.0,124797.0,125295.0,0,0.0
84409,187.00,1519.00,5,2,10,10,2,8,6,21,55676.0,81673.0,72863.0,55670.0,54052.0,55676.0,1,25997.0
84410,206.00,1603.00,5,2,10,10,2,8,6,21,78695.0,48635.0,72099.0,78695.0,78197.0,78695.0,0,0.0
84411,216.00,1655.00,5,2,10,10,2,8,6,21,122604.0,54554.0,135617.0,122604.0,122109.0,122604.0,2,13013.0
84412,206.00,1613.00,5,2,10,10,2,8,6,21,92645.0,75919.0,90124.0,92645.0,92147.0,92645.0,0,0.0
84413,216.00,1662.00,5,2,10,10,2,8,6,21,119017.0,120900.0,117664.0,119017.0,118516.0,119017.0,1,1883.0
84414,216.00,1674.00,5,2,10,10,2,8,6,21,123894.0,122905.0,117134.0,123922.0,123425.0,123894.0,0,0.0
84415,206.00,1603.00,5,2,10,10,2,8,6,21,80211.0,132675.0,78030.0,80211.0,79713.0,80211.0,1,52464.0
84416,154.00,1384.00,5,2,10,10,2,8,6,21,68611.0,84273.0,70529.0,68611.0,68611.0,68611.0,1,15662.0
84417,216.00,1665.00,5,2,10,10,2,8,6,21,131543.0,134717.0,128694.0,131543.0,131045.0,131543.0,1,3174.0
84418,216.00,1662.00,5,2,10,10,2,8,6,21,122166.0,87388.0,118168.0,122166.0,121665.0,122166.0,0,0.0
84419,206.00,1603.00,5,2,10,10,2,8,6,21,106800.0,47639.0,77724.0,106800.0,106302.0,106800.0,0,0.0
84420,154.00,1391.00,5,2,10,10,2,8,6,21,53923.0,74540.0,70356.0,53923.0,53923.0,53923.0,1,20617.0
84421,216.00,1665.00,5,2,10,10,2,8,6,21,92091.0,97526.0,99315.0,92091.0,91590.0,92091.0,2,7224.0
84422,187.00,1509.00,5,2,10,10,2,8,6,21,74570.0,89124.0,81272.0,74570.0,75881.0,74570.0,1,14554.0
84423,154.00,1542.00,5,2,10,10,2,8,6,21,65077.0,75766.0,75275.0,65077.0,65077.0,65077.0,1,10689.0
84424,187.00,1509.00,5,2,10,10,2,8,6,21,69379.0,43845.0,83366.0,69379.0,60529.0,69379.0,2,13987.0
84425,154.00,1394.00,5,2,10,10,2,8,6,21,69515.0,76184.0,70384.0,69515.0,69515.0,69515.0,1,6669.0
84426,216.00,1655.00,5,2,10,10,2,8,6,21,122412.0,90983.0,96862.0,122412.0,121911.0,122412.0,0,0.0
84427,154.00,1394.00,5,2,10,10,2,8,6,21,65547.0,69647.0,54753.0,65547.0,65547.0,65547.0,1,4100.0
84428,187.00,1519.00,5,2,10,10,2,8,6,21,112994.0,86845.0,79282.0,112994.0,65220.0,112994.0,0,0.0
84429,154.00,1273.00,5,1,11,10,2,8,6,20,24386.0,52445.0,30646.0,24386.0,24386.0,24386.0,1,28059.0
84430,206.00,1613.00,5,2,10,10,2,8,6,21,95282.0,125100.0,74195.0,95282.0,94784.0,95282.0,1,29818.0
84431,154.00,1542.00,5,2,10,10,2,8,6,21,80181.0,76785.0,80077.0,80181.0,80181.0,80181.0,0,0.0
84432,206.00,1617.00,5,2,10,10,2,8,6,21,73158.0,72051.0,71663.0,73126.0,72631.0,73158.0,0,0.0
84433,154.00,1474.00,5,2,10,10,2,8,6,21,70682.0,109785.0,69119.0,70682.0,70682.0,70682.0,1,39103.0
84434,154.00,1394.00,5,2,10,10,2,8,6,21,54255.0,49589.0,44878.0,54255.0,54255.0,54255.0,0,0.0
84435,206.00,1603.00,5,2,10,10,2,8,6,21,109067.0,113637.0,85626.0,109067.0,108569.0,109067.0,1,4570.0
84436,187.00,1509.00,5,2,10,10,2,8,6,21,78639.0,79348.0,80170.0,78639.0,82011.0,78639.0,4,3372.0
84437,216.00,1655.00,5,2,10,10,2,8,6,21,67218.0,91877.0,83775.0,67218.0,66719.0,67218.0,1,24659.0
84438,187.00,1509.00,5,2,10,10,2,8,6,21,80477.0,80443.0,80555.0,80477.0,63404.0,80477.0,2,78.0
84439,187.00,1516.00,5,2,10,10,2,8,6,21,60056.0,103134.0,84614.0,60056.0,63504.0,60056.0,1,43078.0
84440,206.00,1492.00,5,1,11,10,2,8,6,21,77353.0,78583.0,82047.0,77353.0,86650.0,77353.0,4,9297.0
84441,206.00,1603.00,5,2,10,10,2,8,6,21,103185.0,79588.0,102105.0,103185.0,102684.0,103185.0,0,0.0
84442,154.00,1384.00,5,2,10,10,2,8,6,21,35275.0,85930.0,28357.0,35275.0,35275.0,35275.0,1,50655.0
84443,154.00,1391.00,5,2,10,10,2,8,6,21,47653.0,64966.0,40531.0,47653.0,47653.0,47653.0,1,17313.0
84444,206.00,1610.00,5,2,10,10,2,8,6,21,78511.0,90869.0,87553.0,78511.0,78012.0,78511.0,1,12358.0
84445,154.00,1403.00,5,2,10,10,2,8,6,21,21599.0,81370.0,28429.0,21599.0,21592.0,21599.0,1,59771.0
84446,154.00,1384.00,5,2,10,10,2,8,6,21,18725.0,136797.0,49273.0,18725.0,18725.0,18725.0,1,118072.0
84447,187.00,1516.00,5,2,10,10,2,8,6,21,113391.0,69100.0,89950.0,113391.0,86825.0,113391.0,0,0.0
84448,216.00,1665.00,5,2,10,10,2,8,6,21,104728.0,108537.0,118059.0,104728.0,104183.0,104728.0,2,13331.0
84449,154.00,1394.00,5,2,10,10,2,8,6,21,65749.0,81746.0,57675.0,65749.0,65749.0,65749.0,1,15997.0
84450,154.00,1546.00,5,2,10,10,2,8,6,21,79572.0,83429.0,128553.0,79572.0,79572.0,79572.0,2,48981.0
84451,206.00,1622.00,5,2,10,10,2,8,6,21,108623.0,62731.0,103051.0,108623.0,108122.0,108623.0,0,0.0
84452,154.00,1384.00,5,2,10,10,2,8,6,21,59234.0,66673.0,58190.0,59234.0,59234.0,59234.0,1,7439.0
84453,216.00,1655.00,5,2,10,10,2,8,6,21,106262.0,99517.0,94999.0,106262.0,105763.0,106262.0,0,0.0
84454,206.00,1613.00,5,2,10,10,2,8,6,20,102140.0,124640.0,103531.0,102140.0,101639.0,102140.0,1,22500.0
84455,154.00,1316.00,4,2,11,10,2,8,6,21,74735.0,72500.0,42563.0,74735.0,74735.0,74735.0,0,0.0
84456,187.00,1509.00,5,2,10,10,2,8,6,21,113027.0,64350.0,104776.0,113027.0,118224.0,113027.0,4,5197.0
84457,154.00,1384.00,5,2,10,10,2,8,6,21,49154.0,74154.0,49217.0,49154.0,49154.0,49154.0,1,25000.0
84458,154.00,1384.00,5,2,10,10,2,8,6,21,83266.0,88302.0,78338.0,83266.0,83266.0,83266.0,1,5036.0
84459,154.00,1273.00,5,1,11,10,2,8,6,21,57024.0,65225.0,93460.0,57024.0,57024.0,57024.0,2,36436.0
84460,187.00,1528.00,5,2,10,10,2,8,6,21,63282.0,94656.0,73601.0,63282.0,51613.0,63282.0,1,31374.0
84461,154.00,1391.00,5,2,10,10,2,8,6,21,41155.0,74133.0,62763.0,41155.0,41155.0,41155.0,1,32978.0
84462,206.00,1603.00,5,2,10,10,2,8,6,21,74628.0,47389.0,71471.0,74628.0,74129.0,74628.0,0,0.0
84463,206.00,1610.00,5,2,10,10,2,8,6,21,81910.0,22505.0,81212.0,81910.0,81411.0,81910.0,0,0.0
84464,187.00,1509.00,5,2,10,10,2,8,6,21,115769.0,75434.0,101656.0,115769.0,115125.0,115769.0,0,0.0
84465,206.00,1610.00,5,2,10,10,2,8,6,21,63143.0,55538.0,63928.0,63143.0,62645.0,63143.0,2,785.0
84466,154.00,1384.00,5,2,10,10,2,8,6,21,83134.0,94297.0,85025.0,83134.0,83134.0,83134.0,1,11163.0
84467,216.00,1674.00,5,2,10,10,2,8,6,21,121489.0,121001.0,116883.0,121489.0,120988.0,121489.0,0,0.0
84468,154.00,1542.00,5,2,10,10,2,8,6,21,102791.0,84957.0,70568.0,102791.0,102791.0,102791.0,0,0.0
84469,187.00,1516.00,5,2,10,10,2,8,6,21,128831.0,63753.0,109543.0,128831.0,118257.0,128831.0,0,0.0
84470,206.00,1610.00,5,2,10,10,2,8,6,21,110188.0,51171.0,96234.0,110188.0,109687.0,110188.0,0,0.0
84471,206.00,1681.00,5,2,10,10,2,8,6,21,81660.0,68215.0,80532.0,81660.0,81159.0,81660.0,0,0.0
84472,187.00,1509.00,5,2,10,10,2,8,6,21,96338.0,128738.0,80505.0,96338.0,116581.0,96338.0,1,32400.0
84473,154.00,1384.00,5,2,10,10,2,8,6,21,79871.0,84141.0,49492.0,79871.0,79871.0,79871.0,1,4270.0
84474,206.00,1603.00,5,2,10,10,2,8,6,21,65342.0,97648.0,63536.0,65342.0,64843.0,65342.0,1,32306.0
84475,187.00,1509.00,5,2,10,10,2,8,6,21,57536.0,34526.0,71164.0,57536.0,75553.0,57536.0,4,18017.0
84476,154.00,1391.00,5,2,10,10,2,8,6,21,65168.0,46098.0,57292.0,65168.0,65168.0,65168.0,0,0.0
84477,154.00,1391.00,5,2,10,10,2,8,6,21,60589.0,76322.0,41443.0,60589.0,60589.0,60589.0,1,15733.0
84478,187.00,1528.00,5,2,10,10,2,8,6,21,65482.0,88088.0,72767.0,65482.0,53139.0,65482.0,1,22606.0
84479,206.00,1603.00,5,2,10,10,2,8,6,21,83817.0,82911.0,93998.0,83817.0,83271.0,83817.0,2,10181.0
84480,154.00,1384.00,5,2,10,10,2,8,6,21,80129.0,49582.0,76063.0,80129.0,80129.0,80129.0,0,0.0
84481,216.00,1662.00,5,2,10,10,2,8,6,21,107452.0,107058.0,107262.0,107452.0,106953.0,107452.0,0,0.0
84482,187.00,1516.00,5,2,10,10,2,8,6,21,137165.0,67430.0,84631.0,137165.0,105783.0,137165.0,0,0.0
84483,154.00,1384.00,5,2,10,10,2,8,6,21,70153.0,58413.0,67746.0,70153.0,70153.0,70153.0,0,0.0
84484,154.00,1384.00,5,2,10,10,2,8,6,21,67377.0,117478.0,40378.0,67377.0,67377.0,67377.0,1,50101.0
84485,154.00,1384.00,5,2,10,10,2,8,6,21,47352.0,126432.0,58831.0,47352.0,47352.0,47352.0,1,79080.0
84486,154.00,1462.00,5,2,10,10,2,8,6,21,54371.0,77648.0,53950.0,54371.0,54623.0,54371.0,1,23277.0
84487,187.00,1509.00,5,2,10,10,2,8,6,21,35767.0,45952.0,71805.0,35767.0,74520.0,35767.0,4,38753.0
84488,154.00,1384.00,5,2,10,10,2,8,6,21,59476.0,115447.0,46238.0,59476.0,59476.0,59476.0,1,55971.0
84489,154.00,1384.00,5,2,10,10,2,8,6,21,68397.0,86672.0,56664.0,68397.0,68397.0,68397.0,1,18275.0
84490,206.00,1603.00,5,2,10,10,2,8,6,21,90671.0,60592.0,70061.0,90671.0,90172.0,90671.0,0,0.0
84491,154.00,1384.00,5,2,10,10,2,8,6,21,84243.0,50729.0,77063.0,84243.0,84243.0,84243.0,0,0.0
84492,154.00,1427.00,5,1,11,10,2,8,6,21,80517.0,127200.0,81490.0,80517.0,112921.0,80517.0,1,46683.0
84493,206.00,1603.00,5,2,10,10,2,8,6,21,61337.0,84659.0,78030.0,61337.0,60839.0,61337.0,1,23322.0
84494,154.00,1394.00,5,2,10,10,2,8,6,21,81555.0,42240.0,59672.0,81555.0,81555.0,81555.0,0,0.0
84495,206.00,1603.00,5,2,10,10,2,8,6,21,66699.0,88945.0,69262.0,66699.0,66198.0,66699.0,1,22246.0
84496,154.00,1384.00,5,2,10,10,2,8,6,21,92248.0,78555.0,97360.0,92248.0,92248.0,92248.0,2,5112.0
84497,206.00,1610.00,5,2,10,10,2,8,6,21,110405.0,59356.0,109927.0,110405.0,109904.0,110405.0,0,0.0
84498,216.00,1655.00,5,2,10,10,2,8,6,21,118751.0,112101.0,116408.0,118751.0,118250.0,118751.0,0,0.0
84499,154.00,1542.00,5,2,10,10,2,8,6,21,59325.0,80382.0,70376.0,59325.0,59325.0,59325.0,1,21057.0
84500,154.00,1384.00,5,2,10,10,2,8,6,21,74781.0,80849.0,73222.0,74781.0,74781.0,74781.0,1,6068.0
84501,154.00,1462.00,5,2,10,10,2,8,6,21,78507.0,71375.0,101558.0,78507.0,78724.0,78507.0,2,23051.0
84502,154.00,1391.00,5,2,10,10,2,8,6,21,51883.0,52682.0,59439.0,51883.0,51883.0,51883.0,2,7556.0
84503,154.00,1384.00,5,2,10,10,2,8,6,21,85308.0,141762.0,85400.0,85308.0,85308.0,85308.0,1,56454.0
84504,216.00,1655.00,5,2,10,10,2,8,6,21,122743.0,121236.0,118507.0,122743.0,122244.0,122743.0,0,0.0
84505,154.00,1474.00,5,2,10,10,2,8,6,21,68621.0,49421.0,67185.0,68621.0,68621.0,68621.0,0,0.0
84506,154.00,1542.00,5,2,10,10,2,8,6,21,62453.0,59252.0,90382.0,62453.0,62453.0,62453.0,2,27929.0
84507,187.00,1509.00,5,2,10,10,2,8,6,21,76988.0,118040.0,99507.0,76988.0,61215.0,76988.0,1,41052.0
84508,187.00,1676.00,5,2,10,10,2,8,6,21,79069.0,67648.0,68059.0,79069.0,88362.0,79069.0,4,9293.0
84509,206.00,1693.00,5,2,10,10,2,8,6,21,147100.0,128879.0,133422.0,147100.0,146599.0,147100.0,0,0.0
84510,154.00,1462.00,5,2,10,10,2,8,6,21,82056.0,73174.0,93184.0,82056.0,82048.0,82056.0,2,11128.0
84511,154.00,1384.00,5,2,10,10,2,8,6,21,87844.0,96307.0,59703.0,87844.0,87844.0,87844.0,1,8463.0
84512,187.00,1667.00,5,2,10,10,2,8,6,21,87917.0,67652.0,87245.0,87917.0,83474.0,87917.0,0,0.0
84513,216.00,1665.00,5,2,10,10,2,8,6,21,114516.0,102325.0,131913.0,114516.0,114018.0,114516.0,2,17397.0
84514,154.00,1384.00,5,2,10,10,2,8,6,21,72147.0,60920.0,39537.0,72147.0,72147.0,72147.0,0,0.0
84515,154.00,1351.00,4,2,11,10,2,8,6,21,114693.0,101804.0,98872.0,114693.0,114693.0,114693.0,0,0.0
84516,206.00,1603.00,5,2,10,10,2,8,6,21,60506.0,84777.0,85993.0,60509.0,60021.0,60506.0,2,25487.0
84517,154.00,1551.00,5,2,10,10,2,8,6,21,55306.0,57836.0,64842.0,55306.0,55306.0,55306.0,2,9536.0
84518,216.00,1674.00,5,2,10,10,2,8,6,21,133188.0,127379.0,101792.0,133188.0,132691.0,133188.0,0,0.0
84519,206.00,1613.00,5,2,10,10,2,8,6,21,80076.0,57194.0,77726.0,80076.0,79578.0,80076.0,0,0.0
84520,216.00,1665.00,5,2,10,10,2,8,6,21,115079.0,109622.0,118349.0,115079.0,114580.0,115079.0,2,3270.0
84521,206.00,1693.00,5,2,10,10,2,8,6,21,84838.0,83166.0,123662.0,84838.0,84341.0,84838.0,2,38824.0
84522,154.00,1462.00,5,2,10,10,2,8,6,21,72280.0,151995.0,74218.0,72280.0,72501.0,72280.0,1,79715.0
84523,216.00,1665.00,5,2,10,10,2,8,6,21,108481.0,97223.0,93089.0,108481.0,107980.0,108481.0,0,0.0
84524,216.00,1655.00,5,2,10,10,2,8,6,21,85856.0,54129.0,79926.0,85856.0,85358.0,85856.0,0,0.0
84525,154.00,1384.00,5,2,10,10,2,8,6,21,80208.0,131200.0,90917.0,80208.0,80208.0,80208.0,1,50992.0
84526,206.00,1684.00,5,2,10,10,2,8,6,21,134215.0,61701.0,111019.0,134182.0,133719.0,134215.0,0,0.0
84527,154.00,1384.00,5,2,10,10,2,8,6,21,84019.0,80300.0,73974.0,84019.0,84019.0,84019.0,0,0.0
84528,154.00,1286.00,5,1,11,10,2,8,6,21,36808.0,93799.0,43457.0,36808.0,36808.0,36808.0,1,56991.0
84529,187.00,1509.00,5,2,10,10,2,8,6,21,98637.0,98133.0,110080.0,98637.0,104479.0,98637.0,2,11443.0
84530,154.00,1391.00,5,2,10,10,2,8,6,21,67641.0,78316.0,62735.0,67641.0,67641.0,67641.0,1,10675.0
84531,216.00,1665.00,5,2,10,10,2,8,6,21,132337.0,131846.0,90222.0,132337.0,131836.0,132337.0,0,0.0
84532,187.00,1509.00,5,2,10,10,2,8,6,21,50581.0,34285.0,64670.0,50581.0,65981.0,50581.0,4,15400.0
84533,206.00,1613.00,5,2,10,10,2,8,6,21,114451.0,64674.0,54184.0,114451.0,113952.0,114451.0,0,0.0
84534,154.00,1542.00,5,2,10,10,2,8,6,21,97300.0,94463.0,70767.0,97300.0,97300.0,97300.0,0,0.0
84535,154.00,1542.00,5,2,10,10,2,8,6,21,84959.0,110481.0,85936.0,84959.0,84959.0,84959.0,1,25522.0
84536,187.00,1676.00,5,2,10,10,2,8,6,21,81845.0,118425.0,117465.0,81845.0,81883.0,81845.0,1,36580.0
84537,206.00,1683.00,5,2,10,10,2,8,6,21,105536.0,73019.0,128658.0,105536.0,105038.0,105536.0,2,23122.0
84538,187.00,1667.00,5,2,10,10,2,8,6,21,121869.0,110390.0,80484.0,121869.0,98454.0,121869.0,0,0.0
84539,206.00,1610.00,5,2,10,10,2,8,6,21,56754.0,54193.0,47929.0,56754.0,56255.0,56754.0,0,0.0
84540,187.00,1509.00,5,2,10,10,2,8,6,21,69487.0,94371.0,62394.0,69487.0,47115.0,69487.0,1,24884.0
84541,154.00,1384.00,5,2,10,10,2,8,6,21,83386.0,67026.0,86122.0,83386.0,83386.0,83386.0,2,2736.0
84542,206.00,1603.00,5,2,10,10,2,8,6,21,121981.0,84038.0,116013.0,121981.0,121480.0,121981.0,0,0.0
84543,216.00,1674.00,5,2,10,10,2,8,6,21,127884.0,127293.0,119739.0,127884.0,127388.0,127884.0,0,0.0
84544,154.00,1391.00,5,2,10,10,2,8,6,21,73180.0,60828.0,63350.0,73180.0,73180.0,73180.0,0,0.0
84545,154.00,1394.00,5,2,10,10,2,8,6,21,57363.0,44732.0,68592.0,57363.0,57363.0,57363.0,2,11229.0
84546,154.00,1542.00,5,2,10,10,2,8,6,21,57526.0,57493.0,65653.0,57526.0,57526.0,57526.0,2,8127.0
84547,187.00,1509.00,5,2,10,10,2,8,6,21,113603.0,71008.0,116110.0,113603.0,128451.0,113603.0,4,14848.0
84548,154.00,1394.00,5,2,10,10,2,8,6,21,46410.0,50825.0,22024.0,46410.0,46410.0,46410.0,1,4415.0
84549,206.00,1603.00,5,2,10,10,2,8,6,21,68741.0,64679.0,88446.0,68741.0,68240.0,68741.0,2,19705.0
84550,154.00,1391.00,5,2,10,10,2,8,6,21,68715.0,76631.0,48922.0,68715.0,68715.0,68715.0,1,7916.0
84551,154.00,1560.00,5,2,10,10,2,8,6,21,69719.0,72640.0,74987.0,69719.0,69719.0,69719.0,2,5268.0
84552,154.00,1384.00,5,2,10,10,2,8,6,21,53054.0,65747.0,65424.0,53054.0,53054.0,53054.0,1,12693.0
84553,187.00,1519.00,5,2,10,10,2,8,6,21,51162.0,49527.0,35561.0,51162.0,84206.0,51162.0,4,33044.0
84554,154.00,1542.00,5,2,10,10,2,8,6,21,89754.0,52535.0,75426.0,89754.0,89754.0,89754.0,0,0.0
84555,187.00,1519.00,5,2,10,10,2,8,6,21,69529.0,135266.0,94643.0,69529.0,81613.0,69529.0,1,65737.0
84556,154.00,1560.00,5,2,10,10,2,8,6,21,53092.0,64258.0,62197.0,53092.0,53092.0,53092.0,1,11166.0
84557,187.00,1516.00,5,2,10,10,2,8,6,21,80790.0,83811.0,81949.0,80790.0,75951.0,80790.0,1,3021.0
84558,187.00,1519.00,5,2,10,10,2,8,6,21,33799.0,83250.0,56772.0,33799.0,31548.0,33799.0,1,49451.0
84559,206.00,1693.00,5,2,10,10,2,8,6,21,140409.0,109451.0,147469.0,140409.0,139912.0,140409.0,2,7060.0
84560,154.00,1542.00,5,2,10,10,2,8,6,21,63072.0,78668.0,71812.0,63072.0,63072.0,63072.0,1,15596.0
84561,206.00,1603.00,5,2,10,10,2,8,6,20,82729.0,83007.0,80750.0,82729.0,82228.0,82729.0,1,278.0
84562,154.00,1391.00,5,2,10,10,2,8,6,21,78262.0,137236.0,62088.0,78262.0,78262.0,78262.0,1,58974.0
84563,187.00,1667.00,5,2,10,10,2,8,6,21,114710.0,123508.0,78912.0,114710.0,116831.0,114710.0,1,8798.0
84564,216.00,1655.00,5,2,10,10,2,8,6,21,123932.0,108658.0,109940.0,123932.0,123431.0,123932.0,0,0.0
84565,154.00,1474.00,5,2,10,10,2,8,6,21,55832.0,55409.0,53929.0,55832.0,55832.0,55832.0,0,0.0
84566,206.00,1603.00,5,2,10,10,2,8,6,21,99831.0,100753.0,83503.0,99831.0,99330.0,99831.0,1,922.0
84567,187.00,1676.00,5,2,10,10,2,8,6,21,151401.0,83924.0,144123.0,151401.0,150232.0,151401.0,0,0.0
84568,206.00,1613.00,5,2,10,10,2,8,6,21,89168.0,105741.0,81513.0,89168.0,88670.0,89168.0,1,16573.0
84569,187.00,1670.00,5,2,10,10,2,8,6,21,79264.0,89419.0,99012.0,79298.0,97239.0,79264.0,2,19748.0
84570,216.00,1655.00,5,2,10,10,2,8,6,21,110804.0,67251.0,111011.0,110804.0,110305.0,110804.0,2,207.0
84571,187.00,1509.00,5,2,10,10,2,8,6,21,72898.0,96508.0,88295.0,72898.0,82301.0,72898.0,1,23610.0
84572,154.00,1394.00,5,2,10,10,2,8,6,21,64900.0,43282.0,51861.0,64900.0,64900.0,64900.0,0,0.0
84573,154.00,1474.00,5,2,10,10,2,8,6,21,58659.0,76287.0,68533.0,58659.0,58659.0,58659.0,1,17628.0
84574,206.00,1622.00,5,2,10,10,2,8,6,21,102612.0,78029.0,80461.0,102612.0,102116.0,102612.0,0,0.0
84575,154.00,1384.00,5,2,10,10,2,8,6,21,74684.0,117405.0,65234.0,74684.0,74684.0,74684.0,1,42721.0
84576,154.00,1462.00,5,2,10,10,2,8,6,21,55092.0,71760.0,60016.0,55092.0,55300.0,55092.0,1,16668.0
84577,154.00,1384.00,5,2,10,10,2,8,6,21,68261.0,74208.0,76845.0,68261.0,68261.0,68261.0,2,8584.0
84578,206.00,1501.00,4,2,11,10,2,8,6,21,96007.0,91036.0,74184.0,96014.0,95543.0,96007.0,0,0.0
84579,206.00,1613.00,5,2,10,10,2,8,6,21,96536.0,83137.0,98769.0,96536.0,96038.0,96536.0,2,2233.0
84580,154.00,1384.00,5,2,10,10,2,8,6,21,81105.0,37434.0,78480.0,81105.0,81105.0,81105.0,0,0.0
84581,187.00,1509.00,5,2,10,10,2,8,6,21,66759.0,66313.0,68331.0,66759.0,65452.0,66759.0,2,1572.0
84582,154.00,1403.00,5,2,10,10,2,8,6,21,45261.0,111102.0,25294.0,45261.0,30937.0,45261.0,1,65841.0
84583,154.00,1542.00,5,2,10,10,2,8,6,21,93697.0,142772.0,75677.0,93697.0,93697.0,93697.0,1,49075.0
84584,187.00,1528.00,5,2,10,10,2,8,6,21,61893.0,91259.0,59174.0,61893.0,82665.0,61893.0,1,29366.0
84585,154.00,1384.00,5,2,10,10,2,8,6,21,80512.0,107365.0,76478.0,80512.0,80512.0,80512.0,1,26853.0
84586,206.00,1613.00,5,2,10,10,2,8,6,21,102467.0,76137.0,100899.0,102467.0,101923.0,102467.0,0,0.0
84587,154.00,1394.00,5,2,10,10,2,8,6,21,55443.0,56468.0,68376.0,55443.0,55443.0,55443.0,2,12933.0
84588,154.00,1462.00,5,2,10,10,2,8,6,21,72356.0,92463.0,86119.0,72356.0,72579.0,72356.0,1,20107.0
84589,187.00,1516.00,5,2,10,10,2,8,6,21,85562.0,100909.0,79351.0,85562.0,85027.0,85562.0,1,15347.0
84590,206.00,1606.00,5,2,10,10,2,8,6,21,90151.0,120707.0,83973.0,90151.0,89653.0,90151.0,1,30556.0
84591,216.00,1665.00,5,2,10,10,2,8,6,21,95215.0,24446.0,120220.0,95215.0,94717.0,95215.0,2,25005.0
84592,154.00,1551.00,5,2,10,10,2,8,6,21,55293.0,54792.0,57445.0,55293.0,55293.0,55293.0,2,2152.0
84593,154.00,1391.00,5,2,10,10,2,8,6,21,70768.0,93725.0,72452.0,70768.0,70768.0,70768.0,1,22957.0
84594,216.00,1655.00,5,2,10,10,2,8,6,21,117617.0,68235.0,81613.0,117617.0,117116.0,117617.0,0,0.0
84595,206.00,1613.00,5,2,10,10,2,8,6,21,94240.0,68421.0,94382.0,94240.0,93739.0,94240.0,2,142.0
84596,154.00,1384.00,5,2,10,10,2,8,6,21,79836.0,65075.0,74401.0,79836.0,79836.0,79836.0,0,0.0
84597,206.00,1693.00,5,2,10,10,2,8,6,21,93939.0,93438.0,90226.0,93939.0,93438.0,93939.0,0,0.0
84598,154.00,1384.00,5,2,10,10,2,8,6,21,55891.0,66381.0,43470.0,55891.0,55891.0,55891.0,1,10490.0
84599,154.00,1384.00,5,2,10,10,2,8,6,21,30706.0,50092.0,28577.0,30706.0,30706.0,30706.0,1,19386.0
84600,206.00,1613.00,5,2,10,10,2,8,6,21,106577.0,82007.0,87700.0,106577.0,106076.0,106577.0,0,0.0
84601,154.00,1462.00,5,2,10,10,2,8,6,21,57096.0,97237.0,69054.0,57096.0,57088.0,57096.0,1,40141.0
84602,216.00,1662.00,5,2,10,10,2,8,6,21,132184.0,126759.0,122581.0,132184.0,131683.0,132184.0,0,0.0
84603,206.00,1613.00,5,2,10,10,2,8,6,21,90188.0,105729.0,86576.0,90188.0,89690.0,90188.0,1,15541.0
84604,206.00,1613.00,5,2,10,10,2,8,6,21,67951.0,91787.0,67957.0,67951.0,67450.0,67951.0,1,23836.0
84605,154.00,1384.00,5,2,10,10,2,8,6,21,56450.0,98250.0,55197.0,56450.0,56450.0,56450.0,1,41800.0
84606,206.00,1603.00,5,2,10,10,2,8,6,21,46811.0,46329.0,65409.0,46811.0,46310.0,46811.0,2,18598.0
84607,216.00,1655.00,5,2,10,10,2,8,6,21,93224.0,87784.0,86572.0,93224.0,92723.0,93224.0,0,0.0
84608,187.00,1509.00,5,2,10,10,2,8,6,21,49102.0,34734.0,68940.0,49102.0,45518.0,49102.0,2,19838.0
84609,187.00,1509.00,5,2,10,10,2,8,6,21,79309.0,34978.0,74143.0,79309.0,72817.0,79309.0,0,0.0
84610,154.00,1394.00,5,2,10,10,2,8,6,21,40238.0,49406.0,40759.0,40238.0,40238.0,40238.0,1,9168.0
84611,154.00,1391.00,5,2,10,10,2,8,6,21,72645.0,96891.0,69505.0,72645.0,72645.0,72645.0,1,24246.0
84612,154.00,1394.00,5,2,10,10,2,8,6,21,84272.0,53086.0,46475.0,84272.0,84272.0,84272.0,0,0.0
84613,206.00,1610.00,5,2,10,10,2,8,6,21,87296.0,124722.0,87844.0,87296.0,86797.0,87296.0,1,37426.0
84614,206.00,1603.00,5,2,10,10,2,8,6,21,81032.0,62139.0,93278.0,81032.0,80534.0,81032.0,2,12246.0
84615,154.00,1384.00,5,2,10,10,2,8,6,21,86482.0,81137.0,83503.0,86482.0,86482.0,86482.0,0,0.0
84616,187.00,1509.00,5,2,10,10,2,8,6,21,99188.0,111999.0,87026.0,99188.0,84235.0,99188.0,1,12811.0
84617,216.00,1674.00,5,2,10,10,2,8,6,21,116186.0,127103.0,107177.0,116186.0,115685.0,116186.0,1,10917.0
84618,216.00,1674.00,5,2,10,10,2,8,6,21,136116.0,98784.0,145559.0,136116.0,135616.0,136116.0,2,9443.0
84619,187.00,1509.00,5,2,10,10,2,8,6,21,91903.0,68213.0,90215.0,91903.0,83199.0,91903.0,0,0.0
84620,154.00,1384.00,5,2,10,10,2,8,6,21,72515.0,92407.0,65105.0,72515.0,72515.0,72515.0,1,19892.0
84621,206.00,1681.00,5,2,10,10,2,8,6,21,88804.0,35586.0,88577.0,88804.0,88303.0,88804.0,0,0.0
84622,154.00,1394.00,5,2,10,10,2,8,6,21,67482.0,51049.0,60922.0,67482.0,67482.0,67482.0,0,0.0
84623,206.00,1603.00,5,2,10,10,2,8,6,21,91821.0,115722.0,84713.0,91821.0,91322.0,91821.0,1,23901.0
84624,187.00,1516.00,5,2,10,10,2,8,6,21,63868.0,70235.0,75100.0,63868.0,74920.0,63868.0,2,11232.0
84625,154.00,1542.00,5,2,10,10,2,8,6,21,63690.0,53316.0,81411.0,63690.0,63690.0,63690.0,2,17721.0
84626,154.00,1474.00,5,2,10,10,2,8,6,21,60053.0,67630.0,60614.0,60053.0,60053.0,60053.0,1,7577.0
84627,154.00,1393.00,5,2,10,10,2,8,6,21,77028.0,89946.0,66082.0,77028.0,77028.0,77028.0,1,12918.0
84628,187.00,1516.00,5,2,10,10,2,8,6,21,105738.0,68221.0,112073.0,105738.0,118627.0,105738.0,4,12889.0
84629,187.00,1667.00,5,2,10,10,2,8,6,21,110419.0,96954.0,109351.0,110419.0,80193.0,110419.0,0,0.0
84630,154.00,1391.00,5,2,10,10,2,8,6,21,27503.0,39708.0,27708.0,27503.0,27503.0,27503.0,1,12205.0
84631,154.00,1394.00,5,2,10,10,2,8,6,21,54701.0,79340.0,19640.0,54701.0,54701.0,54701.0,1,24639.0
84632,154.00,1384.00,5,2,10,10,2,8,6,21,60060.0,72203.0,67595.0,60060.0,60060.0,60060.0,1,12143.0
84633,187.00,1516.00,5,2,10,10,2,8,6,21,121643.0,73694.0,107149.0,121643.0,121859.0,121643.0,4,216.0
84634,216.00,1665.00,5,2,10,10,2,8,6,21,114134.0,94131.0,117427.0,114134.0,113610.0,114134.0,2,3293.0
84635,154.00,1391.00,5,2,10,10,2,8,6,21,82356.0,108423.0,73834.0,82356.0,82356.0,82356.0,1,26067.0
84636,187.00,1509.00,5,2,10,10,2,8,6,21,74597.0,104919.0,68360.0,74597.0,81885.0,74597.0,1,30322.0
84637,154.00,1403.00,5,2,10,10,2,8,6,21,38998.0,116508.0,45032.0,38998.0,38991.0,38998.0,1,77510.0
84638,206.00,1603.00,5,2,10,10,2,8,6,21,39509.0,54088.0,33299.0,39509.0,39008.0,39509.0,1,14579.0
84639,206.00,1613.00,5,2,10,10,2,8,6,21,91724.0,58034.0,122279.0,91724.0,91223.0,91724.0,2,30555.0
84640,154.00,1384.00,5,2,10,10,2,8,6,21,56384.0,48282.0,59617.0,56384.0,56384.0,56384.0,2,3233.0
84641,187.00,1509.00,5,2,10,10,2,8,6,21,44631.0,82883.0,54905.0,44631.0,73111.0,44631.0,1,38252.0
84642,187.00,1512.00,5,2,10,10,2,8,6,21,62289.0,52381.0,107027.0,62289.0,93563.0,62289.0,2,44738.0
84643,154.00,1384.00,5,2,10,10,2,8,6,21,70185.0,48771.0,76773.0,70185.0,70185.0,70185.0,2,6588.0
84644,216.00,1665.00,5,2,10,10,2,8,6,21,128151.0,130361.0,148383.0,128151.0,127650.0,128151.0,2,20232.0
84645,154.00,1384.00,5,2,10,10,2,8,6,21,56171.0,89728.0,58790.0,56171.0,56171.0,56171.0,1,33557.0
84646,154.00,1462.00,5,2,10,10,2,8,6,21,68158.0,64290.0,73851.0,68158.0,68398.0,68158.0,2,5693.0
84647,206.00,1610.00,5,2,10,10,2,8,6,21,75700.0,108370.0,83129.0,75700.0,75199.0,75700.0,1,32670.0
84648,187.00,1509.00,5,2,10,10,2,8,6,21,49371.0,48417.0,64408.0,49371.0,52298.0,49371.0,2,15037.0
84649,187.00,1519.00,5,2,10,10,2,8,6,21,98828.0,122303.0,105196.0,98828.0,65887.0,98828.0,1,23475.0
84650,187.00,1509.00,5,2,10,10,2,8,6,21,68996.0,52482.0,65939.0,68996.0,68527.0,68996.0,0,0.0
84651,206.00,1684.00,5,2,10,10,2,8,6,21,124001.0,78747.0,121849.0,124001.0,123470.0,124001.0,0,0.0
84652,187.00,1519.00,5,2,10,10,2,8,6,21,33987.0,71135.0,64813.0,33987.0,42385.0,33987.0,1,37148.0
84653,216.00,1662.00,5,2,10,10,2,8,6,21,127459.0,123241.0,121389.0,127459.0,126960.0,127459.0,0,0.0
84654,154.00,1542.00,5,2,10,10,2,8,6,21,76685.0,83072.0,83307.0,76685.0,76685.0,76685.0,2,6622.0
84655,154.00,1394.00,5,2,10,10,2,8,6,21,74442.0,63263.0,57690.0,74442.0,74442.0,74442.0,0,0.0
84656,154.00,1273.00,5,1,11,10,2,8,6,21,68299.0,86018.0,67278.0,68299.0,68299.0,68299.0,1,17719.0
84657,206.00,1603.00,5,2,10,10,2,8,6,21,90695.0,76183.0,105004.0,90695.0,90194.0,90695.0,2,14309.0
84658,154.00,1280.00,4,2,11,10,2,8,6,21,63021.0,52198.0,40790.0,63021.0,63021.0,63021.0,0,0.0
84659,187.00,1528.00,5,2,10,10,2,8,6,21,80850.0,122145.0,80962.0,80850.0,46184.0,80850.0,1,41295.0
84660,154.00,1465.00,5,2,10,10,2,8,6,21,74356.0,138457.0,73843.0,74356.0,72092.0,74356.0,1,64101.0
84661,206.00,1603.00,5,2,10,10,2,8,6,21,89685.0,84860.0,84181.0,89685.0,89184.0,89685.0,0,0.0
84662,154.00,1394.00,5,2,10,10,2,8,6,21,65563.0,60704.0,58085.0,65563.0,65563.0,65563.0,0,0.0
84663,216.00,1659.00,5,2,10,10,2,8,6,21,98013.0,72067.0,104057.0,98013.0,97541.0,98013.0,2,6044.0
84664,154.00,1542.00,5,2,10,10,2,8,6,21,96085.0,62684.0,100835.0,96085.0,96085.0,96085.0,2,4750.0
84665,154.00,1403.00,5,2,10,10,2,8,6,21,49579.0,104161.0,55961.0,49579.0,49572.0,49579.0,1,54582.0
84666,187.00,1671.00,5,2,10,10,2,8,6,21,70733.0,78463.0,91169.0,70733.0,78840.0,70733.0,2,20436.0
84667,154.00,1287.00,4,2,11,10,2,8,6,21,32095.0,28082.0,30363.0,32095.0,32095.0,32095.0,0,0.0
84668,154.00,1391.00,5,2,10,10,2,8,6,20,82042.0,85083.0,63457.0,82042.0,82042.0,82042.0,1,3041.0
84669,187.00,1516.00,5,2,10,10,2,8,6,21,125922.0,76999.0,125980.0,125922.0,90180.0,125922.0,2,58.0
84670,154.00,1542.00,5,2,10,10,2,8,6,21,68326.0,98360.0,110690.0,68326.0,68326.0,68326.0,2,42364.0
84671,154.00,1551.00,5,2,10,10,2,8,6,21,69701.0,118823.0,62435.0,69701.0,69701.0,69701.0,1,49122.0
84672,206.00,1603.00,5,2,10,10,2,8,6,21,71108.0,101558.0,55020.0,71108.0,70609.0,71108.0,1,30450.0
84673,187.00,1519.00,5,2,10,10,2,8,6,21,43042.0,108713.0,35839.0,43042.0,46682.0,43042.0,1,65671.0
84674,154.00,1462.00,5,2,10,10,2,8,6,21,79368.0,93079.0,81783.0,79368.0,79587.0,79368.0,1,13711.0
84675,154.00,1384.00,5,2,10,10,2,8,6,21,68478.0,113267.0,66044.0,68478.0,68478.0,68478.0,1,44789.0
84676,154.00,1273.00,5,1,11,10,2,8,6,21,94975.0,63035.0,68429.0,94975.0,94975.0,94975.0,0,0.0
84677,187.00,1667.00,5,2,10,10,2,8,6,21,71387.0,56918.0,51850.0,71387.0,76917.0,71387.0,4,5530.0
84678,154.00,1551.00,5,2,10,10,2,8,6,21,78696.0,114232.0,65420.0,78696.0,78696.0,78696.0,1,35536.0
84679,206.00,1613.00,5,2,10,10,2,8,6,21,73189.0,100844.0,105448.0,73189.0,72688.0,73189.0,2,32259.0
84680,187.00,1509.00,5,2,10,10,2,8,6,21,60719.0,74903.0,62154.0,60719.0,61945.0,60719.0,1,14184.0
84681,154.00,1384.00,5,2,10,10,2,8,6,21,81008.0,72192.0,68534.0,81008.0,81008.0,81008.0,0,0.0
84682,154.00,1394.00,5,2,10,10,2,8,6,21,42576.0,65906.0,23695.0,42576.0,42576.0,42576.0,1,23330.0
84683,154.00,1391.00,5,2,10,10,2,8,6,21,61058.0,43747.0,59873.0,61058.0,61058.0,61058.0,0,0.0
84684,216.00,1665.00,5,2,10,10,2,8,6,21,109838.0,134927.0,113491.0,109838.0,109337.0,109838.0,1,25089.0
84685,187.00,1509.00,5,2,10,10,2,8,6,21,126503.0,102269.0,107013.0,126503.0,125649.0,126503.0,0,0.0
84686,206.00,1610.00,5,2,10,10,2,8,6,21,57357.0,49703.0,51527.0,57357.0,56856.0,57357.0,0,0.0
84687,187.00,1528.00,5,2,10,10,2,8,6,21,63524.0,74235.0,66432.0,63524.0,74888.0,63524.0,4,11364.0
84688,154.00,1560.00,5,2,10,10,2,8,6,21,64994.0,36657.0,64607.0,64994.0,64994.0,64994.0,0,0.0
84689,154.00,1384.00,5,2,10,10,2,8,6,21,86942.0,88008.0,77420.0,86942.0,86942.0,86942.0,1,1066.0
84690,187.00,1516.00,5,2,10,10,2,8,6,21,54864.0,35948.0,66684.0,54864.0,75984.0,54864.0,4,21120.0
84691,154.00,1391.00,5,2,10,10,2,8,6,21,61436.0,54429.0,74206.0,61436.0,61436.0,61436.0,2,12770.0
84692,154.00,1462.00,5,2,10,10,2,8,6,21,58968.0,81129.0,69737.0,58968.0,58961.0,58968.0,1,22161.0
84693,154.00,1384.00,5,2,10,10,2,8,6,21,52359.0,41347.0,60366.0,52359.0,52359.0,52359.0,2,8007.0
84694,206.00,1610.00,5,2,10,10,2,8,6,21,39782.0,54353.0,42246.0,39782.0,39281.0,39782.0,1,14571.0
84695,206.00,1610.00,5,2,10,10,2,8,6,21,66839.0,103629.0,73979.0,66839.0,66341.0,66839.0,1,36790.0
84696,154.00,1384.00,5,2,10,10,2,8,6,21,77309.0,50739.0,51766.0,77309.0,77309.0,77309.0,0,0.0
84697,187.00,1509.00,5,2,10,10,2,8,6,21,96349.0,71960.0,115921.0,96349.0,102312.0,96349.0,2,19572.0
84698,187.00,1509.00,5,2,10,10,2,8,6,21,95326.0,98188.0,69605.0,95326.0,74828.0,95326.0,1,2862.0
84699,154.00,1391.00,5,2,10,10,2,8,6,21,34813.0,21145.0,41906.0,34813.0,34813.0,34813.0,2,7093.0
84700,187.00,1667.00,5,2,10,10,2,8,6,21,80470.0,116761.0,80385.0,80470.0,69995.0,80470.0,1,36291.0
84701,154.00,1394.00,5,2,10,10,2,8,6,21,72464.0,70810.0,61778.0,72464.0,72464.0,72464.0,0,0.0
84702,206.00,1603.00,5,2,10,10,2,8,6,21,87034.0,104857.0,63821.0,87034.0,86533.0,87034.0,1,17823.0
84703,187.00,1667.00,5,2,10,10,2,8,6,21,107433.0,65669.0,82701.0,107433.0,75273.0,107433.0,0,0.0
84704,187.00,1516.00,5,2,10,10,2,8,6,21,105787.0,125240.0,80328.0,105787.0,80616.0,105787.0,1,19453.0
84705,187.00,1404.00,5,1,11,10,2,8,6,21,87158.0,73496.0,102432.0,87168.0,49514.0,87158.0,2,15274.0
84706,206.00,1603.00,5,2,10,10,2,8,6,21,73622.0,102976.0,79037.0,73622.0,73121.0,73622.0,1,29354.0
84707,216.00,1655.00,5,2,10,10,2,8,6,21,92787.0,112426.0,101056.0,92787.0,92286.0,92787.0,1,19639.0
84708,206.00,1606.00,5,2,10,10,2,8,6,21,46491.0,64275.0,58425.0,46462.0,45990.0,46491.0,1,17784.0
84709,206.00,1681.00,5,2,10,10,2,8,6,21,99865.0,55701.0,111722.0,99865.0,99364.0,99865.0,2,11857.0
84710,187.00,1509.00,5,2,10,10,2,8,6,21,39199.0,80607.0,24241.0,39199.0,40585.0,39199.0,1,41408.0
84711,154.00,1403.00,5,2,10,10,2,8,6,21,47616.0,62048.0,39611.0,47616.0,56814.0,47616.0,1,14432.0
84712,206.00,1603.00,5,2,10,10,2,8,6,21,113882.0,143397.0,70176.0,113882.0,113387.0,113882.0,1,29515.0
84713,154.00,1394.00,5,2,10,10,2,8,6,21,45302.0,105748.0,62998.0,45302.0,45302.0,45302.0,1,60446.0
84714,154.00,1384.00,5,2,10,10,2,8,6,21,44114.0,44389.0,37706.0,44114.0,44114.0,44114.0,1,275.0
84715,206.00,1613.00,5,2,10,10,2,8,6,21,98473.0,97690.0,96361.0,98473.0,97972.0,98473.0,0,0.0
84716,206.00,1613.00,5,2,10,10,2,8,6,21,106666.0,82757.0,127917.0,106666.0,106165.0,106666.0,2,21251.0
84717,154.00,1468.00,5,2,10,10,2,8,6,21,82123.0,47876.0,67677.0,82123.0,82149.0,82123.0,0,0.0
84718,154.00,1462.00,5,2,10,10,2,8,6,21,66479.0,74988.0,66245.0,66479.0,66472.0,66479.0,1,8509.0
84719,187.00,1513.00,5,2,10,10,2,8,6,21,113994.0,116176.0,122445.0,113994.0,107029.0,113994.0,2,8451.0
84720,154.00,1542.00,5,2,10,10,2,8,6,21,90301.0,25418.0,81922.0,90301.0,90301.0,90301.0,0,0.0
84721,187.00,1519.00,5,2,10,10,2,8,6,21,42561.0,72979.0,63876.0,42561.0,46172.0,42561.0,1,30418.0
84722,187.00,1509.00,5,2,10,10,2,8,6,21,102336.0,86624.0,76955.0,102336.0,106679.0,102336.0,4,4343.0
84723,154.00,1384.00,5,2,10,10,2,8,6,21,39374.0,62968.0,57040.0,39374.0,39374.0,39374.0,1,23594.0
84724,154.00,1273.00,5,1,11,10,2,8,6,21,52062.0,17371.0,27835.0,52062.0,52062.0,52062.0,0,0.0
84725,154.00,1384.00,5,2,10,10,2,8,6,21,26867.0,100060.0,30739.0,26867.0,26867.0,26867.0,1,73193.0
84726,187.00,1519.00,5,2,10,10,2,8,6,21,82715.0,64631.0,82090.0,82715.0,110820.0,82715.0,4,28105.0
84727,187.00,1519.00,5,2,10,10,2,8,6,21,83219.0,57373.0,42261.0,83219.0,46117.0,83219.0,0,0.0
84728,154.00,1462.00,5,2,10,10,2,8,6,21,73470.0,92760.0,98776.0,73470.0,73687.0,73470.0,2,25306.0
84729,187.00,1509.00,5,2,10,10,2,8,6,21,64454.0,83304.0,62614.0,64454.0,67293.0,64454.0,1,18850.0
84730,154.00,1384.00,5,2,10,10,2,8,6,21,82099.0,75465.0,76404.0,82099.0,82099.0,82099.0,0,0.0
84731,206.00,1613.00,5,2,10,10,2,8,6,21,80416.0,108760.0,92339.0,80416.0,79918.0,80416.0,1,28344.0
84732,187.00,1528.00,5,2,10,10,2,8,6,21,63597.0,62168.0,46847.0,63597.0,53819.0,63597.0,0,0.0
84733,206.00,1696.00,5,2,10,10,2,8,6,21,141152.0,104687.0,136673.0,141175.0,140678.0,141152.0,0,0.0
84734,154.00,1384.00,5,2,10,10,2,8,6,21,84824.0,74418.0,81036.0,84824.0,84824.0,84824.0,0,0.0
84735,206.00,1603.00,5,2,10,10,2,8,6,21,71323.0,91776.0,66887.0,71323.0,70822.0,71323.0,1,20453.0
84736,187.00,1676.00,5,2,10,10,2,8,6,21,80842.0,54455.0,79708.0,80842.0,96655.0,80842.0,4,15813.0
84737,154.00,1542.00,5,2,10,10,2,8,6,21,66075.0,84375.0,67413.0,66075.0,66075.0,66075.0,1,18300.0
84738,154.00,1391.00,5,2,10,10,2,8,6,21,77684.0,80372.0,77466.0,77684.0,77684.0,77684.0,1,2688.0
84739,216.00,1655.00,5,2,10,10,2,8,6,21,109706.0,49057.0,93840.0,109706.0,109207.0,109706.0,0,0.0
84740,154.00,1384.00,5,2,10,10,2,8,6,21,45579.0,21695.0,38539.0,45579.0,45579.0,45579.0,0,0.0
84741,187.00,1519.00,5,2,10,10,2,8,6,21,80555.0,48294.0,69097.0,80555.0,88261.0,80555.0,4,7706.0
84742,154.00,1560.00,5,2,10,10,2,8,6,21,71420.0,53784.0,79085.0,71420.0,71420.0,71420.0,2,7665.0
84743,154.00,1358.00,4,2,11,10,2,8,6,21,68532.0,81321.0,66874.0,68532.0,68532.0,68532.0,1,12789.0
84744,206.00,1681.00,5,2,10,10,2,8,6,21,105904.0,74401.0,73213.0,105904.0,105403.0,105904.0,0,0.0
84745,187.00,1509.00,5,2,10,10,2,8,6,21,54924.0,54420.0,56072.0,54924.0,44458.0,54924.0,2,1148.0
84746,154.00,1384.00,5,2,10,10,2,8,6,21,55551.0,94506.0,33890.0,55551.0,55551.0,55551.0,1,38955.0
84747,154.00,1462.00,5,2,10,10,2,8,6,21,107064.0,85859.0,97789.0,107064.0,107283.0,107064.0,4,219.0
84748,206.00,1613.00,5,2,10,10,2,8,6,21,114035.0,94489.0,99168.0,114035.0,113537.0,114035.0,0,0.0
84749,154.00,1394.00,5,2,10,10,2,8,6,21,59455.0,81500.0,56240.0,59455.0,59455.0,59455.0,1,22045.0
84750,216.00,1655.00,5,2,10,10,2,8,6,21,91054.0,97108.0,83437.0,91054.0,90556.0,91054.0,1,6054.0
84751,187.00,1509.00,5,2,10,10,2,8,6,21,111507.0,56129.0,108550.0,111507.0,117770.0,111507.0,4,6263.0
84752,154.00,1384.00,5,2,10,10,2,8,6,21,68885.0,63112.0,66427.0,68885.0,68885.0,68885.0,0,0.0
84753,206.00,1603.00,5,2,10,10,2,8,6,21,95913.0,107119.0,105118.0,95913.0,95412.0,95913.0,1,11206.0
84754,187.00,1516.00,5,2,10,10,2,8,6,21,109606.0,69256.0,93416.0,109606.0,100393.0,109606.0,0,0.0
84755,206.00,1603.00,5,2,10,10,2,8,6,21,75927.0,95574.0,79552.0,75927.0,75426.0,75927.0,1,19647.0
84756,154.00,1394.00,5,2,10,10,2,8,6,21,41381.0,55729.0,45398.0,41381.0,41381.0,41381.0,1,14348.0
84757,154.00,1384.00,5,2,10,10,2,8,6,21,72422.0,53562.0,52437.0,72422.0,72422.0,72422.0,0,0.0
84758,154.00,1274.00,4,2,11,10,2,8,6,21,86433.0,85340.0,85287.0,86433.0,86433.0,86433.0,0,0.0
84759,154.00,1474.00,5,2,10,10,2,8,6,21,82097.0,90978.0,79238.0,82097.0,82097.0,82097.0,1,8881.0
84760,154.00,1384.00,5,2,10,10,2,8,6,21,66191.0,73988.0,58839.0,66191.0,66191.0,66191.0,1,7797.0
84761,154.00,1462.00,5,2,10,10,2,8,6,21,77396.0,86979.0,76512.0,77396.0,77649.0,77396.0,1,9583.0
84762,206.00,1613.00,5,2,10,10,2,8,6,21,95766.0,115189.0,95692.0,95766.0,95267.0,95766.0,1,19423.0
84763,154.00,1542.00,5,2,10,10,2,8,6,21,77617.0,73988.0,100707.0,77617.0,77617.0,77617.0,2,23090.0
84764,187.00,1516.00,5,2,10,10,2,8,6,21,86194.0,102213.0,95460.0,86194.0,92242.0,86194.0,1,16019.0
84765,206.00,1613.00,5,2,10,10,2,8,6,21,55201.0,55158.0,48661.0,55201.0,54700.0,55201.0,0,0.0
84766,154.00,1462.00,4,2,11,10,2,8,6,21,83831.0,48277.0,100855.0,83831.0,83832.0,83831.0,2,17024.0
84767,206.00,1603.00,5,2,10,10,2,8,6,21,111141.0,94399.0,133494.0,111141.0,110640.0,111141.0,2,22353.0
84768,216.00,1662.00,5,2,10,10,2,8,6,21,105824.0,87259.0,99936.0,105824.0,105326.0,105824.0,0,0.0
84769,154.00,1542.00,5,2,10,10,2,8,6,21,70576.0,39041.0,73836.0,70576.0,70576.0,70576.0,2,3260.0
84770,187.00,1509.00,5,2,10,10,2,8,6,21,78609.0,73480.0,76155.0,78609.0,77191.0,78609.0,0,0.0
84771,187.00,1509.00,5,2,10,10,2,8,6,21,79221.0,90846.0,64185.0,79221.0,67283.0,79221.0,1,11625.0
84772,187.00,1667.00,5,2,10,10,2,8,6,21,90326.0,61881.0,67998.0,90326.0,109422.0,90326.0,4,19096.0
84773,206.00,1603.00,5,2,10,10,2,8,6,21,67593.0,57936.0,77754.0,67593.0,67095.0,67593.0,2,10161.0
84774,216.00,1665.00,5,2,10,10,2,8,6,21,141883.0,116722.0,120710.0,141883.0,141385.0,141883.0,0,0.0
84775,206.00,1622.00,5,2,10,10,2,8,6,21,83715.0,59401.0,111340.0,83715.0,83214.0,83715.0,2,27625.0
84776,154.00,1462.00,5,2,10,10,2,8,6,21,77097.0,88219.0,99956.0,77097.0,77344.0,77097.0,2,22859.0
84777,154.00,1391.00,5,2,10,10,2,8,6,21,48184.0,50647.0,49454.0,48184.0,48184.0,48184.0,1,2463.0
84778,154.00,1551.00,5,2,10,10,2,8,6,21,59102.0,41895.0,70439.0,59102.0,59102.0,59102.0,2,11337.0
84779,154.00,1391.00,5,2,10,10,2,8,6,21,39963.0,75120.0,61847.0,39963.0,39963.0,39963.0,1,35157.0
84780,154.00,1391.00,5,2,10,10,2,8,6,21,67680.0,76189.0,51935.0,67680.0,67680.0,67680.0,1,8509.0
84781,216.00,1655.00,5,2,10,10,2,8,6,21,85625.0,83227.0,69299.0,85625.0,85124.0,85625.0,0,0.0
84782,206.00,1603.00,5,2,10,10,2,8,6,21,54723.0,76205.0,49480.0,54723.0,54222.0,54723.0,1,21482.0
84783,187.00,1516.00,5,2,10,10,2,8,6,21,123115.0,82490.0,120741.0,123115.0,98648.0,123115.0,0,0.0
84784,187.00,1411.00,5,1,11,10,2,8,6,21,85554.0,79638.0,77204.0,85554.0,63127.0,85554.0,0,0.0
84785,216.00,1655.00,5,2,10,10,2,8,6,21,78936.0,71477.0,66671.0,78936.0,78438.0,78936.0,0,0.0
84786,206.00,1506.00,4,2,11,10,2,8,6,21,76193.0,60366.0,90380.0,76202.0,75758.0,76193.0,2,14187.0
84787,206.00,1622.00,5,2,10,10,2,8,6,21,81713.0,91348.0,64467.0,81713.0,81212.0,81713.0,1,9635.0
84788,216.00,1665.00,4,2,11,10,2,8,6,21,77002.0,80096.0,85455.0,77000.0,76462.0,77002.0,2,8453.0
84789,154.00,1462.00,5,2,10,10,2,8,6,21,107607.0,36769.0,92238.0,107607.0,107832.0,107607.0,4,225.0
84790,154.00,1286.00,5,1,11,10,2,8,6,21,39119.0,99218.0,59872.0,39119.0,39119.0,39119.0,1,60099.0
84791,206.00,1681.00,5,2,10,10,2,8,6,21,68245.0,48563.0,67666.0,68245.0,67746.0,68245.0,0,0.0
84792,154.00,1560.00,5,2,10,10,2,8,6,21,59041.0,68677.0,62586.0,59041.0,59041.0,59041.0,1,9636.0
84793,154.00,1394.00,5,2,10,10,2,8,6,21,27792.0,39610.0,41169.0,27792.0,27792.0,27792.0,2,13377.0
84794,206.00,1693.00,5,2,10,10,2,8,6,21,130393.0,79368.0,107993.0,130393.0,129859.0,130393.0,0,0.0
84795,187.00,1522.00,5,2,10,10,2,8,6,21,93091.0,54993.0,83920.0,93091.0,98324.0,93091.0,4,5233.0
84796,206.00,1613.00,5,2,10,10,2,8,6,21,100753.0,113140.0,102142.0,100753.0,100255.0,100753.0,1,12387.0
84797,216.00,1655.00,5,2,10,10,2,8,6,21,111727.0,84292.0,113688.0,111727.0,111228.0,111727.0,2,1961.0
84798,187.00,1528.00,5,2,10,10,2,8,6,21,95067.0,49498.0,55934.0,95067.0,75989.0,95067.0,0,0.0
84799,206.00,1603.00,5,2,10,10,2,8,6,21,71036.0,122058.0,81100.0,71036.0,70537.0,71036.0,1,51022.0
84800,206.00,1603.00,5,2,10,10,2,8,6,21,88165.0,92999.0,81157.0,88165.0,87666.0,88165.0,1,4834.0
84801,154.00,1542.00,5,2,10,10,2,8,6,21,109675.0,36086.0,94543.0,109675.0,109675.0,109675.0,0,0.0
84802,206.00,1603.00,5,2,10,10,2,8,6,21,59798.0,61893.0,78263.0,59798.0,59297.0,59798.0,2,18465.0
84803,154.00,1387.00,5,2,10,10,2,8,6,21,70439.0,76641.0,71306.0,70439.0,70439.0,70439.0,1,6202.0
84804,187.00,1509.00,5,2,10,10,2,8,6,21,80701.0,87917.0,61283.0,80701.0,58437.0,80701.0,1,7216.0
84805,206.00,1610.00,5,2,10,10,2,8,6,21,60398.0,47034.0,69690.0,60398.0,59897.0,60398.0,2,9292.0
84806,154.00,1391.00,5,2,10,10,2,8,6,21,47970.0,51136.0,53884.0,47970.0,47970.0,47970.0,2,5914.0
84807,216.00,1655.00,5,2,10,10,2,8,6,21,90842.0,115341.0,96968.0,90842.0,90344.0,90842.0,1,24499.0
84808,154.00,1542.00,5,2,10,10,2,8,6,21,68023.0,62578.0,87080.0,68023.0,68023.0,68023.0,2,19057.0
84809,187.00,1519.00,5,2,10,10,2,8,6,21,65380.0,56654.0,60308.0,65380.0,49981.0,65380.0,0,0.0
84810,154.00,1384.00,5,2,10,10,2,8,6,21,89319.0,72878.0,71466.0,89319.0,89319.0,89319.0,0,0.0
84811,206.00,1603.00,5,2,10,10,2,8,6,21,65702.0,66330.0,71573.0,65702.0,65203.0,65702.0,2,5871.0
84812,206.00,1613.00,5,2,10,10,2,8,6,21,69018.0,62648.0,36390.0,68982.0,68520.0,69018.0,0,0.0
84813,187.00,1519.00,5,2,10,10,2,8,6,21,53738.0,54134.0,52254.0,53738.0,66447.0,53738.0,4,12709.0
84814,154.00,1384.00,5,2,10,10,2,8,6,21,68166.0,61728.0,70158.0,68166.0,68166.0,68166.0,2,1992.0
84815,154.00,1384.00,5,2,10,10,2,8,6,21,81201.0,65097.0,82968.0,81201.0,81201.0,81201.0,2,1767.0
84816,187.00,1516.00,5,2,10,10,2,8,6,21,41315.0,72813.0,67497.0,41315.0,58135.0,41315.0,1,31498.0
84817,206.00,1613.00,5,2,10,10,2,8,6,21,81646.0,42475.0,80737.0,81646.0,81145.0,81646.0,0,0.0
84818,206.00,1610.00,5,2,10,10,2,8,6,21,90259.0,92255.0,64846.0,90259.0,89761.0,90259.0,1,1996.0
84819,187.00,1405.00,4,2,11,10,2,8,6,21,97831.0,97333.0,66216.0,97841.0,104046.0,97831.0,4,6215.0
84820,216.00,1674.00,5,2,10,10,2,8,6,21,86326.0,105018.0,112872.0,86326.0,85825.0,86326.0,2,26546.0
84821,216.00,1655.00,5,2,10,10,2,8,6,21,96371.0,77125.0,106877.0,96371.0,95872.0,96371.0,2,10506.0
84822,206.00,1603.00,4,2,11,10,2,8,6,21,71044.0,79307.0,72779.0,71044.0,70601.0,71044.0,1,8263.0
84823,154.00,1387.00,5,2,10,10,2,8,6,21,68704.0,52184.0,61749.0,68704.0,68704.0,68704.0,0,0.0
84824,154.00,1384.00,5,2,10,10,2,8,6,20,68821.0,68506.0,67253.0,68821.0,68821.0,68821.0,0,0.0
84825,154.00,1388.00,5,2,10,10,2,8,6,21,78248.0,64447.0,97321.0,78248.0,78248.0,78248.0,2,19073.0
84826,154.00,1394.00,5,2,10,10,2,8,6,21,50129.0,54844.0,44543.0,50129.0,50129.0,50129.0,1,4715.0
84827,206.00,1606.00,5,2,10,10,2,8,6,21,62832.0,27288.0,55118.0,62803.0,62305.0,62832.0,0,0.0
84828,187.00,1667.00,5,2,10,10,2,8,6,21,81197.0,78328.0,80072.0,81197.0,100588.0,81197.0,4,19391.0
84829,154.00,1394.00,5,2,10,10,2,8,6,21,51017.0,41860.0,50489.0,51017.0,51017.0,51017.0,0,0.0
84830,187.00,1528.00,5,2,10,10,2,8,6,21,72411.0,54096.0,71837.0,72411.0,102001.0,72411.0,4,29590.0
84831,187.00,1509.00,5,2,10,10,2,8,6,21,35688.0,45317.0,29524.0,35688.0,32789.0,35688.0,1,9629.0
84832,187.00,1516.00,5,2,10,10,2,8,6,21,78585.0,50009.0,75673.0,78585.0,81849.0,78585.0,4,3264.0
84833,187.00,1509.00,5,2,10,10,2,8,6,21,46104.0,71281.0,51425.0,46104.0,81126.0,46104.0,4,35022.0
84834,206.00,1681.00,5,2,10,10,2,8,6,21,76616.0,120288.0,76959.0,76616.0,76115.0,76616.0,1,43672.0
84835,187.00,1676.00,5,2,10,10,2,8,6,21,88721.0,50712.0,87818.0,88721.0,81417.0,88721.0,0,0.0
84836,216.00,1550.00,5,1,11,10,2,8,6,21,113983.0,119194.0,101843.0,113991.0,113444.0,113983.0,1,5211.0
84837,216.00,1674.00,5,2,10,10,2,8,6,21,121452.0,120954.0,123083.0,121452.0,120952.0,121452.0,2,1631.0
84838,187.00,1509.00,5,2,10,10,2,8,6,21,90940.0,55485.0,105082.0,90940.0,96828.0,90940.0,2,14142.0
84839,154.00,1384.00,5,2,10,10,2,8,6,21,71882.0,104425.0,86241.0,71882.0,71882.0,71882.0,1,32543.0
84840,206.00,1603.00,5,2,10,10,2,8,6,21,90015.0,55847.0,106242.0,90015.0,89516.0,90015.0,2,16227.0
84841,187.00,1509.00,5,2,10,10,2,8,6,21,75873.0,129219.0,79954.0,75873.0,51197.0,75873.0,1,53346.0
84842,216.00,1662.00,5,2,10,10,2,8,6,21,98947.0,99112.0,102780.0,98947.0,98446.0,98947.0,2,3833.0
84843,187.00,1516.00,5,2,10,10,2,8,6,21,97494.0,96281.0,115411.0,97494.0,116729.0,97494.0,4,19235.0
84844,206.00,1603.00,5,2,10,10,2,8,6,21,72729.0,50626.0,58081.0,72729.0,72228.0,72729.0,0,0.0
84845,154.00,1462.00,5,2,10,10,2,8,6,21,80644.0,58027.0,80333.0,80644.0,80636.0,80644.0,0,0.0
84846,206.00,1603.00,5,2,10,10,2,8,6,21,85073.0,91412.0,94280.0,85073.0,84572.0,85073.0,2,9207.0
84847,154.00,1542.00,5,2,10,10,2,8,6,21,63667.0,68811.0,90966.0,63667.0,63667.0,63667.0,2,27299.0
84848,206.00,1613.00,5,2,10,10,2,8,6,21,82625.0,77439.0,99817.0,82625.0,82127.0,82625.0,2,17192.0
84849,216.00,1655.00,5,2,10,10,2,8,6,21,136216.0,82596.0,132043.0,136216.0,135715.0,136216.0,0,0.0
84850,154.00,1357.00,5,1,11,10,2,8,6,21,57912.0,31901.0,47857.0,57912.0,57912.0,57912.0,0,0.0
84851,206.00,1603.00,5,2,10,10,2,8,6,21,84112.0,97300.0,105237.0,84112.0,83611.0,84112.0,2,21125.0
84852,206.00,1613.00,5,2,10,10,2,8,6,21,112420.0,83472.0,108264.0,112420.0,111925.0,112420.0,0,0.0
84853,206.00,1498.00,5,1,11,10,2,8,6,21,90495.0,66882.0,83672.0,90495.0,84523.0,90495.0,0,0.0
84854,206.00,1603.00,5,2,10,10,2,8,6,21,75973.0,55210.0,81098.0,75973.0,75472.0,75973.0,2,5125.0
84855,154.00,1542.00,5,2,10,10,2,8,6,21,79173.0,113675.0,91038.0,79173.0,79173.0,79173.0,1,34502.0
84856,154.00,1394.00,5,2,10,10,2,8,6,21,57912.0,81608.0,79579.0,57912.0,57912.0,57912.0,1,23696.0
84857,206.00,1610.00,5,2,10,10,2,8,6,21,84708.0,125018.0,80852.0,84708.0,84209.0,84708.0,1,40310.0
84858,154.00,1394.00,5,2,10,10,2,8,6,21,72368.0,81907.0,41892.0,72368.0,72368.0,72368.0,1,9539.0
84859,154.00,1384.00,5,2,10,10,2,8,6,21,57656.0,81995.0,62478.0,57656.0,57656.0,57656.0,1,24339.0
84860,154.00,1387.00,5,2,10,10,2,8,6,21,53974.0,114246.0,76369.0,53974.0,53974.0,53974.0,1,60272.0
84861,154.00,1384.00,5,2,10,10,2,8,6,21,28797.0,37014.0,46787.0,28797.0,28797.0,28797.0,2,17990.0
84862,187.00,1667.00,5,2,10,10,2,8,6,21,90122.0,131162.0,108481.0,90122.0,109771.0,90122.0,1,41040.0
84863,154.00,1384.00,5,2,10,10,2,8,6,21,89963.0,102476.0,94813.0,89963.0,89963.0,89963.0,1,12513.0
84864,206.00,1610.00,5,2,10,10,2,8,6,21,85192.0,84688.0,61135.0,85192.0,84691.0,85192.0,0,0.0
84865,154.00,1560.00,5,2,10,10,2,8,6,21,61493.0,115688.0,66562.0,61493.0,61493.0,61493.0,1,54195.0
84866,154.00,1391.00,5,2,10,10,2,8,6,21,52446.0,77810.0,54143.0,52446.0,52446.0,52446.0,1,25364.0
84867,154.00,1391.00,5,2,10,10,2,8,6,21,29626.0,42979.0,24523.0,29626.0,29626.0,29626.0,1,13353.0
84868,206.00,1613.00,5,2,10,10,2,8,6,21,92539.0,40079.0,71628.0,92539.0,92040.0,92539.0,0,0.0
84869,154.00,1384.00,5,2,10,10,2,8,6,21,94344.0,101861.0,88330.0,94344.0,94344.0,94344.0,1,7517.0
84870,206.00,1610.00,5,2,10,10,2,8,6,21,49228.0,24173.0,76604.0,49228.0,48727.0,49228.0,2,27376.0
84871,187.00,1519.00,5,2,10,10,2,8,6,21,90470.0,89969.0,48383.0,90470.0,58934.0,90470.0,0,0.0
84872,154.00,1394.00,5,2,10,10,2,8,6,21,54970.0,80946.0,70475.0,54970.0,54970.0,54970.0,1,25976.0
84873,187.00,1509.00,5,2,10,10,2,8,6,21,56133.0,115583.0,88493.0,56133.0,59716.0,56133.0,1,59450.0
84874,206.00,1610.00,5,2,10,10,2,8,6,21,60774.0,89616.0,49704.0,60774.0,60273.0,60774.0,1,28842.0
84875,187.00,1509.00,4,2,11,10,2,8,6,21,40680.0,107043.0,27865.0,40680.0,23563.0,40680.0,1,66363.0
84876,154.00,1474.00,5,2,10,10,2,8,6,21,64457.0,83152.0,76470.0,64457.0,64457.0,64457.0,1,18695.0
84877,154.00,1384.00,5,2,10,10,2,8,6,21,37952.0,91013.0,65535.0,37952.0,37952.0,37952.0,1,53061.0
84878,206.00,1603.00,5,2,10,10,2,8,6,21,86687.0,74309.0,72904.0,86687.0,86189.0,86687.0,0,0.0
84879,154.00,1551.00,5,2,10,10,2,8,6,21,67909.0,97498.0,92873.0,67909.0,67909.0,67909.0,1,29589.0
84880,216.00,1662.00,5,2,10,10,2,8,6,21,125760.0,113085.0,117678.0,125760.0,125259.0,125760.0,0,0.0
84881,206.00,1613.00,5,2,10,10,2,8,6,21,93128.0,46059.0,86133.0,93128.0,92630.0,93128.0,0,0.0
84882,206.00,1613.00,5,2,10,10,2,8,6,21,47284.0,111418.0,100946.0,47284.0,46783.0,47284.0,1,64134.0
84883,187.00,1667.00,5,2,10,10,2,8,6,21,92467.0,88885.0,116051.0,92467.0,85193.0,92467.0,2,23584.0
84884,216.00,1655.00,5,2,10,10,2,8,6,21,70152.0,76264.0,68641.0,70152.0,69651.0,70152.0,1,6112.0
84885,216.00,1655.00,5,2,10,10,2,8,6,21,111852.0,62400.0,98597.0,111852.0,111351.0,111852.0,0,0.0
84886,154.00,1384.00,5,2,10,10,2,8,6,21,89766.0,56900.0,86598.0,89766.0,89766.0,89766.0,0,0.0
84887,206.00,1610.00,5,2,10,10,2,8,6,21,48636.0,32805.0,73944.0,48636.0,48185.0,48636.0,2,25308.0
84888,206.00,1610.00,5,2,10,10,2,8,6,21,75774.0,29203.0,81636.0,75774.0,75273.0,75774.0,2,5862.0
84889,206.00,1613.00,5,2,10,10,2,8,6,21,128316.0,49598.0,111377.0,128316.0,127815.0,128316.0,0,0.0
84890,187.00,1667.00,5,2,10,10,2,8,6,21,109555.0,64086.0,80551.0,109555.0,130198.0,109555.0,4,20643.0
84891,216.00,1665.00,5,2,10,10,2,8,6,21,119569.0,126403.0,89550.0,119569.0,119068.0,119569.0,1,6834.0
84892,154.00,1384.00,5,2,10,10,2,8,6,21,25262.0,88806.0,30588.0,25262.0,25262.0,25262.0,1,63544.0
84893,187.00,1667.00,5,2,10,10,2,8,6,21,64886.0,78805.0,64151.0,64886.0,60379.0,64886.0,1,13919.0
84894,154.00,1462.00,5,2,10,10,2,8,6,21,92716.0,79895.0,71060.0,92716.0,92943.0,92716.0,4,227.0
84895,154.00,1384.00,5,2,10,10,2,8,6,21,87150.0,103092.0,84148.0,87150.0,87150.0,87150.0,1,15942.0
84896,187.00,1509.00,5,2,10,10,2,8,6,21,85703.0,85583.0,73270.0,85703.0,73278.0,85703.0,0,0.0
84897,187.00,1509.00,5,2,10,10,2,8,6,21,87010.0,66716.0,76996.0,87010.0,87741.0,87010.0,4,731.0
84898,154.00,1465.00,5,2,10,10,2,8,6,21,91826.0,80588.0,77099.0,91826.0,97391.0,91826.0,4,5565.0
84899,154.00,1462.00,5,2,10,10,2,8,6,21,52864.0,76738.0,52510.0,52864.0,53076.0,52864.0,1,23874.0
84900,187.00,1509.00,5,2,10,10,2,8,6,21,65371.0,92059.0,45117.0,65371.0,66837.0,65371.0,1,26688.0
84901,154.00,1391.00,5,2,10,10,2,8,6,20,69464.0,95188.0,67812.0,69464.0,69464.0,69464.0,1,25724.0
84902,216.00,1674.00,5,2,10,10,2,8,6,21,121590.0,115228.0,138604.0,121590.0,121096.0,121590.0,2,17014.0
84903,206.00,1603.00,5,2,10,10,2,8,6,21,88617.0,32471.0,80276.0,88617.0,88116.0,88617.0,0,0.0
84904,154.00,1384.00,5,2,10,10,2,8,6,21,63626.0,57815.0,59389.0,63626.0,63626.0,63626.0,0,0.0
84905,154.00,1384.00,5,2,10,10,2,8,6,21,56547.0,31935.0,40550.0,56547.0,56547.0,56547.0,0,0.0
84906,206.00,1613.00,5,2,10,10,2,8,6,21,90527.0,84365.0,88505.0,90527.0,90026.0,90527.0,0,0.0
84907,154.00,1384.00,5,2,10,10,2,8,6,21,87956.0,106897.0,86315.0,87956.0,87956.0,87956.0,1,18941.0
84908,187.00,1509.00,5,2,10,10,2,8,6,21,62033.0,54026.0,92907.0,62033.0,66388.0,62033.0,2,30874.0
84909,154.00,1474.00,5,2,10,10,2,8,6,21,57724.0,74391.0,87473.0,57724.0,57724.0,57724.0,2,29749.0
84910,206.00,1613.00,5,2,10,10,2,8,6,21,99997.0,121899.0,114993.0,99997.0,99499.0,99997.0,1,21902.0
84911,206.00,1622.00,5,2,10,10,2,8,6,21,93836.0,124954.0,81953.0,93836.0,93340.0,93836.0,1,31118.0
84912,154.00,1462.00,5,2,10,10,2,8,6,21,76810.0,100879.0,63557.0,76810.0,77050.0,76810.0,1,24069.0
84913,206.00,1603.00,5,2,10,10,2,8,6,21,74643.0,97772.0,98977.0,74643.0,74142.0,74643.0,2,24334.0
84914,187.00,1516.00,5,2,10,10,2,8,6,21,75995.0,88149.0,74860.0,75995.0,113739.0,75995.0,4,37744.0
84915,216.00,1655.00,5,2,10,10,2,8,6,21,95453.0,110736.0,90608.0,95453.0,94952.0,95453.0,1,15283.0
84916,154.00,1393.00,5,2,10,10,2,8,6,21,49852.0,123394.0,51416.0,49852.0,49852.0,49852.0,1,73542.0
84917,206.00,1681.00,5,2,10,10,2,8,6,21,71572.0,118389.0,108303.0,71572.0,71071.0,71572.0,1,46817.0
84918,154.00,1384.00,5,2,10,10,2,8,6,21,64102.0,60051.0,61056.0,64102.0,64102.0,64102.0,0,0.0
84919,216.00,1655.00,5,2,10,10,2,8,6,20,99305.0,81651.0,90765.0,99305.0,98807.0,99305.0,0,0.0
84920,187.00,1667.00,5,2,10,10,2,8,6,21,62164.0,44512.0,72698.0,62164.0,68450.0,62164.0,2,10534.0
84921,187.00,1519.00,5,2,10,10,2,8,6,21,56290.0,59908.0,68018.0,56290.0,62142.0,56290.0,2,11728.0
84922,154.00,1384.00,5,2,10,10,2,8,6,21,19187.0,29996.0,25361.0,19187.0,19187.0,19187.0,1,10809.0
84923,154.00,1384.00,5,2,10,10,2,8,6,21,101490.0,76387.0,101843.0,101490.0,101490.0,101490.0,2,353.0
84924,154.00,1393.00,5,2,10,10,2,8,6,21,59114.0,81557.0,63438.0,59114.0,59114.0,59114.0,1,22443.0
84925,187.00,1516.00,5,2,10,10,2,8,6,21,74445.0,94510.0,70237.0,74445.0,79897.0,74445.0,1,20065.0
84926,187.00,1516.00,5,2,10,10,2,8,6,21,60098.0,70373.0,76854.0,60098.0,76042.0,60098.0,2,16756.0
84927,206.00,1499.00,4,2,11,10,2,8,6,21,114055.0,72681.0,127053.0,114055.0,113612.0,114055.0,2,12998.0
84928,154.00,1384.00,5,2,10,10,2,8,6,21,32115.0,89628.0,62395.0,32115.0,32115.0,32115.0,1,57513.0
84929,154.00,1560.00,5,2,10,10,2,8,6,21,65641.0,107151.0,88049.0,65641.0,65641.0,65641.0,1,41510.0
84930,206.00,1603.00,5,2,10,10,2,8,6,21,66755.0,74009.0,68791.0,66755.0,66254.0,66755.0,1,7254.0
84931,206.00,1603.00,5,2,10,10,2,8,6,21,86479.0,81162.0,90010.0,86479.0,85978.0,86479.0,2,3531.0
84932,206.00,1603.00,5,2,10,10,2,8,6,21,86410.0,71202.0,95527.0,86410.0,85915.0,86410.0,2,9117.0
84933,187.00,1519.00,5,2,10,10,2,8,6,21,60980.0,82919.0,86404.0,60980.0,60462.0,60980.0,2,25424.0
84934,154.00,1462.00,5,2,10,10,2,8,6,21,101148.0,83587.0,84451.0,101148.0,101374.0,101148.0,4,226.0
84935,187.00,1404.00,5,1,11,10,2,8,6,21,82774.0,50147.0,85677.0,82774.0,96654.0,82774.0,4,13880.0
84936,216.00,1655.00,5,2,10,10,2,8,6,21,141658.0,132392.0,113324.0,141658.0,141160.0,141658.0,0,0.0
84937,154.00,1391.00,5,2,10,10,2,8,6,21,67675.0,97350.0,63714.0,67675.0,67675.0,67675.0,1,29675.0
84938,206.00,1603.00,5,2,10,10,2,8,6,21,95341.0,98989.0,98336.0,95341.0,94843.0,95341.0,1,3648.0
84939,216.00,1655.00,5,2,10,10,2,8,6,21,105789.0,105251.0,102230.0,105789.0,105290.0,105789.0,0,0.0
84940,187.00,1509.00,5,2,10,10,2,8,6,21,86093.0,48996.0,107793.0,86093.0,75588.0,86093.0,2,21700.0
84941,206.00,1613.00,5,2,10,10,2,8,6,21,83194.0,90044.0,83248.0,83194.0,82693.0,83194.0,1,6850.0
84942,154.00,1384.00,5,2,10,10,2,8,6,21,73479.0,77586.0,74651.0,73479.0,73479.0,73479.0,1,4107.0
84943,206.00,1603.00,5,2,10,10,2,8,6,21,84784.0,92471.0,83544.0,84784.0,84286.0,84784.0,1,7687.0
84944,154.00,1394.00,5,2,10,10,2,8,6,21,47787.0,62193.0,75487.0,47787.0,47787.0,47787.0,2,27700.0
84945,216.00,1655.00,5,2,10,10,2,8,6,21,81915.0,96327.0,81856.0,81915.0,81414.0,81915.0,1,14412.0
84946,154.00,1542.00,5,2,10,10,2,8,6,21,68990.0,86265.0,88107.0,68990.0,68990.0,68990.0,2,19117.0
84947,206.00,1613.00,5,2,10,10,2,8,6,21,102530.0,58472.0,90086.0,102530.0,102032.0,102530.0,0,0.0
84948,154.00,1273.00,5,1,11,10,2,8,6,21,72254.0,64172.0,66080.0,72254.0,72254.0,72254.0,0,0.0
84949,216.00,1665.00,5,2,10,10,2,8,6,21,139392.0,138932.0,120301.0,139392.0,138893.0,139392.0,0,0.0
84950,206.00,1613.00,5,2,10,10,2,8,6,21,98784.0,89942.0,86470.0,98784.0,98283.0,98784.0,0,0.0
84951,154.00,1394.00,5,2,10,10,2,8,6,21,59612.0,82675.0,64226.0,59612.0,59612.0,59612.0,1,23063.0
84952,216.00,1674.00,5,2,10,10,2,8,6,21,105534.0,105033.0,121505.0,105534.0,105034.0,105534.0,2,15971.0
84953,154.00,1391.00,5,2,10,10,2,8,6,21,65001.0,72345.0,67839.0,65001.0,65001.0,65001.0,1,7344.0
84954,187.00,1509.00,5,2,10,10,2,8,6,21,56262.0,45969.0,55300.0,56262.0,63553.0,56262.0,4,7291.0
84955,206.00,1603.00,5,2,10,10,2,8,6,21,90829.0,75668.0,138595.0,90829.0,90331.0,90829.0,2,47766.0
84956,206.00,1681.00,5,2,10,10,2,8,6,21,129108.0,82902.0,106913.0,129108.0,128609.0,129108.0,0,0.0
84957,187.00,1509.00,5,2,10,10,2,8,6,21,87796.0,113793.0,73982.0,87796.0,95331.0,87796.0,1,25997.0
84958,216.00,1665.00,5,2,10,10,2,8,6,21,122776.0,132998.0,110937.0,122776.0,122275.0,122776.0,1,10222.0
84959,154.00,1391.00,5,2,10,10,2,8,6,21,44054.0,35279.0,62265.0,44054.0,44054.0,44054.0,2,18211.0
84960,154.00,1427.00,5,1,11,10,2,8,6,21,81821.0,80634.0,94281.0,81821.0,65493.0,81821.0,2,12460.0
84961,154.00,1542.00,5,2,10,10,2,8,6,21,60495.0,87455.0,52555.0,60495.0,60495.0,60495.0,1,26960.0
84962,206.00,1622.00,5,2,10,10,2,8,6,21,82870.0,73142.0,81644.0,82870.0,82369.0,82870.0,0,0.0
84963,154.00,1462.00,5,2,10,10,2,8,6,21,106787.0,88856.0,85317.0,106787.0,107004.0,106787.0,4,217.0
84964,206.00,1613.00,5,2,10,10,2,8,6,21,77739.0,37972.0,85238.0,77739.0,77238.0,77739.0,2,7499.0
84965,154.00,1478.00,5,2,10,10,2,8,6,21,85154.0,66830.0,61761.0,85154.0,85154.0,85154.0,0,0.0
84966,187.00,1399.00,4,2,11,10,2,8,6,21,61045.0,76428.0,35514.0,61045.0,61045.0,61045.0,1,15383.0
84967,216.00,1655.00,5,2,10,10,2,8,6,21,140692.0,131994.0,120620.0,140692.0,140191.0,140692.0,0,0.0
84968,154.00,1403.00,5,2,10,10,2,8,6,21,75848.0,63107.0,28898.0,75848.0,75841.0,75848.0,0,0.0
84969,154.00,1384.00,5,2,10,10,2,8,6,21,58902.0,69793.0,46155.0,58902.0,58902.0,58902.0,1,10891.0
84970,187.00,1519.00,5,2,10,10,2,8,6,21,64201.0,74310.0,49790.0,64201.0,66616.0,64201.0,1,10109.0
84971,154.00,1462.00,5,2,10,10,2,8,6,21,118062.0,82919.0,115928.0,118062.0,118273.0,118062.0,4,211.0
84972,206.00,1610.00,5,2,10,10,2,8,6,21,34085.0,33192.0,31215.0,34085.0,33584.0,34085.0,0,0.0
84973,206.00,1610.00,5,2,10,10,2,8,6,21,75102.0,49030.0,77608.0,75102.0,74603.0,75102.0,2,2506.0
84974,154.00,1391.00,5,2,10,10,2,8,6,21,69865.0,66670.0,67473.0,69865.0,69865.0,69865.0,0,0.0
84975,206.00,1603.00,5,2,10,10,2,8,6,21,30654.0,68881.0,29338.0,30654.0,30150.0,30654.0,1,38227.0
84976,206.00,1603.00,5,2,10,10,2,8,6,21,74719.0,72842.0,91288.0,74719.0,74218.0,74719.0,2,16569.0
84977,216.00,1674.00,5,2,10,10,2,8,6,21,94237.0,61046.0,104292.0,94237.0,93740.0,94237.0,2,10055.0
84978,187.00,1528.00,5,2,10,10,2,8,6,21,80839.0,70450.0,59794.0,80839.0,79376.0,80839.0,0,0.0
84979,154.00,1394.00,5,2,10,10,2,8,6,21,53861.0,34003.0,50049.0,53861.0,53861.0,53861.0,0,0.0
84980,154.00,1384.00,5,2,10,10,2,8,6,21,78453.0,70099.0,69482.0,78453.0,78453.0,78453.0,0,0.0
84981,154.00,1384.00,5,2,10,10,2,8,6,21,50680.0,75335.0,67759.0,50680.0,50680.0,50680.0,1,24655.0
84982,154.00,1384.00,5,2,10,10,2,8,6,21,67258.0,52849.0,67076.0,67258.0,67258.0,67258.0,0,0.0
84983,154.00,1391.00,5,2,10,10,2,8,6,21,65585.0,56836.0,51216.0,65585.0,65585.0,65585.0,0,0.0
84984,187.00,1519.00,5,2,10,10,2,8,6,21,101479.0,116383.0,77645.0,101479.0,97916.0,101479.0,1,14904.0
84985,216.00,1655.00,5,2,10,10,2,8,6,21,107093.0,83976.0,107169.0,107093.0,106594.0,107093.0,2,76.0
84986,154.00,1462.00,5,2,10,10,2,8,6,21,66663.0,126528.0,69849.0,66663.0,66875.0,66663.0,1,59865.0
84987,154.00,1462.00,5,2,10,10,2,8,6,21,68290.0,83662.0,59093.0,68290.0,68535.0,68290.0,1,15372.0
84988,187.00,1519.00,5,2,10,10,2,8,6,21,73648.0,81684.0,43379.0,73648.0,40806.0,73648.0,1,8036.0
84989,187.00,1519.00,5,2,10,10,2,8,6,21,52078.0,84944.0,65499.0,52078.0,34847.0,52078.0,1,32866.0
84990,206.00,1603.00,5,2,10,10,2,8,6,20,50029.0,80543.0,59633.0,50029.0,49531.0,50029.0,1,30514.0
84991,187.00,1509.00,5,2,10,10,2,8,6,21,78392.0,92440.0,75346.0,78392.0,60005.0,78392.0,1,14048.0
84992,216.00,1662.00,5,2,10,10,2,8,6,21,104927.0,110257.0,107030.0,104927.0,104428.0,104927.0,1,5330.0
84993,187.00,1509.00,5,2,10,10,2,8,6,21,66557.0,93408.0,42289.0,66557.0,49141.0,66557.0,1,26851.0
84994,154.00,1351.00,4,2,11,10,2,8,6,21,77086.0,98195.0,75056.0,77086.0,77086.0,77086.0,1,21109.0
84995,154.00,1391.00,5,2,10,10,2,8,6,21,39298.0,59133.0,33286.0,39298.0,39298.0,39298.0,1,19835.0
84996,154.00,1384.00,5,2,10,10,2,8,6,21,63032.0,76046.0,62274.0,63032.0,63032.0,63032.0,1,13014.0
84997,206.00,1610.00,5,2,10,10,2,8,6,21,65216.0,61899.0,70061.0,65216.0,64717.0,65216.0,2,4845.0
84998,154.00,1384.00,5,2,10,10,2,8,6,21,89385.0,96540.0,71640.0,89385.0,89385.0,89385.0,1,7155.0
84999,187.00,1516.00,5,2,10,10,2,8,6,21,95822.0,66991.0,96222.0,95822.0,75662.0,95822.0,2,400.0
