seed,opp_type,base_hero,base_opp,base_margin,best_action,max_margin_delta
400000,0,132575.0,132301.0,274.0,0,0.0
410000,1,52841.0,52028.0,813.0,0,0.0
400001,0,46075.0,46163.0,-88.0,7,606.0
410001,1,105084.0,104626.0,458.0,0,0.0
400002,0,78215.0,78183.0,32.0,0,0.0
410002,1,73815.0,69374.0,4441.0,0,0.0
400003,0,95153.0,94850.0,303.0,0,0.0
410003,1,62537.0,62112.0,425.0,0,0.0
400004,0,84355.0,84447.0,-92.0,0,0.0
410004,1,110575.0,102568.0,8007.0,0,0.0
400005,0,56010.0,55798.0,212.0,0,0.0
410005,1,56975.0,57440.0,-465.0,11,225.0
400006,0,84821.0,88554.0,-3733.0,7,3503.0
410006,1,123584.0,126391.0,-2807.0,2,2777.0
400007,0,40295.0,41208.0,-913.0,1,6629.0
410007,1,79287.0,78471.0,816.0,7,1714.0
400008,0,70467.0,69431.0,1036.0,0,0.0
410008,1,72808.0,73271.0,-463.0,6,256.0
400009,0,68612.0,74099.0,-5487.0,7,5379.0
410009,1,59655.0,59846.0,-191.0,11,359.0
400010,0,54746.0,55428.0,-682.0,2,111.0
410010,1,32571.0,32951.0,-380.0,2,1925.0
400011,0,65612.0,65436.0,176.0,7,1791.0
410011,1,116823.0,117288.0,-465.0,0,0.0
400012,0,88281.0,91035.0,-2754.0,2,191.0
410012,1,69072.0,75696.0,-6624.0,1,4008.0
400013,0,55170.0,56054.0,-884.0,11,690.0
410013,1,83079.0,79436.0,3643.0,0,0.0
400014,0,47963.0,47923.0,40.0,0,0.0
410014,1,78362.0,76937.0,1425.0,0,0.0
400015,0,78157.0,78152.0,5.0,0,0.0
410015,1,105647.0,105723.0,-76.0,6,258.0
400016,0,79987.0,79805.0,182.0,0,0.0
410016,1,89733.0,95708.0,-5975.0,1,6477.0
400017,0,79174.0,79413.0,-239.0,1,3038.0
410017,1,50729.0,50696.0,33.0,7,2719.0
400018,0,72309.0,71706.0,603.0,0,0.0
410018,1,52565.0,52871.0,-306.0,1,2033.0
400019,0,100439.0,99462.0,977.0,1,1143.0
410019,1,116517.0,116814.0,-297.0,2,335.0
400020,0,57407.0,50350.0,7057.0,0,0.0
410020,1,87137.0,91105.0,-3968.0,8,900.0
400021,0,29513.0,29529.0,-16.0,11,124.0
410021,1,90988.0,90570.0,418.0,0,0.0
400022,0,98444.0,105430.0,-6986.0,1,3718.0
410022,1,80053.0,79475.0,578.0,0,0.0
400023,0,87280.0,89207.0,-1927.0,11,418.0
410023,1,101092.0,100668.0,424.0,0,0.0
400024,0,31055.0,30735.0,320.0,7,160.0
410024,1,97186.0,95844.0,1342.0,0,0.0
400025,0,98709.0,98709.0,0.0,1,1245.0
410025,1,38334.0,38637.0,-303.0,2,2444.0
400026,0,86635.0,86761.0,-126.0,1,330.0
410026,1,82420.0,82160.0,260.0,2,207.0
400027,0,51490.0,50076.0,1414.0,1,2545.0
410027,1,54197.0,54127.0,70.0,1,835.0
400028,0,126758.0,128062.0,-1304.0,2,618.0
410028,1,123239.0,130383.0,-7144.0,1,6152.0
400029,0,68917.0,68015.0,902.0,0,0.0
410029,1,54059.0,52851.0,1208.0,1,2072.0
400030,0,52745.0,52854.0,-109.0,0,0.0
410030,1,29292.0,29295.0,-3.0,7,530.0
400031,0,54282.0,54386.0,-104.0,0,0.0
410031,1,92108.0,84953.0,7155.0,0,0.0
400032,0,119427.0,117432.0,1995.0,0,0.0
410032,1,71251.0,69563.0,1688.0,7,1306.0
400033,0,119653.0,119516.0,137.0,1,1061.0
410033,1,103046.0,101555.0,1491.0,0,0.0
400034,0,51153.0,52133.0,-980.0,7,1284.0
410034,1,62350.0,61649.0,701.0,2,1956.0
400035,0,123432.0,120461.0,2971.0,0,0.0
410035,1,96000.0,90318.0,5682.0,0,0.0
400036,0,65833.0,66116.0,-283.0,6,362.0
410036,1,80063.0,79898.0,165.0,4,35604.0
400037,0,95818.0,94362.0,1456.0,1,997.0
410037,1,86399.0,85970.0,429.0,2,5730.0
400038,0,113820.0,113647.0,173.0,0,0.0
410038,1,35205.0,35840.0,-635.0,1,1327.0
400039,0,61425.0,57573.0,3852.0,0,0.0
410039,1,117410.0,116836.0,574.0,6,390.0
400040,0,92974.0,103517.0,-10543.0,7,4254.0
410040,1,38193.0,38546.0,-353.0,1,1707.0
400041,0,36536.0,36468.0,68.0,6,101.0
410041,1,83228.0,82526.0,702.0,0,0.0
400042,0,69828.0,69814.0,14.0,0,0.0
410042,1,62234.0,59888.0,2346.0,0,0.0
400043,0,64427.0,65027.0,-600.0,7,535.0
410043,1,61547.0,60039.0,1508.0,0,0.0
400044,0,134755.0,135778.0,-1023.0,2,514.0
410044,1,95464.0,99171.0,-3707.0,1,4799.0
400045,0,81215.0,79556.0,1659.0,6,430.0
410045,1,85746.0,82394.0,3352.0,0,0.0
400046,0,106644.0,119600.0,-12956.0,1,10003.0
410046,1,124352.0,124624.0,-272.0,0,0.0
400047,0,89579.0,89478.0,101.0,0,0.0
410047,1,79823.0,74781.0,5042.0,0,0.0
400048,0,69881.0,73101.0,-3220.0,7,3323.0
410048,1,75237.0,71303.0,3934.0,0,0.0
400049,0,118746.0,118826.0,-80.0,0,0.0
410049,1,120169.0,117161.0,3008.0,2,3817.0
400050,0,81469.0,81315.0,154.0,0,0.0
410050,1,81029.0,79799.0,1230.0,0,0.0
400051,0,97789.0,97247.0,542.0,0,0.0
410051,1,29954.0,29830.0,124.0,7,284.0
400052,0,79924.0,71792.0,8132.0,0,0.0
410052,1,115969.0,116511.0,-542.0,1,8003.0
400053,0,69593.0,69478.0,115.0,11,455.0
410053,1,82990.0,82511.0,479.0,7,4212.0
400054,0,84969.0,82349.0,2620.0,1,1918.0
410054,1,131007.0,131840.0,-833.0,1,1533.0
400055,0,59450.0,59783.0,-333.0,7,1973.0
410055,1,99221.0,97957.0,1264.0,0,0.0
400056,0,87357.0,87225.0,132.0,0,0.0
410056,1,87394.0,85756.0,1638.0,2,5955.0
400057,0,105776.0,105263.0,513.0,0,0.0
410057,1,72025.0,69248.0,2777.0,0,0.0
400058,0,59585.0,58869.0,716.0,0,0.0
410058,1,32653.0,32188.0,465.0,11,121.0
400059,0,80057.0,79929.0,128.0,2,482.0
410059,1,36515.0,37297.0,-782.0,1,6324.0
400060,0,61313.0,61279.0,34.0,0,0.0
410060,1,85294.0,90459.0,-5165.0,1,5267.0
400061,0,68856.0,68396.0,460.0,0,0.0
410061,1,85703.0,85006.0,697.0,0,0.0
400062,0,130973.0,121730.0,9243.0,0,0.0
410062,1,67961.0,67158.0,803.0,0,0.0
400063,0,48362.0,48490.0,-128.0,11,617.0
410063,1,129015.0,127730.0,1285.0,0,0.0
400064,0,57847.0,53785.0,4062.0,0,0.0
410064,1,126768.0,134627.0,-7859.0,1,7347.0
400065,0,51522.0,52270.0,-748.0,7,1570.0
410065,1,55545.0,56036.0,-491.0,11,493.0
400066,0,100349.0,101620.0,-1271.0,1,406.0
410066,1,60715.0,58975.0,1740.0,0,0.0
400067,0,111085.0,111484.0,-399.0,0,0.0
410067,1,140156.0,124500.0,15656.0,0,0.0
400068,0,69909.0,69909.0,0.0,7,2356.0
410068,1,101747.0,100801.0,946.0,0,0.0
400069,0,63341.0,62280.0,1061.0,0,0.0
410069,1,61241.0,60987.0,254.0,0,0.0
400070,0,53838.0,54178.0,-340.0,0,0.0
410070,1,40610.0,40522.0,88.0,7,585.0
400071,0,78335.0,78117.0,218.0,0,0.0
410071,1,41395.0,41168.0,227.0,6,480.0
400072,0,109559.0,109346.0,213.0,1,482.0
410072,1,65928.0,65969.0,-41.0,0,0.0
400073,0,91318.0,91296.0,22.0,2,802.0
410073,1,90695.0,86849.0,3846.0,0,0.0
400074,0,61154.0,62070.0,-916.0,1,1689.0
410074,1,74777.0,70690.0,4087.0,0,0.0
400075,0,54078.0,54262.0,-184.0,11,166.0
410075,1,77787.0,77384.0,403.0,0,0.0
400076,0,79280.0,79530.0,-250.0,0,0.0
410076,1,35830.0,36037.0,-207.0,7,360.0
400077,0,115725.0,116860.0,-1135.0,0,0.0
410077,1,40929.0,41326.0,-397.0,7,157.0
400078,0,45073.0,44810.0,263.0,0,0.0
410078,1,70251.0,70191.0,60.0,7,2232.0
400079,0,81778.0,80272.0,1506.0,7,1797.0
410079,1,91979.0,91997.0,-18.0,11,254.0
400080,0,113277.0,112651.0,626.0,1,1199.0
410080,1,58463.0,56362.0,2101.0,1,608.0
400081,0,111467.0,111540.0,-73.0,0,0.0
410081,1,73070.0,71996.0,1074.0,0,0.0
400082,0,88519.0,87638.0,881.0,2,1602.0
410082,1,40376.0,39001.0,1375.0,7,4552.0
400083,0,107478.0,107124.0,354.0,0,0.0
410083,1,76452.0,77070.0,-618.0,0,0.0
400084,0,74128.0,74763.0,-635.0,7,1267.0
410084,1,78141.0,76440.0,1701.0,1,38195.0
400085,0,84135.0,89561.0,-5426.0,7,6394.0
410085,1,85344.0,82778.0,2566.0,0,0.0
400086,0,66001.0,64122.0,1879.0,0,0.0
410086,1,96274.0,95335.0,939.0,0,0.0
400087,0,97724.0,97567.0,157.0,2,5791.0
410087,1,64481.0,63536.0,945.0,0,0.0
400088,0,31937.0,32342.0,-405.0,7,314.0
410088,1,59996.0,58875.0,1121.0,0,0.0
400089,0,133130.0,133141.0,-11.0,0,0.0
410089,1,128122.0,129256.0,-1134.0,2,194.0
400090,0,28184.0,27614.0,570.0,11,219.0
410090,1,75181.0,75620.0,-439.0,0,0.0
400091,0,72813.0,70591.0,2222.0,0,0.0
410091,1,70102.0,64762.0,5340.0,7,2371.0
400092,0,100506.0,110208.0,-9702.0,7,3058.0
410092,1,65798.0,63190.0,2608.0,0,0.0
400093,0,100743.0,101700.0,-957.0,1,2058.0
410093,1,76083.0,76313.0,-230.0,7,2068.0
400094,0,53214.0,54112.0,-898.0,11,64.0
410094,1,98412.0,97865.0,547.0,1,3270.0
400095,0,135154.0,132996.0,2158.0,0,0.0
410095,1,78730.0,79160.0,-430.0,0,0.0
400096,0,108028.0,108976.0,-948.0,6,256.0
410096,1,46852.0,46927.0,-75.0,0,0.0
400097,0,24130.0,24539.0,-409.0,11,249.0
410097,1,71075.0,70657.0,418.0,7,2470.0
400098,0,54064.0,53391.0,673.0,0,0.0
410098,1,81094.0,85206.0,-4112.0,1,8254.0
400099,0,61163.0,61404.0,-241.0,11,477.0
410099,1,88837.0,88809.0,28.0,0,0.0
400100,0,86782.0,89027.0,-2245.0,2,2141.0
410100,1,59027.0,57346.0,1681.0,0,0.0
400101,0,56204.0,55081.0,1123.0,0,0.0
410101,1,86181.0,85061.0,1120.0,0,0.0
400102,0,101350.0,101530.0,-180.0,0,0.0
410102,1,109914.0,105594.0,4320.0,0,0.0
400103,0,55028.0,55120.0,-92.0,1,586.0
410103,1,55634.0,56141.0,-507.0,7,4059.0
400104,0,115268.0,121957.0,-6689.0,2,11551.0
410104,1,39250.0,40359.0,-1109.0,7,584.0
400105,0,61323.0,57602.0,3721.0,0,0.0
410105,1,106682.0,105911.0,771.0,0,0.0
400106,0,113698.0,112591.0,1107.0,0,0.0
410106,1,102842.0,101892.0,950.0,0,0.0
400107,0,74071.0,73592.0,479.0,6,256.0
410107,1,104109.0,102939.0,1170.0,0,0.0
400108,0,82349.0,82238.0,111.0,0,0.0
410108,1,116606.0,121813.0,-5207.0,2,3494.0
400109,0,88980.0,89162.0,-182.0,2,7008.0
410109,1,117794.0,116281.0,1513.0,0,0.0
400110,0,54440.0,52490.0,1950.0,0,0.0
410110,1,29754.0,29177.0,577.0,0,0.0
400111,0,82418.0,75316.0,7102.0,7,782.0
410111,1,133229.0,132410.0,819.0,1,649.0
400112,0,67071.0,66387.0,684.0,7,165.0
410112,1,60369.0,65688.0,-5319.0,2,4226.0
400113,0,71609.0,68025.0,3584.0,0,0.0
410113,1,88021.0,84276.0,3745.0,0,0.0
400114,0,57977.0,58328.0,-351.0,0,0.0
410114,1,104819.0,104989.0,-170.0,6,256.0
400115,0,106183.0,107289.0,-1106.0,1,420.0
410115,1,123983.0,121387.0,2596.0,0,0.0
400116,0,95433.0,94255.0,1178.0,0,0.0
410116,1,72993.0,69589.0,3404.0,0,0.0
400117,0,57398.0,57692.0,-294.0,0,0.0
410117,1,70216.0,70243.0,-27.0,6,262.0
400118,0,59177.0,58833.0,344.0,1,64.0
410118,1,94013.0,93575.0,438.0,0,0.0
400119,0,94032.0,93615.0,417.0,0,0.0
410119,1,127810.0,123531.0,4279.0,0,0.0
400120,0,77957.0,75670.0,2287.0,7,262.0
410120,1,85906.0,85420.0,486.0,0,0.0
400121,0,84273.0,83334.0,939.0,1,5198.0
410121,1,82852.0,78312.0,4540.0,0,0.0
400122,0,84659.0,78191.0,6468.0,7,2541.0
410122,1,117069.0,116894.0,175.0,0,0.0
400123,0,113431.0,113902.0,-471.0,2,2533.0
410123,1,121811.0,122020.0,-209.0,1,782.0
400124,0,76896.0,76896.0,0.0,7,1009.0
410124,1,106368.0,105754.0,614.0,1,91.0
400125,0,114557.0,114694.0,-137.0,11,1059.0
410125,1,81552.0,79330.0,2222.0,0,0.0
400126,0,54657.0,53723.0,934.0,11,270.0
410126,1,98538.0,99215.0,-677.0,6,502.0
400127,0,122610.0,124011.0,-1401.0,0,0.0
410127,1,115653.0,115252.0,401.0,0,0.0
400128,0,129202.0,129440.0,-238.0,1,948.0
410128,1,59620.0,59428.0,192.0,1,945.0
400129,0,79955.0,79548.0,407.0,0,0.0
410129,1,71361.0,71012.0,349.0,1,362.0
400130,0,89194.0,89194.0,0.0,0,0.0
410130,1,65258.0,66201.0,-943.0,1,300.0
400131,0,46923.0,48014.0,-1091.0,7,1705.0
410131,1,66826.0,66187.0,639.0,0,0.0
400132,0,70704.0,70206.0,498.0,7,1810.0
410132,1,100586.0,99800.0,786.0,0,0.0
400133,0,59009.0,59455.0,-446.0,7,3059.0
410133,1,128833.0,129450.0,-617.0,1,413.0
400134,0,75854.0,74965.0,889.0,0,0.0
410134,1,98882.0,98900.0,-18.0,1,2810.0
400135,0,124677.0,124770.0,-93.0,6,253.0
410135,1,122253.0,121437.0,816.0,0,0.0
400136,0,109247.0,101556.0,7691.0,11,460.0
410136,1,72705.0,79270.0,-6565.0,7,8272.0
400137,0,74412.0,66038.0,8374.0,0,0.0
410137,1,109975.0,109508.0,467.0,11,621.0
400138,0,69239.0,76827.0,-7588.0,2,12993.0
410138,1,76119.0,76005.0,114.0,0,0.0
400139,0,53242.0,51462.0,1780.0,0,0.0
410139,1,32716.0,32402.0,314.0,0,0.0
400140,0,67822.0,67812.0,10.0,7,1161.0
410140,1,148340.0,156285.0,-7945.0,1,33479.0
400141,0,136037.0,137127.0,-1090.0,11,246.0
410141,1,73900.0,73245.0,655.0,0,0.0
400142,0,100093.0,97717.0,2376.0,1,7390.0
410142,1,76021.0,76201.0,-180.0,7,2456.0
400143,0,97163.0,91145.0,6018.0,0,0.0
410143,1,69135.0,74642.0,-5507.0,7,8679.0
400144,0,106816.0,105998.0,818.0,11,338.0
410144,1,95716.0,95460.0,256.0,2,2311.0
400145,0,49916.0,50068.0,-152.0,11,91.0
410145,1,58816.0,59275.0,-459.0,2,2902.0
400146,0,67295.0,66290.0,1005.0,7,654.0
410146,1,60415.0,59777.0,638.0,6,254.0
400147,0,56721.0,62260.0,-5539.0,2,7326.0
410147,1,137238.0,138243.0,-1005.0,1,5713.0
400148,0,151045.0,151081.0,-36.0,0,0.0
410148,1,56866.0,56908.0,-42.0,0,0.0
400149,0,123317.0,117004.0,6313.0,0,0.0
410149,1,72500.0,74476.0,-1976.0,1,979.0
400150,0,58273.0,58712.0,-439.0,1,1780.0
410150,1,66442.0,63708.0,2734.0,0,0.0
400151,0,71695.0,73356.0,-1661.0,1,3998.0
410151,1,50132.0,49485.0,647.0,0,0.0
400152,0,54715.0,53601.0,1114.0,11,476.0
410152,1,90521.0,84968.0,5553.0,2,30470.0
400153,0,67871.0,67125.0,746.0,0,0.0
410153,1,94056.0,91816.0,2240.0,0,0.0
400154,0,60544.0,60665.0,-121.0,1,1177.0
410154,1,49850.0,49366.0,484.0,11,453.0
400155,0,84856.0,84725.0,131.0,11,150.0
410155,1,77910.0,75929.0,1981.0,11,443.0
400156,0,98366.0,98366.0,0.0,0,0.0
410156,1,116189.0,114858.0,1331.0,0,0.0
400157,0,69118.0,68416.0,702.0,0,0.0
410157,1,69641.0,69406.0,235.0,2,168.0
400158,0,75415.0,74423.0,992.0,0,0.0
410158,1,81731.0,77728.0,4003.0,0,0.0
400159,0,98686.0,96425.0,2261.0,0,0.0
410159,1,51704.0,51890.0,-186.0,11,157.0
400160,0,66554.0,65574.0,980.0,7,968.0
410160,1,40502.0,42064.0,-1562.0,1,237.0
400161,0,97436.0,97679.0,-243.0,2,496.0
410161,1,31505.0,31536.0,-31.0,2,2566.0
400162,0,62330.0,60029.0,2301.0,1,845.0
410162,1,63093.0,62970.0,123.0,0,0.0
400163,0,106821.0,106383.0,438.0,0,0.0
410163,1,51956.0,51591.0,365.0,0,0.0
400164,0,67276.0,67206.0,70.0,0,0.0
410164,1,132570.0,132113.0,457.0,2,3018.0
400165,0,128276.0,119450.0,8826.0,0,0.0
410165,1,95089.0,101591.0,-6502.0,1,3154.0
400166,0,78837.0,78714.0,123.0,0,0.0
410166,1,86964.0,86356.0,608.0,1,2168.0
400167,0,65270.0,65064.0,206.0,1,996.0
410167,1,63225.0,63311.0,-86.0,11,64.0
400168,0,46146.0,46347.0,-201.0,0,0.0
410168,1,88104.0,88016.0,88.0,7,2652.0
400169,0,107514.0,108865.0,-1351.0,1,485.0
410169,1,66822.0,67050.0,-228.0,1,2250.0
400170,0,87007.0,86429.0,578.0,11,225.0
410170,1,48580.0,47928.0,652.0,0,0.0
400171,0,45026.0,48692.0,-3666.0,7,4454.0
410171,1,50889.0,50860.0,29.0,6,2065.0
400172,0,109068.0,106553.0,2515.0,2,2249.0
410172,1,88026.0,89299.0,-1273.0,7,1886.0
400173,0,78712.0,78985.0,-273.0,0,0.0
410173,1,29169.0,30361.0,-1192.0,0,0.0
400174,0,52247.0,52813.0,-566.0,7,2590.0
410174,1,60595.0,56958.0,3637.0,0,0.0
400175,0,99763.0,98487.0,1276.0,0,0.0
410175,1,62401.0,56799.0,5602.0,2,809.0
400176,0,102029.0,101692.0,337.0,0,0.0
410176,1,62846.0,64059.0,-1213.0,11,785.0
400177,0,61817.0,57987.0,3830.0,7,3567.0
410177,1,93797.0,92619.0,1178.0,0,0.0
400178,0,128473.0,129191.0,-718.0,0,0.0
410178,1,111791.0,119323.0,-7532.0,7,721.0
400179,0,78103.0,77550.0,553.0,0,0.0
410179,1,73803.0,73186.0,617.0,6,257.0
400180,0,87621.0,87740.0,-119.0,7,1797.0
410180,1,110000.0,108987.0,1013.0,11,123.0
400181,0,85532.0,85561.0,-29.0,0,0.0
410181,1,80534.0,78333.0,2201.0,0,0.0
400182,0,100560.0,100560.0,0.0,11,756.0
410182,1,62018.0,62165.0,-147.0,0,0.0
400183,0,58434.0,53785.0,4649.0,0,0.0
410183,1,68743.0,66895.0,1848.0,0,0.0
400184,0,83121.0,83484.0,-363.0,0,0.0
410184,1,63013.0,62663.0,350.0,7,1805.0
400185,0,65449.0,63537.0,1912.0,0,0.0
410185,1,72510.0,68610.0,3900.0,0,0.0
400186,0,87207.0,87313.0,-106.0,0,0.0
410186,1,96371.0,95129.0,1242.0,0,0.0
400187,0,99056.0,99056.0,0.0,0,0.0
410187,1,96755.0,91795.0,4960.0,0,0.0
400188,0,114098.0,114049.0,49.0,0,0.0
410188,1,25484.0,25688.0,-204.0,0,0.0
400189,0,73096.0,73242.0,-146.0,0,0.0
410189,1,66077.0,66311.0,-234.0,11,238.0
400190,0,114422.0,114482.0,-60.0,0,0.0
410190,1,81658.0,81254.0,404.0,2,396.0
400191,0,93858.0,94368.0,-510.0,0,0.0
410191,1,125994.0,126198.0,-204.0,0,0.0
400192,0,75534.0,74181.0,1353.0,0,0.0
410192,1,53199.0,52385.0,814.0,7,1954.0
400193,0,93716.0,93868.0,-152.0,11,694.0
410193,1,80013.0,80623.0,-610.0,0,0.0
400194,0,104046.0,101616.0,2430.0,0,0.0
410194,1,85290.0,85422.0,-132.0,0,0.0
400195,0,103850.0,103942.0,-92.0,0,0.0
410195,1,57941.0,57892.0,49.0,11,269.0
400196,0,102672.0,101117.0,1555.0,0,0.0
410196,1,38886.0,39405.0,-519.0,7,1743.0
400197,0,86127.0,85829.0,298.0,0,0.0
410197,1,103251.0,106407.0,-3156.0,1,1720.0
400198,0,114747.0,116182.0,-1435.0,1,1875.0
410198,1,59454.0,60071.0,-617.0,2,92.0
400199,0,43454.0,43376.0,78.0,7,794.0
410199,1,82286.0,74704.0,7582.0,0,0.0
400200,0,83894.0,83589.0,305.0,11,415.0
410200,1,65604.0,64414.0,1190.0,0,0.0
400201,0,55192.0,52944.0,2248.0,0,0.0
410201,1,69608.0,69316.0,292.0,2,2888.0
400202,0,60179.0,60554.0,-375.0,11,451.0
410202,1,94762.0,93985.0,777.0,11,226.0
400203,0,108080.0,109214.0,-1134.0,1,98.0
410203,1,117701.0,117210.0,491.0,1,878.0
400204,0,92146.0,92363.0,-217.0,11,348.0
410204,1,93402.0,90031.0,3371.0,0,0.0
400205,0,94681.0,94318.0,363.0,1,557.0
410205,1,62789.0,62333.0,456.0,1,2435.0
400206,0,125900.0,127667.0,-1767.0,1,884.0
410206,1,85610.0,85624.0,-14.0,0,0.0
400207,0,55315.0,53246.0,2069.0,0,0.0
410207,1,59174.0,55646.0,3528.0,0,0.0
400208,0,69001.0,68395.0,606.0,7,3861.0
410208,1,126123.0,126500.0,-377.0,1,1897.0
400209,0,68439.0,68169.0,270.0,0,0.0
410209,1,106232.0,104513.0,1719.0,1,243.0
400210,0,74205.0,74569.0,-364.0,2,608.0
410210,1,60700.0,61222.0,-522.0,7,1558.0
400211,0,99019.0,99162.0,-143.0,6,256.0
410211,1,99944.0,97698.0,2246.0,0,0.0
400212,0,73023.0,70255.0,2768.0,11,263.0
410212,1,31605.0,31367.0,238.0,7,171.0
400213,0,80078.0,77961.0,2117.0,7,995.0
410213,1,84325.0,84080.0,245.0,7,1452.0
400214,0,62281.0,61688.0,593.0,7,1439.0
410214,1,54610.0,50378.0,4232.0,0,0.0
400215,0,66869.0,67437.0,-568.0,11,78.0
410215,1,76458.0,76274.0,184.0,2,1584.0
400216,0,104366.0,104488.0,-122.0,11,124.0
410216,1,83465.0,83349.0,116.0,1,98.0
400217,0,120875.0,122114.0,-1239.0,1,816.0
410217,1,65872.0,63030.0,2842.0,0,0.0
400218,0,88271.0,87388.0,883.0,0,0.0
410218,1,87261.0,86984.0,277.0,1,1295.0
400219,0,84617.0,84472.0,145.0,2,1603.0
410219,1,43970.0,43490.0,480.0,11,221.0
400220,0,109601.0,109333.0,268.0,0,0.0
410220,1,64723.0,62734.0,1989.0,0,0.0
400221,0,88819.0,89116.0,-297.0,1,141.0
410221,1,92040.0,90287.0,1753.0,1,929.0
400222,0,59968.0,59935.0,33.0,11,229.0
410222,1,60892.0,60064.0,828.0,11,194.0
400223,0,114067.0,114315.0,-248.0,6,256.0
410223,1,123578.0,122762.0,816.0,1,236.0
400224,0,90685.0,91988.0,-1303.0,11,91.0
410224,1,99401.0,98085.0,1316.0,0,0.0
400225,0,79723.0,79175.0,548.0,0,0.0
410225,1,119870.0,119071.0,799.0,2,194.0
400226,0,48515.0,50115.0,-1600.0,7,501.0
410226,1,103922.0,103557.0,365.0,2,320.0
400227,0,71269.0,69821.0,1448.0,0,0.0
410227,1,73086.0,68492.0,4594.0,0,0.0
400228,0,116536.0,119969.0,-3433.0,1,2028.0
410228,1,83424.0,82963.0,461.0,1,962.0
400229,0,87288.0,85069.0,2219.0,0,0.0
410229,1,100863.0,99152.0,1711.0,0,0.0
400230,0,67619.0,61349.0,6270.0,0,0.0
410230,1,89924.0,89730.0,194.0,7,556.0
400231,0,67909.0,67480.0,429.0,0,0.0
410231,1,75602.0,73687.0,1915.0,0,0.0
400232,0,47823.0,46179.0,1644.0,2,42906.0
410232,1,87848.0,93356.0,-5508.0,1,5748.0
400233,0,86369.0,85869.0,500.0,0,0.0
410233,1,56673.0,56482.0,191.0,11,371.0
400234,0,78226.0,77704.0,522.0,0,0.0
410234,1,86410.0,85237.0,1173.0,0,0.0
400235,0,85699.0,85739.0,-40.0,7,4443.0
410235,1,123267.0,115712.0,7555.0,0,0.0
400236,0,99218.0,100247.0,-1029.0,11,411.0
410236,1,75190.0,74332.0,858.0,2,862.0
400237,0,71909.0,69591.0,2318.0,0,0.0
410237,1,52744.0,52771.0,-27.0,7,939.0
400238,0,65255.0,63742.0,1513.0,0,0.0
410238,1,76860.0,77054.0,-194.0,0,0.0
400239,0,67787.0,67466.0,321.0,7,1818.0
410239,1,55093.0,54739.0,354.0,0,0.0
400240,0,113827.0,117370.0,-3543.0,11,131.0
410240,1,105102.0,100422.0,4680.0,0,0.0
400241,0,140688.0,140864.0,-176.0,1,1166.0
410241,1,68627.0,68080.0,547.0,0,0.0
400242,0,71810.0,71346.0,464.0,2,611.0
410242,1,71114.0,67899.0,3215.0,0,0.0
400243,0,46669.0,45104.0,1565.0,1,3856.0
410243,1,103581.0,100852.0,2729.0,7,205.0
400244,0,92677.0,89432.0,3245.0,0,0.0
410244,1,74477.0,73358.0,1119.0,0,0.0
400245,0,28681.0,28840.0,-159.0,1,2774.0
410245,1,117438.0,111185.0,6253.0,0,0.0
400246,0,63816.0,63390.0,426.0,0,0.0
410246,1,104285.0,102807.0,1478.0,0,0.0
400247,0,139642.0,139808.0,-166.0,0,0.0
410247,1,62690.0,61868.0,822.0,2,1732.0
400248,0,39419.0,36879.0,2540.0,7,3342.0
410248,1,73120.0,72781.0,339.0,7,2760.0
400249,0,38036.0,38174.0,-138.0,7,925.0
410249,1,82109.0,82079.0,30.0,6,254.0
400250,0,83700.0,82663.0,1037.0,2,328.0
410250,1,84933.0,83996.0,937.0,1,1452.0
400251,0,61306.0,61771.0,-465.0,11,69.0
410251,1,59808.0,59670.0,138.0,11,324.0
400252,0,60771.0,61272.0,-501.0,11,324.0
410252,1,92654.0,84879.0,7775.0,0,0.0
400253,0,107865.0,109228.0,-1363.0,1,382.0
410253,1,52118.0,50278.0,1840.0,7,1312.0
400254,0,98384.0,100333.0,-1949.0,1,740.0
410254,1,74991.0,68919.0,6072.0,7,2164.0
400255,0,113604.0,113766.0,-162.0,1,867.0
410255,1,65221.0,65420.0,-199.0,1,3971.0
400256,0,53271.0,53564.0,-293.0,7,1277.0
410256,1,50251.0,50244.0,7.0,2,451.0
400257,0,48264.0,48828.0,-564.0,0,0.0
410257,1,84328.0,84280.0,48.0,6,256.0
400258,0,60240.0,59993.0,247.0,0,0.0
410258,1,48538.0,56183.0,-7645.0,2,6372.0
400259,0,72532.0,81388.0,-8856.0,1,7693.0
410259,1,69471.0,69976.0,-505.0,1,1593.0
400260,0,78103.0,87492.0,-9389.0,1,6634.0
410260,1,97193.0,96248.0,945.0,2,1182.0
400261,0,94003.0,96976.0,-2973.0,7,503.0
410261,1,55344.0,61978.0,-6634.0,1,4950.0
400262,0,106141.0,108155.0,-2014.0,7,2062.0
410262,1,44513.0,40896.0,3617.0,4,2038.0
400263,0,127058.0,127021.0,37.0,1,1377.0
410263,1,83070.0,82635.0,435.0,0,0.0
400264,0,49869.0,49976.0,-107.0,11,199.0
410264,1,94753.0,93302.0,1451.0,1,897.0
400265,0,41549.0,41567.0,-18.0,2,2626.0
410265,1,137789.0,139143.0,-1354.0,2,6189.0
400266,0,73397.0,73146.0,251.0,7,1827.0
410266,1,75325.0,72933.0,2392.0,0,0.0
400267,0,87770.0,89815.0,-2045.0,2,1814.0
410267,1,82964.0,82023.0,941.0,0,0.0
400268,0,66666.0,63081.0,3585.0,0,0.0
410268,1,122822.0,121120.0,1702.0,0,0.0
400269,0,83065.0,83618.0,-553.0,2,6004.0
410269,1,40846.0,40939.0,-93.0,6,94.0
400270,0,90176.0,92305.0,-2129.0,1,2275.0
410270,1,72682.0,68506.0,4176.0,1,1278.0
400271,0,85290.0,85312.0,-22.0,0,0.0
410271,1,122352.0,122475.0,-123.0,2,480.0
400272,0,128225.0,128430.0,-205.0,0,0.0
410272,1,83343.0,82647.0,696.0,0,0.0
400273,0,141940.0,141656.0,284.0,11,156.0
410273,1,81361.0,81535.0,-174.0,1,273.0
400274,0,80985.0,80477.0,508.0,0,0.0
410274,1,84320.0,83763.0,557.0,7,1647.0
400275,0,87518.0,86306.0,1212.0,0,0.0
410275,1,95805.0,95842.0,-37.0,1,1104.0
400276,0,121838.0,123578.0,-1740.0,1,788.0
410276,1,53045.0,50889.0,2156.0,0,0.0
400277,0,79123.0,77426.0,1697.0,6,2914.0
410277,1,87909.0,87138.0,771.0,2,1883.0
400278,0,109594.0,101573.0,8021.0,0,0.0
410278,1,101520.0,100429.0,1091.0,0,0.0
400279,0,113497.0,113852.0,-355.0,2,1282.0
410279,1,54595.0,52680.0,1915.0,0,0.0
400280,0,88989.0,89139.0,-150.0,7,2388.0
410280,1,70220.0,69087.0,1133.0,0,0.0
400281,0,72284.0,72306.0,-22.0,7,1761.0
410281,1,87650.0,87525.0,125.0,11,205.0
400282,0,47946.0,48515.0,-569.0,1,3344.0
410282,1,72081.0,71520.0,561.0,0,0.0
400283,0,111004.0,101188.0,9816.0,11,681.0
410283,1,50161.0,53048.0,-2887.0,1,677.0
400284,0,88155.0,86940.0,1215.0,2,2296.0
410284,1,58176.0,57362.0,814.0,6,261.0
400285,0,57580.0,57025.0,555.0,1,1816.0
410285,1,105301.0,102986.0,2315.0,0,0.0
400286,0,51497.0,51619.0,-122.0,1,5806.0
410286,1,94210.0,92819.0,1391.0,0,0.0
400287,0,121545.0,121707.0,-162.0,0,0.0
410287,1,69390.0,69625.0,-235.0,1,330.0
400288,0,65742.0,66094.0,-352.0,7,1050.0
410288,1,41315.0,41131.0,184.0,1,2233.0
400289,0,135390.0,136368.0,-978.0,0,0.0
410289,1,65776.0,65329.0,447.0,7,1800.0
400290,0,86611.0,86745.0,-134.0,7,3396.0
410290,1,101384.0,99607.0,1777.0,0,0.0
400291,0,106499.0,106788.0,-289.0,0,0.0
410291,1,76156.0,72881.0,3275.0,0,0.0
400292,0,74523.0,71247.0,3276.0,0,0.0
410292,1,71476.0,70416.0,1060.0,2,2738.0
400293,0,31323.0,31589.0,-266.0,1,4164.0
410293,1,130154.0,129084.0,1070.0,0,0.0
400294,0,131702.0,132036.0,-334.0,1,223.0
410294,1,55174.0,56731.0,-1557.0,7,537.0
400295,0,93299.0,93132.0,167.0,11,333.0
410295,1,84493.0,84567.0,-74.0,11,458.0
400296,0,71096.0,70677.0,419.0,7,2470.0
410296,1,64982.0,64928.0,54.0,0,0.0
400297,0,144734.0,144548.0,186.0,1,901.0
410297,1,59290.0,60236.0,-946.0,7,1602.0
400298,0,83840.0,89475.0,-5635.0,1,4916.0
410298,1,58033.0,55683.0,2350.0,7,297.0
400299,0,65344.0,63407.0,1937.0,0,0.0
410299,1,80384.0,79261.0,1123.0,1,413.0
400300,0,78527.0,78331.0,196.0,0,0.0
410300,1,35551.0,35538.0,13.0,2,931.0
400301,0,69115.0,71195.0,-2080.0,7,4316.0
410301,1,105400.0,104731.0,669.0,2,960.0
400302,0,79650.0,80913.0,-1263.0,7,562.0
410302,1,66105.0,64765.0,1340.0,0,0.0
400303,0,68116.0,66998.0,1118.0,0,0.0
410303,1,52263.0,52895.0,-632.0,6,1101.0
400304,0,73898.0,74665.0,-767.0,0,0.0
410304,1,72884.0,67819.0,5065.0,0,0.0
400305,0,72601.0,72563.0,38.0,0,0.0
410305,1,107454.0,107318.0,136.0,0,0.0
400306,0,76272.0,84361.0,-8089.0,1,4719.0
410306,1,63960.0,60133.0,3827.0,1,105.0
400307,0,89895.0,88751.0,1144.0,0,0.0
410307,1,69815.0,69887.0,-72.0,7,3558.0
400308,0,81249.0,84385.0,-3136.0,7,3659.0
410308,1,92187.0,90325.0,1862.0,0,0.0
400309,0,48007.0,49952.0,-1945.0,11,1207.0
410309,1,69800.0,69481.0,319.0,11,307.0
400310,0,92079.0,92231.0,-152.0,1,886.0
410310,1,97278.0,95880.0,1398.0,1,2540.0
400311,0,57429.0,57515.0,-86.0,7,1081.0
410311,1,84228.0,80072.0,4156.0,0,0.0
400312,0,82514.0,79934.0,2580.0,0,0.0
410312,1,59679.0,60002.0,-323.0,7,524.0
400313,0,94396.0,93555.0,841.0,0,0.0
410313,1,51981.0,49903.0,2078.0,1,684.0
400314,0,69353.0,63957.0,5396.0,7,1173.0
410314,1,116178.0,114825.0,1353.0,0,0.0
400315,0,68307.0,67990.0,317.0,0,0.0
410315,1,26880.0,26755.0,125.0,1,92.0
400316,0,81492.0,81094.0,398.0,0,0.0
410316,1,73038.0,71269.0,1769.0,0,0.0
400317,0,62026.0,62135.0,-109.0,0,0.0
410317,1,39198.0,39793.0,-595.0,7,1010.0
400318,0,81661.0,80702.0,959.0,0,0.0
410318,1,48798.0,48825.0,-27.0,1,2759.0
400319,0,83824.0,83794.0,30.0,0,0.0
410319,1,69438.0,68826.0,612.0,0,0.0
400320,0,72297.0,72507.0,-210.0,0,0.0
410320,1,55621.0,49235.0,6386.0,0,0.0
400321,0,83939.0,84378.0,-439.0,1,1350.0
410321,1,80571.0,78107.0,2464.0,2,1335.0
400322,0,104629.0,102791.0,1838.0,1,230.0
410322,1,71440.0,68085.0,3355.0,7,989.0
400323,0,53565.0,53675.0,-110.0,1,331.0
410323,1,43103.0,43265.0,-162.0,7,901.0
400324,0,104217.0,104253.0,-36.0,1,335.0
410324,1,61831.0,61243.0,588.0,11,1198.0
400325,0,88107.0,89980.0,-1873.0,1,959.0
410325,1,117222.0,117916.0,-694.0,2,521.0
400326,0,55879.0,56179.0,-300.0,0,0.0
410326,1,96080.0,93993.0,2087.0,0,0.0
400327,0,37418.0,37304.0,114.0,7,2518.0
410327,1,104013.0,103609.0,404.0,0,0.0
400328,0,46039.0,44097.0,1942.0,1,5017.0
410328,1,63988.0,63896.0,92.0,7,3044.0
400329,0,52316.0,52556.0,-240.0,11,64.0
410329,1,87223.0,86238.0,985.0,0,0.0
400330,0,70236.0,70328.0,-92.0,7,1079.0
410330,1,84470.0,84131.0,339.0,7,3076.0
400331,0,58194.0,57719.0,475.0,1,5868.0
410331,1,60828.0,65188.0,-4360.0,1,1638.0
400332,0,35920.0,35856.0,64.0,11,593.0
410332,1,74319.0,74777.0,-458.0,7,1930.0
400333,0,26439.0,26605.0,-166.0,7,143.0
410333,1,118121.0,119636.0,-1515.0,2,3516.0
400334,0,53180.0,53454.0,-274.0,0,0.0
410334,1,66707.0,65590.0,1117.0,0,0.0
400335,0,111148.0,110018.0,1130.0,0,0.0
410335,1,70944.0,63409.0,7535.0,6,171.0
400336,0,80484.0,84054.0,-3570.0,0,0.0
410336,1,96973.0,96285.0,688.0,0,0.0
400337,0,65386.0,65073.0,313.0,0,0.0
410337,1,34875.0,34556.0,319.0,4,1324.0
400338,0,62056.0,58158.0,3898.0,0,0.0
410338,1,80414.0,70309.0,10105.0,0,0.0
400339,0,107952.0,107183.0,769.0,0,0.0
410339,1,88541.0,87363.0,1178.0,2,1269.0
400340,0,76349.0,74157.0,2192.0,0,0.0
410340,1,106828.0,106629.0,199.0,0,0.0
400341,0,93506.0,93410.0,96.0,11,445.0
410341,1,120102.0,118265.0,1837.0,11,406.0
400342,0,94729.0,94445.0,284.0,0,0.0
410342,1,82618.0,82021.0,597.0,7,2191.0
400343,0,49476.0,49653.0,-177.0,1,947.0
410343,1,109037.0,101588.0,7449.0,0,0.0
400344,0,107476.0,107745.0,-269.0,11,251.0
410344,1,31436.0,31498.0,-62.0,4,2026.0
400345,0,80587.0,80284.0,303.0,0,0.0
410345,1,116737.0,116704.0,33.0,0,0.0
400346,0,79812.0,77597.0,2215.0,0,0.0
410346,1,62597.0,62885.0,-288.0,2,283.0
400347,0,125955.0,126535.0,-580.0,0,0.0
410347,1,58397.0,58751.0,-354.0,1,10198.0
400348,0,49582.0,46794.0,2788.0,1,4848.0
410348,1,117639.0,117825.0,-186.0,11,315.0
400349,0,118533.0,118299.0,234.0,0,0.0
410349,1,112546.0,110340.0,2206.0,0,0.0
400350,0,92078.0,92037.0,41.0,0,0.0
410350,1,87302.0,87881.0,-579.0,8,186.0
400351,0,66028.0,66726.0,-698.0,2,946.0
410351,1,81592.0,81579.0,13.0,1,831.0
400352,0,65459.0,65919.0,-460.0,1,556.0
410352,1,63957.0,64442.0,-485.0,2,5430.0
400353,0,43170.0,44005.0,-835.0,11,339.0
410353,1,85545.0,83966.0,1579.0,11,455.0
400354,0,130476.0,131637.0,-1161.0,2,309.0
410354,1,94502.0,94802.0,-300.0,0,0.0
400355,0,99489.0,99481.0,8.0,11,249.0
410355,1,111122.0,110840.0,282.0,0,0.0
400356,0,112056.0,112056.0,0.0,11,165.0
410356,1,119347.0,119004.0,343.0,6,638.0
400357,0,52645.0,52735.0,-90.0,0,0.0
410357,1,63293.0,62800.0,493.0,0,0.0
400358,0,69438.0,69991.0,-553.0,2,264.0
410358,1,76172.0,74439.0,1733.0,0,0.0
400359,0,114013.0,115093.0,-1080.0,1,586.0
410359,1,107494.0,105538.0,1956.0,0,0.0
400360,0,93191.0,93466.0,-275.0,11,365.0
410360,1,67294.0,69354.0,-2060.0,1,800.0
400361,0,95744.0,95443.0,301.0,1,601.0
410361,1,91156.0,90862.0,294.0,0,0.0
400362,0,58616.0,59699.0,-1083.0,6,1234.0
410362,1,80103.0,79568.0,535.0,7,655.0
400363,0,84264.0,84097.0,167.0,0,0.0
410363,1,69804.0,70412.0,-608.0,11,357.0
400364,0,75243.0,74504.0,739.0,0,0.0
410364,1,35862.0,35517.0,345.0,1,1567.0
400365,0,109443.0,109574.0,-131.0,0,0.0
410365,1,61831.0,62129.0,-298.0,11,510.0
400366,0,95720.0,95821.0,-101.0,11,135.0
410366,1,57510.0,57423.0,87.0,7,673.0
400367,0,43357.0,43503.0,-146.0,7,767.0
410367,1,76986.0,69235.0,7751.0,2,36454.0
400368,0,85188.0,85136.0,52.0,0,0.0
410368,1,80849.0,78178.0,2671.0,7,3053.0
400369,0,91766.0,90297.0,1469.0,0,0.0
410369,1,101944.0,100513.0,1431.0,0,0.0
400370,0,45515.0,45803.0,-288.0,7,2235.0
410370,1,78393.0,77609.0,784.0,0,0.0
400371,0,46367.0,47741.0,-1374.0,1,2133.0
410371,1,73754.0,82456.0,-8702.0,1,5945.0
400372,0,71029.0,71120.0,-91.0,1,5630.0
410372,1,95998.0,93364.0,2634.0,0,0.0
400373,0,111944.0,103958.0,7986.0,11,167.0
410373,1,94711.0,92378.0,2333.0,0,0.0
400374,0,123884.0,124694.0,-810.0,0,0.0
410374,1,54042.0,53914.0,128.0,2,1188.0
400375,0,120085.0,120441.0,-356.0,0,0.0
410375,1,81694.0,81102.0,592.0,0,0.0
400376,0,113874.0,113590.0,284.0,1,2172.0
410376,1,31623.0,32181.0,-558.0,0,0.0
400377,0,52469.0,50436.0,2033.0,0,0.0
410377,1,86943.0,84645.0,2298.0,0,0.0
400378,0,66118.0,66412.0,-294.0,0,0.0
410378,1,68112.0,67892.0,220.0,0,0.0
400379,0,39886.0,39939.0,-53.0,1,2656.0
410379,1,118557.0,118754.0,-197.0,2,1035.0
400380,0,34959.0,35515.0,-556.0,7,1256.0
410380,1,79913.0,79631.0,282.0,2,7213.0
400381,0,121440.0,122164.0,-724.0,2,441.0
410381,1,89389.0,87887.0,1502.0,0,0.0
400382,0,90807.0,91116.0,-309.0,0,0.0
410382,1,58329.0,62847.0,-4518.0,0,0.0
400383,0,71184.0,71409.0,-225.0,0,0.0
410383,1,76498.0,75554.0,944.0,0,0.0
400384,0,48582.0,49596.0,-1014.0,1,6575.0
410384,1,100581.0,99524.0,1057.0,0,0.0
400385,0,134675.0,135841.0,-1166.0,0,0.0
410385,1,114718.0,113908.0,810.0,0,0.0
400386,0,91466.0,91435.0,31.0,11,571.0
410386,1,123021.0,126757.0,-3736.0,1,2290.0
400387,0,53031.0,52999.0,32.0,2,3092.0
410387,1,67203.0,67406.0,-203.0,0,0.0
400388,0,114085.0,112767.0,1318.0,0,0.0
410388,1,76922.0,77431.0,-509.0,11,868.0
400389,0,58049.0,58823.0,-774.0,2,140.0
410389,1,71768.0,69338.0,2430.0,1,1771.0
400390,0,105432.0,106429.0,-997.0,2,429.0
410390,1,111897.0,113442.0,-1545.0,0,0.0
400391,0,71667.0,71068.0,599.0,0,0.0
410391,1,122184.0,119970.0,2214.0,2,3526.0
400392,0,48498.0,46593.0,1905.0,0,0.0
410392,1,110762.0,109186.0,1576.0,1,5430.0
400393,0,93604.0,87458.0,6146.0,0,0.0
410393,1,71089.0,73072.0,-1983.0,11,540.0
400394,0,42666.0,43399.0,-733.0,11,573.0
410394,1,109968.0,109575.0,393.0,0,0.0
400395,0,80698.0,80259.0,439.0,0,0.0
410395,1,93726.0,88388.0,5338.0,2,642.0
400396,0,79126.0,78577.0,549.0,0,0.0
410396,1,89874.0,88225.0,1649.0,7,892.0
400397,0,124459.0,125320.0,-861.0,0,0.0
410397,1,45950.0,45442.0,508.0,11,239.0
400398,0,92263.0,92080.0,183.0,1,2490.0
410398,1,89339.0,89063.0,276.0,2,2732.0
400399,0,38813.0,39295.0,-482.0,7,1694.0
410399,1,73101.0,72765.0,336.0,0,0.0
400400,0,111423.0,111565.0,-142.0,1,730.0
410400,1,117876.0,116128.0,1748.0,0,0.0
400401,0,45408.0,45245.0,163.0,0,0.0
410401,1,47754.0,47373.0,381.0,0,0.0
400402,0,109519.0,110083.0,-564.0,1,772.0
410402,1,122612.0,122282.0,330.0,0,0.0
400403,0,61900.0,61465.0,435.0,0,0.0
410403,1,71955.0,72202.0,-247.0,1,801.0
400404,0,61594.0,63349.0,-1755.0,7,925.0
410404,1,71368.0,72898.0,-1530.0,2,3833.0
400405,0,123628.0,124298.0,-670.0,0,0.0
410405,1,64074.0,58526.0,5548.0,7,1575.0
400406,0,27166.0,27333.0,-167.0,11,100.0
410406,1,67471.0,65139.0,2332.0,1,1231.0
400407,0,82962.0,82894.0,68.0,0,0.0
410407,1,83986.0,86341.0,-2355.0,7,3431.0
400408,0,82874.0,82166.0,708.0,0,0.0
410408,1,82467.0,81981.0,486.0,6,1273.0
400409,0,122362.0,121389.0,973.0,0,0.0
410409,1,35344.0,35668.0,-324.0,7,151.0
400410,0,67721.0,61319.0,6402.0,0,0.0
410410,1,62093.0,62891.0,-798.0,11,78.0
400411,0,65171.0,65035.0,136.0,7,1374.0
410411,1,118039.0,118246.0,-207.0,1,745.0
400412,0,84521.0,84396.0,125.0,1,1665.0
410412,1,53516.0,53756.0,-240.0,2,245.0
400413,0,92478.0,92280.0,198.0,11,111.0
410413,1,88859.0,86711.0,2148.0,0,0.0
400414,0,95570.0,105794.0,-10224.0,1,10472.0
410414,1,57029.0,56537.0,492.0,0,0.0
400415,0,70340.0,69973.0,367.0,6,257.0
410415,1,72151.0,72586.0,-435.0,0,0.0
400416,0,45787.0,46541.0,-754.0,2,2683.0
410416,1,73126.0,72964.0,162.0,1,338.0
400417,0,83272.0,83403.0,-131.0,0,0.0
410417,1,104538.0,107211.0,-2673.0,1,1258.0
400418,0,80829.0,80617.0,212.0,1,455.0
410418,1,69123.0,68412.0,711.0,6,255.0
400419,0,57128.0,57382.0,-254.0,1,2836.0
410419,1,58523.0,58509.0,14.0,11,282.0
400420,0,86233.0,85682.0,551.0,0,0.0
410420,1,84240.0,81836.0,2404.0,0,0.0
400421,0,65240.0,65702.0,-462.0,11,494.0
410421,1,102575.0,101999.0,576.0,1,1674.0
400422,0,71155.0,71379.0,-224.0,7,3671.0
410422,1,65320.0,65174.0,146.0,1,1478.0
400423,0,65316.0,64905.0,411.0,7,893.0
410423,1,67266.0,67159.0,107.0,1,2732.0
400424,0,59124.0,56559.0,2565.0,0,0.0
410424,1,84983.0,84432.0,551.0,0,0.0
400425,0,25718.0,25945.0,-227.0,1,91.0
410425,1,120436.0,120054.0,382.0,0,0.0
400426,0,101462.0,101602.0,-140.0,6,256.0
410426,1,116411.0,122365.0,-5954.0,1,6363.0
400427,0,88656.0,88607.0,49.0,0,0.0
410427,1,107675.0,107969.0,-294.0,1,266.0
400428,0,79203.0,78947.0,256.0,6,254.0
410428,1,68026.0,68065.0,-39.0,1,3547.0
400429,0,87220.0,87333.0,-113.0,1,336.0
410429,1,116622.0,116301.0,321.0,11,188.0
400430,0,116688.0,116688.0,0.0,11,424.0
410430,1,55136.0,52786.0,2350.0,0,0.0
400431,0,57891.0,58170.0,-279.0,11,111.0
410431,1,85732.0,80790.0,4942.0,0,0.0
400432,0,71300.0,69603.0,1697.0,0,0.0
410432,1,40233.0,40284.0,-51.0,7,273.0
400433,0,69934.0,69655.0,279.0,1,5307.0
410433,1,59596.0,57737.0,1859.0,0,0.0
400434,0,99840.0,100134.0,-294.0,1,574.0
410434,1,128963.0,128451.0,512.0,0,0.0
400435,0,110151.0,108305.0,1846.0,0,0.0
410435,1,55866.0,56138.0,-272.0,1,667.0
400436,0,28159.0,28042.0,117.0,7,1120.0
410436,1,58677.0,57881.0,796.0,1,6372.0
400437,0,91510.0,90599.0,911.0,0,0.0
410437,1,95333.0,94514.0,819.0,0,0.0
400438,0,101940.0,107016.0,-5076.0,1,1776.0
410438,1,68470.0,67706.0,764.0,2,1656.0
400439,0,57528.0,57757.0,-229.0,0,0.0
410439,1,61256.0,61546.0,-290.0,2,3230.0
400440,0,86379.0,86941.0,-562.0,11,488.0
410440,1,112785.0,104208.0,8577.0,0,0.0
400441,0,78604.0,78572.0,32.0,0,0.0
410441,1,73495.0,73665.0,-170.0,1,1062.0
400442,0,99428.0,99451.0,-23.0,11,715.0
410442,1,90276.0,89846.0,430.0,0,0.0
400443,0,60067.0,64418.0,-4351.0,1,1889.0
410443,1,45055.0,43232.0,1823.0,7,56.0
400444,0,60596.0,60251.0,345.0,0,0.0
410444,1,97640.0,102407.0,-4767.0,1,2700.0
400445,0,77705.0,77449.0,256.0,0,0.0
410445,1,83841.0,82771.0,1070.0,0,0.0
400446,0,84200.0,84417.0,-217.0,0,0.0
410446,1,66556.0,65411.0,1145.0,6,845.0
400447,0,49258.0,49878.0,-620.0,11,173.0
410447,1,102054.0,101564.0,490.0,1,445.0
400448,0,112709.0,122188.0,-9479.0,7,834.0
410448,1,84255.0,83104.0,1151.0,0,0.0
400449,0,83111.0,82909.0,202.0,0,0.0
410449,1,90532.0,87614.0,2918.0,1,750.0
400450,0,99656.0,99731.0,-75.0,0,0.0
410450,1,82157.0,90779.0,-8622.0,1,5869.0
400451,0,63822.0,64536.0,-714.0,11,214.0
410451,1,67106.0,66445.0,661.0,0,0.0
400452,0,75599.0,75759.0,-160.0,0,0.0
410452,1,61622.0,61256.0,366.0,11,233.0
400453,0,69928.0,68934.0,994.0,0,0.0
410453,1,68424.0,66153.0,2271.0,0,0.0
400454,0,84640.0,84555.0,85.0,0,0.0
410454,1,73563.0,73378.0,185.0,0,0.0
400455,0,55670.0,55712.0,-42.0,7,1572.0
410455,1,83383.0,83184.0,199.0,7,2283.0
400456,0,130879.0,131686.0,-807.0,2,12351.0
410456,1,83038.0,83461.0,-423.0,11,304.0
400457,0,91581.0,90326.0,1255.0,11,760.0
410457,1,67683.0,63591.0,4092.0,0,0.0
400458,0,45049.0,45564.0,-515.0,7,2119.0
410458,1,37299.0,40321.0,-3022.0,7,2705.0
400459,0,92425.0,92575.0,-150.0,0,0.0
410459,1,81649.0,82195.0,-546.0,11,229.0
400460,0,113035.0,113035.0,0.0,0,0.0
410460,1,91809.0,90309.0,1500.0,0,0.0
400461,0,118476.0,118735.0,-259.0,1,1161.0
410461,1,144390.0,143859.0,531.0,11,242.0
400462,0,68847.0,69958.0,-1111.0,1,577.0
410462,1,110862.0,110456.0,406.0,1,777.0
400463,0,98527.0,97604.0,923.0,0,0.0
410463,1,103287.0,103094.0,193.0,1,3629.0
400464,0,72810.0,72924.0,-114.0,0,0.0
410464,1,113529.0,122810.0,-9281.0,1,4400.0
400465,0,85513.0,85669.0,-156.0,7,4233.0
410465,1,119868.0,119638.0,230.0,0,0.0
400466,0,57687.0,56904.0,783.0,2,98.0
410466,1,130021.0,129330.0,691.0,1,587.0
400467,0,35349.0,35452.0,-103.0,2,2440.0
410467,1,100940.0,99883.0,1057.0,1,1494.0
400468,0,94676.0,94452.0,224.0,0,0.0
410468,1,46127.0,45797.0,330.0,0,0.0
400469,0,96600.0,96290.0,310.0,11,203.0
410469,1,70977.0,68060.0,2917.0,11,242.0
400470,0,85398.0,84352.0,1046.0,1,100.0
410470,1,70770.0,67767.0,3003.0,0,0.0
400471,0,95384.0,95780.0,-396.0,1,2065.0
410471,1,43927.0,44158.0,-231.0,0,0.0
400472,0,94259.0,94437.0,-178.0,7,1225.0
410472,1,98709.0,96918.0,1791.0,0,0.0
400473,0,42780.0,42958.0,-178.0,0,0.0
410473,1,85500.0,83472.0,2028.0,1,5029.0
400474,0,55368.0,54401.0,967.0,0,0.0
410474,1,77976.0,77952.0,24.0,1,126.0
400475,0,71937.0,73333.0,-1396.0,1,620.0
410475,1,63574.0,63520.0,54.0,7,1803.0
400476,0,74525.0,74447.0,78.0,0,0.0
410476,1,42395.0,42824.0,-429.0,7,469.0
400477,0,109143.0,109184.0,-41.0,0,0.0
410477,1,63474.0,63074.0,400.0,0,0.0
400478,0,98258.0,99386.0,-1128.0,2,2384.0
410478,1,129815.0,131599.0,-1784.0,2,1565.0
400479,0,85763.0,85748.0,15.0,1,1008.0
410479,1,99842.0,88692.0,11150.0,11,173.0
400480,0,94727.0,91650.0,3077.0,11,553.0
410480,1,114440.0,115056.0,-616.0,0,0.0
400481,0,92667.0,81570.0,11097.0,1,1255.0
410481,1,145358.0,144834.0,524.0,0,0.0
400482,0,64819.0,63993.0,826.0,7,1360.0
410482,1,54137.0,59251.0,-5114.0,5,64.0
400483,0,76817.0,75221.0,1596.0,0,0.0
410483,1,60430.0,60579.0,-149.0,0,0.0
400484,0,71461.0,74647.0,-3186.0,1,2197.0
410484,1,127688.0,127576.0,112.0,1,612.0
400485,0,74896.0,74697.0,199.0,0,0.0
410485,1,48365.0,46707.0,1658.0,0,0.0
400486,0,94202.0,93226.0,976.0,11,743.0
410486,1,92014.0,91636.0,378.0,0,0.0
400487,0,85742.0,85339.0,403.0,1,3350.0
410487,1,98626.0,98444.0,182.0,1,2062.0
400488,0,93593.0,92952.0,641.0,0,0.0
410488,1,54766.0,54119.0,647.0,0,0.0
400489,0,52064.0,51981.0,83.0,0,0.0
410489,1,56289.0,51495.0,4794.0,0,0.0
400490,0,116310.0,115231.0,1079.0,1,2118.0
410490,1,69782.0,72291.0,-2509.0,7,4085.0
400491,0,47232.0,47864.0,-632.0,7,3806.0
410491,1,70214.0,70035.0,179.0,0,0.0
400492,0,105329.0,100288.0,5041.0,7,539.0
410492,1,127390.0,125972.0,1418.0,11,93.0
400493,0,43423.0,43340.0,83.0,7,68.0
410493,1,59321.0,59419.0,-98.0,7,2454.0
400494,0,75259.0,79191.0,-3932.0,0,0.0
410494,1,112961.0,113202.0,-241.0,1,362.0
400495,0,89585.0,88678.0,907.0,7,837.0
410495,1,47698.0,47093.0,605.0,0,0.0
400496,0,50841.0,33697.0,17144.0,11,626.0
410496,1,104571.0,102391.0,2180.0,0,0.0
400497,0,77984.0,78497.0,-513.0,11,198.0
410497,1,56977.0,57061.0,-84.0,11,83.0
400498,0,132840.0,132980.0,-140.0,2,796.0
410498,1,131516.0,133794.0,-2278.0,0,0.0
400499,0,104247.0,104648.0,-401.0,1,1726.0
410499,1,58491.0,58320.0,171.0,1,6601.0
400500,0,79975.0,71963.0,8012.0,0,0.0
410500,1,67631.0,78139.0,-10508.0,7,3251.0
400501,0,70567.0,70086.0,481.0,0,0.0
410501,1,69193.0,68687.0,506.0,0,0.0
400502,0,54065.0,54881.0,-816.0,2,640.0
410502,1,47689.0,47234.0,455.0,1,4321.0
400503,0,81508.0,80110.0,1398.0,0,0.0
410503,1,94640.0,87193.0,7447.0,0,0.0
400504,0,39435.0,39408.0,27.0,7,1244.0
410504,1,64325.0,64612.0,-287.0,1,1117.0
400505,0,107071.0,107213.0,-142.0,0,0.0
410505,1,60195.0,60139.0,56.0,2,464.0
400506,0,96661.0,96677.0,-16.0,0,0.0
410506,1,60628.0,59609.0,1019.0,2,385.0
400507,0,84209.0,83555.0,654.0,1,1825.0
410507,1,110093.0,111447.0,-1354.0,1,722.0
400508,0,89242.0,89111.0,131.0,0,0.0
410508,1,123949.0,123282.0,667.0,0,0.0
400509,0,19275.0,19275.0,0.0,2,229.0
410509,1,109157.0,107021.0,2136.0,0,0.0
400510,0,64167.0,63829.0,338.0,0,0.0
410510,1,84293.0,83245.0,1048.0,0,0.0
400511,0,92171.0,91873.0,298.0,0,0.0
410511,1,78480.0,77522.0,958.0,0,0.0
400512,0,78450.0,78037.0,413.0,0,0.0
410512,1,79980.0,80252.0,-272.0,7,2478.0
400513,0,84080.0,84577.0,-497.0,6,256.0
410513,1,32715.0,32297.0,418.0,0,0.0
400514,0,70463.0,69490.0,973.0,0,0.0
410514,1,83513.0,82546.0,967.0,0,0.0
400515,0,42577.0,42876.0,-299.0,2,4690.0
410515,1,82402.0,79474.0,2928.0,0,0.0
400516,0,64915.0,62975.0,1940.0,0,0.0
410516,1,52653.0,59329.0,-6676.0,2,6293.0
400517,0,70549.0,70137.0,412.0,7,3578.0
410517,1,103737.0,104180.0,-443.0,1,1379.0
400518,0,54152.0,54108.0,44.0,0,0.0
410518,1,58936.0,57903.0,1033.0,6,105.0
400519,0,102540.0,102785.0,-245.0,7,2401.0
410519,1,65034.0,62871.0,2163.0,0,0.0
400520,0,26192.0,26643.0,-451.0,1,41320.0
410520,1,103308.0,102031.0,1277.0,2,1301.0
400521,0,96820.0,93439.0,3381.0,0,0.0
410521,1,68136.0,65721.0,2415.0,0,0.0
400522,0,96285.0,96273.0,12.0,11,114.0
410522,1,91949.0,93076.0,-1127.0,2,4029.0
400523,0,84435.0,84321.0,114.0,0,0.0
410523,1,148875.0,148379.0,496.0,0,0.0
400524,0,28572.0,28617.0,-45.0,7,454.0
410524,1,64134.0,61647.0,2487.0,7,641.0
400525,0,64478.0,64270.0,208.0,6,264.0
410525,1,64596.0,62353.0,2243.0,0,0.0
400526,0,79157.0,79074.0,83.0,0,0.0
410526,1,124599.0,125618.0,-1019.0,1,772.0
400527,0,55843.0,54191.0,1652.0,6,84.0
410527,1,64977.0,63315.0,1662.0,0,0.0
400528,0,59624.0,59627.0,-3.0,0,0.0
410528,1,68294.0,67325.0,969.0,1,244.0
400529,0,84598.0,84341.0,257.0,0,0.0
410529,1,60259.0,56378.0,3881.0,0,0.0
400530,0,100595.0,100516.0,79.0,6,256.0
410530,1,32852.0,32940.0,-88.0,1,308.0
400531,0,76168.0,70142.0,6026.0,7,2061.0
410531,1,52155.0,51861.0,294.0,11,305.0
400532,0,79951.0,79951.0,0.0,0,0.0
410532,1,79072.0,78647.0,425.0,0,0.0
400533,0,95099.0,95337.0,-238.0,11,107.0
410533,1,83377.0,86320.0,-2943.0,0,0.0
400534,0,92880.0,92763.0,117.0,0,0.0
410534,1,87947.0,88932.0,-985.0,7,4202.0
400535,0,75425.0,72949.0,2476.0,0,0.0
410535,1,102442.0,101512.0,930.0,0,0.0
400536,0,117875.0,116768.0,1107.0,0,0.0
410536,1,62871.0,62188.0,683.0,0,0.0
400537,0,77199.0,79404.0,-2205.0,1,1466.0
410537,1,97464.0,93446.0,4018.0,0,0.0
400538,0,107421.0,106673.0,748.0,11,315.0
410538,1,111175.0,111624.0,-449.0,0,0.0
400539,0,99034.0,99205.0,-171.0,0,0.0
410539,1,82551.0,82628.0,-77.0,0,0.0
400540,0,54533.0,54321.0,212.0,0,0.0
410540,1,82259.0,81341.0,918.0,0,0.0
400541,0,45242.0,45576.0,-334.0,7,1090.0
410541,1,74509.0,74932.0,-423.0,0,0.0
400542,0,50873.0,50249.0,624.0,11,167.0
410542,1,90969.0,89283.0,1686.0,11,175.0
400543,0,59002.0,59137.0,-135.0,7,271.0
410543,1,35024.0,34744.0,280.0,11,460.0
400544,0,57551.0,57731.0,-180.0,7,1224.0
410544,1,91196.0,91127.0,69.0,2,380.0
400545,0,125829.0,126706.0,-877.0,0,0.0
410545,1,56381.0,54073.0,2308.0,0,0.0
400546,0,68806.0,69145.0,-339.0,11,209.0
410546,1,54632.0,54137.0,495.0,1,254.0
400547,0,98118.0,97677.0,441.0,0,0.0
410547,1,122415.0,122785.0,-370.0,6,351.0
400548,0,66110.0,66365.0,-255.0,0,0.0
410548,1,72074.0,66298.0,5776.0,0,0.0
400549,0,63621.0,63888.0,-267.0,6,256.0
410549,1,125009.0,125011.0,-2.0,2,545.0
400550,0,60517.0,60719.0,-202.0,6,891.0
410550,1,72784.0,70396.0,2388.0,0,0.0
400551,0,87814.0,88435.0,-621.0,11,291.0
410551,1,102501.0,103577.0,-1076.0,0,0.0
400552,0,103925.0,103867.0,58.0,2,39205.0
410552,1,126773.0,121890.0,4883.0,0,0.0
400553,0,126541.0,128825.0,-2284.0,2,355.0
410553,1,70240.0,70847.0,-607.0,1,524.0
400554,0,85242.0,84506.0,736.0,2,2972.0
410554,1,66471.0,65927.0,544.0,0,0.0
400555,0,80271.0,80271.0,0.0,0,0.0
410555,1,74981.0,74896.0,85.0,0,0.0
400556,0,61861.0,59543.0,2318.0,0,0.0
410556,1,92619.0,91262.0,1357.0,11,175.0
400557,0,40467.0,40735.0,-268.0,2,1787.0
410557,1,28100.0,27838.0,262.0,1,82.0
400558,0,61426.0,63440.0,-2014.0,1,2890.0
410558,1,43253.0,40839.0,2414.0,0,0.0
400559,0,91515.0,91121.0,394.0,0,0.0
410559,1,68477.0,67212.0,1265.0,0,0.0
400560,0,136146.0,141554.0,-5408.0,2,2792.0
410560,1,78091.0,77590.0,501.0,1,3788.0
400561,0,116147.0,118905.0,-2758.0,1,2479.0
410561,1,58067.0,58241.0,-174.0,2,566.0
400562,0,69749.0,68249.0,1500.0,1,646.0
410562,1,112561.0,112407.0,154.0,0,0.0
400563,0,65116.0,54317.0,10799.0,8,433.0
410563,1,57719.0,57524.0,195.0,1,6648.0
400564,0,96354.0,96178.0,176.0,0,0.0
410564,1,82000.0,81263.0,737.0,1,947.0
400565,0,27929.0,28347.0,-418.0,2,803.0
410565,1,114105.0,110710.0,3395.0,0,0.0
400566,0,87908.0,87958.0,-50.0,1,1455.0
410566,1,101376.0,100825.0,551.0,0,0.0
400567,0,32010.0,32229.0,-219.0,11,151.0
410567,1,120263.0,120816.0,-553.0,2,2849.0
400568,0,42173.0,42663.0,-490.0,7,343.0
410568,1,101038.0,107542.0,-6504.0,7,1668.0
400569,0,33194.0,33251.0,-57.0,11,378.0
410569,1,97813.0,97285.0,528.0,0,0.0
400570,0,89632.0,83145.0,6487.0,0,0.0
410570,1,85048.0,84757.0,291.0,0,0.0
400571,0,89881.0,87619.0,2262.0,0,0.0
410571,1,94567.0,92362.0,2205.0,0,0.0
400572,0,32768.0,31901.0,867.0,2,701.0
410572,1,104847.0,103345.0,1502.0,0,0.0
400573,0,50886.0,51211.0,-325.0,7,883.0
410573,1,56401.0,56096.0,305.0,7,164.0
400574,0,73910.0,73085.0,825.0,0,0.0
410574,1,71045.0,69877.0,1168.0,0,0.0
400575,0,98615.0,96700.0,1915.0,0,0.0
410575,1,107687.0,106778.0,909.0,0,0.0
400576,0,88186.0,88769.0,-583.0,11,190.0
410576,1,50408.0,49948.0,460.0,7,2498.0
400577,0,34585.0,33443.0,1142.0,0,0.0
410577,1,57744.0,57068.0,676.0,0,0.0
400578,0,47341.0,47405.0,-64.0,0,0.0
410578,1,103433.0,96914.0,6519.0,0,0.0
400579,0,76001.0,75888.0,113.0,6,256.0
410579,1,81172.0,79002.0,2170.0,0,0.0
400580,0,106155.0,105600.0,555.0,0,0.0
410580,1,60975.0,60945.0,30.0,11,53.0
400581,0,49552.0,49774.0,-222.0,11,55.0
410581,1,88817.0,87800.0,1017.0,0,0.0
400582,0,50961.0,48907.0,2054.0,0,0.0
410582,1,66055.0,63314.0,2741.0,0,0.0
400583,0,47253.0,47254.0,-1.0,0,0.0
410583,1,79590.0,79106.0,484.0,2,1604.0
400584,0,82997.0,84767.0,-1770.0,1,589.0
410584,1,89786.0,89780.0,6.0,11,421.0
400585,0,58052.0,58571.0,-519.0,7,2109.0
410585,1,56111.0,56770.0,-659.0,2,327.0
400586,0,69460.0,67249.0,2211.0,7,965.0
410586,1,112239.0,100804.0,11435.0,0,0.0
400587,0,74016.0,71768.0,2248.0,0,0.0
410587,1,96577.0,90906.0,5671.0,11,69.0
400588,0,101889.0,101889.0,0.0,1,1147.0
410588,1,65274.0,59931.0,5343.0,7,974.0
400589,0,59148.0,57464.0,1684.0,0,0.0
410589,1,38676.0,38705.0,-29.0,11,392.0
400590,0,95328.0,95441.0,-113.0,0,0.0
410590,1,125093.0,125146.0,-53.0,0,0.0
400591,0,66783.0,64797.0,1986.0,0,0.0
410591,1,75916.0,74050.0,1866.0,7,1081.0
400592,0,124998.0,125253.0,-255.0,11,328.0
410592,1,42716.0,43480.0,-764.0,7,4340.0
400593,0,108950.0,108988.0,-38.0,11,404.0
410593,1,129065.0,128100.0,965.0,0,0.0
400594,0,72851.0,70824.0,2027.0,0,0.0
410594,1,59622.0,66009.0,-6387.0,1,4168.0
400595,0,83875.0,83629.0,246.0,0,0.0
410595,1,44071.0,40162.0,3909.0,7,4837.0
400596,0,98615.0,98469.0,146.0,0,0.0
410596,1,88564.0,86363.0,2201.0,1,3678.0
400597,0,116084.0,116305.0,-221.0,0,0.0
410597,1,67951.0,69180.0,-1229.0,11,672.0
400598,0,80491.0,80470.0,21.0,6,256.0
410598,1,82234.0,81881.0,353.0,7,4652.0
400599,0,81620.0,86264.0,-4644.0,2,4464.0
410599,1,95428.0,91170.0,4258.0,6,292.0
400600,0,59584.0,60752.0,-1168.0,11,1322.0
410600,1,128703.0,129067.0,-364.0,2,1318.0
400601,0,80461.0,80928.0,-467.0,2,5176.0
410601,1,67669.0,72728.0,-5059.0,7,7923.0
400602,0,88623.0,84755.0,3868.0,0,0.0
410602,1,55098.0,53949.0,1149.0,0,0.0
400603,0,58507.0,59358.0,-851.0,2,1300.0
410603,1,130298.0,121971.0,8327.0,0,0.0
400604,0,112462.0,105665.0,6797.0,2,4575.0
410604,1,131579.0,131446.0,133.0,0,0.0
400605,0,43183.0,43649.0,-466.0,2,297.0
410605,1,99740.0,97146.0,2594.0,2,1013.0
400606,0,73766.0,67372.0,6394.0,0,0.0
410606,1,121123.0,121848.0,-725.0,0,0.0
400607,0,88039.0,88039.0,0.0,7,2241.0
410607,1,33122.0,33132.0,-10.0,6,495.0
400608,0,90466.0,90646.0,-180.0,7,2403.0
410608,1,57072.0,55966.0,1106.0,0,0.0
400609,0,104418.0,104279.0,139.0,1,1440.0
410609,1,93283.0,92143.0,1140.0,0,0.0
400610,0,76423.0,84141.0,-7718.0,1,1691.0
410610,1,76325.0,77723.0,-1398.0,1,644.0
400611,0,44748.0,45192.0,-444.0,11,375.0
410611,1,86411.0,83596.0,2815.0,0,0.0
400612,0,95218.0,99144.0,-3926.0,1,6032.0
410612,1,74514.0,74250.0,264.0,7,1884.0
400613,0,52087.0,52721.0,-634.0,2,736.0
410613,1,78975.0,80100.0,-1125.0,1,1123.0
400614,0,45782.0,46198.0,-416.0,11,337.0
410614,1,57354.0,56998.0,356.0,0,0.0
400615,0,88376.0,91692.0,-3316.0,1,3085.0
410615,1,108775.0,108381.0,394.0,1,2033.0
400616,0,56022.0,55292.0,730.0,7,3847.0
410616,1,112010.0,109760.0,2250.0,0,0.0
400617,0,72366.0,72262.0,104.0,2,1323.0
410617,1,30037.0,29747.0,290.0,1,219.0
400618,0,29623.0,29538.0,85.0,0,0.0
410618,1,81268.0,81942.0,-674.0,2,2982.0
400619,0,75878.0,76388.0,-510.0,11,484.0
410619,1,64133.0,63595.0,538.0,4,2099.0
400620,0,47175.0,50695.0,-3520.0,1,6275.0
410620,1,60986.0,61088.0,-102.0,11,501.0
400621,0,74018.0,73245.0,773.0,0,0.0
410621,1,111206.0,106261.0,4945.0,0,0.0
400622,0,91641.0,91085.0,556.0,1,64.0
410622,1,48807.0,46990.0,1817.0,0,0.0
400623,0,65853.0,65613.0,240.0,0,0.0
410623,1,50225.0,47708.0,2517.0,7,375.0
400624,0,110489.0,107264.0,3225.0,11,933.0
410624,1,68403.0,66044.0,2359.0,0,0.0
400625,0,80442.0,79876.0,566.0,0,0.0
410625,1,101081.0,99350.0,1731.0,0,0.0
400626,0,96522.0,102259.0,-5737.0,7,6688.0
410626,1,109418.0,99291.0,10127.0,11,300.0
400627,0,83765.0,83771.0,-6.0,1,2552.0
410627,1,69658.0,69705.0,-47.0,0,0.0
400628,0,76657.0,75897.0,760.0,7,1843.0
410628,1,82092.0,81894.0,198.0,0,0.0
400629,0,81702.0,82028.0,-326.0,0,0.0
410629,1,94107.0,92691.0,1416.0,0,0.0
400630,0,88062.0,89178.0,-1116.0,1,2547.0
410630,1,89110.0,87500.0,1610.0,1,639.0
400631,0,99934.0,97435.0,2499.0,0,0.0
410631,1,82365.0,81094.0,1271.0,0,0.0
400632,0,62888.0,63050.0,-162.0,0,0.0
410632,1,76073.0,69367.0,6706.0,0,0.0
400633,0,75760.0,75753.0,7.0,2,2216.0
410633,1,62560.0,61210.0,1350.0,0,0.0
400634,0,92827.0,84127.0,8700.0,1,30269.0
410634,1,79021.0,78568.0,453.0,1,2223.0
400635,0,76970.0,76648.0,322.0,0,0.0
410635,1,47721.0,45973.0,1748.0,7,326.0
400636,0,124260.0,124260.0,0.0,0,0.0
410636,1,119679.0,119576.0,103.0,11,154.0
400637,0,54516.0,54297.0,219.0,0,0.0
410637,1,80806.0,80519.0,287.0,7,2153.0
400638,0,75479.0,72551.0,2928.0,0,0.0
410638,1,61359.0,60110.0,1249.0,7,1346.0
400639,0,112173.0,111865.0,308.0,1,688.0
410639,1,70538.0,69884.0,654.0,0,0.0
400640,0,41789.0,41970.0,-181.0,0,0.0
410640,1,49551.0,47930.0,1621.0,0,0.0
400641,0,93019.0,93193.0,-174.0,11,151.0
410641,1,84882.0,84366.0,516.0,0,0.0
400642,0,58726.0,56756.0,1970.0,0,0.0
410642,1,120305.0,114960.0,5345.0,0,0.0
400643,0,69840.0,69477.0,363.0,6,4307.0
410643,1,32206.0,34645.0,-2439.0,1,1817.0
400644,0,71309.0,73509.0,-2200.0,2,1603.0
410644,1,79298.0,76586.0,2712.0,0,0.0
400645,0,114035.0,114598.0,-563.0,0,0.0
410645,1,65690.0,69717.0,-4027.0,7,2663.0
400646,0,104955.0,105189.0,-234.0,0,0.0
410646,1,61643.0,61557.0,86.0,1,308.0
400647,0,116625.0,117735.0,-1110.0,0,0.0
410647,1,114822.0,113529.0,1293.0,0,0.0
400648,0,74470.0,74926.0,-456.0,11,249.0
410648,1,52665.0,52862.0,-197.0,2,1043.0
400649,0,146643.0,146536.0,107.0,0,0.0
410649,1,54131.0,52741.0,1390.0,11,289.0
400650,0,114333.0,113929.0,404.0,0,0.0
410650,1,64036.0,63689.0,347.0,1,590.0
400651,0,111718.0,111952.0,-234.0,1,665.0
410651,1,118323.0,116795.0,1528.0,0,0.0
400652,0,84847.0,83865.0,982.0,6,557.0
410652,1,78320.0,76252.0,2068.0,0,0.0
400653,0,69220.0,69120.0,100.0,0,0.0
410653,1,72274.0,71521.0,753.0,0,0.0
400654,0,83075.0,79512.0,3563.0,0,0.0
410654,1,72943.0,72052.0,891.0,6,496.0
400655,0,95622.0,92552.0,3070.0,0,0.0
410655,1,90787.0,90612.0,175.0,0,0.0
400656,0,83176.0,82548.0,628.0,0,0.0
410656,1,99520.0,97039.0,2481.0,0,0.0
400657,0,131113.0,131453.0,-340.0,11,196.0
410657,1,117783.0,117680.0,103.0,11,58.0
400658,0,71377.0,71538.0,-161.0,6,258.0
410658,1,102876.0,101598.0,1278.0,0,0.0
400659,0,130651.0,130630.0,21.0,0,0.0
410659,1,80717.0,78667.0,2050.0,7,2626.0
400660,0,105051.0,105082.0,-31.0,11,125.0
410660,1,47548.0,47492.0,56.0,7,1769.0
400661,0,64395.0,65982.0,-1587.0,1,566.0
410661,1,54233.0,54696.0,-463.0,11,493.0
400662,0,116418.0,115871.0,547.0,0,0.0
410662,1,74666.0,72468.0,2198.0,0,0.0
400663,0,71954.0,71461.0,493.0,0,0.0
410663,1,135298.0,135622.0,-324.0,2,1054.0
400664,0,82467.0,82859.0,-392.0,11,521.0
410664,1,84752.0,84581.0,171.0,7,833.0
400665,0,28005.0,25436.0,2569.0,1,5250.0
410665,1,51074.0,51172.0,-98.0,6,252.0
400666,0,79286.0,78984.0,302.0,1,7157.0
410666,1,60144.0,58592.0,1552.0,2,734.0
400667,0,85305.0,85002.0,303.0,1,1064.0
410667,1,126617.0,127645.0,-1028.0,1,510.0
400668,0,67760.0,67376.0,384.0,0,0.0
410668,1,106955.0,105649.0,1306.0,6,255.0
400669,0,77290.0,79775.0,-2485.0,7,3525.0
410669,1,94777.0,92626.0,2151.0,1,1499.0
400670,0,27528.0,27528.0,0.0,11,148.0
410670,1,156541.0,156973.0,-432.0,0,0.0
400671,0,57130.0,57812.0,-682.0,7,959.0
410671,1,116635.0,115693.0,942.0,0,0.0
400672,0,64925.0,71149.0,-6224.0,2,3961.0
410672,1,40440.0,40133.0,307.0,11,103.0
400673,0,108923.0,109691.0,-768.0,0,0.0
410673,1,109900.0,109863.0,37.0,0,0.0
400674,0,64461.0,64439.0,22.0,0,0.0
410674,1,92621.0,85063.0,7558.0,0,0.0
400675,0,83024.0,92557.0,-9533.0,1,8054.0
410675,1,79731.0,79534.0,197.0,11,335.0
400676,0,82729.0,83054.0,-325.0,0,0.0
410676,1,103921.0,104087.0,-166.0,1,6389.0
400677,0,134266.0,128538.0,5728.0,0,0.0
410677,1,84101.0,84400.0,-299.0,6,256.0
400678,0,113385.0,113499.0,-114.0,11,312.0
410678,1,97672.0,96625.0,1047.0,0,0.0
400679,0,116903.0,114065.0,2838.0,2,3060.0
410679,1,111796.0,109522.0,2274.0,0,0.0
400680,0,78240.0,78360.0,-120.0,0,0.0
410680,1,56595.0,54490.0,2105.0,7,784.0
400681,0,103614.0,110743.0,-7129.0,1,5532.0
410681,1,63685.0,63983.0,-298.0,11,234.0
400682,0,112082.0,113421.0,-1339.0,2,226.0
410682,1,101748.0,101658.0,90.0,11,85.0
400683,0,97537.0,97537.0,0.0,0,0.0
410683,1,47184.0,44729.0,2455.0,1,154.0
400684,0,34326.0,35121.0,-795.0,7,1775.0
410684,1,98676.0,98635.0,41.0,1,201.0
400685,0,111036.0,112121.0,-1085.0,1,2640.0
410685,1,70730.0,72279.0,-1549.0,7,4281.0
400686,0,90773.0,90801.0,-28.0,0,0.0
410686,1,68460.0,71834.0,-3374.0,2,1700.0
400687,0,84380.0,81476.0,2904.0,0,0.0
410687,1,89979.0,90486.0,-507.0,2,82.0
400688,0,66288.0,68196.0,-1908.0,0,0.0
410688,1,77277.0,76347.0,930.0,2,236.0
400689,0,62017.0,62082.0,-65.0,0,0.0
410689,1,69562.0,68569.0,993.0,0,0.0
400690,0,86067.0,85591.0,476.0,0,0.0
410690,1,50360.0,49157.0,1203.0,0,0.0
400691,0,85458.0,82487.0,2971.0,0,0.0
410691,1,91985.0,91119.0,866.0,2,462.0
400692,0,46326.0,46326.0,0.0,0,0.0
410692,1,78964.0,78384.0,580.0,6,255.0
400693,0,96818.0,97418.0,-600.0,1,7520.0
410693,1,124593.0,123504.0,1089.0,0,0.0
400694,0,71633.0,71437.0,196.0,0,0.0
410694,1,129741.0,127393.0,2348.0,2,5025.0
400695,0,106720.0,106720.0,0.0,0,0.0
410695,1,49892.0,49889.0,3.0,0,0.0
400696,0,35003.0,35208.0,-205.0,6,80.0
410696,1,83308.0,81598.0,1710.0,11,316.0
400697,0,124837.0,123978.0,859.0,0,0.0
410697,1,126682.0,123608.0,3074.0,2,104.0
400698,0,95410.0,93522.0,1888.0,0,0.0
410698,1,32045.0,32941.0,-896.0,1,1294.0
400699,0,71329.0,71940.0,-611.0,2,942.0
410699,1,94499.0,93669.0,830.0,0,0.0
400700,0,82316.0,80940.0,1376.0,0,0.0
410700,1,40979.0,41347.0,-368.0,1,171.0
400701,0,103110.0,102973.0,137.0,0,0.0
410701,1,71265.0,67048.0,4217.0,0,0.0
400702,0,88531.0,88272.0,259.0,0,0.0
410702,1,105043.0,104100.0,943.0,1,2429.0
400703,0,65022.0,64922.0,100.0,7,892.0
410703,1,38918.0,39066.0,-148.0,2,2221.0
400704,0,64652.0,64332.0,320.0,0,0.0
410704,1,76212.0,78467.0,-2255.0,1,2151.0
400705,0,124760.0,129481.0,-4721.0,7,578.0
410705,1,47495.0,45443.0,2052.0,0,0.0
400706,0,82284.0,81734.0,550.0,1,5155.0
410706,1,59687.0,59903.0,-216.0,7,3844.0
400707,0,63614.0,63081.0,533.0,0,0.0
410707,1,111808.0,109370.0,2438.0,1,84.0
400708,0,50492.0,50384.0,108.0,0,0.0
410708,1,74909.0,74296.0,613.0,7,1621.0
400709,0,85414.0,84577.0,837.0,1,104.0
410709,1,73166.0,72923.0,243.0,1,1129.0
400710,0,74727.0,74833.0,-106.0,0,0.0
410710,1,76970.0,73012.0,3958.0,0,0.0
400711,0,117462.0,117560.0,-98.0,0,0.0
410711,1,77290.0,68885.0,8405.0,0,0.0
400712,0,76983.0,76659.0,324.0,6,264.0
410712,1,109649.0,107081.0,2568.0,0,0.0
400713,0,84933.0,84791.0,142.0,0,0.0
410713,1,78330.0,77091.0,1239.0,0,0.0
400714,0,90642.0,90559.0,83.0,0,0.0
410714,1,83701.0,83685.0,16.0,1,768.0
400715,0,85800.0,84996.0,804.0,0,0.0
410715,1,64636.0,58109.0,6527.0,0,0.0
400716,0,58968.0,59713.0,-745.0,11,496.0
410716,1,101346.0,98146.0,3200.0,0,0.0
400717,0,82142.0,80290.0,1852.0,0,0.0
410717,1,51968.0,53194.0,-1226.0,1,708.0
400718,0,60635.0,61773.0,-1138.0,11,398.0
410718,1,126607.0,127941.0,-1334.0,1,2463.0
400719,0,83713.0,84005.0,-292.0,1,911.0
410719,1,104474.0,103846.0,628.0,0,0.0
400720,0,63401.0,63237.0,164.0,0,0.0
410720,1,77570.0,75437.0,2133.0,0,0.0
400721,0,138464.0,138470.0,-6.0,0,0.0
410721,1,60294.0,61014.0,-720.0,7,2494.0
400722,0,90249.0,90249.0,0.0,11,586.0
410722,1,108547.0,108078.0,469.0,11,243.0
400723,0,92714.0,93253.0,-539.0,0,0.0
410723,1,60874.0,61573.0,-699.0,7,1462.0
400724,0,77006.0,73244.0,3762.0,7,685.0
410724,1,87094.0,86307.0,787.0,1,598.0
400725,0,59208.0,59850.0,-642.0,11,92.0
410725,1,72612.0,72678.0,-66.0,11,451.0
400726,0,102193.0,101762.0,431.0,7,1580.0
410726,1,98885.0,95565.0,3320.0,0,0.0
400727,0,85318.0,89349.0,-4031.0,1,2508.0
410727,1,73350.0,72990.0,360.0,1,1175.0
400728,0,47018.0,47594.0,-576.0,1,1101.0
410728,1,81638.0,80682.0,956.0,1,948.0
400729,0,79946.0,79306.0,640.0,0,0.0
410729,1,70758.0,70306.0,452.0,1,2749.0
400730,0,83346.0,82795.0,551.0,1,4435.0
410730,1,62081.0,62299.0,-218.0,1,470.0
400731,0,53620.0,54187.0,-567.0,7,451.0
410731,1,39534.0,39786.0,-252.0,7,323.0
400732,0,112897.0,112940.0,-43.0,0,0.0
410732,1,118511.0,119368.0,-857.0,2,1048.0
400733,0,69696.0,68005.0,1691.0,0,0.0
410733,1,130380.0,130455.0,-75.0,2,6952.0
400734,0,32999.0,33045.0,-46.0,4,470.0
410734,1,44885.0,45378.0,-493.0,1,1644.0
400735,0,77730.0,76638.0,1092.0,7,1081.0
410735,1,152206.0,152653.0,-447.0,1,766.0
400736,0,62359.0,62807.0,-448.0,7,1572.0
410736,1,49607.0,50186.0,-579.0,1,5778.0
400737,0,43425.0,43372.0,53.0,7,2866.0
410737,1,71884.0,71466.0,418.0,1,5327.0
400738,0,121289.0,121332.0,-43.0,0,0.0
410738,1,56015.0,53125.0,2890.0,0,0.0
400739,0,117125.0,116903.0,222.0,0,0.0
410739,1,75519.0,74908.0,611.0,0,0.0
400740,0,88766.0,90790.0,-2024.0,1,1258.0
410740,1,85914.0,85547.0,367.0,1,2449.0
400741,0,81020.0,80404.0,616.0,0,0.0
410741,1,52760.0,54379.0,-1619.0,0,0.0
400742,0,93878.0,94523.0,-645.0,11,499.0
410742,1,87854.0,85080.0,2774.0,0,0.0
400743,0,101984.0,102014.0,-30.0,6,252.0
410743,1,73064.0,72885.0,179.0,0,0.0
400744,0,94015.0,93932.0,83.0,0,0.0
410744,1,84712.0,84184.0,528.0,0,0.0
400745,0,69951.0,69924.0,27.0,0,0.0
410745,1,114846.0,112947.0,1899.0,0,0.0
400746,0,118706.0,118649.0,57.0,0,0.0
410746,1,106907.0,103435.0,3472.0,0,0.0
400747,0,85099.0,86681.0,-1582.0,7,209.0
410747,1,122037.0,120832.0,1205.0,2,1167.0
400748,0,78307.0,77654.0,653.0,7,402.0
410748,1,97611.0,96596.0,1015.0,11,287.0
400749,0,90976.0,88890.0,2086.0,0,0.0
410749,1,69236.0,68601.0,635.0,6,259.0
400750,0,99589.0,99589.0,0.0,1,2164.0
410750,1,72724.0,72760.0,-36.0,11,171.0
400751,0,88786.0,87494.0,1292.0,0,0.0
410751,1,35985.0,34495.0,1490.0,11,443.0
400752,0,66385.0,65273.0,1112.0,7,2057.0
410752,1,104982.0,103290.0,1692.0,0,0.0
400753,0,56642.0,56642.0,0.0,0,0.0
410753,1,106659.0,99499.0,7160.0,11,138.0
400754,0,71762.0,71456.0,306.0,0,0.0
410754,1,137600.0,137246.0,354.0,0,0.0
400755,0,127149.0,128380.0,-1231.0,1,1835.0
410755,1,84195.0,83848.0,347.0,2,1554.0
400756,0,59752.0,59893.0,-141.0,1,1893.0
410756,1,70015.0,69350.0,665.0,7,1176.0
400757,0,59970.0,59912.0,58.0,0,0.0
410757,1,68331.0,68075.0,256.0,1,2520.0
400758,0,60276.0,59019.0,1257.0,7,1631.0
410758,1,101838.0,100759.0,1079.0,1,937.0
400759,0,46880.0,43874.0,3006.0,7,1496.0
410759,1,75983.0,76126.0,-143.0,2,870.0
400760,0,61463.0,61229.0,234.0,0,0.0
410760,1,45210.0,47735.0,-2525.0,1,2423.0
400761,0,130624.0,131006.0,-382.0,0,0.0
410761,1,112002.0,112363.0,-361.0,2,836.0
400762,0,112450.0,112138.0,312.0,0,0.0
410762,1,66377.0,67562.0,-1185.0,11,312.0
400763,0,103180.0,103079.0,101.0,0,0.0
410763,1,69930.0,68781.0,1149.0,7,1501.0
400764,0,49957.0,50517.0,-560.0,1,1857.0
410764,1,63155.0,62779.0,376.0,0,0.0
400765,0,74834.0,74699.0,135.0,0,0.0
410765,1,55729.0,55909.0,-180.0,11,197.0
400766,0,97227.0,97169.0,58.0,11,318.0
410766,1,33218.0,31853.0,1365.0,11,163.0
400767,0,95753.0,95866.0,-113.0,1,1137.0
410767,1,49897.0,48767.0,1130.0,7,387.0
400768,0,79863.0,79849.0,14.0,0,0.0
410768,1,95017.0,94790.0,227.0,11,572.0
400769,0,121480.0,120964.0,516.0,1,6515.0
410769,1,82929.0,82611.0,318.0,0,0.0
400770,0,89976.0,87245.0,2731.0,0,0.0
410770,1,77719.0,79334.0,-1615.0,1,1612.0
400771,0,96586.0,89412.0,7174.0,0,0.0
410771,1,106614.0,105015.0,1599.0,0,0.0
400772,0,77315.0,76733.0,582.0,0,0.0
410772,1,62104.0,61944.0,160.0,0,0.0
400773,0,72630.0,72836.0,-206.0,0,0.0
410773,1,94075.0,93509.0,566.0,2,3321.0
400774,0,55943.0,56103.0,-160.0,0,0.0
410774,1,65558.0,65062.0,496.0,0,0.0
400775,0,92399.0,92432.0,-33.0,0,0.0
410775,1,36189.0,35865.0,324.0,0,0.0
400776,0,133479.0,125721.0,7758.0,11,234.0
410776,1,71932.0,71253.0,679.0,0,0.0
400777,0,113368.0,113499.0,-131.0,0,0.0
410777,1,72423.0,72161.0,262.0,1,509.0
400778,0,115743.0,107418.0,8325.0,0,0.0
410778,1,109903.0,109346.0,557.0,0,0.0
400779,0,110303.0,110303.0,0.0,0,0.0
410779,1,60569.0,58066.0,2503.0,0,0.0
400780,0,65910.0,58447.0,7463.0,0,0.0
410780,1,90064.0,89881.0,183.0,0,0.0
400781,0,73805.0,72600.0,1205.0,0,0.0
410781,1,103066.0,101565.0,1501.0,11,642.0
400782,0,64968.0,64352.0,616.0,0,0.0
410782,1,109489.0,109702.0,-213.0,2,2891.0
400783,0,79413.0,79638.0,-225.0,11,54.0
410783,1,40350.0,40175.0,175.0,1,327.0
400784,0,103638.0,103954.0,-316.0,0,0.0
410784,1,129409.0,128459.0,950.0,2,164.0
400785,0,83141.0,82776.0,365.0,0,0.0
410785,1,88303.0,86342.0,1961.0,0,0.0
400786,0,101567.0,101840.0,-273.0,0,0.0
410786,1,117402.0,114700.0,2702.0,2,4629.0
400787,0,46519.0,47033.0,-514.0,1,5386.0
410787,1,59636.0,59057.0,579.0,0,0.0
400788,0,118586.0,118758.0,-172.0,2,525.0
410788,1,98186.0,95123.0,3063.0,0,0.0
400789,0,108237.0,107893.0,344.0,0,0.0
410789,1,86178.0,85769.0,409.0,11,337.0
400790,0,90206.0,89162.0,1044.0,0,0.0
410790,1,114480.0,115251.0,-771.0,0,0.0
400791,0,102538.0,101879.0,659.0,11,122.0
410791,1,78984.0,78155.0,829.0,0,0.0
400792,0,104831.0,104996.0,-165.0,0,0.0
410792,1,76419.0,75896.0,523.0,1,2120.0
400793,0,90373.0,97864.0,-7491.0,0,0.0
410793,1,108768.0,108869.0,-101.0,11,196.0
400794,0,56596.0,55475.0,1121.0,7,1169.0
410794,1,57157.0,57137.0,20.0,2,2070.0
400795,0,129235.0,136859.0,-7624.0,1,6182.0
410795,1,74890.0,75289.0,-399.0,7,1699.0
400796,0,113495.0,114862.0,-1367.0,2,963.0
410796,1,74197.0,74366.0,-169.0,0,0.0
400797,0,82452.0,82452.0,0.0,0,0.0
410797,1,56908.0,57132.0,-224.0,2,596.0
400798,0,111177.0,113765.0,-2588.0,2,883.0
410798,1,58530.0,58076.0,454.0,1,455.0
400799,0,64725.0,64626.0,99.0,0,0.0
410799,1,67650.0,63987.0,3663.0,0,0.0
400800,0,77520.0,85362.0,-7842.0,2,5714.0
410800,1,45927.0,49523.0,-3596.0,7,6493.0
400801,0,51525.0,51621.0,-96.0,0,0.0
410801,1,54217.0,60550.0,-6333.0,7,6232.0
400802,0,54537.0,54731.0,-194.0,0,0.0
410802,1,66994.0,66480.0,514.0,1,1167.0
400803,0,68993.0,68606.0,387.0,1,1834.0
410803,1,112898.0,113442.0,-544.0,2,361.0
400804,0,106560.0,96959.0,9601.0,0,0.0
410804,1,76917.0,76586.0,331.0,7,1778.0
400805,0,100579.0,100682.0,-103.0,1,1608.0
410805,1,97415.0,94272.0,3143.0,11,568.0
400806,0,70782.0,72673.0,-1891.0,1,4798.0
410806,1,102504.0,94362.0,8142.0,0,0.0
400807,0,129185.0,129107.0,78.0,11,291.0
410807,1,28559.0,32343.0,-3784.0,7,3555.0
400808,0,73197.0,73558.0,-361.0,11,74.0
410808,1,83747.0,83638.0,109.0,11,290.0
400809,0,139092.0,139796.0,-704.0,0,0.0
410809,1,73292.0,72219.0,1073.0,0,0.0
400810,0,60721.0,61379.0,-658.0,11,407.0
410810,1,79855.0,79408.0,447.0,1,304.0
400811,0,64569.0,63661.0,908.0,0,0.0
410811,1,90115.0,92851.0,-2736.0,2,1339.0
400812,0,91447.0,91850.0,-403.0,11,358.0
410812,1,66674.0,66770.0,-96.0,0,0.0
400813,0,74084.0,73688.0,396.0,0,0.0
410813,1,114129.0,113919.0,210.0,2,303.0
400814,0,79133.0,78248.0,885.0,1,665.0
410814,1,60028.0,59949.0,79.0,11,277.0
400815,0,82360.0,82840.0,-480.0,0,0.0
410815,1,56851.0,55936.0,915.0,2,630.0
400816,0,94713.0,94565.0,148.0,0,0.0
410816,1,91638.0,90455.0,1183.0,1,420.0
400817,0,115904.0,111057.0,4847.0,1,150.0
410817,1,53841.0,51656.0,2185.0,0,0.0
400818,0,108978.0,108811.0,167.0,0,0.0
410818,1,55218.0,55398.0,-180.0,1,1208.0
400819,0,134845.0,134963.0,-118.0,2,237.0
410819,1,58915.0,55722.0,3193.0,0,0.0
400820,0,86149.0,85434.0,715.0,0,0.0
410820,1,44081.0,43900.0,181.0,2,1427.0
400821,0,117033.0,122569.0,-5536.0,1,4825.0
410821,1,76562.0,74647.0,1915.0,0,0.0
400822,0,77199.0,75839.0,1360.0,4,1789.0
410822,1,51840.0,51095.0,745.0,0,0.0
400823,0,93026.0,89878.0,3148.0,1,747.0
410823,1,69651.0,69271.0,380.0,11,316.0
400824,0,49207.0,45584.0,3623.0,0,0.0
410824,1,113137.0,112762.0,375.0,1,1320.0
400825,0,114134.0,113380.0,754.0,0,0.0
410825,1,58493.0,57632.0,861.0,2,982.0
400826,0,68359.0,68981.0,-622.0,11,289.0
410826,1,71692.0,68767.0,2925.0,0,0.0
400827,0,115384.0,115198.0,186.0,0,0.0
410827,1,75006.0,73157.0,1849.0,0,0.0
400828,0,117618.0,117520.0,98.0,0,0.0
410828,1,105912.0,106510.0,-598.0,1,7312.0
400829,0,91999.0,91739.0,260.0,0,0.0
410829,1,130794.0,132067.0,-1273.0,1,130.0
400830,0,62824.0,61732.0,1092.0,11,521.0
410830,1,125710.0,125712.0,-2.0,0,0.0
400831,0,93122.0,93277.0,-155.0,0,0.0
410831,1,50077.0,49495.0,582.0,1,3852.0
400832,0,59404.0,62428.0,-3024.0,0,0.0
410832,1,63552.0,61370.0,2182.0,0,0.0
400833,0,47926.0,47456.0,470.0,0,0.0
410833,1,108164.0,108812.0,-648.0,0,0.0
400834,0,86643.0,83912.0,2731.0,0,0.0
410834,1,58543.0,58730.0,-187.0,11,214.0
400835,0,67892.0,67872.0,20.0,6,260.0
410835,1,28048.0,27527.0,521.0,11,139.0
400836,0,59039.0,55592.0,3447.0,0,0.0
410836,1,74034.0,71996.0,2038.0,1,3206.0
400837,0,95835.0,96148.0,-313.0,1,666.0
410837,1,60053.0,57929.0,2124.0,1,4077.0
400838,0,109345.0,99774.0,9571.0,2,30220.0
410838,1,68112.0,67642.0,470.0,6,254.0
400839,0,140351.0,135855.0,4496.0,1,759.0
410839,1,97234.0,96257.0,977.0,0,0.0
400840,0,102903.0,103344.0,-441.0,1,3081.0
410840,1,40459.0,40609.0,-150.0,1,2216.0
400841,0,49735.0,49694.0,41.0,1,3085.0
410841,1,90093.0,89235.0,858.0,2,2054.0
400842,0,82356.0,82284.0,72.0,6,581.0
410842,1,71984.0,71464.0,520.0,0,0.0
400843,0,94846.0,92184.0,2662.0,0,0.0
410843,1,60428.0,58519.0,1909.0,0,0.0
400844,0,76480.0,76069.0,411.0,0,0.0
410844,1,93666.0,92652.0,1014.0,6,254.0
400845,0,79508.0,78423.0,1085.0,0,0.0
410845,1,89341.0,88235.0,1106.0,2,6357.0
400846,0,73786.0,74482.0,-696.0,11,718.0
410846,1,100515.0,101327.0,-812.0,1,1782.0
400847,0,59989.0,60067.0,-78.0,11,229.0
410847,1,79711.0,79022.0,689.0,7,3255.0
400848,0,117962.0,119063.0,-1101.0,1,51.0
410848,1,72149.0,69213.0,2936.0,0,0.0
400849,0,55322.0,55012.0,310.0,1,97.0
410849,1,57284.0,57014.0,270.0,1,2171.0
400850,0,96054.0,91007.0,5047.0,1,1387.0
410850,1,92973.0,91695.0,1278.0,0,0.0
400851,0,123828.0,124944.0,-1116.0,0,0.0
410851,1,108689.0,107671.0,1018.0,0,0.0
400852,0,44418.0,44201.0,217.0,7,105.0
410852,1,135935.0,137354.0,-1419.0,1,2108.0
400853,0,60393.0,61225.0,-832.0,11,262.0
410853,1,142695.0,142736.0,-41.0,0,0.0
400854,0,72100.0,68455.0,3645.0,0,0.0
410854,1,79164.0,72843.0,6321.0,0,0.0
400855,0,39685.0,39954.0,-269.0,7,2144.0
410855,1,104029.0,103040.0,989.0,0,0.0
400856,0,62079.0,59287.0,2792.0,1,4890.0
410856,1,86267.0,84923.0,1344.0,0,0.0
400857,0,118074.0,117868.0,206.0,0,0.0
410857,1,83293.0,83557.0,-264.0,6,253.0
400858,0,116551.0,116932.0,-381.0,0,0.0
410858,1,76252.0,77479.0,-1227.0,7,1068.0
400859,0,97603.0,97603.0,0.0,0,0.0
410859,1,95012.0,93920.0,1092.0,11,473.0
400860,0,65624.0,64335.0,1289.0,0,0.0
410860,1,30728.0,30759.0,-31.0,1,1488.0
400861,0,135081.0,135613.0,-532.0,0,0.0
410861,1,68772.0,68225.0,547.0,7,1756.0
400862,0,64517.0,65343.0,-826.0,11,1077.0
410862,1,82630.0,81264.0,1366.0,1,6821.0
400863,0,39933.0,40225.0,-292.0,1,211.0
410863,1,75276.0,75886.0,-610.0,11,297.0
400864,0,80293.0,79279.0,1014.0,0,0.0
410864,1,121973.0,125600.0,-3627.0,2,1532.0
400865,0,93358.0,92011.0,1347.0,11,51.0
410865,1,53458.0,53619.0,-161.0,11,419.0
400866,0,60700.0,60954.0,-254.0,11,82.0
410866,1,37059.0,36614.0,445.0,1,870.0
400867,0,33057.0,53404.0,-20347.0,1,18940.0
410867,1,77447.0,76772.0,675.0,0,0.0
400868,0,111526.0,112788.0,-1262.0,1,2068.0
410868,1,89646.0,88945.0,701.0,0,0.0
400869,0,121593.0,121063.0,530.0,1,1993.0
410869,1,96803.0,96287.0,516.0,6,168.0
400870,0,102751.0,98662.0,4089.0,6,263.0
410870,1,81424.0,80816.0,608.0,0,0.0
400871,0,73926.0,69362.0,4564.0,0,0.0
410871,1,80753.0,80649.0,104.0,11,641.0
400872,0,120032.0,119841.0,191.0,0,0.0
410872,1,61723.0,61271.0,452.0,11,495.0
400873,0,80064.0,80139.0,-75.0,7,721.0
410873,1,74902.0,74953.0,-51.0,7,2549.0
400874,0,54359.0,54554.0,-195.0,1,3785.0
410874,1,121238.0,121828.0,-590.0,0,0.0
400875,0,74827.0,73435.0,1392.0,6,256.0
410875,1,83802.0,80293.0,3509.0,0,0.0
400876,0,119664.0,120476.0,-812.0,0,0.0
410876,1,30900.0,30359.0,541.0,1,985.0
400877,0,41224.0,41163.0,61.0,0,0.0
410877,1,75592.0,75502.0,90.0,0,0.0
400878,0,87575.0,88116.0,-541.0,11,158.0
410878,1,117138.0,116398.0,740.0,2,7648.0
400879,0,87536.0,86822.0,714.0,0,0.0
410879,1,86068.0,85200.0,868.0,2,76.0
400880,0,81302.0,73053.0,8249.0,11,215.0
410880,1,99384.0,98768.0,616.0,1,1686.0
400881,0,64317.0,70529.0,-6212.0,0,0.0
410881,1,66656.0,66582.0,74.0,0,0.0
400882,0,57918.0,57400.0,518.0,2,3346.0
410882,1,51365.0,51248.0,117.0,0,0.0
400883,0,96233.0,96233.0,0.0,0,0.0
410883,1,102879.0,102516.0,363.0,0,0.0
400884,0,87129.0,86110.0,1019.0,0,0.0
410884,1,101399.0,101756.0,-357.0,0,0.0
400885,0,100138.0,101484.0,-1346.0,11,100.0
410885,1,124934.0,125020.0,-86.0,2,1846.0
400886,0,58198.0,58159.0,39.0,0,0.0
410886,1,97428.0,96685.0,743.0,0,0.0
400887,0,113565.0,113565.0,0.0,1,3427.0
410887,1,110087.0,109748.0,339.0,6,752.0
400888,0,18318.0,18516.0,-198.0,7,262.0
410888,1,51564.0,50077.0,1487.0,7,960.0
400889,0,60497.0,59336.0,1161.0,7,1271.0
410889,1,74551.0,76683.0,-2132.0,2,1722.0
400890,0,100264.0,99978.0,286.0,0,0.0
410890,1,74804.0,75156.0,-352.0,7,2774.0
400891,0,131399.0,126081.0,5318.0,11,483.0
410891,1,108330.0,114589.0,-6259.0,1,6145.0
400892,0,124538.0,131413.0,-6875.0,2,5301.0
410892,1,74883.0,72966.0,1917.0,1,5484.0
400893,0,131323.0,131657.0,-334.0,2,730.0
410893,1,91283.0,90876.0,407.0,1,779.0
400894,0,126423.0,126298.0,125.0,0,0.0
410894,1,105961.0,105611.0,350.0,0,0.0
400895,0,81071.0,81271.0,-200.0,0,0.0
410895,1,116982.0,117036.0,-54.0,0,0.0
400896,0,36494.0,36515.0,-21.0,2,1515.0
410896,1,73955.0,73132.0,823.0,7,554.0
400897,0,93803.0,93052.0,751.0,0,0.0
410897,1,39677.0,38921.0,756.0,11,100.0
400898,0,46075.0,46164.0,-89.0,1,43740.0
410898,1,132723.0,132263.0,460.0,0,0.0
400899,0,65486.0,66061.0,-575.0,0,0.0
410899,1,79890.0,85627.0,-5737.0,7,3877.0
400900,0,77525.0,75986.0,1539.0,7,85.0
410900,1,78211.0,77740.0,471.0,0,0.0
400901,0,143012.0,144445.0,-1433.0,0,0.0
410901,1,120652.0,122633.0,-1981.0,1,488.0
400902,0,64155.0,64864.0,-709.0,11,821.0
410902,1,47381.0,45746.0,1635.0,7,2211.0
400903,0,61831.0,61789.0,42.0,0,0.0
410903,1,54456.0,61488.0,-7032.0,1,5445.0
400904,0,82921.0,82967.0,-46.0,1,972.0
410904,1,78561.0,74743.0,3818.0,2,2370.0
400905,0,114790.0,114678.0,112.0,0,0.0
410905,1,75048.0,67122.0,7926.0,7,1741.0
400906,0,54204.0,58578.0,-4374.0,1,3552.0
410906,1,75751.0,74712.0,1039.0,0,0.0
400907,0,128792.0,130042.0,-1250.0,1,762.0
410907,1,71019.0,67505.0,3514.0,0,0.0
400908,0,89883.0,90052.0,-169.0,0,0.0
410908,1,71306.0,71022.0,284.0,0,0.0
400909,0,67997.0,66420.0,1577.0,7,692.0
410909,1,127331.0,125576.0,1755.0,11,629.0
400910,0,56013.0,55774.0,239.0,0,0.0
410910,1,82164.0,82191.0,-27.0,0,0.0
400911,0,137653.0,138176.0,-523.0,11,231.0
410911,1,77206.0,71726.0,5480.0,7,1886.0
400912,0,65767.0,63626.0,2141.0,0,0.0
410912,1,80987.0,80923.0,64.0,11,512.0
400913,0,78864.0,78731.0,133.0,7,2399.0
410913,1,97396.0,96533.0,863.0,0,0.0
400914,0,75700.0,75340.0,360.0,7,2663.0
410914,1,74128.0,72759.0,1369.0,0,0.0
400915,0,78019.0,78748.0,-729.0,11,516.0
410915,1,91543.0,91023.0,520.0,0,0.0
400916,0,70479.0,71580.0,-1101.0,11,157.0
410916,1,88135.0,87617.0,518.0,0,0.0
400917,0,93884.0,102251.0,-8367.0,2,5744.0
410917,1,81447.0,74331.0,7116.0,0,0.0
400918,0,71506.0,72107.0,-601.0,1,2974.0
410918,1,92561.0,91575.0,986.0,0,0.0
400919,0,81128.0,78329.0,2799.0,2,932.0
410919,1,53423.0,50263.0,3160.0,0,0.0
400920,0,76843.0,76689.0,154.0,11,109.0
410920,1,101885.0,101933.0,-48.0,11,84.0
400921,0,91495.0,90891.0,604.0,0,0.0
410921,1,56919.0,53205.0,3714.0,0,0.0
400922,0,114920.0,115096.0,-176.0,11,182.0
410922,1,74820.0,74573.0,247.0,2,2278.0
400923,0,82288.0,82157.0,131.0,0,0.0
410923,1,70591.0,70557.0,34.0,7,1766.0
400924,0,92429.0,92341.0,88.0,7,4082.0
410924,1,63106.0,63174.0,-68.0,11,54.0
400925,0,88661.0,86122.0,2539.0,0,0.0
410925,1,52090.0,44011.0,8079.0,0,0.0
400926,0,65054.0,61075.0,3979.0,0,0.0
410926,1,108368.0,107720.0,648.0,1,1025.0
400927,0,93204.0,92313.0,891.0,1,668.0
410927,1,88246.0,84402.0,3844.0,2,137.0
400928,0,87417.0,87069.0,348.0,2,185.0
410928,1,68101.0,68319.0,-218.0,11,137.0
400929,0,71605.0,70765.0,840.0,0,0.0
410929,1,40104.0,39626.0,478.0,0,0.0
400930,0,65494.0,63241.0,2253.0,0,0.0
410930,1,79289.0,82659.0,-3370.0,7,3755.0
400931,0,68425.0,69080.0,-655.0,11,808.0
410931,1,102825.0,101541.0,1284.0,0,0.0
400932,0,62355.0,69949.0,-7594.0,1,5478.0
410932,1,82875.0,80376.0,2499.0,7,1008.0
400933,0,82084.0,81467.0,617.0,0,0.0
410933,1,121256.0,133609.0,-12353.0,1,10665.0
400934,0,103404.0,103885.0,-481.0,1,3196.0
410934,1,126536.0,126801.0,-265.0,0,0.0
400935,0,90042.0,89904.0,138.0,11,615.0
410935,1,112838.0,111994.0,844.0,0,0.0
400936,0,81334.0,80505.0,829.0,0,0.0
410936,1,62211.0,62323.0,-112.0,2,3228.0
400937,0,62057.0,62426.0,-369.0,11,284.0
410937,1,89772.0,86814.0,2958.0,0,0.0
400938,0,117830.0,117874.0,-44.0,11,239.0
410938,1,82950.0,82346.0,604.0,2,175.0
400939,0,52034.0,51022.0,1012.0,0,0.0
410939,1,77375.0,77514.0,-139.0,7,1905.0
400940,0,96982.0,96982.0,0.0,7,2783.0
410940,1,59545.0,56156.0,3389.0,6,84.0
400941,0,131718.0,131662.0,56.0,0,0.0
410941,1,100921.0,107568.0,-6647.0,1,4928.0
400942,0,79500.0,77923.0,1577.0,7,1022.0
410942,1,106973.0,105911.0,1062.0,0,0.0
400943,0,48304.0,48677.0,-373.0,11,500.0
410943,1,109844.0,110208.0,-364.0,0,0.0
400944,0,52789.0,53008.0,-219.0,0,0.0
410944,1,96108.0,94949.0,1159.0,0,0.0
400945,0,72235.0,72002.0,233.0,7,710.0
410945,1,96494.0,96009.0,485.0,1,2250.0
400946,0,104225.0,103508.0,717.0,0,0.0
410946,1,30231.0,26982.0,3249.0,0,0.0
400947,0,151387.0,151153.0,234.0,0,0.0
410947,1,97087.0,96002.0,1085.0,0,0.0
400948,0,59316.0,59529.0,-213.0,0,0.0
410948,1,74693.0,73069.0,1624.0,0,0.0
400949,0,108140.0,108140.0,0.0,0,0.0
410949,1,37087.0,36499.0,588.0,1,8182.0
400950,0,75054.0,74528.0,526.0,2,2666.0
410950,1,98985.0,101640.0,-2655.0,1,1437.0
400951,0,103923.0,95953.0,7970.0,6,256.0
410951,1,54185.0,52982.0,1203.0,7,87.0
400952,0,78792.0,74568.0,4224.0,0,0.0
410952,1,132252.0,131836.0,416.0,0,0.0
400953,0,77572.0,80321.0,-2749.0,1,3199.0
410953,1,96386.0,94825.0,1561.0,0,0.0
400954,0,77615.0,77421.0,194.0,7,2513.0
410954,1,113062.0,114565.0,-1503.0,1,438.0
400955,0,54655.0,54367.0,288.0,6,254.0
410955,1,64151.0,62985.0,1166.0,0,0.0
400956,0,120746.0,129303.0,-8557.0,1,6199.0
410956,1,94037.0,95717.0,-1680.0,2,4247.0
400957,0,102968.0,102845.0,123.0,1,4066.0
410957,1,90641.0,85362.0,5279.0,0,0.0
400958,0,42983.0,43071.0,-88.0,7,727.0
410958,1,77168.0,76272.0,896.0,0,0.0
400959,0,95572.0,95456.0,116.0,11,311.0
410959,1,102887.0,98590.0,4297.0,0,0.0
400960,0,61076.0,61111.0,-35.0,11,297.0
410960,1,86524.0,86873.0,-349.0,7,2573.0
400961,0,101733.0,101506.0,227.0,0,0.0
410961,1,77371.0,77883.0,-512.0,0,0.0
400962,0,110008.0,109603.0,405.0,0,0.0
410962,1,65813.0,64975.0,838.0,0,0.0
400963,0,44805.0,47407.0,-2602.0,7,2349.0
410963,1,70193.0,69415.0,778.0,0,0.0
400964,0,56065.0,55663.0,402.0,2,1631.0
410964,1,93959.0,93153.0,806.0,0,0.0
400965,0,60167.0,60432.0,-265.0,1,907.0
410965,1,59492.0,58604.0,888.0,7,1879.0
400966,0,101480.0,100681.0,799.0,2,1187.0
410966,1,102350.0,101427.0,923.0,11,284.0
400967,0,118143.0,123157.0,-5014.0,1,4233.0
410967,1,92269.0,88694.0,3575.0,0,0.0
400968,0,77339.0,75275.0,2064.0,0,0.0
410968,1,77277.0,76894.0,383.0,0,0.0
400969,0,94623.0,92174.0,2449.0,0,0.0
410969,1,52008.0,51211.0,797.0,0,0.0
400970,0,110455.0,110550.0,-95.0,0,0.0
410970,1,123041.0,122594.0,447.0,0,0.0
400971,0,85552.0,85314.0,238.0,0,0.0
410971,1,99752.0,96685.0,3067.0,0,0.0
400972,0,73943.0,73220.0,723.0,1,672.0
410972,1,57298.0,57341.0,-43.0,11,186.0
400973,0,108117.0,108835.0,-718.0,0,0.0
410973,1,46003.0,46050.0,-47.0,7,638.0
400974,0,73373.0,73008.0,365.0,7,2823.0
410974,1,70339.0,69744.0,595.0,0,0.0
400975,0,66179.0,65746.0,433.0,2,1287.0
410975,1,64067.0,64838.0,-771.0,1,944.0
400976,0,45927.0,48306.0,-2379.0,1,1034.0
410976,1,55201.0,56145.0,-944.0,0,0.0
400977,0,76936.0,76594.0,342.0,1,2792.0
410977,1,56724.0,56454.0,270.0,0,0.0
400978,0,32682.0,32715.0,-33.0,7,125.0
410978,1,56443.0,56092.0,351.0,2,3182.0
400979,0,50413.0,49879.0,534.0,7,207.0
410979,1,127010.0,127048.0,-38.0,1,7986.0
400980,0,79416.0,78323.0,1093.0,0,0.0
410980,1,99064.0,99582.0,-518.0,1,671.0
400981,0,90220.0,81047.0,9173.0,0,0.0
410981,1,79219.0,78549.0,670.0,0,0.0
400982,0,93918.0,94351.0,-433.0,6,983.0
410982,1,120059.0,119891.0,168.0,1,3006.0
400983,0,82411.0,82277.0,134.0,0,0.0
410983,1,118008.0,118200.0,-192.0,0,0.0
400984,0,102422.0,102329.0,93.0,0,0.0
410984,1,80903.0,80695.0,208.0,0,0.0
400985,0,62240.0,63009.0,-769.0,11,747.0
410985,1,115361.0,114931.0,430.0,1,971.0
400986,0,120954.0,120781.0,173.0,1,1772.0
410986,1,60145.0,58900.0,1245.0,0,0.0
400987,0,69811.0,69471.0,340.0,1,1960.0
410987,1,84312.0,83598.0,714.0,0,0.0
400988,0,28111.0,28111.0,0.0,7,1356.0
410988,1,110290.0,102479.0,7811.0,0,0.0
400989,0,68192.0,68043.0,149.0,0,0.0
410989,1,57036.0,57234.0,-198.0,1,758.0
400990,0,112993.0,113603.0,-610.0,0,0.0
410990,1,33293.0,32728.0,565.0,0,0.0
400991,0,122361.0,121270.0,1091.0,0,0.0
410991,1,66355.0,66598.0,-243.0,1,2907.0
400992,0,33431.0,32456.0,975.0,11,91.0
410992,1,36310.0,36212.0,98.0,7,678.0
400993,0,144862.0,151940.0,-7078.0,1,493.0
410993,1,87571.0,81654.0,5917.0,0,0.0
400994,0,74964.0,73955.0,1009.0,0,0.0
410994,1,105047.0,103548.0,1499.0,0,0.0
400995,0,65673.0,66271.0,-598.0,0,0.0
410995,1,89795.0,90637.0,-842.0,7,541.0
400996,0,97940.0,97770.0,170.0,0,0.0
410996,1,62996.0,61887.0,1109.0,2,260.0
400997,0,113097.0,113550.0,-453.0,0,0.0
410997,1,66345.0,65789.0,556.0,2,1298.0
400998,0,57057.0,56742.0,315.0,2,797.0
410998,1,109286.0,108046.0,1240.0,0,0.0
400999,0,73496.0,74047.0,-551.0,2,1804.0
410999,1,64203.0,63715.0,488.0,11,196.0
401000,0,78648.0,78769.0,-121.0,0,0.0
411000,1,71095.0,71398.0,-303.0,7,2287.0
401001,0,94729.0,94925.0,-196.0,0,0.0
411001,1,67602.0,65548.0,2054.0,0,0.0
401002,0,72875.0,72460.0,415.0,1,1495.0
411002,1,98081.0,96580.0,1501.0,0,0.0
401003,0,59409.0,59409.0,0.0,11,274.0
411003,1,86223.0,85031.0,1192.0,1,161.0
401004,0,95593.0,95593.0,0.0,11,441.0
411004,1,113302.0,112781.0,521.0,0,0.0
401005,0,134639.0,135169.0,-530.0,0,0.0
411005,1,83604.0,78589.0,5015.0,0,0.0
401006,0,130839.0,130975.0,-136.0,0,0.0
411006,1,94445.0,94120.0,325.0,1,1223.0
401007,0,94317.0,93891.0,426.0,1,2076.0
411007,1,81798.0,80824.0,974.0,0,0.0
401008,0,32038.0,32178.0,-140.0,0,0.0
411008,1,95028.0,88529.0,6499.0,0,0.0
401009,0,80029.0,79419.0,610.0,7,2642.0
411009,1,76260.0,75802.0,458.0,0,0.0
401010,0,59862.0,59934.0,-72.0,11,397.0
411010,1,61680.0,58252.0,3428.0,1,3997.0
401011,0,58011.0,58901.0,-890.0,0,0.0
411011,1,77122.0,76212.0,910.0,0,0.0
401012,0,50114.0,48011.0,2103.0,0,0.0
411012,1,73581.0,72857.0,724.0,7,1972.0
401013,0,123712.0,121119.0,2593.0,1,5477.0
411013,1,45726.0,46032.0,-306.0,1,1425.0
401014,0,73698.0,73263.0,435.0,7,2030.0
411014,1,126184.0,126272.0,-88.0,1,456.0
401015,0,80661.0,80024.0,637.0,1,801.0
411015,1,118408.0,118670.0,-262.0,0,0.0
401016,0,84297.0,84820.0,-523.0,1,1194.0
411016,1,119593.0,119297.0,296.0,0,0.0
401017,0,68685.0,67207.0,1478.0,6,251.0
411017,1,95978.0,97467.0,-1489.0,2,737.0
401018,0,134767.0,126863.0,7904.0,11,335.0
411018,1,71453.0,70242.0,1211.0,0,0.0
401019,0,106398.0,106275.0,123.0,1,1651.0
411019,1,105673.0,111540.0,-5867.0,1,5336.0
401020,0,68736.0,68526.0,210.0,1,546.0
411020,1,113693.0,114894.0,-1201.0,6,188.0
401021,0,49791.0,44554.0,5237.0,0,0.0
411021,1,64790.0,64202.0,588.0,1,170.0
401022,0,82594.0,82594.0,0.0,6,256.0
411022,1,76714.0,77578.0,-864.0,1,1129.0
401023,0,72166.0,72026.0,140.0,0,0.0
411023,1,71196.0,78139.0,-6943.0,1,4304.0
401024,0,108640.0,108792.0,-152.0,11,92.0
411024,1,101150.0,100562.0,588.0,0,0.0
401025,0,97810.0,97596.0,214.0,0,0.0
411025,1,58815.0,59144.0,-329.0,1,848.0
401026,0,101791.0,103344.0,-1553.0,1,183.0
411026,1,109336.0,107661.0,1675.0,1,597.0
401027,0,67146.0,65601.0,1545.0,7,1862.0
411027,1,84912.0,89456.0,-4544.0,2,2003.0
401028,0,75656.0,76402.0,-746.0,2,1803.0
411028,1,74173.0,73929.0,244.0,6,256.0
401029,0,70621.0,69862.0,759.0,0,0.0
411029,1,71564.0,70129.0,1435.0,0,0.0
401030,0,132635.0,130455.0,2180.0,1,1855.0
411030,1,98952.0,97836.0,1116.0,0,0.0
401031,0,70208.0,70075.0,133.0,0,0.0
411031,1,125174.0,119001.0,6173.0,0,0.0
401032,0,96208.0,96726.0,-518.0,1,1426.0
411032,1,122423.0,122908.0,-485.0,0,0.0
401033,0,99412.0,99348.0,64.0,1,3411.0
411033,1,67067.0,64367.0,2700.0,1,3711.0
401034,0,83658.0,83310.0,348.0,0,0.0
411034,1,88811.0,88389.0,422.0,1,7289.0
401035,0,66541.0,65673.0,868.0,7,1856.0
411035,1,44961.0,45186.0,-225.0,7,458.0
401036,0,71813.0,70021.0,1792.0,0,0.0
411036,1,48453.0,48387.0,66.0,1,2310.0
401037,0,117143.0,117834.0,-691.0,0,0.0
411037,1,100446.0,100526.0,-80.0,0,0.0
401038,0,96155.0,97980.0,-1825.0,2,671.0
411038,1,92412.0,91332.0,1080.0,0,0.0
401039,0,55892.0,55872.0,20.0,0,0.0
411039,1,71248.0,70783.0,465.0,1,1393.0
401040,0,85377.0,85089.0,288.0,1,214.0
411040,1,61679.0,60767.0,912.0,0,0.0
401041,0,86112.0,85599.0,513.0,1,1107.0
411041,1,56552.0,53255.0,3297.0,0,0.0
401042,0,83982.0,84818.0,-836.0,0,0.0
411042,1,96636.0,96243.0,393.0,0,0.0
401043,0,39677.0,37381.0,2296.0,0,0.0
411043,1,132227.0,132483.0,-256.0,1,114.0
401044,0,89908.0,97268.0,-7360.0,7,534.0
411044,1,79952.0,78896.0,1056.0,7,1527.0
401045,0,49763.0,47965.0,1798.0,0,0.0
411045,1,60128.0,60038.0,90.0,1,7519.0
401046,0,107667.0,108063.0,-396.0,0,0.0
411046,1,47906.0,48735.0,-829.0,0,0.0
401047,0,79020.0,78855.0,165.0,2,2064.0
411047,1,95329.0,97606.0,-2277.0,1,328.0
401048,0,52524.0,52189.0,335.0,2,676.0
411048,1,85246.0,84419.0,827.0,0,0.0
401049,0,70484.0,69915.0,569.0,0,0.0
411049,1,112771.0,113095.0,-324.0,0,0.0
401050,0,96536.0,96320.0,216.0,0,0.0
411050,1,93283.0,92435.0,848.0,0,0.0
401051,0,77333.0,76607.0,726.0,1,1985.0
411051,1,54867.0,55051.0,-184.0,1,2472.0
401052,0,83851.0,83726.0,125.0,0,0.0
411052,1,69220.0,68659.0,561.0,1,953.0
401053,0,24181.0,22055.0,2126.0,7,637.0
411053,1,90500.0,86505.0,3995.0,0,0.0
401054,0,73687.0,72679.0,1008.0,0,0.0
411054,1,70632.0,65177.0,5455.0,0,0.0
401055,0,60487.0,67255.0,-6768.0,7,6348.0
411055,1,33276.0,33034.0,242.0,1,1178.0
401056,0,126998.0,127920.0,-922.0,0,0.0
411056,1,78868.0,78830.0,38.0,0,0.0
401057,0,103368.0,72886.0,30482.0,11,330.0
411057,1,115498.0,115562.0,-64.0,2,6608.0
401058,0,54150.0,51827.0,2323.0,0,0.0
411058,1,70641.0,70087.0,554.0,0,0.0
401059,0,32590.0,32568.0,22.0,2,330.0
411059,1,100031.0,100370.0,-339.0,6,517.0
401060,0,137438.0,138934.0,-1496.0,0,0.0
411060,1,80448.0,77502.0,2946.0,1,2629.0
401061,0,90604.0,90604.0,0.0,1,1031.0
411061,1,44702.0,45374.0,-672.0,7,4553.0
401062,0,53148.0,53095.0,53.0,0,0.0
411062,1,60591.0,57063.0,3528.0,0,0.0
401063,0,102749.0,102148.0,601.0,6,1994.0
411063,1,107223.0,109857.0,-2634.0,1,1385.0
401064,0,72041.0,72109.0,-68.0,2,732.0
411064,1,45497.0,45195.0,302.0,0,0.0
401065,0,103627.0,103942.0,-315.0,0,0.0
411065,1,95529.0,94271.0,1258.0,0,0.0
401066,0,86851.0,86347.0,504.0,0,0.0
411066,1,81374.0,74930.0,6444.0,11,223.0
401067,0,39362.0,41273.0,-1911.0,7,579.0
411067,1,112963.0,113839.0,-876.0,1,1774.0
401068,0,53394.0,54862.0,-1468.0,2,6200.0
411068,1,76062.0,67070.0,8992.0,0,0.0
401069,0,97955.0,97249.0,706.0,6,259.0
411069,1,91346.0,90869.0,477.0,1,422.0
401070,0,105654.0,106234.0,-580.0,1,2910.0
411070,1,103484.0,103448.0,36.0,6,258.0
401071,0,69354.0,67945.0,1409.0,11,542.0
411071,1,88081.0,81763.0,6318.0,0,0.0
401072,0,43039.0,45401.0,-2362.0,7,584.0
411072,1,84302.0,77328.0,6974.0,7,2974.0
401073,0,96205.0,97461.0,-1256.0,0,0.0
411073,1,85765.0,84815.0,950.0,0,0.0
401074,0,61487.0,61015.0,472.0,0,0.0
411074,1,67003.0,66270.0,733.0,7,932.0
401075,0,76527.0,75264.0,1263.0,0,0.0
411075,1,44375.0,75562.0,-31187.0,1,30686.0
401076,0,80925.0,81037.0,-112.0,1,9546.0
411076,1,113295.0,111916.0,1379.0,0,0.0
401077,0,109581.0,109142.0,439.0,0,0.0
411077,1,52847.0,53900.0,-1053.0,7,3346.0
401078,0,31174.0,30954.0,220.0,11,308.0
411078,1,82445.0,79184.0,3261.0,0,0.0
401079,0,102743.0,102443.0,300.0,11,240.0
411079,1,95905.0,94777.0,1128.0,0,0.0
401080,0,125481.0,125530.0,-49.0,1,893.0
411080,1,61155.0,58226.0,2929.0,0,0.0
401081,0,73303.0,73377.0,-74.0,0,0.0
411081,1,137777.0,137674.0,103.0,0,0.0
401082,0,81580.0,81438.0,142.0,0,0.0
411082,1,107257.0,118460.0,-11203.0,1,11476.0
401083,0,63829.0,59238.0,4591.0,2,334.0
411083,1,83242.0,80880.0,2362.0,1,2265.0
401084,0,88001.0,86415.0,1586.0,0,0.0
411084,1,80782.0,79506.0,1276.0,6,1307.0
401085,0,106134.0,105409.0,725.0,0,0.0
411085,1,64710.0,63957.0,753.0,0,0.0
401086,0,93068.0,93426.0,-358.0,1,1664.0
411086,1,80216.0,79465.0,751.0,6,256.0
401087,0,80217.0,79511.0,706.0,1,405.0
411087,1,77814.0,82546.0,-4732.0,7,7293.0
401088,0,66441.0,66006.0,435.0,0,0.0
411088,1,56828.0,56950.0,-122.0,11,173.0
401089,0,114523.0,114904.0,-381.0,2,1966.0
411089,1,87226.0,86057.0,1169.0,0,0.0
401090,0,105373.0,105242.0,131.0,11,900.0
411090,1,94078.0,93901.0,177.0,11,140.0
401091,0,42883.0,44097.0,-1214.0,1,757.0
411091,1,50046.0,49106.0,940.0,7,3244.0
401092,0,46899.0,43845.0,3054.0,4,1349.0
411092,1,142494.0,142120.0,374.0,0,0.0
401093,0,97436.0,98866.0,-1430.0,11,84.0
411093,1,155710.0,155838.0,-128.0,1,2534.0
401094,0,111554.0,110423.0,1131.0,1,1670.0
411094,1,95649.0,95343.0,306.0,2,400.0
401095,0,48526.0,48807.0,-281.0,6,1581.0
411095,1,69238.0,69645.0,-407.0,2,991.0
401096,0,71251.0,71699.0,-448.0,11,151.0
411096,1,71163.0,77110.0,-5947.0,7,3030.0
401097,0,57523.0,64454.0,-6931.0,1,7179.0
411097,1,70761.0,70251.0,510.0,0,0.0
401098,0,80308.0,80064.0,244.0,2,1021.0
411098,1,93480.0,93783.0,-303.0,11,686.0
401099,0,54400.0,53852.0,548.0,0,0.0
411099,1,29286.0,29074.0,212.0,0,0.0
401100,0,96624.0,102633.0,-6009.0,1,5068.0
411100,1,67499.0,66891.0,608.0,0,0.0
401101,0,93624.0,93351.0,273.0,11,141.0
411101,1,60756.0,57158.0,3598.0,7,911.0
401102,0,90924.0,91133.0,-209.0,0,0.0
411102,1,66000.0,66080.0,-80.0,1,1110.0
401103,0,61508.0,61216.0,292.0,1,3038.0
411103,1,103801.0,102367.0,1434.0,0,0.0
401104,0,140073.0,139601.0,472.0,1,1286.0
411104,1,123727.0,123569.0,158.0,0,0.0
401105,0,100646.0,99788.0,858.0,0,0.0
411105,1,70813.0,70381.0,432.0,1,4107.0
401106,0,77256.0,75032.0,2224.0,0,0.0
411106,1,45309.0,44552.0,757.0,7,745.0
401107,0,118678.0,118539.0,139.0,1,3174.0
411107,1,78419.0,74362.0,4057.0,0,0.0
401108,0,89215.0,89134.0,81.0,2,1395.0
411108,1,67943.0,67455.0,488.0,0,0.0
401109,0,112294.0,112136.0,158.0,0,0.0
411109,1,102567.0,102363.0,204.0,0,0.0
401110,0,111530.0,111474.0,56.0,0,0.0
411110,1,40620.0,40588.0,32.0,0,0.0
401111,0,99405.0,98849.0,556.0,2,4364.0
411111,1,129710.0,130919.0,-1209.0,2,1087.0
401112,0,37030.0,37135.0,-105.0,1,1408.0
411112,1,135303.0,134451.0,852.0,0,0.0
401113,0,65334.0,65890.0,-556.0,6,255.0
411113,1,40870.0,42491.0,-1621.0,7,3987.0
401114,0,71835.0,71692.0,143.0,7,3304.0
411114,1,61930.0,62223.0,-293.0,1,7379.0
401115,0,108775.0,108775.0,0.0,11,181.0
411115,1,109871.0,109164.0,707.0,1,2753.0
401116,0,70211.0,68041.0,2170.0,7,1056.0
411116,1,64056.0,63627.0,429.0,0,0.0
401117,0,103212.0,103627.0,-415.0,2,2646.0
411117,1,91230.0,89735.0,1495.0,1,957.0
401118,0,66256.0,66420.0,-164.0,6,256.0
411118,1,38447.0,38547.0,-100.0,1,812.0
401119,0,65234.0,65534.0,-300.0,1,1577.0
411119,1,74283.0,76104.0,-1821.0,2,966.0
401120,0,43884.0,44542.0,-658.0,7,1244.0
411120,1,41542.0,42229.0,-687.0,1,1340.0
401121,0,82262.0,82168.0,94.0,2,1502.0
411121,1,124246.0,122306.0,1940.0,11,603.0
401122,0,109180.0,107801.0,1379.0,0,0.0
411122,1,114424.0,113709.0,715.0,1,117.0
401123,0,84166.0,84182.0,-16.0,0,0.0
411123,1,35105.0,33701.0,1404.0,6,67.0
401124,0,69056.0,67782.0,1274.0,0,0.0
411124,1,73755.0,73099.0,656.0,0,0.0
401125,0,93204.0,92383.0,821.0,2,476.0
411125,1,92073.0,94653.0,-2580.0,1,2659.0
401126,0,114578.0,114286.0,292.0,0,0.0
411126,1,85962.0,85453.0,509.0,0,0.0
401127,0,33864.0,34682.0,-818.0,0,0.0
411127,1,39972.0,41240.0,-1268.0,1,1200.0
401128,0,63860.0,63006.0,854.0,7,1403.0
411128,1,55099.0,54924.0,175.0,1,4758.0
401129,0,65173.0,64381.0,792.0,7,2723.0
411129,1,98759.0,94159.0,4600.0,0,0.0
401130,0,123907.0,124818.0,-911.0,11,66.0
411130,1,72016.0,70369.0,1647.0,1,3041.0
401131,0,70312.0,70202.0,110.0,0,0.0
411131,1,65529.0,63420.0,2109.0,0,0.0
401132,0,98833.0,98833.0,0.0,11,284.0
411132,1,113403.0,112879.0,524.0,0,0.0
401133,0,38097.0,38028.0,69.0,7,978.0
411133,1,70793.0,70698.0,95.0,7,3152.0
401134,0,81259.0,81098.0,161.0,0,0.0
411134,1,75887.0,76022.0,-135.0,6,253.0
401135,0,67745.0,67196.0,549.0,0,0.0
411135,1,135580.0,135953.0,-373.0,2,3275.0
401136,0,76884.0,76884.0,0.0,2,535.0
411136,1,56292.0,55290.0,1002.0,0,0.0
401137,0,58872.0,58817.0,55.0,1,8282.0
411137,1,87568.0,87213.0,355.0,6,334.0
401138,0,93897.0,93477.0,420.0,0,0.0
411138,1,94709.0,88082.0,6627.0,0,0.0
401139,0,82836.0,82648.0,188.0,0,0.0
411139,1,56265.0,56663.0,-398.0,11,876.0
401140,0,128849.0,122294.0,6555.0,11,397.0
411140,1,95375.0,95333.0,42.0,11,535.0
401141,0,88688.0,88812.0,-124.0,11,572.0
411141,1,125164.0,123450.0,1714.0,0,0.0
401142,0,52886.0,53247.0,-361.0,7,2461.0
411142,1,83788.0,83342.0,446.0,7,2068.0
401143,0,114386.0,122282.0,-7896.0,1,6168.0
411143,1,69536.0,62236.0,7300.0,0,0.0
401144,0,107075.0,106219.0,856.0,0,0.0
411144,1,73977.0,73832.0,145.0,1,4979.0
401145,0,64544.0,69164.0,-4620.0,1,3488.0
411145,1,60574.0,60323.0,251.0,0,0.0
401146,0,76455.0,68643.0,7812.0,6,1907.0
411146,1,94351.0,93159.0,1192.0,6,258.0
401147,0,36361.0,36848.0,-487.0,1,620.0
411147,1,102713.0,100985.0,1728.0,11,670.0
401148,0,64154.0,64374.0,-220.0,11,525.0
411148,1,73348.0,71786.0,1562.0,0,0.0
401149,0,70557.0,70363.0,194.0,7,1234.0
411149,1,69222.0,69062.0,160.0,7,3396.0
401150,0,57507.0,57474.0,33.0,11,266.0
411150,1,86767.0,86612.0,155.0,7,3557.0
401151,0,114681.0,116236.0,-1555.0,1,2753.0
411151,1,76230.0,73407.0,2823.0,7,522.0
401152,0,49335.0,47792.0,1543.0,0,0.0
411152,1,70834.0,67693.0,3141.0,0,0.0
401153,0,121515.0,121717.0,-202.0,11,693.0
411153,1,57259.0,56886.0,373.0,11,589.0
401154,0,50699.0,52206.0,-1507.0,11,310.0
411154,1,47969.0,47675.0,294.0,11,244.0
401155,0,93323.0,92518.0,805.0,0,0.0
411155,1,56658.0,56430.0,228.0,11,150.0
401156,0,48396.0,49410.0,-1014.0,0,0.0
411156,1,61693.0,61812.0,-119.0,4,509.0
401157,0,72820.0,71069.0,1751.0,0,0.0
411157,1,103197.0,100689.0,2508.0,0,0.0
401158,0,63647.0,63894.0,-247.0,7,3361.0
411158,1,89905.0,89765.0,140.0,7,728.0
401159,0,72273.0,72143.0,130.0,0,0.0
411159,1,81598.0,81931.0,-333.0,0,0.0
401160,0,95368.0,95838.0,-470.0,2,1130.0
411160,1,89990.0,89345.0,645.0,6,256.0
401161,0,64409.0,62797.0,1612.0,0,0.0
411161,1,35729.0,35992.0,-263.0,2,1615.0
401162,0,76949.0,76097.0,852.0,0,0.0
411162,1,139154.0,136334.0,2820.0,0,0.0
401163,0,90206.0,100102.0,-9896.0,1,7138.0
411163,1,58659.0,59448.0,-789.0,2,1171.0
401164,0,59611.0,58677.0,934.0,0,0.0
411164,1,101111.0,100301.0,810.0,0,0.0
401165,0,116771.0,118086.0,-1315.0,2,618.0
411165,1,103471.0,103350.0,121.0,0,0.0
401166,0,51429.0,54415.0,-2986.0,1,2530.0
411166,1,90657.0,84627.0,6030.0,0,0.0
401167,0,122418.0,122644.0,-226.0,0,0.0
411167,1,83034.0,83146.0,-112.0,6,253.0
401168,0,59465.0,59447.0,18.0,0,0.0
411168,1,102181.0,100892.0,1289.0,0,0.0
401169,0,57524.0,57544.0,-20.0,1,291.0
411169,1,73439.0,70351.0,3088.0,1,1742.0
401170,0,79078.0,76639.0,2439.0,0,0.0
411170,1,31302.0,31148.0,154.0,1,2306.0
401171,0,64936.0,65574.0,-638.0,0,0.0
411171,1,104031.0,109241.0,-5210.0,7,538.0
401172,0,70492.0,70806.0,-314.0,7,531.0
411172,1,87472.0,85689.0,1783.0,11,114.0
401173,0,87158.0,88320.0,-1162.0,1,344.0
411173,1,85127.0,81524.0,3603.0,0,0.0
401174,0,100856.0,98244.0,2612.0,0,0.0
411174,1,78953.0,78831.0,122.0,0,0.0
401175,0,62272.0,63876.0,-1604.0,1,249.0
411175,1,90994.0,90975.0,19.0,0,0.0
401176,0,85533.0,85429.0,104.0,0,0.0
411176,1,125276.0,127050.0,-1774.0,1,1078.0
401177,0,67195.0,66893.0,302.0,0,0.0
411177,1,153879.0,153376.0,503.0,0,0.0
401178,0,128782.0,130179.0,-1397.0,0,0.0
411178,1,63157.0,63610.0,-453.0,7,2569.0
401179,0,37013.0,36806.0,207.0,2,873.0
411179,1,63910.0,63837.0,73.0,11,408.0
401180,0,78212.0,77223.0,989.0,1,7694.0
411180,1,128739.0,128997.0,-258.0,2,120.0
401181,0,53475.0,55983.0,-2508.0,7,914.0
411181,1,79446.0,78022.0,1424.0,0,0.0
401182,0,66415.0,63320.0,3095.0,0,0.0
411182,1,110117.0,109915.0,202.0,1,40829.0
401183,0,104160.0,104203.0,-43.0,1,1098.0
411183,1,127822.0,120262.0,7560.0,11,58.0
401184,0,106801.0,106795.0,6.0,0,0.0
411184,1,115867.0,116611.0,-744.0,0,0.0
401185,0,68133.0,67679.0,454.0,0,0.0
411185,1,57786.0,57951.0,-165.0,1,6927.0
401186,0,55127.0,56201.0,-1074.0,6,202.0
411186,1,107938.0,109374.0,-1436.0,0,0.0
401187,0,68375.0,66957.0,1418.0,0,0.0
411187,1,115003.0,123159.0,-8156.0,1,4247.0
401188,0,70675.0,71214.0,-539.0,1,1253.0
411188,1,100644.0,99520.0,1124.0,0,0.0
401189,0,55965.0,53204.0,2761.0,0,0.0
411189,1,68504.0,67610.0,894.0,0,0.0
401190,0,63470.0,61769.0,1701.0,0,0.0
411190,1,75949.0,77093.0,-1144.0,7,3111.0
401191,0,60096.0,60450.0,-354.0,0,0.0
411191,1,120057.0,119998.0,59.0,1,3181.0
401192,0,126213.0,127577.0,-1364.0,2,74.0
411192,1,112299.0,110312.0,1987.0,0,0.0
401193,0,72086.0,73352.0,-1266.0,0,0.0
411193,1,112978.0,111311.0,1667.0,1,182.0
401194,0,66924.0,66952.0,-28.0,1,1775.0
411194,1,119957.0,124116.0,-4159.0,1,11510.0
401195,0,64673.0,62737.0,1936.0,0,0.0
411195,1,89649.0,88643.0,1006.0,0,0.0
401196,0,52822.0,52988.0,-166.0,1,3558.0
411196,1,69065.0,69809.0,-744.0,1,1194.0
401197,0,77673.0,75323.0,2350.0,1,8558.0
411197,1,109034.0,108309.0,725.0,0,0.0
401198,0,93511.0,93090.0,421.0,0,0.0
411198,1,68449.0,68235.0,214.0,1,126.0
401199,0,70880.0,71408.0,-528.0,0,0.0
411199,1,76000.0,71052.0,4948.0,0,0.0
401200,0,123176.0,116134.0,7042.0,0,0.0
411200,1,112242.0,111243.0,999.0,0,0.0
401201,0,73377.0,72487.0,890.0,0,0.0
411201,1,28902.0,28631.0,271.0,11,389.0
401202,0,102837.0,111255.0,-8418.0,1,4948.0
411202,1,102471.0,99583.0,2888.0,0,0.0
401203,0,87976.0,88135.0,-159.0,0,0.0
411203,1,88665.0,87750.0,915.0,0,0.0
401204,0,73695.0,73613.0,82.0,1,1726.0
411204,1,70648.0,76138.0,-5490.0,1,5603.0
401205,0,107016.0,107557.0,-541.0,0,0.0
411205,1,119612.0,113191.0,6421.0,0,0.0
401206,0,121979.0,122527.0,-548.0,1,3672.0
411206,1,77563.0,77103.0,460.0,0,0.0
401207,0,32205.0,32551.0,-346.0,2,6455.0
411207,1,65271.0,64587.0,684.0,2,6475.0
401208,0,73056.0,72791.0,265.0,2,1111.0
411208,1,70090.0,66562.0,3528.0,1,3389.0
401209,0,94929.0,95226.0,-297.0,11,719.0
411209,1,46969.0,47067.0,-98.0,0,0.0
401210,0,141080.0,147437.0,-6357.0,1,5327.0
411210,1,78522.0,77247.0,1275.0,0,0.0
401211,0,64713.0,64455.0,258.0,1,2092.0
411211,1,76737.0,76478.0,259.0,0,0.0
401212,0,63570.0,63459.0,111.0,0,0.0
411212,1,75186.0,74013.0,1173.0,0,0.0
401213,0,75238.0,75904.0,-666.0,6,256.0
411213,1,115967.0,114835.0,1132.0,0,0.0
401214,0,108686.0,108686.0,0.0,0,0.0
411214,1,70291.0,68039.0,2252.0,0,0.0
401215,0,35927.0,35579.0,348.0,0,0.0
411215,1,63791.0,63659.0,132.0,7,2004.0
401216,0,66794.0,64466.0,2328.0,0,0.0
411216,1,66932.0,64561.0,2371.0,0,0.0
401217,0,78281.0,73184.0,5097.0,1,2952.0
411217,1,77327.0,78619.0,-1292.0,0,0.0
401218,0,113823.0,114059.0,-236.0,2,957.0
411218,1,74383.0,67570.0,6813.0,1,286.0
401219,0,72440.0,72295.0,145.0,7,893.0
411219,1,83300.0,79208.0,4092.0,0,0.0
401220,0,43661.0,43902.0,-241.0,1,1671.0
411220,1,97703.0,97297.0,406.0,6,1048.0
401221,0,57985.0,57026.0,959.0,0,0.0
411221,1,50837.0,48633.0,2204.0,1,4259.0
401222,0,153766.0,153983.0,-217.0,0,0.0
411222,1,68597.0,68522.0,75.0,11,82.0
401223,0,42622.0,43468.0,-846.0,7,4401.0
411223,1,90852.0,90368.0,484.0,0,0.0
401224,0,107132.0,107143.0,-11.0,0,0.0
411224,1,48310.0,48463.0,-153.0,1,2456.0
401225,0,129186.0,129186.0,0.0,11,323.0
411225,1,39181.0,39296.0,-115.0,2,268.0
401226,0,112100.0,112071.0,29.0,0,0.0
411226,1,95385.0,93363.0,2022.0,0,0.0
401227,0,56179.0,57992.0,-1813.0,7,4173.0
411227,1,70862.0,69447.0,1415.0,0,0.0
401228,0,71910.0,71338.0,572.0,7,2509.0
411228,1,61371.0,58385.0,2986.0,0,0.0
401229,0,109764.0,110255.0,-491.0,1,5780.0
411229,1,109295.0,109349.0,-54.0,1,197.0
401230,0,114316.0,112422.0,1894.0,0,0.0
411230,1,70176.0,69678.0,498.0,6,263.0
401231,0,78571.0,79097.0,-526.0,11,486.0
411231,1,95469.0,95147.0,322.0,0,0.0
401232,0,44812.0,45669.0,-857.0,7,2056.0
411232,1,87810.0,87142.0,668.0,11,111.0
401233,0,86893.0,87933.0,-1040.0,6,257.0
411233,1,57398.0,64380.0,-6982.0,1,11225.0
401234,0,127553.0,128263.0,-710.0,0,0.0
411234,1,60151.0,60323.0,-172.0,0,0.0
401235,0,93521.0,93655.0,-134.0,2,1900.0
411235,1,85725.0,82457.0,3268.0,0,0.0
401236,0,40033.0,40159.0,-126.0,7,563.0
411236,1,81628.0,81052.0,576.0,2,333.0
401237,0,101935.0,101935.0,0.0,11,808.0
411237,1,52918.0,53148.0,-230.0,6,1181.0
401238,0,89259.0,89432.0,-173.0,0,0.0
411238,1,67509.0,67334.0,175.0,1,2643.0
401239,0,83489.0,83471.0,18.0,0,0.0
411239,1,83259.0,80144.0,3115.0,11,118.0
401240,0,95185.0,94300.0,885.0,0,0.0
411240,1,78607.0,72077.0,6530.0,0,0.0
401241,0,57908.0,57083.0,825.0,0,0.0
411241,1,86722.0,85711.0,1011.0,0,0.0
401242,0,70725.0,70293.0,432.0,7,1213.0
411242,1,67088.0,66975.0,113.0,7,984.0
401243,0,67745.0,68209.0,-464.0,0,0.0
411243,1,84278.0,84348.0,-70.0,11,217.0
401244,0,116013.0,115657.0,356.0,11,80.0
411244,1,65486.0,63690.0,1796.0,0,0.0
401245,0,55090.0,64230.0,-9140.0,7,5784.0
411245,1,46127.0,43801.0,2326.0,7,904.0
401246,0,94231.0,94064.0,167.0,0,0.0
411246,1,32283.0,30459.0,1824.0,1,2336.0
401247,0,119376.0,119584.0,-208.0,0,0.0
411247,1,74094.0,73276.0,818.0,0,0.0
401248,0,86814.0,86816.0,-2.0,0,0.0
411248,1,120942.0,111500.0,9442.0,0,0.0
401249,0,66115.0,66112.0,3.0,0,0.0
411249,1,65334.0,64746.0,588.0,1,2232.0
401250,0,65677.0,63974.0,1703.0,0,0.0
411250,1,130333.0,130817.0,-484.0,2,4541.0
401251,0,63360.0,63812.0,-452.0,7,980.0
411251,1,105914.0,104722.0,1192.0,0,0.0
401252,0,99194.0,98355.0,839.0,0,0.0
411252,1,85074.0,84503.0,571.0,0,0.0
401253,0,93376.0,94635.0,-1259.0,1,6677.0
411253,1,125455.0,126974.0,-1519.0,2,888.0
401254,0,63215.0,63386.0,-171.0,7,2635.0
411254,1,116006.0,110137.0,5869.0,0,0.0
401255,0,61399.0,60865.0,534.0,6,260.0
411255,1,85042.0,80235.0,4807.0,1,3677.0
401256,0,72801.0,59165.0,13636.0,0,0.0
411256,1,52353.0,51837.0,516.0,6,2002.0
401257,0,104391.0,103615.0,776.0,0,0.0
411257,1,70959.0,70542.0,417.0,7,4625.0
401258,0,76962.0,76277.0,685.0,0,0.0
411258,1,70614.0,70950.0,-336.0,11,418.0
401259,0,97107.0,96691.0,416.0,11,90.0
411259,1,50518.0,50400.0,118.0,0,0.0
401260,0,94184.0,94541.0,-357.0,11,813.0
411260,1,88479.0,88263.0,216.0,11,344.0
401261,0,73498.0,73177.0,321.0,0,0.0
411261,1,87494.0,86659.0,835.0,1,6172.0
401262,0,89038.0,89175.0,-137.0,11,266.0
411262,1,80641.0,82131.0,-1490.0,1,853.0
401263,0,101623.0,102285.0,-662.0,0,0.0
411263,1,96841.0,95574.0,1267.0,6,1103.0
401264,0,99310.0,100883.0,-1573.0,2,1419.0
411264,1,90838.0,90464.0,374.0,0,0.0
401265,0,84340.0,82126.0,2214.0,0,0.0
411265,1,85665.0,84312.0,1353.0,2,992.0
401266,0,111478.0,112944.0,-1466.0,1,1597.0
411266,1,74888.0,73566.0,1322.0,0,0.0
401267,0,83409.0,83243.0,166.0,0,0.0
411267,1,67673.0,65444.0,2229.0,0,0.0
401268,0,86430.0,86430.0,0.0,2,784.0
411268,1,104283.0,102658.0,1625.0,0,0.0
401269,0,70766.0,70402.0,364.0,0,0.0
411269,1,63717.0,62886.0,831.0,2,1662.0
401270,0,74070.0,74917.0,-847.0,11,252.0
411270,1,63261.0,64851.0,-1590.0,1,4123.0
401271,0,78704.0,76476.0,2228.0,0,0.0
411271,1,89856.0,89678.0,178.0,11,447.0
401272,0,90018.0,89713.0,305.0,0,0.0
411272,1,80414.0,79241.0,1173.0,0,0.0
401273,0,105901.0,105646.0,255.0,0,0.0
411273,1,68325.0,72085.0,-3760.0,1,3066.0
401274,0,42029.0,42083.0,-54.0,7,2669.0
411274,1,20131.0,19824.0,307.0,11,103.0
401275,0,118188.0,118348.0,-160.0,8,271.0
411275,1,60504.0,61556.0,-1052.0,7,1296.0
401276,0,89060.0,88570.0,490.0,0,0.0
411276,1,53998.0,53948.0,50.0,11,160.0
401277,0,133384.0,133087.0,297.0,0,0.0
411277,1,56654.0,55463.0,1191.0,2,3283.0
401278,0,77380.0,76662.0,718.0,0,0.0
411278,1,97654.0,96649.0,1005.0,0,0.0
401279,0,99659.0,100559.0,-900.0,11,74.0
411279,1,69501.0,68769.0,732.0,2,1179.0
401280,0,36270.0,36105.0,165.0,7,1393.0
411280,1,115281.0,115161.0,120.0,0,0.0
401281,0,118636.0,118681.0,-45.0,0,0.0
411281,1,76997.0,76819.0,178.0,6,256.0
401282,0,80297.0,80289.0,8.0,0,0.0
411282,1,66274.0,70149.0,-3875.0,7,2477.0
401283,0,98248.0,90424.0,7824.0,4,1527.0
411283,1,94414.0,92875.0,1539.0,0,0.0
401284,0,102389.0,102965.0,-576.0,0,0.0
411284,1,38000.0,37684.0,316.0,6,1217.0
401285,0,36809.0,41011.0,-4202.0,1,6922.0
411285,1,107339.0,107530.0,-191.0,2,493.0
401286,0,112762.0,105339.0,7423.0,6,249.0
411286,1,37572.0,37640.0,-68.0,7,536.0
401287,0,128168.0,129637.0,-1469.0,1,4650.0
411287,1,69222.0,66804.0,2418.0,0,0.0
401288,0,70938.0,70855.0,83.0,1,760.0
411288,1,131521.0,132594.0,-1073.0,1,3188.0
401289,0,119346.0,119346.0,0.0,11,202.0
411289,1,59200.0,58846.0,354.0,11,181.0
401290,0,102470.0,102800.0,-330.0,11,254.0
411290,1,101723.0,105654.0,-3931.0,1,1950.0
401291,0,79156.0,85909.0,-6753.0,2,5053.0
411291,1,73553.0,72668.0,885.0,0,0.0
401292,0,90052.0,87517.0,2535.0,0,0.0
411292,1,84528.0,84096.0,432.0,1,2133.0
401293,0,66188.0,64435.0,1753.0,0,0.0
411293,1,78743.0,76851.0,1892.0,0,0.0
401294,0,68505.0,66508.0,1997.0,0,0.0
411294,1,126542.0,124973.0,1569.0,2,2872.0
401295,0,113090.0,113111.0,-21.0,0,0.0
411295,1,125144.0,123911.0,1233.0,0,0.0
401296,0,85805.0,85805.0,0.0,0,0.0
411296,1,46681.0,45696.0,985.0,0,0.0
401297,0,44499.0,45950.0,-1451.0,1,2048.0
411297,1,63788.0,64024.0,-236.0,11,522.0
401298,0,129321.0,129569.0,-248.0,1,456.0
411298,1,83713.0,83194.0,519.0,1,1822.0
401299,0,98277.0,99559.0,-1282.0,7,575.0
411299,1,69182.0,68746.0,436.0,6,278.0
401300,0,79840.0,79413.0,427.0,0,0.0
411300,1,96756.0,96121.0,635.0,2,350.0
401301,0,83174.0,81596.0,1578.0,0,0.0
411301,1,77681.0,74780.0,2901.0,7,938.0
401302,0,72949.0,71931.0,1018.0,6,257.0
411302,1,61720.0,57977.0,3743.0,0,0.0
401303,0,90990.0,90990.0,0.0,0,0.0
411303,1,103503.0,103451.0,52.0,2,1230.0
401304,0,75071.0,75499.0,-428.0,0,0.0
411304,1,105265.0,105248.0,17.0,6,258.0
401305,0,76656.0,76602.0,54.0,7,2965.0
411305,1,60529.0,68905.0,-8376.0,2,6728.0
401306,0,55590.0,54640.0,950.0,11,143.0
411306,1,117710.0,116396.0,1314.0,11,183.0
401307,0,86596.0,89639.0,-3043.0,1,2196.0
411307,1,56709.0,57192.0,-483.0,7,3237.0
401308,0,106228.0,105712.0,516.0,0,0.0
411308,1,123704.0,124133.0,-429.0,0,0.0
401309,0,30902.0,30991.0,-89.0,7,217.0
411309,1,68089.0,66507.0,1582.0,0,0.0
401310,0,125009.0,123100.0,1909.0,0,0.0
411310,1,84419.0,80053.0,4366.0,0,0.0
401311,0,69097.0,68288.0,809.0,0,0.0
411311,1,86952.0,86262.0,690.0,6,80.0
401312,0,51114.0,51297.0,-183.0,1,196.0
411312,1,118593.0,117988.0,605.0,1,1170.0
401313,0,77258.0,75926.0,1332.0,0,0.0
411313,1,78687.0,78277.0,410.0,0,0.0
401314,0,87730.0,85526.0,2204.0,0,0.0
411314,1,104267.0,104098.0,169.0,6,256.0
401315,0,64463.0,64601.0,-138.0,0,0.0
411315,1,74151.0,72223.0,1928.0,0,0.0
401316,0,71566.0,71007.0,559.0,0,0.0
411316,1,64943.0,64238.0,705.0,2,1149.0
401317,0,73748.0,71532.0,2216.0,2,356.0
411317,1,88659.0,87608.0,1051.0,0,0.0
401318,0,83597.0,83173.0,424.0,2,5208.0
411318,1,90349.0,87825.0,2524.0,7,1335.0
401319,0,90003.0,90003.0,0.0,0,0.0
411319,1,92934.0,92635.0,299.0,0,0.0
401320,0,59262.0,59225.0,37.0,11,108.0
411320,1,73529.0,74991.0,-1462.0,0,0.0
401321,0,65099.0,66682.0,-1583.0,7,3951.0
411321,1,69910.0,70459.0,-549.0,0,0.0
401322,0,84829.0,84132.0,697.0,0,0.0
411322,1,50394.0,50205.0,189.0,1,1433.0
401323,0,65751.0,63734.0,2017.0,0,0.0
411323,1,79073.0,77293.0,1780.0,7,656.0
401324,0,94265.0,94367.0,-102.0,0,0.0
411324,1,78652.0,79153.0,-501.0,1,1605.0
401325,0,85951.0,85557.0,394.0,4,1881.0
411325,1,122350.0,121960.0,390.0,0,0.0
401326,0,86542.0,86657.0,-115.0,0,0.0
411326,1,32927.0,47990.0,-15063.0,2,15757.0
401327,0,108860.0,107538.0,1322.0,1,4002.0
411327,1,65080.0,64417.0,663.0,1,2872.0
401328,0,120553.0,120914.0,-361.0,0,0.0
411328,1,57496.0,55873.0,1623.0,0,0.0
401329,0,67203.0,66584.0,619.0,0,0.0
411329,1,116969.0,117296.0,-327.0,1,2949.0
401330,0,121819.0,123222.0,-1403.0,1,57.0
411330,1,79690.0,78728.0,962.0,0,0.0
401331,0,58357.0,58531.0,-174.0,1,610.0
411331,1,65834.0,65391.0,443.0,2,38634.0
401332,0,122023.0,124068.0,-2045.0,0,0.0
411332,1,104212.0,101886.0,2326.0,2,548.0
401333,0,99505.0,99594.0,-89.0,1,707.0
411333,1,69444.0,68878.0,566.0,6,259.0
401334,0,123693.0,124589.0,-896.0,0,0.0
411334,1,112005.0,111182.0,823.0,0,0.0
401335,0,94466.0,91216.0,3250.0,11,122.0
411335,1,84356.0,83271.0,1085.0,0,0.0
401336,0,90424.0,90402.0,22.0,0,0.0
411336,1,87993.0,79577.0,8416.0,0,0.0
401337,0,83344.0,82053.0,1291.0,0,0.0
411337,1,72617.0,72956.0,-339.0,1,1225.0
401338,0,70830.0,71512.0,-682.0,11,353.0
411338,1,97034.0,96974.0,60.0,0,0.0
401339,0,37443.0,37754.0,-311.0,7,974.0
411339,1,70349.0,69862.0,487.0,2,278.0
401340,0,79153.0,77839.0,1314.0,7,1909.0
411340,1,83184.0,81920.0,1264.0,0,0.0
401341,0,56850.0,60732.0,-3882.0,6,1036.0
411341,1,134251.0,134049.0,202.0,0,0.0
401342,0,108317.0,106593.0,1724.0,0,0.0
411342,1,82339.0,79543.0,2796.0,0,0.0
401343,0,60769.0,61328.0,-559.0,11,400.0
411343,1,78585.0,80948.0,-2363.0,0,0.0
401344,0,24114.0,24233.0,-119.0,0,0.0
411344,1,86112.0,85158.0,954.0,0,0.0
401345,0,50195.0,54755.0,-4560.0,1,1155.0
411345,1,76543.0,76021.0,522.0,7,908.0
401346,0,38034.0,38471.0,-437.0,0,0.0
411346,1,96741.0,93437.0,3304.0,0,0.0
401347,0,97404.0,97404.0,0.0,1,1005.0
411347,1,55763.0,53639.0,2124.0,0,0.0
401348,0,62921.0,59562.0,3359.0,0,0.0
411348,1,74780.0,74616.0,164.0,1,1235.0
401349,0,59579.0,61637.0,-2058.0,1,121.0
411349,1,67377.0,67063.0,314.0,0,0.0
401350,0,55352.0,55354.0,-2.0,11,222.0
411350,1,74615.0,74133.0,482.0,1,2500.0
401351,0,36590.0,34096.0,2494.0,1,3289.0
411351,1,98622.0,97841.0,781.0,0,0.0
401352,0,98560.0,98560.0,0.0,0,0.0
411352,1,72514.0,71769.0,745.0,1,670.0
401353,0,83479.0,83411.0,68.0,6,861.0
411353,1,74192.0,74534.0,-342.0,1,466.0
401354,0,56032.0,56587.0,-555.0,0,0.0
411354,1,79692.0,79637.0,55.0,0,0.0
401355,0,86460.0,86490.0,-30.0,11,503.0
411355,1,97285.0,95693.0,1592.0,0,0.0
401356,0,58002.0,56895.0,1107.0,0,0.0
411356,1,90438.0,89246.0,1192.0,0,0.0
401357,0,121794.0,122005.0,-211.0,0,0.0
411357,1,84878.0,84638.0,240.0,0,0.0
401358,0,78342.0,77935.0,407.0,11,345.0
411358,1,122356.0,130444.0,-8088.0,2,4970.0
401359,0,73710.0,69986.0,3724.0,0,0.0
411359,1,77331.0,76073.0,1258.0,0,0.0
401360,0,101000.0,100277.0,723.0,0,0.0
411360,1,24645.0,24107.0,538.0,6,114.0
401361,0,70202.0,69808.0,394.0,7,3856.0
411361,1,63505.0,59672.0,3833.0,0,0.0
401362,0,29838.0,30107.0,-269.0,2,5068.0
411362,1,107840.0,107294.0,546.0,11,53.0
401363,0,111710.0,100925.0,10785.0,11,130.0
411363,1,55818.0,61050.0,-5232.0,2,2619.0
401364,0,23292.0,22783.0,509.0,11,329.0
411364,1,111073.0,109810.0,1263.0,0,0.0
401365,0,128159.0,128223.0,-64.0,0,0.0
411365,1,60450.0,60888.0,-438.0,1,5894.0
401366,0,89135.0,89135.0,0.0,0,0.0
411366,1,68311.0,75848.0,-7537.0,2,7131.0
401367,0,58558.0,59603.0,-1045.0,11,1389.0
411367,1,44221.0,44529.0,-308.0,1,5993.0
401368,0,56016.0,56273.0,-257.0,1,2464.0
411368,1,80890.0,81328.0,-438.0,0,0.0
401369,0,65273.0,63003.0,2270.0,0,0.0
411369,1,96492.0,95099.0,1393.0,2,4701.0
401370,0,58881.0,59235.0,-354.0,1,777.0
411370,1,108471.0,104812.0,3659.0,2,2284.0
401371,0,23310.0,23759.0,-449.0,0,0.0
411371,1,113383.0,113769.0,-386.0,6,243.0
401372,0,99826.0,99854.0,-28.0,2,147.0
411372,1,105519.0,106183.0,-664.0,7,536.0
401373,0,111375.0,110679.0,696.0,0,0.0
411373,1,57981.0,57819.0,162.0,6,257.0
401374,0,95176.0,95216.0,-40.0,11,459.0
411374,1,78691.0,77565.0,1126.0,1,38548.0
401375,0,71321.0,68215.0,3106.0,0,0.0
411375,1,105735.0,104898.0,837.0,0,0.0
401376,0,39758.0,39780.0,-22.0,6,531.0
411376,1,73038.0,68842.0,4196.0,0,0.0
401377,0,80024.0,79049.0,975.0,0,0.0
411377,1,77068.0,76909.0,159.0,7,1711.0
401378,0,100425.0,108260.0,-7835.0,1,6108.0
411378,1,101151.0,99893.0,1258.0,0,0.0
401379,0,56592.0,57027.0,-435.0,1,1002.0
411379,1,67873.0,67941.0,-68.0,2,172.0
401380,0,61176.0,61391.0,-215.0,11,189.0
411380,1,71586.0,72932.0,-1346.0,1,454.0
401381,0,97149.0,96934.0,215.0,0,0.0
411381,1,102173.0,101016.0,1157.0,11,261.0
401382,0,126008.0,125318.0,690.0,0,0.0
411382,1,57642.0,54027.0,3615.0,0,0.0
401383,0,117232.0,117019.0,213.0,0,0.0
411383,1,122119.0,121813.0,306.0,11,264.0
401384,0,106896.0,105823.0,1073.0,0,0.0
411384,1,117115.0,122395.0,-5280.0,1,3729.0
401385,0,82584.0,82514.0,70.0,1,934.0
411385,1,24973.0,24720.0,253.0,0,0.0
401386,0,125682.0,127919.0,-2237.0,0,0.0
411386,1,46969.0,46690.0,279.0,7,760.0
401387,0,78974.0,79274.0,-300.0,0,0.0
411387,1,40357.0,40381.0,-24.0,0,0.0
401388,0,96960.0,96932.0,28.0,6,830.0
411388,1,74069.0,74510.0,-441.0,7,2612.0
401389,0,100687.0,100829.0,-142.0,0,0.0
411389,1,90984.0,90867.0,117.0,11,328.0
401390,0,81173.0,79081.0,2092.0,0,0.0
411390,1,33081.0,32781.0,300.0,7,2773.0
401391,0,86274.0,85843.0,431.0,0,0.0
411391,1,76730.0,76551.0,179.0,1,501.0
401392,0,54725.0,57999.0,-3274.0,1,10157.0
411392,1,68160.0,68435.0,-275.0,11,399.0
401393,0,123037.0,122764.0,273.0,0,0.0
411393,1,71187.0,71415.0,-228.0,7,3367.0
401394,0,82046.0,80952.0,1094.0,0,0.0
411394,1,45512.0,45659.0,-147.0,1,3694.0
401395,0,85223.0,82734.0,2489.0,1,5770.0
411395,1,122288.0,121855.0,433.0,0,0.0
401396,0,115443.0,115866.0,-423.0,0,0.0
411396,1,61662.0,62480.0,-818.0,1,1851.0
401397,0,39050.0,39908.0,-858.0,7,1584.0
411397,1,33405.0,33941.0,-536.0,2,1530.0
401398,0,110441.0,110569.0,-128.0,11,259.0
411398,1,88838.0,88320.0,518.0,0,0.0
401399,0,93889.0,93315.0,574.0,0,0.0
411399,1,70921.0,68983.0,1938.0,0,0.0
401400,0,62802.0,62542.0,260.0,0,0.0
411400,1,44317.0,43439.0,878.0,11,387.0
401401,0,110183.0,108801.0,1382.0,2,1488.0
411401,1,113333.0,120661.0,-7328.0,1,6956.0
401402,0,78258.0,78222.0,36.0,1,1101.0
411402,1,102693.0,102739.0,-46.0,11,289.0
401403,0,36668.0,36881.0,-213.0,1,405.0
411403,1,99399.0,99194.0,205.0,11,687.0
401404,0,95322.0,93336.0,1986.0,0,0.0
411404,1,47755.0,48168.0,-413.0,7,2719.0
401405,0,83991.0,89508.0,-5517.0,7,4707.0
411405,1,126306.0,127771.0,-1465.0,1,2927.0
401406,0,77237.0,78154.0,-917.0,0,0.0
411406,1,43395.0,42482.0,913.0,11,281.0
401407,0,37819.0,37950.0,-131.0,7,194.0
411407,1,65618.0,61677.0,3941.0,7,1694.0
401408,0,131931.0,132067.0,-136.0,11,268.0
411408,1,73030.0,71160.0,1870.0,0,0.0
401409,0,57146.0,57628.0,-482.0,11,504.0
411409,1,69678.0,66857.0,2821.0,0,0.0
401410,0,87002.0,96063.0,-9061.0,2,6620.0
411410,1,96325.0,86151.0,10174.0,0,0.0
401411,0,62582.0,63020.0,-438.0,0,0.0
411411,1,73655.0,73530.0,125.0,0,0.0
401412,0,66188.0,66466.0,-278.0,0,0.0
411412,1,95666.0,93281.0,2385.0,0,0.0
401413,0,48607.0,50291.0,-1684.0,1,2622.0
411413,1,103246.0,101602.0,1644.0,0,0.0
401414,0,91164.0,90367.0,797.0,6,494.0
411414,1,66311.0,62493.0,3818.0,0,0.0
401415,0,37150.0,37219.0,-69.0,7,731.0
411415,1,77242.0,83352.0,-6110.0,1,7918.0
401416,0,82939.0,83083.0,-144.0,0,0.0
411416,1,42877.0,41993.0,884.0,11,485.0
401417,0,111366.0,118848.0,-7482.0,1,3259.0
411417,1,112708.0,117470.0,-4762.0,2,4164.0
401418,0,100582.0,100390.0,192.0,0,0.0
411418,1,80073.0,79186.0,887.0,0,0.0
401419,0,80898.0,75515.0,5383.0,0,0.0
411419,1,80966.0,79148.0,1818.0,11,402.0
401420,0,72701.0,72603.0,98.0,2,825.0
411420,1,37629.0,41124.0,-3495.0,7,3535.0
401421,0,59505.0,58009.0,1496.0,0,0.0
411421,1,62939.0,62907.0,32.0,1,517.0
401422,0,114972.0,112577.0,2395.0,1,3727.0
411422,1,57195.0,57143.0,52.0,1,197.0
401423,0,40876.0,38218.0,2658.0,7,620.0
411423,1,72190.0,69102.0,3088.0,7,1672.0
401424,0,124347.0,125472.0,-1125.0,0,0.0
411424,1,80746.0,81099.0,-353.0,0,0.0
401425,0,27657.0,27606.0,51.0,11,138.0
411425,1,50957.0,50582.0,375.0,11,378.0
401426,0,122883.0,123051.0,-168.0,2,107.0
411426,1,40275.0,39924.0,351.0,0,0.0
401427,0,145604.0,145489.0,115.0,0,0.0
411427,1,100814.0,100088.0,726.0,0,0.0
401428,0,84008.0,83171.0,837.0,7,536.0
411428,1,44569.0,42793.0,1776.0,1,1161.0
401429,0,79040.0,78848.0,192.0,0,0.0
411429,1,93923.0,97569.0,-3646.0,6,4486.0
401430,0,103456.0,104557.0,-1101.0,2,820.0
411430,1,70847.0,70467.0,380.0,7,2366.0
401431,0,126834.0,118302.0,8532.0,0,0.0
411431,1,86799.0,87077.0,-278.0,11,266.0
401432,0,92169.0,92027.0,142.0,1,6357.0
411432,1,98013.0,97095.0,918.0,0,0.0
401433,0,55690.0,55863.0,-173.0,11,621.0
411433,1,73898.0,68170.0,5728.0,1,3230.0
401434,0,74169.0,73865.0,304.0,0,0.0
411434,1,102808.0,113659.0,-10851.0,1,6073.0
401435,0,89802.0,89802.0,0.0,0,0.0
411435,1,63323.0,66741.0,-3418.0,7,2497.0
401436,0,49917.0,50510.0,-593.0,7,3401.0
411436,1,38907.0,38619.0,288.0,11,141.0
401437,0,54274.0,61786.0,-7512.0,1,4836.0
411437,1,75592.0,74940.0,652.0,0,0.0
401438,0,86795.0,87047.0,-252.0,7,3852.0
411438,1,107805.0,107497.0,308.0,1,4945.0
401439,0,61080.0,61016.0,64.0,11,372.0
411439,1,76416.0,72561.0,3855.0,0,0.0
401440,0,110498.0,109953.0,545.0,11,191.0
411440,1,101930.0,101731.0,199.0,1,738.0
401441,0,57552.0,57831.0,-279.0,1,2633.0
411441,1,72497.0,72349.0,148.0,0,0.0
401442,0,107858.0,107832.0,26.0,0,0.0
411442,1,63696.0,63591.0,105.0,11,51.0
401443,0,78900.0,79076.0,-176.0,0,0.0
411443,1,89595.0,88955.0,640.0,0,0.0
401444,0,73779.0,74573.0,-794.0,6,258.0
411444,1,77366.0,76139.0,1227.0,0,0.0
401445,0,74112.0,73296.0,816.0,1,866.0
411445,1,90521.0,86322.0,4199.0,0,0.0
401446,0,45499.0,45182.0,317.0,7,2687.0
411446,1,77774.0,76971.0,803.0,0,0.0
401447,0,94093.0,93647.0,446.0,0,0.0
411447,1,78984.0,74655.0,4329.0,7,4017.0
401448,0,106155.0,105722.0,433.0,0,0.0
411448,1,74614.0,73032.0,1582.0,7,259.0
401449,0,93015.0,89978.0,3037.0,11,597.0
411449,1,137079.0,137159.0,-80.0,0,0.0
401450,0,103505.0,103505.0,0.0,1,608.0
411450,1,115280.0,115632.0,-352.0,11,269.0
401451,0,49050.0,49293.0,-243.0,11,640.0
411451,1,130619.0,123100.0,7519.0,1,853.0
401452,0,66392.0,66341.0,51.0,0,0.0
411452,1,73321.0,72618.0,703.0,1,1330.0
401453,0,73165.0,72329.0,836.0,0,0.0
411453,1,107999.0,107681.0,318.0,6,254.0
401454,0,90771.0,90771.0,0.0,1,1092.0
411454,1,99209.0,90323.0,8886.0,0,0.0
401455,0,82516.0,81839.0,677.0,0,0.0
411455,1,101504.0,100105.0,1399.0,1,297.0
401456,0,100006.0,99032.0,974.0,11,509.0
411456,1,110526.0,110090.0,436.0,1,119.0
401457,0,111074.0,111952.0,-878.0,0,0.0
411457,1,65026.0,64625.0,401.0,0,0.0
401458,0,63703.0,70373.0,-6670.0,2,4611.0
411458,1,35871.0,36023.0,-152.0,6,429.0
401459,0,82912.0,82802.0,110.0,0,0.0
411459,1,82796.0,81787.0,1009.0,1,1361.0
401460,0,58653.0,59337.0,-684.0,11,515.0
411460,1,100663.0,95603.0,5060.0,0,0.0
401461,0,106803.0,110672.0,-3869.0,2,4852.0
411461,1,85369.0,84809.0,560.0,0,0.0
401462,0,85345.0,85499.0,-154.0,0,0.0
411462,1,71914.0,73513.0,-1599.0,7,3978.0
401463,0,103956.0,101455.0,2501.0,0,0.0
411463,1,107745.0,107746.0,-1.0,1,927.0
401464,0,80331.0,80331.0,0.0,11,440.0
411464,1,122860.0,122947.0,-87.0,1,1786.0
401465,0,100066.0,99737.0,329.0,0,0.0
411465,1,118198.0,116582.0,1616.0,11,74.0
401466,0,106164.0,105631.0,533.0,1,155.0
411466,1,76627.0,75465.0,1162.0,1,278.0
401467,0,87880.0,87607.0,273.0,0,0.0
411467,1,78812.0,77898.0,914.0,0,0.0
401468,0,67297.0,66089.0,1208.0,0,0.0
411468,1,79989.0,79910.0,79.0,2,980.0
401469,0,59321.0,60195.0,-874.0,1,1451.0
411469,1,71686.0,69396.0,2290.0,0,0.0
401470,0,105700.0,105549.0,151.0,0,0.0
411470,1,113128.0,111363.0,1765.0,0,0.0
401471,0,88984.0,89144.0,-160.0,0,0.0
411471,1,76674.0,75874.0,800.0,6,255.0
401472,0,116895.0,117506.0,-611.0,2,75.0
411472,1,90336.0,88443.0,1893.0,0,0.0
401473,0,59467.0,60070.0,-603.0,11,258.0
411473,1,77306.0,77555.0,-249.0,0,0.0
401474,0,66145.0,65380.0,765.0,0,0.0
411474,1,77149.0,76164.0,985.0,1,1740.0
401475,0,67051.0,67144.0,-93.0,2,6667.0
411475,1,85280.0,84190.0,1090.0,0,0.0
401476,0,57317.0,55014.0,2303.0,0,0.0
411476,1,76504.0,76441.0,63.0,0,0.0
401477,0,80670.0,82795.0,-2125.0,7,3254.0
411477,1,69701.0,65434.0,4267.0,0,0.0
401478,0,36094.0,35796.0,298.0,1,9022.0
411478,1,62455.0,61487.0,968.0,2,4743.0
401479,0,111340.0,111936.0,-596.0,0,0.0
411479,1,117101.0,117323.0,-222.0,1,1550.0
401480,0,90101.0,90428.0,-327.0,11,295.0
411480,1,90056.0,89925.0,131.0,7,2125.0
401481,0,92626.0,91631.0,995.0,0,0.0
411481,1,65846.0,65411.0,435.0,2,370.0
401482,0,75407.0,71187.0,4220.0,11,715.0
411482,1,104100.0,104112.0,-12.0,2,299.0
401483,0,118739.0,118949.0,-210.0,0,0.0
411483,1,75138.0,74610.0,528.0,2,2854.0
401484,0,69033.0,69074.0,-41.0,0,0.0
411484,1,44765.0,43329.0,1436.0,0,0.0
401485,0,51805.0,51291.0,514.0,7,2541.0
411485,1,70333.0,70598.0,-265.0,1,2590.0
401486,0,100262.0,99661.0,601.0,1,1414.0
411486,1,57976.0,58009.0,-33.0,0,0.0
401487,0,113431.0,105801.0,7630.0,0,0.0
411487,1,96631.0,95025.0,1606.0,0,0.0
401488,0,93832.0,93782.0,50.0,0,0.0
411488,1,88237.0,87928.0,309.0,11,74.0
401489,0,91801.0,92019.0,-218.0,0,0.0
411489,1,82633.0,82291.0,342.0,6,515.0
401490,0,86193.0,86226.0,-33.0,7,434.0
411490,1,128846.0,130082.0,-1236.0,0,0.0
401491,0,68574.0,68239.0,335.0,7,2207.0
411491,1,69496.0,69295.0,201.0,0,0.0
401492,0,72151.0,72051.0,100.0,0,0.0
411492,1,71530.0,71708.0,-178.0,6,2443.0
401493,0,142472.0,143238.0,-766.0,0,0.0
411493,1,56486.0,54156.0,2330.0,0,0.0
401494,0,63791.0,63884.0,-93.0,1,2124.0
411494,1,80270.0,79713.0,557.0,0,0.0
401495,0,39133.0,37051.0,2082.0,0,0.0
411495,1,76930.0,78546.0,-1616.0,7,2291.0
401496,0,76795.0,76533.0,262.0,2,362.0
411496,1,125432.0,121980.0,3452.0,11,125.0
401497,0,76024.0,74993.0,1031.0,0,0.0
411497,1,98573.0,106067.0,-7494.0,2,12085.0
401498,0,89306.0,87016.0,2290.0,0,0.0
411498,1,99297.0,98315.0,982.0,0,0.0
401499,0,38021.0,36999.0,1022.0,2,2231.0
411499,1,101516.0,99802.0,1714.0,6,259.0
401500,0,90039.0,98411.0,-8372.0,1,5835.0
411500,1,76996.0,77354.0,-358.0,1,1147.0
401501,0,78932.0,77041.0,1891.0,0,0.0
411501,1,71792.0,70835.0,957.0,7,3823.0
401502,0,70051.0,76083.0,-6032.0,2,8620.0
411502,1,76750.0,73935.0,2815.0,7,480.0
401503,0,52573.0,51277.0,1296.0,11,149.0
411503,1,30143.0,30665.0,-522.0,7,673.0
401504,0,78792.0,83600.0,-4808.0,2,3855.0
411504,1,52525.0,52420.0,105.0,1,217.0
401505,0,104023.0,101971.0,2052.0,6,256.0
411505,1,63957.0,63807.0,150.0,0,0.0
401506,0,82399.0,82299.0,100.0,1,2175.0
411506,1,87497.0,87407.0,90.0,0,0.0
401507,0,57081.0,57556.0,-475.0,11,934.0
411507,1,77882.0,76049.0,1833.0,0,0.0
401508,0,66723.0,64697.0,2026.0,0,0.0
411508,1,99651.0,98439.0,1212.0,0,0.0
401509,0,105676.0,105676.0,0.0,0,0.0
411509,1,50905.0,50278.0,627.0,8,1335.0
401510,0,67160.0,65871.0,1289.0,0,0.0
411510,1,78337.0,77424.0,913.0,0,0.0
401511,0,113456.0,113456.0,0.0,1,1709.0
411511,1,149885.0,150411.0,-526.0,0,0.0
401512,0,115965.0,113912.0,2053.0,0,0.0
411512,1,72309.0,70799.0,1510.0,7,2473.0
401513,0,36843.0,34711.0,2132.0,4,26498.0
411513,1,107284.0,106476.0,808.0,0,0.0
401514,0,79039.0,77814.0,1225.0,0,0.0
411514,1,62015.0,61212.0,803.0,11,414.0
401515,0,105513.0,94174.0,11339.0,0,0.0
411515,1,111545.0,110889.0,656.0,0,0.0
401516,0,76919.0,76337.0,582.0,1,1091.0
411516,1,139791.0,131250.0,8541.0,0,0.0
401517,0,64877.0,65246.0,-369.0,0,0.0
411517,1,152884.0,152866.0,18.0,1,2596.0
401518,0,92025.0,91446.0,579.0,0,0.0
411518,1,109151.0,106250.0,2901.0,0,0.0
401519,0,110851.0,112310.0,-1459.0,1,724.0
411519,1,43984.0,44063.0,-79.0,2,1250.0
401520,0,92305.0,92406.0,-101.0,1,1490.0
411520,1,97480.0,96165.0,1315.0,0,0.0
401521,0,54058.0,54770.0,-712.0,7,2111.0
411521,1,72179.0,72586.0,-407.0,7,1579.0
401522,0,88282.0,87815.0,467.0,0,0.0
411522,1,84611.0,81698.0,2913.0,1,2220.0
401523,0,141217.0,141550.0,-333.0,0,0.0
411523,1,89738.0,86978.0,2760.0,2,3384.0
401524,0,76240.0,75215.0,1025.0,0,0.0
411524,1,79142.0,78966.0,176.0,2,2227.0
401525,0,58229.0,56941.0,1288.0,0,0.0
411525,1,77717.0,74536.0,3181.0,0,0.0
401526,0,70442.0,69881.0,561.0,0,0.0
411526,1,60690.0,58737.0,1953.0,0,0.0
401527,0,154492.0,154883.0,-391.0,0,0.0
411527,1,69465.0,62908.0,6557.0,7,780.0
401528,0,76259.0,76228.0,31.0,0,0.0
411528,1,61696.0,60502.0,1194.0,0,0.0
401529,0,99815.0,99669.0,146.0,1,746.0
411529,1,48249.0,45680.0,2569.0,7,140.0
401530,0,94541.0,93433.0,1108.0,0,0.0
411530,1,59616.0,59462.0,154.0,11,457.0
401531,0,76314.0,77350.0,-1036.0,7,4441.0
411531,1,105071.0,103877.0,1194.0,0,0.0
401532,0,82177.0,80689.0,1488.0,0,0.0
411532,1,63589.0,63958.0,-369.0,11,491.0
401533,0,92247.0,89885.0,2362.0,0,0.0
411533,1,90083.0,88383.0,1700.0,1,1148.0
401534,0,47369.0,47259.0,110.0,0,0.0
411534,1,129194.0,129120.0,74.0,0,0.0
401535,0,46601.0,46065.0,536.0,2,1023.0
411535,1,119015.0,118712.0,303.0,0,0.0
401536,0,78689.0,78217.0,472.0,0,0.0
411536,1,76474.0,75540.0,934.0,2,2169.0
401537,0,80059.0,79855.0,204.0,0,0.0
411537,1,67585.0,66945.0,640.0,1,2331.0
401538,0,94766.0,93464.0,1302.0,0,0.0
411538,1,78264.0,78439.0,-175.0,0,0.0
401539,0,105388.0,98363.0,7025.0,0,0.0
411539,1,53618.0,52556.0,1062.0,0,0.0
401540,0,78876.0,78361.0,515.0,0,0.0
411540,1,75081.0,69392.0,5689.0,0,0.0
401541,0,100859.0,101513.0,-654.0,11,256.0
411541,1,24022.0,23010.0,1012.0,11,143.0
401542,0,116499.0,117736.0,-1237.0,1,984.0
411542,1,31006.0,28112.0,2894.0,7,94.0
401543,0,55860.0,56424.0,-564.0,1,3315.0
411543,1,79346.0,79436.0,-90.0,7,2214.0
401544,0,91933.0,91127.0,806.0,11,309.0
411544,1,90288.0,89871.0,417.0,0,0.0
401545,0,104717.0,104849.0,-132.0,0,0.0
411545,1,67359.0,67810.0,-451.0,7,3282.0
401546,0,102329.0,102329.0,0.0,11,90.0
411546,1,94439.0,87031.0,7408.0,7,169.0
401547,0,52305.0,52471.0,-166.0,1,2225.0
411547,1,105086.0,103975.0,1111.0,0,0.0
401548,0,107816.0,108292.0,-476.0,2,1504.0
411548,1,147532.0,146597.0,935.0,1,1617.0
401549,0,109322.0,109605.0,-283.0,0,0.0
411549,1,108731.0,101588.0,7143.0,0,0.0
401550,0,32233.0,32591.0,-358.0,2,320.0
411550,1,82933.0,83346.0,-413.0,7,3303.0
401551,0,71485.0,71201.0,284.0,0,0.0
411551,1,63066.0,60842.0,2224.0,0,0.0
401552,0,103654.0,93722.0,9932.0,11,54.0
411552,1,122886.0,123125.0,-239.0,1,44914.0
401553,0,63804.0,64416.0,-612.0,7,2036.0
411553,1,58861.0,56395.0,2466.0,1,1932.0
401554,0,116314.0,116533.0,-219.0,0,0.0
411554,1,49597.0,48757.0,840.0,11,142.0
401555,0,114191.0,114096.0,95.0,1,1379.0
411555,1,74264.0,68539.0,5725.0,7,1714.0
401556,0,48715.0,48895.0,-180.0,7,2350.0
411556,1,76815.0,69081.0,7734.0,6,251.0
401557,0,92488.0,92145.0,343.0,11,96.0
411557,1,38119.0,38003.0,116.0,7,2253.0
401558,0,115239.0,118818.0,-3579.0,1,2169.0
411558,1,108557.0,112562.0,-4005.0,6,2184.0
401559,0,104831.0,106079.0,-1248.0,2,1130.0
411559,1,84371.0,84129.0,242.0,1,416.0
401560,0,104896.0,113593.0,-8697.0,2,6217.0
411560,1,70805.0,67098.0,3707.0,0,0.0
401561,0,72563.0,72434.0,129.0,0,0.0
411561,1,121690.0,121251.0,439.0,0,0.0
401562,0,122950.0,122995.0,-45.0,0,0.0
411562,1,58855.0,59163.0,-308.0,1,1860.0
401563,0,77156.0,77127.0,29.0,0,0.0
411563,1,77754.0,77529.0,225.0,6,256.0
401564,0,122490.0,122798.0,-308.0,1,1871.0
411564,1,84146.0,82070.0,2076.0,7,2538.0
401565,0,126258.0,127268.0,-1010.0,0,0.0
411565,1,94221.0,94857.0,-636.0,2,366.0
401566,0,96998.0,95651.0,1347.0,0,0.0
411566,1,81449.0,80863.0,586.0,1,1416.0
401567,0,96545.0,96632.0,-87.0,11,409.0
411567,1,75242.0,74636.0,606.0,0,0.0
401568,0,70953.0,70616.0,337.0,1,2607.0
411568,1,72893.0,73014.0,-121.0,11,918.0
401569,0,80215.0,80213.0,2.0,0,0.0
411569,1,125779.0,127782.0,-2003.0,1,1149.0
401570,0,108384.0,107537.0,847.0,11,91.0
411570,1,40701.0,39753.0,948.0,0,0.0
401571,0,63349.0,62855.0,494.0,0,0.0
411571,1,93184.0,92818.0,366.0,6,255.0
401572,0,70116.0,69344.0,772.0,0,0.0
411572,1,125170.0,125300.0,-130.0,0,0.0
401573,0,112219.0,113165.0,-946.0,1,141.0
411573,1,85907.0,85192.0,715.0,0,0.0
401574,0,102706.0,102878.0,-172.0,11,356.0
411574,1,118325.0,122576.0,-4251.0,7,498.0
401575,0,85347.0,81206.0,4141.0,0,0.0
411575,1,59928.0,59702.0,226.0,0,0.0
401576,0,84075.0,80738.0,3337.0,0,0.0
411576,1,39923.0,40330.0,-407.0,7,2018.0
401577,0,66147.0,65797.0,350.0,6,257.0
411577,1,107637.0,108482.0,-845.0,2,1623.0
401578,0,115966.0,111899.0,4067.0,6,258.0
411578,1,77300.0,77143.0,157.0,0,0.0
401579,0,78316.0,78258.0,58.0,0,0.0
411579,1,125849.0,124637.0,1212.0,0,0.0
401580,0,85718.0,84260.0,1458.0,0,0.0
411580,1,91945.0,88801.0,3144.0,0,0.0
401581,0,134290.0,142322.0,-8032.0,1,5968.0
411581,1,60256.0,59973.0,283.0,7,2681.0
401582,0,66474.0,65703.0,771.0,6,262.0
411582,1,81246.0,80873.0,373.0,0,0.0
401583,0,73609.0,73248.0,361.0,1,370.0
411583,1,86128.0,86532.0,-404.0,7,442.0
401584,0,81377.0,82026.0,-649.0,7,574.0
411584,1,81008.0,80778.0,230.0,0,0.0
401585,0,84470.0,84380.0,90.0,11,328.0
411585,1,96547.0,96358.0,189.0,2,2746.0
401586,0,124579.0,124525.0,54.0,0,0.0
411586,1,110664.0,109189.0,1475.0,0,0.0
401587,0,62656.0,63205.0,-549.0,11,204.0
411587,1,116793.0,121242.0,-4449.0,1,6479.0
401588,0,71510.0,71235.0,275.0,0,0.0
411588,1,104288.0,103975.0,313.0,11,352.0
401589,0,62493.0,62344.0,149.0,0,0.0
411589,1,32516.0,31628.0,888.0,0,0.0
401590,0,95083.0,94866.0,217.0,0,0.0
411590,1,67664.0,67219.0,445.0,1,2225.0
401591,0,109474.0,117315.0,-7841.0,1,6226.0
411591,1,60357.0,58994.0,1363.0,7,2405.0
401592,0,47891.0,49424.0,-1533.0,1,4533.0
411592,1,41059.0,40749.0,310.0,0,0.0
401593,0,82434.0,79294.0,3140.0,0,0.0
411593,1,69203.0,71535.0,-2332.0,1,1150.0
401594,0,81976.0,81605.0,371.0,11,542.0
411594,1,66611.0,66316.0,295.0,2,835.0
401595,0,76447.0,76593.0,-146.0,0,0.0
411595,1,88058.0,86519.0,1539.0,0,0.0
401596,0,44409.0,44897.0,-488.0,11,547.0
411596,1,61985.0,62289.0,-304.0,11,540.0
401597,0,80036.0,78181.0,1855.0,0,0.0
411597,1,71690.0,72042.0,-352.0,6,252.0
401598,0,85411.0,85385.0,26.0,0,0.0
411598,1,112864.0,111507.0,1357.0,0,0.0
401599,0,80120.0,79973.0,147.0,0,0.0
411599,1,24738.0,23414.0,1324.0,2,822.0
401600,0,134675.0,134477.0,198.0,0,0.0
411600,1,77482.0,76727.0,755.0,0,0.0
401601,0,40306.0,40088.0,218.0,1,1267.0
411601,1,111825.0,110432.0,1393.0,0,0.0
401602,0,147027.0,147106.0,-79.0,0,0.0
411602,1,63670.0,63371.0,299.0,1,338.0
401603,0,74439.0,74155.0,284.0,1,508.0
411603,1,74419.0,74009.0,410.0,0,0.0
401604,0,59475.0,59471.0,4.0,7,1600.0
411604,1,67984.0,64776.0,3208.0,1,192.0
401605,0,63059.0,63059.0,0.0,0,0.0
411605,1,64399.0,64990.0,-591.0,0,0.0
401606,0,78850.0,77271.0,1579.0,0,0.0
411606,1,125259.0,126708.0,-1449.0,0,0.0
401607,0,52220.0,50828.0,1392.0,0,0.0
411607,1,101897.0,101157.0,740.0,0,0.0
401608,0,75869.0,82721.0,-6852.0,7,675.0
411608,1,104889.0,104021.0,868.0,0,0.0
401609,0,76156.0,72945.0,3211.0,0,0.0
411609,1,53632.0,53243.0,389.0,1,2912.0
401610,0,72462.0,72035.0,427.0,1,1990.0
411610,1,72211.0,71792.0,419.0,0,0.0
401611,0,102644.0,97702.0,4942.0,0,0.0
411611,1,72806.0,72232.0,574.0,0,0.0
401612,0,83250.0,83517.0,-267.0,0,0.0
411612,1,44103.0,44135.0,-32.0,1,3276.0
401613,0,123738.0,123518.0,220.0,1,715.0
411613,1,84624.0,84148.0,476.0,0,0.0
401614,0,147564.0,147358.0,206.0,0,0.0
411614,1,52515.0,52130.0,385.0,1,110.0
401615,0,56125.0,56263.0,-138.0,0,0.0
411615,1,84928.0,82652.0,2276.0,0,0.0
401616,0,70209.0,70229.0,-20.0,6,257.0
411616,1,120304.0,121392.0,-1088.0,0,0.0
401617,0,107982.0,108004.0,-22.0,0,0.0
411617,1,91740.0,91560.0,180.0,0,0.0
401618,0,61995.0,69126.0,-7131.0,1,5041.0
411618,1,108826.0,113092.0,-4266.0,1,3303.0
401619,0,89251.0,88211.0,1040.0,1,67.0
411619,1,62771.0,62585.0,186.0,1,7510.0
401620,0,69424.0,68960.0,464.0,0,0.0
411620,1,82454.0,79347.0,3107.0,0,0.0
401621,0,121824.0,122590.0,-766.0,0,0.0
411621,1,47319.0,46851.0,468.0,1,2866.0
401622,0,61523.0,61785.0,-262.0,11,274.0
411622,1,51045.0,51531.0,-486.0,1,508.0
401623,0,71529.0,67333.0,4196.0,7,891.0
411623,1,51655.0,49747.0,1908.0,1,3812.0
401624,0,58773.0,58476.0,297.0,0,0.0
411624,1,79439.0,78638.0,801.0,1,1894.0
401625,0,120037.0,120878.0,-841.0,0,0.0
411625,1,97859.0,97606.0,253.0,0,0.0
401626,0,56127.0,56825.0,-698.0,1,1279.0
411626,1,86893.0,85966.0,927.0,0,0.0
401627,0,80946.0,88193.0,-7247.0,1,7288.0
411627,1,62678.0,63866.0,-1188.0,6,578.0
401628,0,47707.0,48973.0,-1266.0,7,1878.0
411628,1,119929.0,113145.0,6784.0,0,0.0
401629,0,113743.0,115083.0,-1340.0,0,0.0
411629,1,104764.0,103097.0,1667.0,11,328.0
401630,0,71823.0,65964.0,5859.0,0,0.0
411630,1,64762.0,63603.0,1159.0,0,0.0
401631,0,54936.0,55090.0,-154.0,11,391.0
411631,1,101658.0,101017.0,641.0,0,0.0
401632,0,87844.0,87790.0,54.0,0,0.0
411632,1,92990.0,92631.0,359.0,0,0.0
401633,0,63604.0,63314.0,290.0,0,0.0
411633,1,122069.0,121031.0,1038.0,0,0.0
401634,0,54827.0,54854.0,-27.0,11,601.0
411634,1,58665.0,58663.0,2.0,1,9136.0
401635,0,86648.0,86874.0,-226.0,11,161.0
411635,1,120135.0,126305.0,-6170.0,1,4315.0
401636,0,72214.0,72246.0,-32.0,0,0.0
411636,1,71069.0,70489.0,580.0,7,1428.0
401637,0,105425.0,105593.0,-168.0,1,1053.0
411637,1,78836.0,79954.0,-1118.0,11,232.0
401638,0,104867.0,105444.0,-577.0,1,5369.0
411638,1,84260.0,82819.0,1441.0,0,0.0
401639,0,47413.0,47872.0,-459.0,1,5662.0
411639,1,87066.0,87079.0,-13.0,2,962.0
401640,0,39037.0,39376.0,-339.0,0,0.0
411640,1,92216.0,88577.0,3639.0,0,0.0
401641,0,113989.0,114009.0,-20.0,0,0.0
411641,1,69156.0,65209.0,3947.0,0,0.0
401642,0,77343.0,84613.0,-7270.0,7,538.0
411642,1,102221.0,101518.0,703.0,11,190.0
401643,0,67574.0,68249.0,-675.0,7,1131.0
411643,1,92125.0,91079.0,1046.0,0,0.0
401644,0,62369.0,67446.0,-5077.0,7,3788.0
411644,1,100352.0,99390.0,962.0,0,0.0
401645,0,64999.0,65254.0,-255.0,2,2026.0
411645,1,56429.0,55716.0,713.0,1,296.0
401646,0,85007.0,83879.0,1128.0,0,0.0
411646,1,52756.0,52175.0,581.0,11,288.0
401647,0,69568.0,65084.0,4484.0,0,0.0
411647,1,40498.0,37790.0,2708.0,0,0.0
401648,0,47856.0,48011.0,-155.0,11,372.0
411648,1,129675.0,129121.0,554.0,6,120.0
401649,0,58997.0,58775.0,222.0,0,0.0
411649,1,70300.0,69979.0,321.0,1,3807.0
401650,0,77556.0,76275.0,1281.0,11,178.0
411650,1,93809.0,99523.0,-5714.0,1,4873.0
401651,0,89473.0,83757.0,5716.0,7,501.0
411651,1,97841.0,94371.0,3470.0,0,0.0
401652,0,73891.0,73913.0,-22.0,11,125.0
411652,1,102423.0,100595.0,1828.0,0,0.0
401653,0,90777.0,90770.0,7.0,0,0.0
411653,1,67570.0,65663.0,1907.0,2,1027.0
401654,0,52912.0,51426.0,1486.0,0,0.0
411654,1,53942.0,54118.0,-176.0,7,793.0
401655,0,28007.0,27959.0,48.0,11,288.0
411655,1,81012.0,77524.0,3488.0,0,0.0
401656,0,105105.0,104643.0,462.0,11,940.0
411656,1,54538.0,54737.0,-199.0,7,639.0
401657,0,93233.0,93233.0,0.0,0,0.0
411657,1,126393.0,126468.0,-75.0,1,587.0
401658,0,75478.0,74239.0,1239.0,0,0.0
411658,1,88663.0,88060.0,603.0,1,326.0
401659,0,76620.0,84446.0,-7826.0,7,8234.0
411659,1,115988.0,115751.0,237.0,1,2768.0
401660,0,95304.0,95464.0,-160.0,1,1145.0
411660,1,117729.0,117619.0,110.0,1,726.0
401661,0,101547.0,101644.0,-97.0,6,255.0
411661,1,78145.0,74625.0,3520.0,2,4011.0
401662,0,37105.0,37114.0,-9.0,7,2378.0
411662,1,92115.0,89139.0,2976.0,0,0.0
401663,0,68011.0,68411.0,-400.0,0,0.0
411663,1,52471.0,52793.0,-322.0,7,453.0
401664,0,66137.0,65225.0,912.0,0,0.0
411664,1,106973.0,104125.0,2848.0,1,216.0
401665,0,60024.0,52829.0,7195.0,11,184.0
411665,1,102206.0,101343.0,863.0,0,0.0
401666,0,87034.0,84239.0,2795.0,0,0.0
411666,1,95245.0,93448.0,1797.0,0,0.0
401667,0,61232.0,60860.0,372.0,7,89.0
411667,1,77056.0,76791.0,265.0,2,5808.0
401668,0,74244.0,74315.0,-71.0,6,256.0
411668,1,44905.0,42386.0,2519.0,0,0.0
401669,0,57652.0,53200.0,4452.0,0,0.0
411669,1,34362.0,35078.0,-716.0,11,1204.0
401670,0,99575.0,99802.0,-227.0,6,256.0
411670,1,114772.0,114175.0,597.0,0,0.0
401671,0,76999.0,81243.0,-4244.0,7,5230.0
411671,1,42861.0,43157.0,-296.0,7,2229.0
401672,0,58390.0,57738.0,652.0,6,256.0
411672,1,116337.0,116543.0,-206.0,2,753.0
401673,0,60821.0,57888.0,2933.0,0,0.0
411673,1,84382.0,80103.0,4279.0,1,2627.0
401674,0,90470.0,90640.0,-170.0,11,437.0
411674,1,93200.0,90659.0,2541.0,0,0.0
401675,0,30490.0,31620.0,-1130.0,7,1099.0
411675,1,113904.0,114309.0,-405.0,2,1078.0
401676,0,92094.0,91234.0,860.0,2,1359.0
411676,1,28649.0,30778.0,-2129.0,2,1376.0
401677,0,48122.0,48579.0,-457.0,0,0.0
411677,1,43012.0,44546.0,-1534.0,7,660.0
401678,0,98507.0,98507.0,0.0,0,0.0
411678,1,67962.0,67233.0,729.0,0,0.0
401679,0,97036.0,97220.0,-184.0,1,2001.0
411679,1,90486.0,94499.0,-4013.0,7,4482.0
401680,0,96813.0,95599.0,1214.0,0,0.0
411680,1,38796.0,36481.0,2315.0,7,272.0
401681,0,73791.0,67727.0,6064.0,0,0.0
411681,1,87397.0,86091.0,1306.0,0,0.0
401682,0,70395.0,69571.0,824.0,0,0.0
411682,1,92557.0,90948.0,1609.0,6,837.0
401683,0,73099.0,72401.0,698.0,7,3158.0
411683,1,85697.0,84986.0,711.0,0,0.0
401684,0,64735.0,65427.0,-692.0,1,1886.0
411684,1,52711.0,52528.0,183.0,1,3008.0
401685,0,48824.0,49941.0,-1117.0,1,429.0
411685,1,69137.0,66928.0,2209.0,0,0.0
401686,0,85983.0,85989.0,-6.0,1,1380.0
411686,1,48257.0,48436.0,-179.0,11,303.0
401687,0,91784.0,91048.0,736.0,1,1962.0
411687,1,67555.0,66760.0,795.0,0,0.0
401688,0,98058.0,98456.0,-398.0,0,0.0
411688,1,95955.0,94290.0,1665.0,0,0.0
401689,0,58159.0,58321.0,-162.0,7,1393.0
411689,1,52161.0,51942.0,219.0,7,2255.0
401690,0,84478.0,84461.0,17.0,0,0.0
411690,1,100929.0,100527.0,402.0,1,203.0
401691,0,121444.0,114026.0,7418.0,0,0.0
411691,1,110622.0,109941.0,681.0,11,263.0
401692,0,119194.0,119066.0,128.0,0,0.0
411692,1,125665.0,125459.0,206.0,2,66.0
401693,0,92072.0,93851.0,-1779.0,1,597.0
411693,1,99655.0,98281.0,1374.0,0,0.0
401694,0,84194.0,83531.0,663.0,0,0.0
411694,1,53851.0,52720.0,1131.0,0,0.0
401695,0,61159.0,62332.0,-1173.0,11,266.0
411695,1,117697.0,121439.0,-3742.0,1,1795.0
401696,0,81718.0,75331.0,6387.0,7,1683.0
411696,1,71977.0,71383.0,594.0,0,0.0
401697,0,51780.0,52063.0,-283.0,1,619.0
411697,1,67460.0,67635.0,-175.0,11,239.0
401698,0,88765.0,87549.0,1216.0,0,0.0
411698,1,100263.0,100112.0,151.0,1,659.0
401699,0,119503.0,123077.0,-3574.0,2,4712.0
411699,1,70112.0,69661.0,451.0,7,139.0
401700,0,49714.0,49565.0,149.0,1,1103.0
411700,1,105719.0,105491.0,228.0,6,1450.0
401701,0,90161.0,90161.0,0.0,1,1847.0
411701,1,80178.0,78909.0,1269.0,0,0.0
401702,0,74079.0,72261.0,1818.0,0,0.0
411702,1,86951.0,83666.0,3285.0,0,0.0
401703,0,95976.0,96773.0,-797.0,1,1909.0
411703,1,59412.0,59078.0,334.0,7,1213.0
401704,0,93225.0,92781.0,444.0,0,0.0
411704,1,139895.0,140605.0,-710.0,1,347.0
401705,0,114665.0,115378.0,-713.0,2,1683.0
411705,1,69971.0,69346.0,625.0,0,0.0
401706,0,65012.0,64929.0,83.0,0,0.0
411706,1,62936.0,61913.0,1023.0,0,0.0
401707,0,79470.0,74984.0,4486.0,0,0.0
411707,1,129501.0,133736.0,-4235.0,1,553.0
401708,0,102258.0,102258.0,0.0,11,429.0
411708,1,113829.0,112695.0,1134.0,11,204.0
401709,0,30938.0,31851.0,-913.0,1,324.0
411709,1,58035.0,58310.0,-275.0,11,921.0
401710,0,116170.0,116196.0,-26.0,0,0.0
411710,1,95277.0,92933.0,2344.0,0,0.0
401711,0,83894.0,83591.0,303.0,0,0.0
411711,1,81723.0,80749.0,974.0,5,62.0
401712,0,88099.0,87907.0,192.0,0,0.0
411712,1,64328.0,64327.0,1.0,2,258.0
401713,0,126782.0,127472.0,-690.0,0,0.0
411713,1,122089.0,121465.0,624.0,1,1875.0
401714,0,103674.0,103370.0,304.0,0,0.0
411714,1,67884.0,67325.0,559.0,2,2058.0
401715,0,104147.0,109748.0,-5601.0,1,7349.0
411715,1,120566.0,123837.0,-3271.0,2,3386.0
401716,0,107462.0,108120.0,-658.0,1,544.0
411716,1,55996.0,58930.0,-2934.0,1,2050.0
401717,0,128974.0,129073.0,-99.0,0,0.0
411717,1,69821.0,69964.0,-143.0,7,1981.0
401718,0,99203.0,99129.0,74.0,11,642.0
411718,1,59070.0,66914.0,-7844.0,2,8672.0
401719,0,69063.0,66158.0,2905.0,0,0.0
411719,1,87698.0,95021.0,-7323.0,1,4831.0
401720,0,23141.0,22996.0,145.0,0,0.0
411720,1,63489.0,60893.0,2596.0,0,0.0
401721,0,63383.0,63968.0,-585.0,11,162.0
411721,1,118335.0,118403.0,-68.0,0,0.0
401722,0,87687.0,85384.0,2303.0,0,0.0
411722,1,108754.0,108178.0,576.0,1,3808.0
401723,0,73166.0,71177.0,1989.0,0,0.0
411723,1,85459.0,86962.0,-1503.0,1,2651.0
401724,0,66909.0,63951.0,2958.0,0,0.0
411724,1,66563.0,66538.0,25.0,11,262.0
401725,0,74920.0,74212.0,708.0,0,0.0
411725,1,112660.0,112053.0,607.0,1,1118.0
401726,0,77089.0,79330.0,-2241.0,7,3134.0
411726,1,71755.0,71361.0,394.0,0,0.0
401727,0,54685.0,54685.0,0.0,0,0.0
411727,1,76621.0,74755.0,1866.0,0,0.0
401728,0,60417.0,60724.0,-307.0,7,763.0
411728,1,92235.0,92176.0,59.0,7,4506.0
401729,0,119653.0,118551.0,1102.0,0,0.0
411729,1,72286.0,71527.0,759.0,0,0.0
401730,0,123099.0,123091.0,8.0,11,436.0
411730,1,70827.0,70285.0,542.0,1,1502.0
401731,0,108427.0,108245.0,182.0,2,370.0
411731,1,75334.0,76814.0,-1480.0,0,0.0
401732,0,44790.0,47112.0,-2322.0,7,1518.0
411732,1,45933.0,46422.0,-489.0,7,2902.0
401733,0,75897.0,74573.0,1324.0,0,0.0
411733,1,53148.0,51726.0,1422.0,0,0.0
401734,0,61151.0,61904.0,-753.0,0,0.0
411734,1,96782.0,96664.0,118.0,0,0.0
401735,0,90949.0,90949.0,0.0,1,1065.0
411735,1,68924.0,67922.0,1002.0,7,3925.0
401736,0,54743.0,54898.0,-155.0,0,0.0
411736,1,92026.0,91703.0,323.0,0,0.0
401737,0,100461.0,99153.0,1308.0,0,0.0
411737,1,78625.0,76892.0,1733.0,0,0.0
401738,0,75951.0,76293.0,-342.0,7,2304.0
411738,1,67175.0,67339.0,-164.0,7,2533.0
401739,0,46894.0,47177.0,-283.0,2,6312.0
411739,1,109149.0,108828.0,321.0,0,0.0
401740,0,61108.0,60860.0,248.0,0,0.0
411740,1,94601.0,92278.0,2323.0,11,164.0
401741,0,45353.0,42396.0,2957.0,2,1976.0
411741,1,56031.0,56142.0,-111.0,11,513.0
401742,0,34388.0,34153.0,235.0,0,0.0
411742,1,94768.0,93785.0,983.0,11,187.0
401743,0,50918.0,51197.0,-279.0,11,81.0
411743,1,78291.0,76380.0,1911.0,0,0.0
401744,0,70318.0,69956.0,362.0,0,0.0
411744,1,55389.0,55463.0,-74.0,0,0.0
401745,0,69061.0,69353.0,-292.0,0,0.0
411745,1,36414.0,36081.0,333.0,0,0.0
401746,0,69906.0,70575.0,-669.0,11,459.0
411746,1,100406.0,99722.0,684.0,11,300.0
401747,0,95907.0,96009.0,-102.0,0,0.0
411747,1,68346.0,66736.0,1610.0,0,0.0
401748,0,69490.0,69369.0,121.0,0,0.0
411748,1,87536.0,86739.0,797.0,0,0.0
401749,0,31345.0,31633.0,-288.0,7,56.0
411749,1,55624.0,55611.0,13.0,11,535.0
401750,0,116980.0,118108.0,-1128.0,1,163.0
411750,1,51727.0,51200.0,527.0,2,173.0
401751,0,85174.0,84567.0,607.0,7,2719.0
411751,1,125467.0,126386.0,-919.0,1,4405.0
401752,0,120710.0,124661.0,-3951.0,2,1794.0
411752,1,129807.0,130615.0,-808.0,2,184.0
401753,0,70691.0,69279.0,1412.0,0,0.0
411753,1,55572.0,56215.0,-643.0,7,807.0
401754,0,100750.0,94413.0,6337.0,0,0.0
411754,1,115557.0,115373.0,184.0,1,1933.0
401755,0,55155.0,54973.0,182.0,0,0.0
411755,1,84593.0,82834.0,1759.0,0,0.0
401756,0,48121.0,45468.0,2653.0,0,0.0
411756,1,70410.0,69688.0,722.0,7,1824.0
401757,0,34547.0,34342.0,205.0,7,1120.0
411757,1,90615.0,90478.0,137.0,11,559.0
401758,0,79078.0,79035.0,43.0,0,0.0
411758,1,110683.0,117857.0,-7174.0,1,4524.0
401759,0,68195.0,67835.0,360.0,0,0.0
411759,1,82499.0,78868.0,3631.0,6,1256.0
401760,0,78906.0,78469.0,437.0,0,0.0
411760,1,70628.0,69926.0,702.0,7,1463.0
401761,0,76844.0,76055.0,789.0,7,1121.0
411761,1,59817.0,60146.0,-329.0,7,541.0
401762,0,48901.0,50064.0,-1163.0,7,3283.0
411762,1,81236.0,82238.0,-1002.0,7,2857.0
401763,0,103262.0,103262.0,0.0,2,1070.0
411763,1,82883.0,80833.0,2050.0,0,0.0
401764,0,85363.0,84196.0,1167.0,0,0.0
411764,1,83101.0,83173.0,-72.0,2,2252.0
401765,0,58748.0,59517.0,-769.0,0,0.0
411765,1,124578.0,126030.0,-1452.0,2,817.0
401766,0,83478.0,83478.0,0.0,1,1084.0
411766,1,96350.0,95588.0,762.0,0,0.0
401767,0,115579.0,110038.0,5541.0,0,0.0
411767,1,60103.0,60807.0,-704.0,7,1110.0
401768,0,79320.0,85973.0,-6653.0,0,0.0
411768,1,133794.0,134502.0,-708.0,1,835.0
401769,0,113555.0,113469.0,86.0,0,0.0
411769,1,69668.0,69447.0,221.0,0,0.0
401770,0,91672.0,91482.0,190.0,11,556.0
411770,1,97661.0,105793.0,-8132.0,0,0.0
401771,0,77841.0,75478.0,2363.0,0,0.0
411771,1,85958.0,84651.0,1307.0,0,0.0
401772,0,121835.0,120799.0,1036.0,0,0.0
411772,1,95275.0,94727.0,548.0,0,0.0
401773,0,73564.0,73232.0,332.0,11,508.0
411773,1,41503.0,41674.0,-171.0,0,0.0
401774,0,125980.0,126537.0,-557.0,11,155.0
411774,1,86812.0,87132.0,-320.0,1,2944.0
401775,0,103640.0,110223.0,-6583.0,2,5711.0
411775,1,95796.0,95932.0,-136.0,1,873.0
401776,0,106177.0,103475.0,2702.0,11,522.0
411776,1,99452.0,100467.0,-1015.0,1,7352.0
401777,0,99226.0,99441.0,-215.0,0,0.0
411777,1,106375.0,105544.0,831.0,1,1740.0
401778,0,49318.0,48842.0,476.0,0,0.0
411778,1,71439.0,70459.0,980.0,0,0.0
401779,0,64559.0,64277.0,282.0,0,0.0
411779,1,102159.0,102630.0,-471.0,11,549.0
401780,0,82617.0,82611.0,6.0,2,153.0
411780,1,55617.0,55310.0,307.0,0,0.0
401781,0,75100.0,75309.0,-209.0,0,0.0
411781,1,95689.0,94374.0,1315.0,0,0.0
401782,0,108568.0,109386.0,-818.0,1,1923.0
411782,1,79743.0,75765.0,3978.0,0,0.0
401783,0,79066.0,77899.0,1167.0,0,0.0
411783,1,112016.0,112528.0,-512.0,1,3122.0
401784,0,135979.0,143644.0,-7665.0,1,7006.0
411784,1,68298.0,68377.0,-79.0,0,0.0
401785,0,89403.0,89403.0,0.0,11,601.0
411785,1,122120.0,122959.0,-839.0,0,0.0
401786,0,65405.0,62678.0,2727.0,0,0.0
411786,1,119384.0,119135.0,249.0,0,0.0
401787,0,81958.0,81590.0,368.0,6,253.0
411787,1,102545.0,101360.0,1185.0,6,258.0
401788,0,78371.0,78207.0,164.0,6,254.0
411788,1,111333.0,108460.0,2873.0,0,0.0
401789,0,67157.0,67032.0,125.0,0,0.0
411789,1,52284.0,53487.0,-1203.0,11,190.0
401790,0,63466.0,62504.0,962.0,1,223.0
411790,1,122623.0,124046.0,-1423.0,1,325.0
401791,0,66371.0,64846.0,1525.0,7,736.0
411791,1,88088.0,87603.0,485.0,1,2434.0
401792,0,142265.0,135620.0,6645.0,0,0.0
411792,1,101734.0,101881.0,-147.0,2,3017.0
401793,0,80770.0,71981.0,8789.0,0,0.0
411793,1,81417.0,79299.0,2118.0,0,0.0
401794,0,82775.0,81163.0,1612.0,0,0.0
411794,1,59785.0,58678.0,1107.0,7,869.0
401795,0,94451.0,95056.0,-605.0,1,937.0
411795,1,117922.0,117397.0,525.0,0,0.0
401796,0,66313.0,65307.0,1006.0,0,0.0
411796,1,77002.0,76395.0,607.0,0,0.0
401797,0,136516.0,136225.0,291.0,11,422.0
411797,1,48919.0,47367.0,1552.0,7,1726.0
401798,0,84323.0,84323.0,0.0,11,121.0
411798,1,90889.0,90675.0,214.0,0,0.0
401799,0,36258.0,36409.0,-151.0,11,431.0
411799,1,35828.0,35318.0,510.0,0,0.0
401800,0,58697.0,58935.0,-238.0,1,510.0
411800,1,128456.0,138438.0,-9982.0,1,8073.0
401801,0,48223.0,48394.0,-171.0,11,640.0
411801,1,56523.0,56689.0,-166.0,11,291.0
401802,0,46325.0,46464.0,-139.0,7,2508.0
411802,1,83013.0,82540.0,473.0,0,0.0
401803,0,121352.0,121841.0,-489.0,0,0.0
411803,1,61101.0,59769.0,1332.0,2,4471.0
401804,0,63862.0,63693.0,169.0,0,0.0
411804,1,136370.0,136912.0,-542.0,0,0.0
401805,0,94547.0,94697.0,-150.0,0,0.0
411805,1,92374.0,91604.0,770.0,0,0.0
401806,0,62873.0,68701.0,-5828.0,1,5131.0
411806,1,92867.0,97381.0,-4514.0,2,4514.0
401807,0,78943.0,78715.0,228.0,0,0.0
411807,1,81171.0,80128.0,1043.0,1,1274.0
401808,0,109525.0,109657.0,-132.0,2,5059.0
411808,1,123871.0,123395.0,476.0,0,0.0
401809,0,60752.0,60505.0,247.0,6,265.0
411809,1,58375.0,58065.0,310.0,0,0.0
401810,0,94966.0,94966.0,0.0,11,270.0
411810,1,39591.0,38998.0,593.0,1,680.0
401811,0,51279.0,51361.0,-82.0,1,620.0
411811,1,91046.0,90575.0,471.0,11,632.0
401812,0,29397.0,27628.0,1769.0,0,0.0
411812,1,111360.0,111338.0,22.0,1,3401.0
401813,0,83129.0,83278.0,-149.0,2,1007.0
411813,1,106871.0,106184.0,687.0,0,0.0
401814,0,89438.0,89725.0,-287.0,0,0.0
411814,1,142040.0,141662.0,378.0,2,1791.0
401815,0,73953.0,74318.0,-365.0,6,256.0
411815,1,84445.0,82009.0,2436.0,0,0.0
401816,0,54059.0,53930.0,129.0,1,155.0
411816,1,94646.0,93388.0,1258.0,0,0.0
401817,0,126945.0,131465.0,-4520.0,1,9067.0
411817,1,89019.0,87716.0,1303.0,0,0.0
401818,0,63271.0,63762.0,-491.0,11,469.0
411818,1,77697.0,75889.0,1808.0,0,0.0
401819,0,54651.0,52896.0,1755.0,0,0.0
411819,1,93892.0,93711.0,181.0,0,0.0
401820,0,41920.0,42334.0,-414.0,1,2202.0
411820,1,103325.0,102957.0,368.0,1,2032.0
401821,0,34569.0,36495.0,-1926.0,1,689.0
411821,1,60061.0,59862.0,199.0,2,1235.0
401822,0,58568.0,53668.0,4900.0,11,218.0
411822,1,105448.0,103440.0,2008.0,0,0.0
401823,0,48270.0,46924.0,1346.0,1,3353.0
411823,1,32667.0,32752.0,-85.0,7,581.0
401824,0,79591.0,79492.0,99.0,0,0.0
411824,1,139117.0,148355.0,-9238.0,2,8099.0
401825,0,98946.0,98946.0,0.0,1,551.0
411825,1,52940.0,58710.0,-5770.0,0,0.0
401826,0,82982.0,82181.0,801.0,0,0.0
411826,1,33354.0,33439.0,-85.0,7,1830.0
401827,0,59508.0,60219.0,-711.0,11,409.0
411827,1,84325.0,83754.0,571.0,7,214.0
401828,0,57634.0,57662.0,-28.0,11,214.0
411828,1,127633.0,127021.0,612.0,1,651.0
401829,0,71798.0,69816.0,1982.0,7,1172.0
411829,1,69123.0,68626.0,497.0,7,1919.0
401830,0,63239.0,62902.0,337.0,0,0.0
411830,1,83997.0,81377.0,2620.0,2,686.0
401831,0,40340.0,40764.0,-424.0,0,0.0
411831,1,94218.0,92852.0,1366.0,0,0.0
401832,0,70528.0,70205.0,323.0,1,864.0
411832,1,33733.0,33664.0,69.0,11,57.0
401833,0,129255.0,128693.0,562.0,11,98.0
411833,1,111077.0,110926.0,151.0,1,119.0
401834,0,97618.0,97376.0,242.0,0,0.0
411834,1,42713.0,42165.0,548.0,1,2101.0
401835,0,71198.0,69241.0,1957.0,0,0.0
411835,1,47983.0,46216.0,1767.0,7,510.0
401836,0,104671.0,103886.0,785.0,0,0.0
411836,1,78979.0,85898.0,-6919.0,2,4617.0
401837,0,78982.0,79294.0,-312.0,7,1923.0
411837,1,54969.0,54622.0,347.0,0,0.0
401838,0,98684.0,97553.0,1131.0,0,0.0
411838,1,63806.0,67283.0,-3477.0,7,4004.0
401839,0,61931.0,61928.0,3.0,0,0.0
411839,1,116091.0,119797.0,-3706.0,1,3508.0
401840,0,73931.0,73226.0,705.0,0,0.0
411840,1,50987.0,48168.0,2819.0,0,0.0
401841,0,70725.0,68393.0,2332.0,1,2901.0
411841,1,72900.0,73593.0,-693.0,7,5263.0
401842,0,75390.0,72318.0,3072.0,8,1064.0
411842,1,98793.0,95739.0,3054.0,0,0.0
401843,0,79615.0,79219.0,396.0,0,0.0
411843,1,73035.0,74987.0,-1952.0,1,220.0
401844,0,61078.0,61004.0,74.0,7,160.0
411844,1,78325.0,76161.0,2164.0,0,0.0
401845,0,94119.0,94152.0,-33.0,0,0.0
411845,1,75770.0,83641.0,-7871.0,2,4108.0
401846,0,40090.0,39996.0,94.0,0,0.0
411846,1,72909.0,72164.0,745.0,0,0.0
401847,0,59324.0,53238.0,6086.0,6,258.0
411847,1,25895.0,25746.0,149.0,7,334.0
401848,0,52386.0,52536.0,-150.0,0,0.0
411848,1,75187.0,73130.0,2057.0,0,0.0
401849,0,98909.0,98672.0,237.0,11,507.0
411849,1,62628.0,60227.0,2401.0,0,0.0
401850,0,73892.0,73421.0,471.0,2,1399.0
411850,1,110220.0,109416.0,804.0,0,0.0
401851,0,62177.0,61793.0,384.0,0,0.0
411851,1,63437.0,61772.0,1665.0,7,367.0
401852,0,102552.0,96441.0,6111.0,11,131.0
411852,1,79353.0,74875.0,4478.0,0,0.0
401853,0,102737.0,102785.0,-48.0,1,2305.0
411853,1,26196.0,25655.0,541.0,7,242.0
401854,0,59465.0,57292.0,2173.0,7,1450.0
411854,1,117899.0,117037.0,862.0,0,0.0
401855,0,75268.0,72933.0,2335.0,0,0.0
411855,1,59567.0,59691.0,-124.0,11,466.0
401856,0,42122.0,42792.0,-670.0,2,588.0
411856,1,88914.0,88778.0,136.0,1,876.0
401857,0,38865.0,39030.0,-165.0,7,1006.0
411857,1,79845.0,75458.0,4387.0,0,0.0
401858,0,64839.0,62348.0,2491.0,0,0.0
411858,1,91455.0,91002.0,453.0,0,0.0
401859,0,69098.0,68950.0,148.0,7,4628.0
411859,1,48820.0,49154.0,-334.0,7,1585.0
401860,0,50923.0,48665.0,2258.0,0,0.0
411860,1,114305.0,113084.0,1221.0,1,1063.0
401861,0,77738.0,77595.0,143.0,0,0.0
411861,1,48569.0,47093.0,1476.0,7,733.0
401862,0,137721.0,138772.0,-1051.0,2,421.0
411862,1,72142.0,72018.0,124.0,0,0.0
401863,0,65806.0,58103.0,7703.0,0,0.0
411863,1,103517.0,101160.0,2357.0,1,179.0
401864,0,52127.0,52380.0,-253.0,6,1888.0
411864,1,78041.0,77430.0,611.0,7,4166.0
401865,0,81772.0,81488.0,284.0,0,0.0
411865,1,87879.0,86904.0,975.0,0,0.0
401866,0,111814.0,111790.0,24.0,11,193.0
411866,1,69999.0,70001.0,-2.0,0,0.0
401867,0,89832.0,89339.0,493.0,0,0.0
411867,1,119398.0,119513.0,-115.0,0,0.0
401868,0,135401.0,136886.0,-1485.0,0,0.0
411868,1,89583.0,87669.0,1914.0,0,0.0
401869,0,134422.0,142026.0,-7604.0,1,5628.0
411869,1,75822.0,75026.0,796.0,0,0.0
401870,0,58510.0,54468.0,4042.0,0,0.0
411870,1,51030.0,50833.0,197.0,11,143.0
401871,0,69563.0,68881.0,682.0,0,0.0
411871,1,67410.0,65086.0,2324.0,0,0.0
401872,0,78546.0,78632.0,-86.0,0,0.0
411872,1,100759.0,99973.0,786.0,1,1090.0
401873,0,122056.0,122313.0,-257.0,11,228.0
411873,1,75260.0,72351.0,2909.0,1,2727.0
401874,0,105235.0,105637.0,-402.0,0,0.0
411874,1,130844.0,128746.0,2098.0,1,529.0
401875,0,97202.0,96341.0,861.0,0,0.0
411875,1,65866.0,64157.0,1709.0,0,0.0
401876,0,131768.0,132335.0,-567.0,0,0.0
411876,1,66922.0,66676.0,246.0,0,0.0
401877,0,64383.0,63447.0,936.0,0,0.0
411877,1,93669.0,91565.0,2104.0,0,0.0
401878,0,84468.0,81624.0,2844.0,0,0.0
411878,1,61700.0,59664.0,2036.0,0,0.0
401879,0,81366.0,81212.0,154.0,0,0.0
411879,1,122401.0,122330.0,71.0,0,0.0
401880,0,65354.0,72577.0,-7223.0,4,3708.0
411880,1,99218.0,99256.0,-38.0,7,1815.0
401881,0,62292.0,62088.0,204.0,7,1257.0
411881,1,122671.0,121855.0,816.0,1,716.0
401882,0,114176.0,113125.0,1051.0,0,0.0
411882,1,83866.0,79647.0,4219.0,0,0.0
401883,0,129589.0,129686.0,-97.0,0,0.0
411883,1,69478.0,71568.0,-2090.0,7,2543.0
401884,0,63580.0,63402.0,178.0,7,1514.0
411884,1,50894.0,47431.0,3463.0,0,0.0
401885,0,53372.0,53926.0,-554.0,11,407.0
411885,1,83172.0,82963.0,209.0,2,522.0
401886,0,32098.0,31668.0,430.0,11,93.0
411886,1,51969.0,51797.0,172.0,1,2786.0
401887,0,71404.0,76198.0,-4794.0,1,5214.0
411887,1,86295.0,81709.0,4586.0,0,0.0
401888,0,70402.0,67268.0,3134.0,2,2292.0
411888,1,133093.0,125272.0,7821.0,0,0.0
401889,0,113703.0,113872.0,-169.0,0,0.0
411889,1,70549.0,70095.0,454.0,7,81.0
401890,0,135363.0,136747.0,-1384.0,1,205.0
411890,1,89764.0,89353.0,411.0,0,0.0
401891,0,90305.0,84536.0,5769.0,7,3546.0
411891,1,69032.0,68888.0,144.0,7,3519.0
401892,0,112370.0,114236.0,-1866.0,0,0.0
411892,1,69466.0,69049.0,417.0,11,260.0
401893,0,37074.0,36692.0,382.0,11,146.0
411893,1,56581.0,57195.0,-614.0,2,1086.0
401894,0,25152.0,25579.0,-427.0,7,633.0
411894,1,58623.0,54514.0,4109.0,0,0.0
401895,0,61553.0,61795.0,-242.0,1,1917.0
411895,1,65542.0,64911.0,631.0,0,0.0
401896,0,33329.0,33943.0,-614.0,7,254.0
411896,1,91720.0,92621.0,-901.0,1,949.0
401897,0,106407.0,106234.0,173.0,1,716.0
411897,1,116988.0,120116.0,-3128.0,7,536.0
401898,0,108958.0,109709.0,-751.0,2,556.0
411898,1,72469.0,71856.0,613.0,0,0.0
401899,0,52637.0,53607.0,-970.0,7,2218.0
411899,1,87179.0,85407.0,1772.0,2,6745.0
401900,0,77032.0,89064.0,-12032.0,1,5616.0
411900,1,36298.0,36456.0,-158.0,1,840.0
401901,0,79320.0,79555.0,-235.0,7,1719.0
411901,1,78257.0,76742.0,1515.0,7,131.0
401902,0,62717.0,60918.0,1799.0,0,0.0
411902,1,80634.0,80240.0,394.0,7,2096.0
401903,0,104381.0,105117.0,-736.0,11,80.0
411903,1,120973.0,121189.0,-216.0,0,0.0
401904,0,80243.0,80343.0,-100.0,7,2849.0
411904,1,60096.0,54083.0,6013.0,11,232.0
401905,0,132357.0,132161.0,196.0,0,0.0
411905,1,81491.0,80962.0,529.0,0,0.0
401906,0,103253.0,101841.0,1412.0,0,0.0
411906,1,76484.0,76416.0,68.0,7,1582.0
401907,0,79041.0,78682.0,359.0,0,0.0
411907,1,33310.0,33126.0,184.0,11,574.0
401908,0,91122.0,91493.0,-371.0,0,0.0
411908,1,74233.0,76399.0,-2166.0,2,951.0
401909,0,49534.0,50005.0,-471.0,2,1214.0
411909,1,132282.0,132695.0,-413.0,0,0.0
401910,0,115594.0,117659.0,-2065.0,0,0.0
411910,1,99092.0,99389.0,-297.0,4,128.0
401911,0,66956.0,67138.0,-182.0,0,0.0
411911,1,76065.0,75748.0,317.0,7,1767.0
401912,0,112969.0,112796.0,173.0,0,0.0
411912,1,77414.0,76617.0,797.0,7,2072.0
401913,0,119582.0,120314.0,-732.0,0,0.0
411913,1,93177.0,84922.0,8255.0,0,0.0
401914,0,63254.0,63736.0,-482.0,11,583.0
411914,1,87845.0,86838.0,1007.0,0,0.0
401915,0,75398.0,71866.0,3532.0,0,0.0
411915,1,68850.0,68589.0,261.0,1,748.0
401916,0,87818.0,87932.0,-114.0,2,549.0
411916,1,96356.0,94142.0,2214.0,0,0.0
401917,0,55210.0,55982.0,-772.0,7,386.0
411917,1,121554.0,120710.0,844.0,1,859.0
401918,0,99389.0,99449.0,-60.0,1,1415.0
411918,1,47691.0,47349.0,342.0,1,7040.0
401919,0,65062.0,59720.0,5342.0,0,0.0
411919,1,74580.0,74400.0,180.0,7,2289.0
401920,0,68611.0,68736.0,-125.0,0,0.0
411920,1,47953.0,47796.0,157.0,1,395.0
401921,0,119300.0,119200.0,100.0,0,0.0
411921,1,66780.0,67114.0,-334.0,7,2473.0
401922,0,59619.0,55806.0,3813.0,0,0.0
411922,1,60545.0,60289.0,256.0,7,1535.0
401923,0,70627.0,71760.0,-1133.0,11,589.0
411923,1,74905.0,67269.0,7636.0,0,0.0
401924,0,82609.0,76784.0,5825.0,0,0.0
411924,1,75609.0,70321.0,5288.0,7,3041.0
401925,0,41068.0,41437.0,-369.0,1,3764.0
411925,1,76305.0,73502.0,2803.0,0,0.0
401926,0,124109.0,124180.0,-71.0,0,0.0
411926,1,56676.0,53145.0,3531.0,0,0.0
401927,0,105756.0,105491.0,265.0,0,0.0
411927,1,51080.0,50926.0,154.0,0,0.0
401928,0,59546.0,60274.0,-728.0,11,669.0
411928,1,81754.0,76403.0,5351.0,0,0.0
401929,0,44199.0,44563.0,-364.0,0,0.0
411929,1,101112.0,99415.0,1697.0,0,0.0
401930,0,88731.0,88502.0,229.0,0,0.0
411930,1,115078.0,115096.0,-18.0,2,2563.0
401931,0,136726.0,141791.0,-5065.0,2,3796.0
411931,1,58078.0,55871.0,2207.0,0,0.0
401932,0,95351.0,95351.0,0.0,1,1089.0
411932,1,96464.0,96079.0,385.0,6,255.0
401933,0,71979.0,72698.0,-719.0,0,0.0
411933,1,66470.0,68006.0,-1536.0,7,3451.0
401934,0,63403.0,64443.0,-1040.0,1,1531.0
411934,1,54153.0,54407.0,-254.0,11,399.0
401935,0,94472.0,94487.0,-15.0,0,0.0
411935,1,72947.0,69750.0,3197.0,0,0.0
401936,0,35526.0,34660.0,866.0,0,0.0
411936,1,121999.0,121644.0,355.0,1,533.0
401937,0,76588.0,76646.0,-58.0,2,1472.0
411937,1,83955.0,82737.0,1218.0,6,257.0
401938,0,67625.0,65908.0,1717.0,0,0.0
411938,1,102449.0,102842.0,-393.0,1,3005.0
401939,0,40810.0,41208.0,-398.0,7,781.0
411939,1,107578.0,105908.0,1670.0,2,1351.0
401940,0,83274.0,82868.0,406.0,0,0.0
411940,1,38209.0,38448.0,-239.0,7,917.0
401941,0,59183.0,57216.0,1967.0,0,0.0
411941,1,61477.0,58955.0,2522.0,7,1875.0
401942,0,64868.0,63072.0,1796.0,7,627.0
411942,1,59011.0,59065.0,-54.0,1,686.0
401943,0,76605.0,72644.0,3961.0,0,0.0
411943,1,49185.0,49851.0,-666.0,7,1628.0
401944,0,38905.0,36083.0,2822.0,11,234.0
411944,1,112685.0,112261.0,424.0,0,0.0
401945,0,96024.0,93421.0,2603.0,2,1342.0
411945,1,70470.0,69210.0,1260.0,2,1059.0
401946,0,85443.0,85528.0,-85.0,2,1063.0
411946,1,141440.0,141437.0,3.0,2,627.0
401947,0,126018.0,124959.0,1059.0,0,0.0
411947,1,80563.0,76751.0,3812.0,0,0.0
401948,0,99709.0,103670.0,-3961.0,1,4959.0
411948,1,97230.0,92706.0,4524.0,0,0.0
401949,0,96816.0,96694.0,122.0,11,52.0
411949,1,66476.0,65679.0,797.0,11,203.0
401950,0,74718.0,74592.0,126.0,0,0.0
411950,1,124256.0,124727.0,-471.0,0,0.0
401951,0,56955.0,57292.0,-337.0,11,280.0
411951,1,43349.0,44021.0,-672.0,7,2987.0
401952,0,37640.0,34203.0,3437.0,7,3392.0
411952,1,80863.0,80969.0,-106.0,1,2298.0
401953,0,119177.0,119495.0,-318.0,0,0.0
411953,1,84189.0,83631.0,558.0,0,0.0
401954,0,91891.0,91926.0,-35.0,1,1243.0
411954,1,64894.0,65216.0,-322.0,11,165.0
401955,0,67473.0,67399.0,74.0,6,259.0
411955,1,108232.0,108851.0,-619.0,1,425.0
401956,0,119036.0,118907.0,129.0,0,0.0
411956,1,78899.0,76956.0,1943.0,1,2853.0
401957,0,64678.0,67135.0,-2457.0,6,2071.0
411957,1,130438.0,129891.0,547.0,1,220.0
401958,0,69804.0,66350.0,3454.0,0,0.0
411958,1,139898.0,141196.0,-1298.0,1,1055.0
401959,0,65347.0,67741.0,-2394.0,2,2373.0
411959,1,76143.0,76364.0,-221.0,1,119.0
401960,0,103543.0,103363.0,180.0,6,250.0
411960,1,38977.0,39427.0,-450.0,7,4468.0
401961,0,118310.0,119463.0,-1153.0,1,323.0
411961,1,45272.0,43465.0,1807.0,0,0.0
401962,0,117948.0,117991.0,-43.0,0,0.0
411962,1,78872.0,78358.0,514.0,0,0.0
401963,0,95122.0,93527.0,1595.0,0,0.0
411963,1,40294.0,38710.0,1584.0,7,875.0
401964,0,147863.0,148610.0,-747.0,0,0.0
411964,1,58843.0,58470.0,373.0,1,9375.0
401965,0,57504.0,51784.0,5720.0,0,0.0
411965,1,91120.0,89792.0,1328.0,1,1367.0
401966,0,48712.0,49166.0,-454.0,7,984.0
411966,1,83008.0,83473.0,-465.0,7,1486.0
401967,0,64355.0,56612.0,7743.0,1,213.0
411967,1,96566.0,96104.0,462.0,7,3667.0
401968,0,96085.0,95094.0,991.0,0,0.0
411968,1,66155.0,63951.0,2204.0,1,1689.0
401969,0,42803.0,43622.0,-819.0,0,0.0
411969,1,70208.0,71374.0,-1166.0,1,39933.0
401970,0,73410.0,72140.0,1270.0,1,4795.0
411970,1,136683.0,136992.0,-309.0,0,0.0
401971,0,72979.0,70481.0,2498.0,0,0.0
411971,1,31790.0,31873.0,-83.0,11,257.0
401972,0,124065.0,124965.0,-900.0,0,0.0
411972,1,39503.0,39422.0,81.0,7,317.0
401973,0,116704.0,116704.0,0.0,2,411.0
411973,1,78331.0,76989.0,1342.0,1,3838.0
401974,0,58332.0,57045.0,1287.0,0,0.0
411974,1,60196.0,60127.0,69.0,11,59.0
401975,0,105675.0,106861.0,-1186.0,1,73.0
411975,1,94661.0,92940.0,1721.0,0,0.0
401976,0,44120.0,45068.0,-948.0,7,902.0
411976,1,75212.0,74953.0,259.0,7,1964.0
401977,0,121026.0,121099.0,-73.0,11,308.0
411977,1,101198.0,99697.0,1501.0,0,0.0
401978,0,94764.0,94996.0,-232.0,2,1347.0
411978,1,99034.0,97112.0,1922.0,0,0.0
401979,0,71945.0,70683.0,1262.0,0,0.0
411979,1,119995.0,120481.0,-486.0,1,4024.0
401980,0,63062.0,63184.0,-122.0,2,8058.0
411980,1,41166.0,41613.0,-447.0,1,1084.0
401981,0,48107.0,55153.0,-7046.0,1,4883.0
411981,1,80209.0,80016.0,193.0,0,0.0
401982,0,74829.0,74904.0,-75.0,7,539.0
411982,1,122157.0,123173.0,-1016.0,2,382.0
401983,0,131175.0,129765.0,1410.0,0,0.0
411983,1,53468.0,53657.0,-189.0,11,335.0
401984,0,72913.0,72646.0,267.0,11,330.0
411984,1,74072.0,72520.0,1552.0,0,0.0
401985,0,72542.0,71904.0,638.0,7,1652.0
411985,1,71165.0,67403.0,3762.0,0,0.0
401986,0,109226.0,107109.0,2117.0,0,0.0
411986,1,65323.0,66361.0,-1038.0,1,1817.0
401987,0,86653.0,86701.0,-48.0,1,42179.0
411987,1,39634.0,39782.0,-148.0,6,1476.0
401988,0,108495.0,107149.0,1346.0,0,0.0
411988,1,75779.0,75618.0,161.0,0,0.0
401989,0,74842.0,74709.0,133.0,1,1146.0
411989,1,37023.0,37106.0,-83.0,11,436.0
401990,0,57820.0,56716.0,1104.0,2,1668.0
411990,1,92442.0,89309.0,3133.0,0,0.0
401991,0,70719.0,70562.0,157.0,7,2655.0
411991,1,42278.0,41614.0,664.0,1,3993.0
401992,0,78701.0,76696.0,2005.0,0,0.0
411992,1,65135.0,64042.0,1093.0,0,0.0
401993,0,59139.0,62128.0,-2989.0,2,674.0
411993,1,100546.0,94156.0,6390.0,7,915.0
401994,0,73998.0,73877.0,121.0,6,262.0
411994,1,70508.0,69327.0,1181.0,7,1624.0
401995,0,61735.0,60966.0,769.0,1,384.0
411995,1,54374.0,52997.0,1377.0,7,2119.0
401996,0,90738.0,90614.0,124.0,0,0.0
411996,1,113334.0,112891.0,443.0,2,967.0
401997,0,77353.0,77018.0,335.0,0,0.0
411997,1,126305.0,127936.0,-1631.0,1,3558.0
401998,0,43096.0,43148.0,-52.0,1,1601.0
411998,1,121898.0,121513.0,385.0,1,402.0
401999,0,92152.0,92076.0,76.0,0,0.0
411999,1,98129.0,97988.0,141.0,6,256.0
402000,0,86890.0,86788.0,102.0,1,3395.0
412000,1,59041.0,59033.0,8.0,7,3496.0
402001,0,123511.0,123443.0,68.0,0,0.0
412001,1,82891.0,79061.0,3830.0,0,0.0
402002,0,58287.0,57793.0,494.0,1,6028.0
412002,1,71624.0,71272.0,352.0,0,0.0
402003,0,62998.0,62717.0,281.0,7,650.0
412003,1,104808.0,106787.0,-1979.0,1,4687.0
402004,0,83438.0,83216.0,222.0,7,334.0
412004,1,60196.0,60098.0,98.0,11,147.0
402005,0,82100.0,80427.0,1673.0,7,162.0
412005,1,51360.0,51927.0,-567.0,7,1414.0
402006,0,107327.0,108088.0,-761.0,0,0.0
412006,1,81060.0,81181.0,-121.0,2,186.0
402007,0,76892.0,76277.0,615.0,1,2299.0
412007,1,49451.0,49407.0,44.0,7,1774.0
402008,0,71895.0,69411.0,2484.0,0,0.0
412008,1,39694.0,39551.0,143.0,11,424.0
402009,0,86324.0,81389.0,4935.0,0,0.0
412009,1,113030.0,112142.0,888.0,11,52.0
402010,0,122021.0,127520.0,-5499.0,1,1717.0
412010,1,78537.0,77800.0,737.0,0,0.0
402011,0,89962.0,89627.0,335.0,0,0.0
412011,1,90011.0,88836.0,1175.0,1,2090.0
402012,0,102104.0,107594.0,-5490.0,2,3938.0
412012,1,95942.0,95042.0,900.0,0,0.0
402013,0,86823.0,84723.0,2100.0,0,0.0
412013,1,92797.0,89999.0,2798.0,1,1380.0
402014,0,26902.0,26875.0,27.0,1,1038.0
412014,1,130644.0,127325.0,3319.0,11,404.0
402015,0,81971.0,78371.0,3600.0,0,0.0
412015,1,99213.0,94171.0,5042.0,0,0.0
402016,0,88475.0,90439.0,-1964.0,0,0.0
412016,1,66437.0,72657.0,-6220.0,1,4954.0
402017,0,78109.0,77615.0,494.0,0,0.0
412017,1,87684.0,87303.0,381.0,1,871.0
402018,0,68851.0,67305.0,1546.0,0,0.0
412018,1,53064.0,51919.0,1145.0,7,1787.0
402019,0,65513.0,65504.0,9.0,0,0.0
412019,1,51503.0,50361.0,1142.0,0,0.0
402020,0,54113.0,54617.0,-504.0,0,0.0
412020,1,56561.0,56147.0,414.0,2,1895.0
402021,0,55972.0,56298.0,-326.0,11,387.0
412021,1,51504.0,51851.0,-347.0,6,2434.0
402022,0,120966.0,115897.0,5069.0,0,0.0
412022,1,64966.0,63173.0,1793.0,1,2068.0
402023,0,58771.0,55259.0,3512.0,0,0.0
412023,1,57659.0,56559.0,1100.0,0,0.0
402024,0,98146.0,98201.0,-55.0,0,0.0
412024,1,65397.0,65112.0,285.0,7,511.0
402025,0,106297.0,106297.0,0.0,0,0.0
412025,1,109452.0,108873.0,579.0,0,0.0
402026,0,70265.0,70049.0,216.0,6,256.0
412026,1,62295.0,59958.0,2337.0,0,0.0
402027,0,131502.0,131539.0,-37.0,0,0.0
412027,1,69492.0,69197.0,295.0,0,0.0
402028,0,95635.0,95461.0,174.0,0,0.0
412028,1,80092.0,79130.0,962.0,0,0.0
402029,0,91823.0,91549.0,274.0,1,1154.0
412029,1,82797.0,81303.0,1494.0,0,0.0
402030,0,111650.0,108295.0,3355.0,2,2048.0
412030,1,83023.0,82931.0,92.0,0,0.0
402031,0,114989.0,115308.0,-319.0,11,154.0
412031,1,65867.0,65735.0,132.0,0,0.0
402032,0,73346.0,73063.0,283.0,0,0.0
412032,1,129864.0,129504.0,360.0,0,0.0
402033,0,88342.0,87136.0,1206.0,0,0.0
412033,1,63978.0,69875.0,-5897.0,1,5083.0
402034,0,58677.0,58579.0,98.0,0,0.0
412034,1,119470.0,113906.0,5564.0,0,0.0
402035,0,67107.0,68920.0,-1813.0,11,713.0
412035,1,100514.0,100028.0,486.0,0,0.0
402036,0,81683.0,81474.0,209.0,0,0.0
412036,1,59021.0,57152.0,1869.0,7,698.0
402037,0,73470.0,73309.0,161.0,0,0.0
412037,1,51186.0,49486.0,1700.0,0,0.0
402038,0,31212.0,31338.0,-126.0,7,690.0
412038,1,61235.0,60799.0,436.0,7,855.0
402039,0,98461.0,98463.0,-2.0,0,0.0
412039,1,44271.0,50985.0,-6714.0,1,4736.0
402040,0,58030.0,57938.0,92.0,6,267.0
412040,1,46324.0,46411.0,-87.0,1,1353.0
402041,0,65949.0,65796.0,153.0,2,319.0
412041,1,95490.0,94842.0,648.0,0,0.0
402042,0,54339.0,56105.0,-1766.0,2,2253.0
412042,1,84098.0,80219.0,3879.0,0,0.0
402043,0,96636.0,95364.0,1272.0,2,2866.0
412043,1,64789.0,63827.0,962.0,6,1859.0
402044,0,114488.0,112258.0,2230.0,0,0.0
412044,1,95459.0,94702.0,757.0,7,540.0
402045,0,137854.0,137953.0,-99.0,11,741.0
412045,1,46341.0,46311.0,30.0,1,375.0
402046,0,139966.0,140165.0,-199.0,0,0.0
412046,1,103816.0,105351.0,-1535.0,1,752.0
402047,0,42794.0,43159.0,-365.0,7,443.0
412047,1,32639.0,32533.0,106.0,1,949.0
402048,0,67665.0,73956.0,-6291.0,2,3973.0
412048,1,42519.0,42982.0,-463.0,0,0.0
402049,0,62613.0,60214.0,2399.0,0,0.0
412049,1,141039.0,141551.0,-512.0,1,699.0
402050,0,36885.0,37143.0,-258.0,0,0.0
412050,1,65182.0,64993.0,189.0,0,0.0
402051,0,59746.0,59836.0,-90.0,2,402.0
412051,1,78275.0,77615.0,660.0,0,0.0
402052,0,115908.0,115908.0,0.0,1,1133.0
412052,1,62449.0,66788.0,-4339.0,1,4509.0
402053,0,57403.0,58060.0,-657.0,1,2437.0
412053,1,88725.0,88092.0,633.0,0,0.0
402054,0,132944.0,132479.0,465.0,11,89.0
412054,1,34016.0,34197.0,-181.0,1,1809.0
402055,0,87232.0,86214.0,1018.0,0,0.0
412055,1,88898.0,88538.0,360.0,6,1035.0
402056,0,30422.0,30975.0,-553.0,11,389.0
412056,1,66307.0,67642.0,-1335.0,0,0.0
402057,0,49231.0,49163.0,68.0,11,53.0
412057,1,86283.0,84333.0,1950.0,0,0.0
402058,0,74186.0,72721.0,1465.0,0,0.0
412058,1,104795.0,101523.0,3272.0,2,6897.0
402059,0,78706.0,79023.0,-317.0,11,261.0
412059,1,124901.0,122928.0,1973.0,1,381.0
402060,0,58542.0,59143.0,-601.0,11,288.0
412060,1,64221.0,62884.0,1337.0,1,6026.0
402061,0,118524.0,119573.0,-1049.0,0,0.0
412061,1,91763.0,90425.0,1338.0,7,1382.0
402062,0,92391.0,92279.0,112.0,0,0.0
412062,1,74056.0,72874.0,1182.0,0,0.0
402063,0,86833.0,86868.0,-35.0,0,0.0
412063,1,75549.0,77355.0,-1806.0,7,4239.0
402064,0,45636.0,45636.0,0.0,7,327.0
412064,1,98696.0,98197.0,499.0,2,1454.0
402065,0,86776.0,84766.0,2010.0,0,0.0
412065,1,88795.0,88770.0,25.0,11,560.0
402066,0,46110.0,44726.0,1384.0,2,4843.0
412066,1,32627.0,33345.0,-718.0,1,5881.0
402067,0,58093.0,58544.0,-451.0,7,1275.0
412067,1,76928.0,71869.0,5059.0,1,7191.0
402068,0,72495.0,72401.0,94.0,0,0.0
412068,1,113277.0,108780.0,4497.0,6,571.0
402069,0,83774.0,83774.0,0.0,0,0.0
412069,1,118226.0,118632.0,-406.0,0,0.0
402070,0,38031.0,38295.0,-264.0,0,0.0
412070,1,91730.0,87884.0,3846.0,0,0.0
402071,0,81075.0,78378.0,2697.0,0,0.0
412071,1,89761.0,86402.0,3359.0,0,0.0
402072,0,37380.0,38123.0,-743.0,11,226.0
412072,1,117626.0,119856.0,-2230.0,1,1209.0
402073,0,47765.0,47342.0,423.0,7,1543.0
412073,1,98787.0,96718.0,2069.0,0,0.0
402074,0,36043.0,36048.0,-5.0,0,0.0
412074,1,61842.0,62037.0,-195.0,6,255.0
402075,0,108763.0,103008.0,5755.0,0,0.0
412075,1,42306.0,41947.0,359.0,7,121.0
402076,0,130908.0,130960.0,-52.0,0,0.0
412076,1,44285.0,43700.0,585.0,7,2359.0
402077,0,74418.0,74217.0,201.0,0,0.0
412077,1,69191.0,68935.0,256.0,1,1118.0
402078,0,94748.0,95625.0,-877.0,11,126.0
412078,1,90616.0,86737.0,3879.0,0,0.0
402079,0,91442.0,91271.0,171.0,0,0.0
412079,1,66705.0,67001.0,-296.0,6,2666.0
402080,0,113407.0,114690.0,-1283.0,1,75.0
412080,1,41044.0,41328.0,-284.0,2,183.0
402081,0,98692.0,98825.0,-133.0,6,221.0
412081,1,96067.0,95087.0,980.0,2,2634.0
402082,0,90076.0,89927.0,149.0,0,0.0
412082,1,118528.0,118627.0,-99.0,2,356.0
402083,0,69005.0,77585.0,-8580.0,7,638.0
412083,1,66898.0,64750.0,2148.0,7,2135.0
402084,0,85008.0,84157.0,851.0,0,0.0
412084,1,84274.0,75910.0,8364.0,0,0.0
402085,0,83379.0,83716.0,-337.0,0,0.0
412085,1,22867.0,23266.0,-399.0,7,403.0
402086,0,112962.0,112883.0,79.0,0,0.0
412086,1,125477.0,125854.0,-377.0,1,3321.0
402087,0,76420.0,74399.0,2021.0,0,0.0
412087,1,129107.0,127961.0,1146.0,0,0.0
402088,0,90607.0,89634.0,973.0,0,0.0
412088,1,61107.0,61644.0,-537.0,11,533.0
402089,0,103065.0,102943.0,122.0,11,209.0
412089,1,108544.0,108272.0,272.0,0,0.0
402090,0,61036.0,60942.0,94.0,11,237.0
412090,1,132850.0,133483.0,-633.0,2,494.0
402091,0,60636.0,59723.0,913.0,0,0.0
412091,1,140310.0,131523.0,8787.0,11,240.0
402092,0,92094.0,90260.0,1834.0,0,0.0
412092,1,99839.0,97331.0,2508.0,0,0.0
402093,0,48378.0,47472.0,906.0,7,536.0
412093,1,119096.0,119236.0,-140.0,2,214.0
402094,0,75584.0,75349.0,235.0,0,0.0
412094,1,112096.0,111864.0,232.0,0,0.0
402095,0,77472.0,77647.0,-175.0,1,563.0
412095,1,65250.0,64511.0,739.0,0,0.0
402096,0,92077.0,88778.0,3299.0,0,0.0
412096,1,99265.0,97119.0,2146.0,1,191.0
402097,0,64153.0,61897.0,2256.0,0,0.0
412097,1,57998.0,58585.0,-587.0,11,491.0
402098,0,111106.0,111392.0,-286.0,6,256.0
412098,1,90571.0,89982.0,589.0,0,0.0
402099,0,82085.0,73595.0,8490.0,7,600.0
412099,1,75936.0,76140.0,-204.0,0,0.0
402100,0,58885.0,59369.0,-484.0,7,803.0
412100,1,56712.0,53864.0,2848.0,0,0.0
402101,0,80867.0,77405.0,3462.0,0,0.0
412101,1,68869.0,68489.0,380.0,0,0.0
402102,0,112771.0,112500.0,271.0,0,0.0
412102,1,85490.0,85074.0,416.0,0,0.0
402103,0,88459.0,88459.0,0.0,0,0.0
412103,1,52966.0,52927.0,39.0,1,3665.0
402104,0,64666.0,64533.0,133.0,6,268.0
412104,1,139057.0,137238.0,1819.0,11,371.0
402105,0,73350.0,73254.0,96.0,0,0.0
412105,1,64401.0,63484.0,917.0,11,117.0
402106,0,108372.0,108663.0,-291.0,1,8395.0
412106,1,75986.0,73150.0,2836.0,0,0.0
402107,0,76616.0,76415.0,201.0,11,574.0
412107,1,99976.0,99726.0,250.0,1,1732.0
402108,0,122213.0,130223.0,-8010.0,1,6265.0
412108,1,34115.0,33541.0,574.0,7,321.0
402109,0,99426.0,99590.0,-164.0,0,0.0
412109,1,66173.0,66244.0,-71.0,11,896.0
402110,0,48652.0,49000.0,-348.0,0,0.0
412110,1,109940.0,109793.0,147.0,0,0.0
402111,0,67525.0,63967.0,3558.0,6,2663.0
412111,1,57141.0,57575.0,-434.0,1,1905.0
402112,0,53590.0,58577.0,-4987.0,2,7612.0
412112,1,105435.0,100094.0,5341.0,0,0.0
402113,0,99899.0,99871.0,28.0,2,125.0
412113,1,41810.0,42511.0,-701.0,1,2387.0
402114,0,70298.0,70405.0,-107.0,0,0.0
412114,1,104661.0,95678.0,8983.0,0,0.0
402115,0,66328.0,67030.0,-702.0,1,1732.0
412115,1,61502.0,55017.0,6485.0,6,991.0
402116,0,47032.0,47711.0,-679.0,0,0.0
412116,1,96552.0,94750.0,1802.0,0,0.0
402117,0,70517.0,69705.0,812.0,7,2068.0
412117,1,28532.0,28493.0,39.0,0,0.0
402118,0,152056.0,152135.0,-79.0,0,0.0
412118,1,86494.0,85625.0,869.0,2,1840.0
402119,0,95594.0,94880.0,714.0,0,0.0
412119,1,61858.0,60525.0,1333.0,0,0.0
402120,0,97108.0,101121.0,-4013.0,1,2938.0
412120,1,80136.0,76736.0,3400.0,0,0.0
402121,0,87415.0,87250.0,165.0,0,0.0
412121,1,84500.0,84173.0,327.0,0,0.0
402122,0,75463.0,73084.0,2379.0,0,0.0
412122,1,76959.0,76394.0,565.0,0,0.0
402123,0,76825.0,76785.0,40.0,1,10271.0
412123,1,113736.0,109817.0,3919.0,0,0.0
402124,0,72180.0,71795.0,385.0,0,0.0
412124,1,62470.0,60822.0,1648.0,0,0.0
402125,0,94959.0,94758.0,201.0,0,0.0
412125,1,68853.0,67004.0,1849.0,0,0.0
402126,0,86307.0,86170.0,137.0,0,0.0
412126,1,105591.0,104067.0,1524.0,11,419.0
402127,0,117451.0,117260.0,191.0,11,648.0
412127,1,108872.0,108430.0,442.0,0,0.0
402128,0,38011.0,38324.0,-313.0,6,199.0
412128,1,79826.0,79851.0,-25.0,7,2047.0
402129,0,117832.0,119535.0,-1703.0,0,0.0
412129,1,106652.0,101732.0,4920.0,0,0.0
402130,0,64433.0,64666.0,-233.0,0,0.0
412130,1,54191.0,50615.0,3576.0,0,0.0
402131,0,25451.0,25623.0,-172.0,11,425.0
412131,1,92790.0,92406.0,384.0,0,0.0
402132,0,134595.0,129228.0,5367.0,11,690.0
412132,1,35225.0,35249.0,-24.0,7,1206.0
402133,0,54662.0,54458.0,204.0,1,855.0
412133,1,67884.0,68109.0,-225.0,2,2828.0
402134,0,39088.0,39164.0,-76.0,0,0.0
412134,1,81178.0,82246.0,-1068.0,11,617.0
402135,0,84023.0,83661.0,362.0,0,0.0
412135,1,71268.0,70811.0,457.0,7,3869.0
402136,0,65832.0,65913.0,-81.0,0,0.0
412136,1,127956.0,128603.0,-647.0,0,0.0
402137,0,111126.0,111449.0,-323.0,0,0.0
412137,1,135613.0,137030.0,-1417.0,1,1939.0
402138,0,63371.0,60814.0,2557.0,0,0.0
412138,1,66880.0,66489.0,391.0,2,54.0
402139,0,79748.0,80131.0,-383.0,1,1276.0
412139,1,91409.0,91127.0,282.0,11,254.0
402140,0,64332.0,62027.0,2305.0,1,3163.0
412140,1,91721.0,91345.0,376.0,0,0.0
402141,0,65934.0,66621.0,-687.0,0,0.0
412141,1,72299.0,71702.0,597.0,2,864.0
402142,0,95214.0,94509.0,705.0,1,364.0
412142,1,75673.0,75132.0,541.0,6,257.0
402143,0,48212.0,48507.0,-295.0,7,516.0
412143,1,98201.0,97424.0,777.0,0,0.0
402144,0,77039.0,74664.0,2375.0,0,0.0
412144,1,59695.0,66977.0,-7282.0,1,2928.0
402145,0,54481.0,52579.0,1902.0,7,650.0
412145,1,116023.0,116692.0,-669.0,1,528.0
402146,0,62936.0,62245.0,691.0,0,0.0
412146,1,64551.0,64136.0,415.0,0,0.0
402147,0,81002.0,80444.0,558.0,0,0.0
412147,1,75051.0,77651.0,-2600.0,0,0.0
402148,0,116437.0,116549.0,-112.0,0,0.0
412148,1,52894.0,52837.0,57.0,0,0.0
402149,0,105491.0,107227.0,-1736.0,1,592.0
412149,1,116430.0,115944.0,486.0,0,0.0
402150,0,91579.0,93022.0,-1443.0,6,252.0
412150,1,137389.0,137925.0,-536.0,0,0.0
402151,0,92853.0,92853.0,0.0,0,0.0
412151,1,71684.0,68495.0,3189.0,0,0.0
402152,0,74603.0,74188.0,415.0,7,2898.0
412152,1,97376.0,97037.0,339.0,6,256.0
402153,0,55475.0,55799.0,-324.0,6,1078.0
412153,1,101131.0,99663.0,1468.0,0,0.0
402154,0,49429.0,49197.0,232.0,1,1077.0
412154,1,92647.0,89386.0,3261.0,0,0.0
402155,0,53016.0,53419.0,-403.0,1,1035.0
412155,1,90522.0,88887.0,1635.0,11,188.0
402156,0,96765.0,94021.0,2744.0,0,0.0
412156,1,62597.0,62688.0,-91.0,2,869.0
402157,0,145180.0,145365.0,-185.0,0,0.0
412157,1,47273.0,47972.0,-699.0,2,681.0
402158,0,95728.0,94682.0,1046.0,0,0.0
412158,1,74508.0,74744.0,-236.0,0,0.0
402159,0,95913.0,96093.0,-180.0,6,256.0
412159,1,77242.0,77202.0,40.0,7,1483.0
402160,0,60658.0,60862.0,-204.0,11,322.0
412160,1,80453.0,80844.0,-391.0,0,0.0
402161,0,70128.0,70056.0,72.0,0,0.0
412161,1,103237.0,83880.0,19357.0,0,0.0
402162,0,140836.0,140179.0,657.0,4,529.0
412162,1,67451.0,67450.0,1.0,11,250.0
402163,0,27527.0,25646.0,1881.0,7,219.0
412163,1,75674.0,69285.0,6389.0,1,6044.0
402164,0,78338.0,80942.0,-2604.0,0,0.0
412164,1,100997.0,100404.0,593.0,0,0.0
402165,0,44765.0,44945.0,-180.0,1,446.0
412165,1,61976.0,60848.0,1128.0,0,0.0
402166,0,136688.0,138124.0,-1436.0,0,0.0
412166,1,109173.0,107730.0,1443.0,0,0.0
402167,0,65095.0,65521.0,-426.0,0,0.0
412167,1,65337.0,65501.0,-164.0,2,1992.0
402168,0,92680.0,92834.0,-154.0,11,170.0
412168,1,71445.0,71275.0,170.0,0,0.0
402169,0,125408.0,125350.0,58.0,0,0.0
412169,1,83761.0,83874.0,-113.0,7,1911.0
402170,0,39896.0,39894.0,2.0,0,0.0
412170,1,106960.0,106023.0,937.0,0,0.0
402171,0,112006.0,112261.0,-255.0,11,160.0
412171,1,74497.0,75752.0,-1255.0,7,3431.0
402172,0,75615.0,74058.0,1557.0,0,0.0
412172,1,68856.0,68023.0,833.0,0,0.0
402173,0,101921.0,101744.0,177.0,7,2463.0
412173,1,73319.0,68744.0,4575.0,0,0.0
402174,0,110157.0,109746.0,411.0,11,203.0
412174,1,78436.0,78319.0,117.0,7,3604.0
402175,0,110411.0,108750.0,1661.0,1,5137.0
412175,1,58108.0,57894.0,214.0,0,0.0
402176,0,62817.0,63239.0,-422.0,11,109.0
412176,1,41187.0,40874.0,313.0,11,201.0
402177,0,41031.0,41207.0,-176.0,0,0.0
412177,1,77222.0,77150.0,72.0,1,1899.0
402178,0,60649.0,61569.0,-920.0,11,558.0
412178,1,45201.0,45275.0,-74.0,11,393.0
402179,0,50799.0,55637.0,-4838.0,7,7144.0
412179,1,84442.0,84125.0,317.0,1,728.0
402180,0,77210.0,77473.0,-263.0,0,0.0
412180,1,97561.0,96261.0,1300.0,1,1272.0
402181,0,72617.0,73779.0,-1162.0,7,3616.0
412181,1,109129.0,109446.0,-317.0,6,2088.0
402182,0,145096.0,145293.0,-197.0,2,577.0
412182,1,117135.0,117052.0,83.0,2,5432.0
402183,0,139411.0,147362.0,-7951.0,1,4093.0
412183,1,73393.0,72481.0,912.0,7,684.0
402184,0,92565.0,92594.0,-29.0,0,0.0
412184,1,86633.0,84801.0,1832.0,0,0.0
402185,0,74289.0,73817.0,472.0,7,1218.0
412185,1,63396.0,62519.0,877.0,0,0.0
402186,0,53220.0,53325.0,-105.0,7,2961.0
412186,1,72034.0,71892.0,142.0,7,2700.0
402187,0,58873.0,59587.0,-714.0,11,897.0
412187,1,145628.0,137400.0,8228.0,0,0.0
402188,0,55394.0,55168.0,226.0,11,183.0
412188,1,92092.0,91277.0,815.0,0,0.0
402189,0,52883.0,54319.0,-1436.0,5,164.0
412189,1,93238.0,92031.0,1207.0,2,102.0
402190,0,100351.0,100570.0,-219.0,1,461.0
412190,1,88682.0,87685.0,997.0,0,0.0
402191,0,125554.0,128918.0,-3364.0,7,744.0
412191,1,49052.0,46420.0,2632.0,0,0.0
402192,0,94706.0,93388.0,1318.0,0,0.0
412192,1,41805.0,42354.0,-549.0,7,1581.0
402193,0,116124.0,115897.0,227.0,11,74.0
412193,1,68841.0,70225.0,-1384.0,2,3746.0
402194,0,74712.0,79487.0,-4775.0,7,5866.0
412194,1,51597.0,53069.0,-1472.0,2,2189.0
402195,0,31160.0,32565.0,-1405.0,7,542.0
412195,1,71315.0,71223.0,92.0,0,0.0
402196,0,98635.0,98464.0,171.0,11,90.0
412196,1,84750.0,84573.0,177.0,0,0.0
402197,0,88415.0,88369.0,46.0,11,373.0
412197,1,82629.0,87344.0,-4715.0,1,5043.0
402198,0,77236.0,74434.0,2802.0,4,2149.0
412198,1,56021.0,55377.0,644.0,6,251.0
402199,0,93068.0,93040.0,28.0,0,0.0
412199,1,75972.0,76518.0,-546.0,0,0.0
402200,0,65265.0,66016.0,-751.0,11,264.0
412200,1,107575.0,107778.0,-203.0,1,422.0
402201,0,40835.0,42499.0,-1664.0,1,480.0
412201,1,126801.0,126028.0,773.0,2,1408.0
402202,0,88485.0,88440.0,45.0,1,1815.0
412202,1,116233.0,115009.0,1224.0,2,285.0
402203,0,51781.0,51744.0,37.0,0,0.0
412203,1,100801.0,102030.0,-1229.0,1,7383.0
402204,0,35013.0,35364.0,-351.0,7,355.0
412204,1,129375.0,129950.0,-575.0,0,0.0
402205,0,46178.0,46114.0,64.0,0,0.0
412205,1,91943.0,90815.0,1128.0,0,0.0
402206,0,57957.0,56811.0,1146.0,2,540.0
412206,1,104308.0,102437.0,1871.0,11,491.0
402207,0,38092.0,38019.0,73.0,0,0.0
412207,1,114052.0,113335.0,717.0,0,0.0
402208,0,120098.0,120169.0,-71.0,0,0.0
412208,1,104354.0,98552.0,5802.0,0,0.0
402209,0,34132.0,34167.0,-35.0,6,1737.0
412209,1,48910.0,49006.0,-96.0,2,2378.0
402210,0,75655.0,75748.0,-93.0,0,0.0
412210,1,87300.0,79247.0,8053.0,0,0.0
402211,0,55529.0,54589.0,940.0,7,86.0
412211,1,86038.0,78184.0,7854.0,0,0.0
402212,0,74989.0,74308.0,681.0,0,0.0
412212,1,95404.0,92884.0,2520.0,0,0.0
402213,0,84836.0,84718.0,118.0,11,77.0
412213,1,70574.0,70981.0,-407.0,0,0.0
402214,0,92370.0,91641.0,729.0,0,0.0
412214,1,96531.0,95337.0,1194.0,0,0.0
402215,0,45774.0,45703.0,71.0,0,0.0
412215,1,45145.0,45027.0,118.0,11,59.0
402216,0,117968.0,117867.0,101.0,0,0.0
412216,1,91590.0,90516.0,1074.0,11,202.0
402217,0,25363.0,25392.0,-29.0,11,121.0
412217,1,48215.0,48318.0,-103.0,6,614.0
402218,0,62199.0,60669.0,1530.0,0,0.0
412218,1,77176.0,76639.0,537.0,7,2268.0
402219,0,80585.0,79233.0,1352.0,0,0.0
412219,1,145226.0,144677.0,549.0,6,423.0
402220,0,68899.0,66827.0,2072.0,0,0.0
412220,1,67341.0,66571.0,770.0,0,0.0
402221,0,58582.0,59700.0,-1118.0,11,1353.0
412221,1,106460.0,106253.0,207.0,0,0.0
402222,0,72447.0,72189.0,258.0,0,0.0
412222,1,88656.0,89894.0,-1238.0,1,2737.0
402223,0,81757.0,81376.0,381.0,0,0.0
412223,1,102235.0,100462.0,1773.0,2,2325.0
402224,0,105882.0,106242.0,-360.0,0,0.0
412224,1,98413.0,97192.0,1221.0,0,0.0
402225,0,106776.0,106776.0,0.0,1,2397.0
412225,1,69827.0,70431.0,-604.0,7,2947.0
402226,0,62939.0,63382.0,-443.0,0,0.0
412226,1,69247.0,74173.0,-4926.0,1,41579.0
402227,0,73349.0,73190.0,159.0,1,959.0
412227,1,40799.0,40741.0,58.0,0,0.0
402228,0,68108.0,61587.0,6521.0,6,258.0
412228,1,83236.0,84867.0,-1631.0,2,1650.0
402229,0,113527.0,106275.0,7252.0,0,0.0
412229,1,90479.0,89200.0,1279.0,2,3409.0
402230,0,25688.0,25533.0,155.0,2,997.0
412230,1,65074.0,64586.0,488.0,11,539.0
402231,0,93969.0,89646.0,4323.0,11,137.0
412231,1,106925.0,105672.0,1253.0,2,784.0
402232,0,101586.0,101272.0,314.0,1,8078.0
412232,1,82541.0,82247.0,294.0,7,1825.0
402233,0,53247.0,51614.0,1633.0,0,0.0
412233,1,25371.0,25408.0,-37.0,0,0.0
402234,0,78431.0,76504.0,1927.0,0,0.0
412234,1,103127.0,102085.0,1042.0,11,220.0
402235,0,92875.0,94013.0,-1138.0,7,824.0
412235,1,92013.0,96093.0,-4080.0,1,4062.0
402236,0,116280.0,116414.0,-134.0,1,752.0
412236,1,77309.0,76885.0,424.0,2,6706.0
402237,0,123233.0,125236.0,-2003.0,0,0.0
412237,1,87530.0,79643.0,7887.0,0,0.0
402238,0,67256.0,64963.0,2293.0,2,709.0
412238,1,117977.0,117416.0,561.0,0,0.0
402239,0,107839.0,104893.0,2946.0,0,0.0
412239,1,50062.0,48256.0,1806.0,0,0.0
402240,0,85097.0,82549.0,2548.0,7,378.0
412240,1,69553.0,69322.0,231.0,2,2519.0
402241,0,58646.0,54387.0,4259.0,0,0.0
412241,1,58589.0,57681.0,908.0,0,0.0
402242,0,80703.0,80935.0,-232.0,7,1277.0
412242,1,102848.0,102697.0,151.0,0,0.0
402243,0,72277.0,67126.0,5151.0,0,0.0
412243,1,103801.0,103743.0,58.0,11,312.0
402244,0,95260.0,96836.0,-1576.0,2,1165.0
412244,1,44940.0,44122.0,818.0,0,0.0
402245,0,71488.0,71047.0,441.0,7,2577.0
412245,1,76581.0,76663.0,-82.0,0,0.0
402246,0,48698.0,48631.0,67.0,1,2398.0
412246,1,90617.0,89645.0,972.0,0,0.0
402247,0,59339.0,58894.0,445.0,0,0.0
412247,1,66621.0,64637.0,1984.0,0,0.0
402248,0,48308.0,51056.0,-2748.0,7,2980.0
412248,1,112042.0,112337.0,-295.0,1,4304.0
402249,0,77514.0,71297.0,6217.0,6,252.0
412249,1,111963.0,110614.0,1349.0,1,3428.0
402250,0,88784.0,87896.0,888.0,1,1766.0
412250,1,36595.0,36632.0,-37.0,1,3206.0
402251,0,86051.0,83627.0,2424.0,0,0.0
412251,1,111449.0,118504.0,-7055.0,2,5893.0
402252,0,99387.0,98894.0,493.0,2,32324.0
412252,1,38826.0,37572.0,1254.0,7,1197.0
402253,0,73782.0,73836.0,-54.0,1,124.0
412253,1,66689.0,66375.0,314.0,0,0.0
402254,0,90800.0,90877.0,-77.0,1,1813.0
412254,1,38076.0,38155.0,-79.0,7,1300.0
402255,0,40668.0,40898.0,-230.0,2,1566.0
412255,1,107665.0,107139.0,526.0,11,125.0
402256,0,55141.0,54879.0,262.0,0,0.0
412256,1,80326.0,80767.0,-441.0,0,0.0
402257,0,60132.0,54187.0,5945.0,6,2528.0
412257,1,53293.0,50204.0,3089.0,0,0.0
402258,0,44349.0,44349.0,0.0,7,1849.0
412258,1,69977.0,68647.0,1330.0,0,0.0
402259,0,124057.0,124063.0,-6.0,0,0.0
412259,1,100118.0,99253.0,865.0,0,0.0
402260,0,75449.0,70045.0,5404.0,7,1872.0
412260,1,82255.0,81594.0,661.0,0,0.0
402261,0,53598.0,51572.0,2026.0,0,0.0
412261,1,40921.0,40708.0,213.0,0,0.0
402262,0,88584.0,90529.0,-1945.0,1,1204.0
412262,1,90583.0,89196.0,1387.0,0,0.0
402263,0,73764.0,73348.0,416.0,1,39830.0
412263,1,93038.0,93553.0,-515.0,2,2506.0
402264,0,72919.0,72158.0,761.0,0,0.0
412264,1,130459.0,130797.0,-338.0,1,1267.0
402265,0,63505.0,63387.0,118.0,7,78.0
412265,1,64246.0,64443.0,-197.0,7,501.0
402266,0,66692.0,68236.0,-1544.0,11,67.0
412266,1,97881.0,97425.0,456.0,0,0.0
402267,0,149398.0,141773.0,7625.0,0,0.0
412267,1,65815.0,65398.0,417.0,2,244.0
402268,0,25620.0,25570.0,50.0,0,0.0
412268,1,60200.0,60840.0,-640.0,2,1490.0
402269,0,74686.0,73327.0,1359.0,0,0.0
412269,1,106734.0,105235.0,1499.0,0,0.0
402270,0,70256.0,70025.0,231.0,2,536.0
412270,1,74469.0,70914.0,3555.0,0,0.0
402271,0,63626.0,61328.0,2298.0,0,0.0
412271,1,77945.0,77836.0,109.0,0,0.0
402272,0,103023.0,105291.0,-2268.0,1,5164.0
412272,1,67597.0,63226.0,4371.0,0,0.0
402273,0,80147.0,80110.0,37.0,11,61.0
412273,1,58308.0,59049.0,-741.0,1,1880.0
402274,0,62640.0,62718.0,-78.0,2,1662.0
412274,1,76784.0,75934.0,850.0,1,1685.0
402275,0,47008.0,48197.0,-1189.0,1,1863.0
412275,1,79102.0,78925.0,177.0,2,1834.0
402276,0,98373.0,98158.0,215.0,0,0.0
412276,1,49129.0,47063.0,2066.0,2,5948.0
402277,0,117831.0,117724.0,107.0,1,668.0
412277,1,78891.0,79069.0,-178.0,0,0.0
402278,0,107208.0,107194.0,14.0,0,0.0
412278,1,44062.0,44005.0,57.0,1,1206.0
402279,0,71113.0,72242.0,-1129.0,0,0.0
412279,1,111237.0,111105.0,132.0,0,0.0
402280,0,116067.0,116381.0,-314.0,1,4996.0
412280,1,84557.0,82613.0,1944.0,0,0.0
402281,0,102827.0,111250.0,-8423.0,1,7138.0
412281,1,90823.0,88498.0,2325.0,0,0.0
402282,0,82457.0,81918.0,539.0,0,0.0
412282,1,98001.0,96838.0,1163.0,0,0.0
402283,0,91816.0,92283.0,-467.0,2,1105.0
412283,1,55296.0,55431.0,-135.0,11,246.0
402284,0,76470.0,78524.0,-2054.0,1,3717.0
412284,1,70084.0,66231.0,3853.0,0,0.0
402285,0,67977.0,67749.0,228.0,11,305.0
412285,1,58506.0,57569.0,937.0,0,0.0
402286,0,30067.0,30099.0,-32.0,0,0.0
412286,1,79906.0,80130.0,-224.0,1,3393.0
402287,0,52453.0,52526.0,-73.0,11,228.0
412287,1,77193.0,76666.0,527.0,11,413.0
402288,0,93689.0,93449.0,240.0,0,0.0
412288,1,57832.0,57496.0,336.0,6,256.0
402289,0,118481.0,118656.0,-175.0,0,0.0
412289,1,113038.0,112884.0,154.0,0,0.0
402290,0,64339.0,64804.0,-465.0,11,486.0
412290,1,74567.0,75200.0,-633.0,2,225.0
402291,0,51864.0,52785.0,-921.0,11,424.0
412291,1,115098.0,113418.0,1680.0,0,0.0
402292,0,43937.0,44656.0,-719.0,0,0.0
412292,1,50961.0,50589.0,372.0,0,0.0
402293,0,96362.0,96552.0,-190.0,0,0.0
412293,1,74232.0,73986.0,246.0,1,3289.0
402294,0,61640.0,53131.0,8509.0,0,0.0
412294,1,52711.0,49945.0,2766.0,0,0.0
402295,0,101079.0,101331.0,-252.0,2,450.0
412295,1,64534.0,63950.0,584.0,0,0.0
402296,0,39790.0,40267.0,-477.0,2,6846.0
412296,1,58797.0,46111.0,12686.0,7,16450.0
402297,0,71753.0,71171.0,582.0,7,2828.0
412297,1,128233.0,130800.0,-2567.0,0,0.0
402298,0,100163.0,100703.0,-540.0,0,0.0
412298,1,68174.0,67490.0,684.0,0,0.0
402299,0,76277.0,73434.0,2843.0,0,0.0
412299,1,79242.0,72627.0,6615.0,7,1002.0
402300,0,53440.0,53168.0,272.0,7,538.0
412300,1,38175.0,38119.0,56.0,1,7755.0
402301,0,95797.0,93290.0,2507.0,6,1705.0
412301,1,99949.0,99358.0,591.0,6,356.0
402302,0,74560.0,74378.0,182.0,0,0.0
412302,1,39058.0,39555.0,-497.0,2,1761.0
402303,0,107595.0,107881.0,-286.0,11,53.0
412303,1,70705.0,66260.0,4445.0,0,0.0
402304,0,139871.0,140193.0,-322.0,11,212.0
412304,1,54299.0,55403.0,-1104.0,7,579.0
402305,0,57640.0,60879.0,-3239.0,7,2103.0
412305,1,106302.0,104738.0,1564.0,11,166.0
402306,0,93499.0,92072.0,1427.0,0,0.0
412306,1,96105.0,95149.0,956.0,0,0.0
402307,0,131086.0,132624.0,-1538.0,0,0.0
412307,1,121823.0,121757.0,66.0,2,772.0
402308,0,29871.0,27093.0,2778.0,1,8813.0
412308,1,104131.0,100711.0,3420.0,0,0.0
402309,0,70325.0,70158.0,167.0,0,0.0
412309,1,95372.0,93981.0,1391.0,0,0.0
402310,0,131331.0,132444.0,-1113.0,0,0.0
412310,1,47518.0,47215.0,303.0,7,1396.0
402311,0,90164.0,89574.0,590.0,0,0.0
412311,1,72981.0,72545.0,436.0,7,941.0
402312,0,82434.0,82374.0,60.0,2,1796.0
412312,1,86447.0,85730.0,717.0,7,997.0
402313,0,114387.0,114037.0,350.0,11,165.0
412313,1,150707.0,150160.0,547.0,0,0.0
402314,0,83519.0,83445.0,74.0,0,0.0
412314,1,122578.0,121432.0,1146.0,0,0.0
402315,0,121955.0,122199.0,-244.0,1,1005.0
412315,1,83044.0,84993.0,-1949.0,7,540.0
402316,0,81777.0,81302.0,475.0,1,2847.0
412316,1,98209.0,95486.0,2723.0,0,0.0
402317,0,103042.0,102188.0,854.0,6,256.0
412317,1,55061.0,54796.0,265.0,0,0.0
402318,0,49701.0,50130.0,-429.0,7,3363.0
412318,1,67778.0,69558.0,-1780.0,1,1867.0
402319,0,66267.0,66830.0,-563.0,11,402.0
412319,1,46494.0,46684.0,-190.0,1,1270.0
402320,0,69628.0,69145.0,483.0,1,2437.0
412320,1,132461.0,129724.0,2737.0,1,6024.0
402321,0,62021.0,65284.0,-3263.0,1,4217.0
412321,1,124446.0,124203.0,243.0,2,2217.0
402322,0,72491.0,78876.0,-6385.0,1,12481.0
412322,1,103476.0,103040.0,436.0,0,0.0
402323,0,62203.0,68145.0,-5942.0,2,5962.0
412323,1,65172.0,65610.0,-438.0,1,1155.0
402324,0,117188.0,118410.0,-1222.0,1,5553.0
412324,1,37685.0,37759.0,-74.0,7,455.0
402325,0,86004.0,83122.0,2882.0,0,0.0
412325,1,65226.0,64915.0,311.0,0,0.0
402326,0,64899.0,63902.0,997.0,2,3835.0
412326,1,88392.0,88977.0,-585.0,7,3762.0
402327,0,79926.0,84185.0,-4259.0,1,3613.0
412327,1,84843.0,82537.0,2306.0,0,0.0
402328,0,63251.0,62290.0,961.0,0,0.0
412328,1,94393.0,94573.0,-180.0,0,0.0
402329,0,91796.0,91915.0,-119.0,0,0.0
412329,1,92700.0,90507.0,2193.0,0,0.0
402330,0,68029.0,69031.0,-1002.0,7,2228.0
412330,1,86969.0,87064.0,-95.0,11,427.0
402331,0,65479.0,64394.0,1085.0,1,228.0
412331,1,141522.0,141822.0,-300.0,2,262.0
402332,0,75617.0,75269.0,348.0,6,261.0
412332,1,78203.0,77836.0,367.0,0,0.0
402333,0,93590.0,93638.0,-48.0,0,0.0
412333,1,63576.0,63539.0,37.0,0,0.0
402334,0,69701.0,69351.0,350.0,0,0.0
412334,1,65443.0,65602.0,-159.0,0,0.0
402335,0,70347.0,69508.0,839.0,0,0.0
412335,1,93172.0,91311.0,1861.0,0,0.0
402336,0,95017.0,95215.0,-198.0,11,106.0
412336,1,102610.0,100755.0,1855.0,0,0.0
402337,0,57153.0,57102.0,51.0,1,713.0
412337,1,101812.0,100492.0,1320.0,0,0.0
402338,0,67550.0,65471.0,2079.0,0,0.0
412338,1,22198.0,22231.0,-33.0,0,0.0
402339,0,53052.0,53614.0,-562.0,11,333.0
412339,1,124517.0,124755.0,-238.0,0,0.0
402340,0,106915.0,104655.0,2260.0,0,0.0
412340,1,91762.0,91511.0,251.0,0,0.0
402341,0,92474.0,92067.0,407.0,11,246.0
412341,1,66060.0,62468.0,3592.0,0,0.0
402342,0,54402.0,55932.0,-1530.0,0,0.0
412342,1,65937.0,63922.0,2015.0,0,0.0
402343,0,80987.0,81578.0,-591.0,0,0.0
412343,1,76265.0,75127.0,1138.0,0,0.0
402344,0,82402.0,82450.0,-48.0,1,1347.0
412344,1,39560.0,39093.0,467.0,11,233.0
402345,0,115032.0,115860.0,-828.0,0,0.0
412345,1,121219.0,121752.0,-533.0,1,2954.0
402346,0,128664.0,126451.0,2213.0,0,0.0
412346,1,98286.0,96139.0,2147.0,0,0.0
402347,0,111358.0,111548.0,-190.0,11,222.0
412347,1,114286.0,113655.0,631.0,0,0.0
402348,0,79169.0,79295.0,-126.0,0,0.0
412348,1,61008.0,59506.0,1502.0,0,0.0
402349,0,72424.0,73397.0,-973.0,6,138.0
412349,1,64409.0,65838.0,-1429.0,1,1046.0
402350,0,103986.0,103741.0,245.0,0,0.0
412350,1,74703.0,72286.0,2417.0,0,0.0
402351,0,78089.0,74307.0,3782.0,0,0.0
412351,1,130664.0,130961.0,-297.0,2,1904.0
402352,0,71857.0,71740.0,117.0,7,3352.0
412352,1,68474.0,65597.0,2877.0,0,0.0
402353,0,70711.0,71263.0,-552.0,11,231.0
412353,1,70838.0,66882.0,3956.0,0,0.0
402354,0,119888.0,122757.0,-2869.0,1,2249.0
412354,1,46548.0,45218.0,1330.0,0,0.0
402355,0,84145.0,85397.0,-1252.0,7,2286.0
412355,1,75078.0,74408.0,670.0,0,0.0
402356,0,63435.0,63840.0,-405.0,11,126.0
412356,1,58459.0,57895.0,564.0,0,0.0
402357,0,76821.0,77497.0,-676.0,0,0.0
412357,1,38718.0,38330.0,388.0,0,0.0
402358,0,98703.0,98134.0,569.0,11,848.0
412358,1,83831.0,83939.0,-108.0,1,3915.0
402359,0,83305.0,81294.0,2011.0,2,42481.0
412359,1,35554.0,35269.0,285.0,1,849.0
402360,0,96576.0,96577.0,-1.0,0,0.0
412360,1,44776.0,42226.0,2550.0,0,0.0
402361,0,106253.0,105448.0,805.0,0,0.0
412361,1,107253.0,107233.0,20.0,6,256.0
402362,0,93159.0,89690.0,3469.0,0,0.0
412362,1,88683.0,89189.0,-506.0,11,464.0
402363,0,34707.0,34937.0,-230.0,6,2147.0
412363,1,106143.0,111992.0,-5849.0,4,1178.0
402364,0,65411.0,62195.0,3216.0,0,0.0
412364,1,86459.0,84132.0,2327.0,1,814.0
402365,0,46683.0,47450.0,-767.0,2,5547.0
412365,1,112808.0,111579.0,1229.0,6,597.0
402366,0,81592.0,81789.0,-197.0,7,3848.0
412366,1,97206.0,96091.0,1115.0,2,42704.0
402367,0,113595.0,113848.0,-253.0,11,249.0
412367,1,70388.0,70167.0,221.0,0,0.0
402368,0,79050.0,71231.0,7819.0,0,0.0
412368,1,82223.0,81251.0,972.0,0,0.0
402369,0,80974.0,81334.0,-360.0,1,1755.0
412369,1,34083.0,34098.0,-15.0,1,1445.0
402370,0,25911.0,25942.0,-31.0,11,221.0
412370,1,72841.0,72887.0,-46.0,0,0.0
402371,0,107255.0,106744.0,511.0,2,4873.0
412371,1,143608.0,153300.0,-9692.0,2,6993.0
402372,0,95105.0,95171.0,-66.0,11,146.0
412372,1,74042.0,73981.0,61.0,1,349.0
402373,0,56877.0,56833.0,44.0,0,0.0
412373,1,96191.0,94269.0,1922.0,2,9286.0
402374,0,53732.0,54947.0,-1215.0,0,0.0
412374,1,97497.0,96229.0,1268.0,1,1905.0
402375,0,99054.0,99226.0,-172.0,6,256.0
412375,1,121056.0,120544.0,512.0,0,0.0
402376,0,84198.0,84519.0,-321.0,1,1642.0
412376,1,79577.0,77270.0,2307.0,0,0.0
402377,0,99848.0,98743.0,1105.0,0,0.0
412377,1,72948.0,72082.0,866.0,0,0.0
402378,0,83369.0,83423.0,-54.0,1,1322.0
412378,1,87939.0,86521.0,1418.0,7,2242.0
402379,0,53524.0,57173.0,-3649.0,1,2363.0
412379,1,122658.0,123043.0,-385.0,2,1238.0
402380,0,59301.0,59753.0,-452.0,0,0.0
412380,1,91854.0,98359.0,-6505.0,2,1798.0
402381,0,75574.0,73249.0,2325.0,7,60.0
412381,1,88885.0,79798.0,9087.0,0,0.0
402382,0,117846.0,119560.0,-1714.0,1,690.0
412382,1,147820.0,147605.0,215.0,0,0.0
402383,0,78904.0,75609.0,3295.0,0,0.0
412383,1,65900.0,66626.0,-726.0,11,526.0
402384,0,110142.0,117805.0,-7663.0,1,4499.0
412384,1,124032.0,124438.0,-406.0,0,0.0
402385,0,67016.0,67132.0,-116.0,7,2636.0
412385,1,51916.0,50702.0,1214.0,11,284.0
402386,0,69685.0,69685.0,0.0,1,474.0
412386,1,56825.0,56817.0,8.0,0,0.0
402387,0,92039.0,91182.0,857.0,0,0.0
412387,1,45119.0,44074.0,1045.0,1,1808.0
402388,0,66940.0,65364.0,1576.0,7,1390.0
412388,1,65763.0,62168.0,3595.0,0,0.0
402389,0,54632.0,54202.0,430.0,0,0.0
412389,1,112960.0,117369.0,-4409.0,1,4156.0
402390,0,88360.0,88672.0,-312.0,2,2104.0
412390,1,79186.0,77435.0,1751.0,0,0.0
402391,0,72801.0,73310.0,-509.0,6,252.0
412391,1,61682.0,56448.0,5234.0,0,0.0
402392,0,117721.0,118093.0,-372.0,0,0.0
412392,1,61650.0,55182.0,6468.0,0,0.0
402393,0,110006.0,110355.0,-349.0,11,245.0
412393,1,56736.0,56555.0,181.0,0,0.0
402394,0,119805.0,119405.0,400.0,0,0.0
412394,1,58431.0,55259.0,3172.0,0,0.0
402395,0,66604.0,66571.0,33.0,0,0.0
412395,1,100734.0,100588.0,146.0,2,259.0
402396,0,76265.0,73526.0,2739.0,0,0.0
412396,1,107240.0,105062.0,2178.0,0,0.0
402397,0,126960.0,134053.0,-7093.0,7,539.0
412397,1,93778.0,92326.0,1452.0,0,0.0
402398,0,28955.0,30396.0,-1441.0,7,492.0
412398,1,80454.0,80664.0,-210.0,2,7070.0
402399,0,63524.0,61881.0,1643.0,0,0.0
412399,1,126234.0,122636.0,3598.0,11,97.0
402400,0,25855.0,26301.0,-446.0,1,3260.0
412400,1,94345.0,93324.0,1021.0,0,0.0
402401,0,48008.0,48070.0,-62.0,0,0.0
412401,1,123500.0,123545.0,-45.0,1,793.0
402402,0,88063.0,88750.0,-687.0,0,0.0
412402,1,69811.0,69165.0,646.0,0,0.0
402403,0,62745.0,63073.0,-328.0,11,515.0
412403,1,75214.0,75242.0,-28.0,11,160.0
402404,0,61546.0,60364.0,1182.0,6,569.0
412404,1,40276.0,41467.0,-1191.0,6,816.0
402405,0,125353.0,126113.0,-760.0,0,0.0
412405,1,65409.0,63888.0,1521.0,0,0.0
402406,0,81739.0,81530.0,209.0,1,219.0
412406,1,109614.0,109361.0,253.0,2,225.0
402407,0,92983.0,90294.0,2689.0,0,0.0
412407,1,105017.0,105214.0,-197.0,0,0.0
402408,0,71572.0,69365.0,2207.0,0,0.0
412408,1,72889.0,72480.0,409.0,2,374.0
402409,0,94145.0,92506.0,1639.0,1,4498.0
412409,1,116608.0,118031.0,-1423.0,7,502.0
402410,0,47201.0,47169.0,32.0,2,303.0
412410,1,68961.0,69168.0,-207.0,11,477.0
402411,0,106721.0,105965.0,756.0,0,0.0
412411,1,66929.0,66312.0,617.0,2,236.0
402412,0,65949.0,67079.0,-1130.0,7,1443.0
412412,1,82360.0,82189.0,171.0,11,376.0
402413,0,93908.0,93445.0,463.0,1,129.0
412413,1,102261.0,101295.0,966.0,0,0.0
402414,0,84942.0,88173.0,-3231.0,1,3105.0
412414,1,54356.0,53888.0,468.0,2,76.0
402415,0,83491.0,82995.0,496.0,0,0.0
412415,1,46775.0,47148.0,-373.0,0,0.0
402416,0,97450.0,97625.0,-175.0,1,1938.0
412416,1,115654.0,115957.0,-303.0,0,0.0
402417,0,123357.0,123488.0,-131.0,0,0.0
412417,1,63162.0,60681.0,2481.0,0,0.0
402418,0,75757.0,76250.0,-493.0,11,207.0
412418,1,51448.0,49638.0,1810.0,0,0.0
402419,0,127983.0,128765.0,-782.0,0,0.0
412419,1,57585.0,64795.0,-7210.0,1,1292.0
402420,0,83736.0,83478.0,258.0,1,754.0
412420,1,59090.0,55833.0,3257.0,0,0.0
402421,0,124226.0,124521.0,-295.0,11,316.0
412421,1,59096.0,59268.0,-172.0,1,3484.0
402422,0,64782.0,62980.0,1802.0,0,0.0
412422,1,95190.0,95935.0,-745.0,0,0.0
402423,0,117889.0,117834.0,55.0,0,0.0
412423,1,61568.0,57978.0,3590.0,0,0.0
402424,0,56150.0,56360.0,-210.0,0,0.0
412424,1,41382.0,41152.0,230.0,7,4285.0
402425,0,39003.0,36603.0,2400.0,7,1006.0
412425,1,69861.0,70128.0,-267.0,7,758.0
402426,0,136372.0,136443.0,-71.0,11,253.0
412426,1,106610.0,106470.0,140.0,1,1941.0
402427,0,87196.0,83387.0,3809.0,0,0.0
412427,1,103355.0,102840.0,515.0,2,3517.0
402428,0,75974.0,75728.0,246.0,1,819.0
412428,1,65794.0,64000.0,1794.0,0,0.0
402429,0,81602.0,81646.0,-44.0,0,0.0
412429,1,58351.0,52892.0,5459.0,1,34339.0
402430,0,112326.0,112930.0,-604.0,11,176.0
412430,1,78322.0,84260.0,-5938.0,1,5151.0
402431,0,62597.0,64992.0,-2395.0,1,588.0
412431,1,101186.0,100247.0,939.0,0,0.0
402432,0,74290.0,74065.0,225.0,0,0.0
412432,1,53925.0,54353.0,-428.0,11,270.0
402433,0,102078.0,102078.0,0.0,11,255.0
412433,1,28399.0,28524.0,-125.0,0,0.0
402434,0,96971.0,91851.0,5120.0,0,0.0
412434,1,71854.0,74907.0,-3053.0,1,5886.0
402435,0,85371.0,85200.0,171.0,1,981.0
412435,1,91715.0,96674.0,-4959.0,1,5108.0
402436,0,82119.0,82315.0,-196.0,7,4764.0
412436,1,43482.0,43516.0,-34.0,7,2839.0
402437,0,75870.0,75155.0,715.0,0,0.0
412437,1,85951.0,82019.0,3932.0,0,0.0
402438,0,69315.0,68559.0,756.0,7,937.0
412438,1,63224.0,62477.0,747.0,0,0.0
402439,0,67193.0,68851.0,-1658.0,1,1112.0
412439,1,88167.0,87992.0,175.0,0,0.0
402440,0,87242.0,86638.0,604.0,1,5210.0
412440,1,63121.0,63143.0,-22.0,1,259.0
402441,0,102702.0,103721.0,-1019.0,7,576.0
412441,1,43340.0,44060.0,-720.0,0,0.0
402442,0,117737.0,117700.0,37.0,1,6919.0
412442,1,93183.0,92227.0,956.0,0,0.0
402443,0,22084.0,22373.0,-289.0,7,154.0
412443,1,114015.0,113478.0,537.0,0,0.0
402444,0,98109.0,95995.0,2114.0,0,0.0
412444,1,104392.0,104310.0,82.0,0,0.0
402445,0,104187.0,104032.0,155.0,0,0.0
412445,1,120318.0,121188.0,-870.0,7,541.0
402446,0,97424.0,97396.0,28.0,2,1082.0
412446,1,97477.0,98024.0,-547.0,0,0.0
402447,0,68191.0,67909.0,282.0,0,0.0
412447,1,100306.0,103965.0,-3659.0,1,7189.0
402448,0,64498.0,65209.0,-711.0,1,574.0
412448,1,97458.0,96086.0,1372.0,0,0.0
402449,0,50560.0,50659.0,-99.0,0,0.0
412449,1,89263.0,88298.0,965.0,0,0.0
402450,0,69607.0,67701.0,1906.0,0,0.0
412450,1,72304.0,71595.0,709.0,1,272.0
402451,0,53421.0,53503.0,-82.0,7,290.0
412451,1,90216.0,88165.0,2051.0,0,0.0
402452,0,36946.0,37098.0,-152.0,7,988.0
412452,1,85353.0,85020.0,333.0,0,0.0
402453,0,78674.0,78860.0,-186.0,6,256.0
412453,1,82870.0,82255.0,615.0,1,177.0
402454,0,39655.0,40119.0,-464.0,1,1466.0
412454,1,87569.0,87024.0,545.0,0,0.0
402455,0,65475.0,63208.0,2267.0,0,0.0
412455,1,80540.0,79097.0,1443.0,1,6861.0
402456,0,47135.0,46439.0,696.0,0,0.0
412456,1,56017.0,56633.0,-616.0,2,6127.0
402457,0,108472.0,111708.0,-3236.0,1,5024.0
412457,1,63012.0,60809.0,2203.0,1,294.0
402458,0,89802.0,90520.0,-718.0,0,0.0
412458,1,78241.0,77742.0,499.0,0,0.0
402459,0,62826.0,63099.0,-273.0,11,270.0
412459,1,129272.0,129696.0,-424.0,2,1498.0
402460,0,97405.0,92399.0,5006.0,0,0.0
412460,1,86570.0,86164.0,406.0,2,1393.0
402461,0,94167.0,94278.0,-111.0,7,3127.0
412461,1,83704.0,83387.0,317.0,0,0.0
402462,0,43988.0,44369.0,-381.0,7,1964.0
412462,1,81050.0,81237.0,-187.0,1,2345.0
402463,0,34779.0,35219.0,-440.0,7,520.0
412463,1,73511.0,72729.0,782.0,0,0.0
402464,0,78838.0,78532.0,306.0,0,0.0
412464,1,90701.0,89887.0,814.0,0,0.0
402465,0,63776.0,64157.0,-381.0,1,4522.0
412465,1,82956.0,81688.0,1268.0,0,0.0
402466,0,104984.0,105113.0,-129.0,11,379.0
412466,1,128147.0,129522.0,-1375.0,2,3223.0
402467,0,85073.0,84277.0,796.0,0,0.0
412467,1,98918.0,96970.0,1948.0,1,1008.0
402468,0,67508.0,68943.0,-1435.0,0,0.0
412468,1,51962.0,50680.0,1282.0,7,1494.0
402469,0,105997.0,105475.0,522.0,0,0.0
412469,1,111595.0,111317.0,278.0,2,3353.0
402470,0,103684.0,101765.0,1919.0,0,0.0
412470,1,83890.0,83021.0,869.0,7,2388.0
402471,0,56230.0,57807.0,-1577.0,1,2264.0
412471,1,129726.0,129686.0,40.0,0,0.0
402472,0,79308.0,79308.0,0.0,0,0.0
412472,1,73402.0,72221.0,1181.0,1,5174.0
402473,0,51603.0,51439.0,164.0,2,2278.0
412473,1,78648.0,77716.0,932.0,7,2027.0
402474,0,96403.0,96104.0,299.0,0,0.0
412474,1,78659.0,77176.0,1483.0,0,0.0
402475,0,116701.0,108381.0,8320.0,11,202.0
412475,1,47026.0,46256.0,770.0,0,0.0
402476,0,51295.0,51471.0,-176.0,1,596.0
412476,1,96118.0,95131.0,987.0,0,0.0
402477,0,83302.0,82190.0,1112.0,1,2007.0
412477,1,82933.0,82692.0,241.0,7,2535.0
402478,0,106497.0,106351.0,146.0,11,1051.0
412478,1,68166.0,67842.0,324.0,0,0.0
402479,0,129550.0,129812.0,-262.0,11,303.0
412479,1,72253.0,71511.0,742.0,1,995.0
402480,0,47396.0,45900.0,1496.0,0,0.0
412480,1,62175.0,61775.0,400.0,0,0.0
402481,0,67026.0,67387.0,-361.0,2,1517.0
412481,1,41769.0,43214.0,-1445.0,7,1393.0
402482,0,114516.0,114516.0,0.0,11,1096.0
412482,1,86112.0,87198.0,-1086.0,0,0.0
402483,0,75296.0,72801.0,2495.0,0,0.0
412483,1,54699.0,55126.0,-427.0,0,0.0
402484,0,68525.0,67659.0,866.0,1,4385.0
412484,1,60751.0,58925.0,1826.0,0,0.0
402485,0,29922.0,29983.0,-61.0,1,1791.0
412485,1,78224.0,77140.0,1084.0,2,230.0
402486,0,51802.0,49823.0,1979.0,0,0.0
412486,1,89342.0,86810.0,2532.0,0,0.0
402487,0,49895.0,50240.0,-345.0,6,233.0
412487,1,76307.0,73726.0,2581.0,2,79.0
402488,0,64019.0,63465.0,554.0,6,260.0
412488,1,49974.0,57718.0,-7744.0,1,16266.0
402489,0,73676.0,73089.0,587.0,7,1963.0
412489,1,122192.0,118233.0,3959.0,2,2361.0
402490,0,55827.0,56040.0,-213.0,0,0.0
412490,1,50314.0,49539.0,775.0,2,129.0
402491,0,28520.0,28612.0,-92.0,6,436.0
412491,1,63915.0,63268.0,647.0,2,4013.0
402492,0,95037.0,93162.0,1875.0,0,0.0
412492,1,98254.0,97140.0,1114.0,0,0.0
402493,0,88389.0,88327.0,62.0,0,0.0
412493,1,95595.0,94797.0,798.0,0,0.0
402494,0,133902.0,134890.0,-988.0,0,0.0
412494,1,108830.0,108552.0,278.0,0,0.0
402495,0,102604.0,102604.0,0.0,11,208.0
412495,1,78406.0,78013.0,393.0,0,0.0
402496,0,73592.0,74024.0,-432.0,11,473.0
412496,1,76937.0,74383.0,2554.0,0,0.0
402497,0,123897.0,124182.0,-285.0,1,1072.0
412497,1,120715.0,121215.0,-500.0,0,0.0
402498,0,99394.0,99394.0,0.0,0,0.0
412498,1,99951.0,98470.0,1481.0,0,0.0
402499,0,28245.0,28271.0,-26.0,11,96.0
412499,1,107354.0,106190.0,1164.0,0,0.0
